V33_complex,V64_complex,V57_complex,V55_complex,V53_complex,V61_complex,S64_complex,S57_complex,S55_complex,S53_complex,S61_complex,V66_complex
(1.0139922546613949+0j),(1.0275578048370815+0.007979639953648745j),(1.0524021608701748-0.010035349779055795j),(1.0366439738319082-0.005775505194688954j),(1.0351390901581596-0.002141530389072099j),(1.0471215984577782-0.001629460586857786j),(-0.017494573418773758+0.022188165052153833j),(-0.019599618509909156-0.03566755021433427j),(-0.02209144269135741-0.04277668051689685j),(-0.02817368266894253+2.7416010845349297e-05j),(-0.039010671833636525-3.5599864045368304e-05j),(0.9997666120204998-0.021603737849072244j)
(1.0008022248445971+0j),(1.0136523828611617-0.0018763237776766425j),(1.0094713415067909+0.03215634185196171j),(1.0173739279210887+0.012574628678075078j),(1.0166284640845669+0.012270410502577886j),(1.0235463486894543+0.021178920541914916j),(-0.009536793795906195-0.037153173640333916j),(0.007479190890374658+0.04991937336254735j),(-0.03487542713233759-0.001075862238278191j),(-0.029727801297726234+6.4061227528244e-06j),(-0.05253903526420758+7.6294126325219e-06j),(0.9997432873098316-0.02265743760736039j)
(1.0078952723869836+0j),(1.0098936858803613+0.011771086727518056j),(1.0315597291578942-0.008811305483178005j),(1.0322326140601674-0.001986706937592146j),(1.0298776185483405+0.0009072705240924676j),(1.0326847257481995+0.0001657305909930602j),(0.004545846982254636+0.04168507879566201j),(0.003458391487307063-0.027902084154554727j),(-0.04524454668664088-0.03976040552497537j),(-0.041111667824386154-9.07087175840733e-05j),(-0.032925122944581275+4.41442527391467e-05j),(0.9998023640213953-0.01988046521661945j)
(0.9991436906563942+0j),(1.0027701711733608+0.01124431867047546j),(1.0155275745675885+0.011490964979383237j),(1.01907621737612+0.008858746555803253j),(1.0168898172559198+0.0084540618685685j),(1.0176067361785393+0.010761731223980647j),(-0.0016523986307934346+0.023429435720188695j),(-0.0025525578485075394+0.003926050190300423j),(-0.051826491841120835-0.007294045149930596j),(-0.03280316135359915-0.0001533778196597514j),(-0.021612751045703343-5.94558176584237e-05j),(0.9997676375832503-0.02155622511495903j)
(1.0059332186070848+0j),(1.0195193804745517+0.011300393579373234j),(1.0446562237253263+0.00103417177180598j),(1.0349742561616768+0.009867346846119377j),(1.033562321417393+0.009200302559065118j),(1.0415970141427988+0.008039882258544552j),(-0.014864017180671499+0.02160959498129373j),(-0.014005314534931026-0.02805041658346275j),(-0.06056806290136014-0.0011935616532916882j),(-0.04925186854879074-0.0001116479407169243j),(-0.03860355487032463-0.0001058056399116294j),(0.9994597876715676-0.032865374294308414j)
(0.9978599809556989+0j),(1.0060386595524253+0.007513942180085502j),(1.0282048264029913+0.01856438879789312j),(1.0172374156455102+0.015811805878322684j),(1.0173859270853494+0.01336629918458992j),(1.0277647403908612+0.016894752679754137j),(0.0016991121206328308+0.004071562859763809j),(-0.019831580253924105+0.0021351627829510923j),(-0.04057195890602181+0.023334686293720028j),(-0.03380240895283042-9.59610153125583e-05j),(-0.04434984789507388-0.00012868044607930028j),(0.9996424132132292-0.026740338539956648j)
(1.0094036639459378+0j),(1.023888858097588-0.005525770902016203j),(1.0579276516886496+0.010876679511381876j),(1.0405005090939732+0.01610409303615741j),(1.0388475647815572+0.012935161052540537j),(1.055599400530861+0.013243987265241536j),(0.012918083531405136-0.03287186954829443j),(-0.027810937600360002-0.01408293712402876j),(-0.0685167571417146+0.02161993693630263j),(-0.041245633695137174-0.0001502294657034217j),(-0.0653603436268781+5.1578113601759005e-06j),(0.9994142103736188-0.03422332688789937j)
(0.9981651729416701+0j),(1.0048685526294063+0.01050369081897521j),(1.0586473127624547+0.022259738274886767j),(1.0298862273213274+0.02260485574885197j),(1.0282873703591489+0.01799713180286261j),(1.043503050449014+0.020366536120096236j),(0.021972678387555546+0.01639957509871274j),(-0.06611759693328749-0.018405744747625904j),(-0.07495699007931543+0.035178423662124224j),(-0.04109007636592527-9.23895463966484e-05j),(-0.04276298660782983+2.34933402066444e-05j),(0.999254690665897-0.038601336533889016j)
(1.0092907309181534+0j),(1.0181110004436629+0.005651516256097598j),(1.0656368281313147+0.030706478363914227j),(1.052287037237258+0.011030588753461096j),(1.0461696961364406+0.012002150370186659j),(1.0574221115035416+0.020263984603826193j),(0.024318131152969158+0.0004875234053625519j),(-0.05899138301495703+0.01803112645071675j),(-0.09633069353908463-0.04089691657173231j),(-0.04641319444770866-5.30957828780935e-05j),(-0.04775806056079353+0.0001144427905350853j),(0.9991799342749724-0.04049023267729856j)
(0.9943147769344856+0j),(0.9968166016977985+0.012355540109131044j),(1.0441908262853854+0.02775593685531572j),(1.026059159542139+0.025100073683666378j),(1.0232398368582485+0.01986527256553935j),(1.0390044492470363+0.02535705138741002j),(0.030354513287286108+0.020762344606659208j),(-0.042765152486581-0.003425725688959126j),(-0.08475747838062413+0.03473204449464414j),(-0.03552514000454445-0.0001455757488547311j),(-0.06355092326074974+0.00011536355778632421j),(0.9992746406398824-0.038081394066314264j)
(0.9973333392565887+0j),(1.0007171369887733+0.009810756457078199j),(1.0461883626104869+0.04705660134092709j),(1.0313933260192023+0.019559878812232222j),(1.0264870152204641+0.01774117595336869j),(1.0374414615391598+0.02953444324158497j),(0.03014851404579817+0.005739751590324893j),(-0.06826235638257389+0.038228004713114216j),(-0.08459517032938793-0.007782788006376975j),(-0.032091099010388924-0.0001126617592751631j),(-0.04039200967533537+7.28642197490037e-05j),(0.9993100687026109-0.03714009409766264j)
(1.0069409008632098+0j),(1.012333969309511+0.009489596018365304j),(1.0616644731382923+0.015822948427732964j),(1.044046576647555+0.009935581757308378j),(1.0395207941822537+0.0099375442845836j),(1.0479758738770577+0.012780905666114442j),(0.0214042311652916+0.02225461636489253j),(-0.05804652554051419-0.011654144651997775j),(-0.08358811963940149-0.023194658155877717j),(-0.04454077137481701-9.648855268179001e-05j),(-0.02825816478808348+3.2453388827990194e-05j),(0.9993810631866965-0.03517798379424541j)
(1.0063081735833768+0j),(1.0083863569012845+0.007467429282849655j),(1.0635668880980944+0.012216177796255685j),(1.043665945388825+0.012183013369918413j),(1.039438861527325+0.010981904509401143j),(1.0458785055059423+0.0107596691830134j),(0.03256196580549451+0.02179309134295457j),(-0.06477626512312612-0.021721600650133222j),(-0.09021520905796272-0.010188309820962653j),(-0.04854667249193297-9.415550652809999e-05j),(-0.017912322326318713+4.55309076756761e-05j),(0.9994084488179197-0.034391167926657355j)
(1.016934953364157+0j),(1.0225907845039066-0.011643755878710412j),(1.070568453210317-0.009160315844681107j),(1.0501683075911443+0.007392826009496392j),(1.0484925022728762+0.006253136099108503j),(1.0545973944100326-0.0022406940224988657j),(0.03740107747953936-0.02628357513449977j),(-0.04834622457911685-0.045197842889811594j),(-0.07280233003127794+0.0020823801962514j),(-0.057174455258377714-6.52153593038864e-05j),(-0.01760859453764569+3.9526501135825505e-05j),(0.9996457709048945-0.02661452069752756j)
(1.000846716212544+0j),(1.0041603721305887+0.010224345617422232j),(1.0433027536352204+0.014045539030623558j),(1.0300141133102032+0.014625142849050476j),(1.0314482211112905+0.014506259354206274j),(1.0377357736597477+0.01496851682261588j),(0.020847773013290865+0.022656485915868014j),(-0.030973349244766-0.012828755991634246j),(-0.05079012853867803+0.0075717716012605575j),(-0.07232157952087322+2.3740379031448e-05j),(-0.040965109217323534+3.46029803159247e-05j),(0.9994546587319374-0.03302098028566811j)
(0.9903811984258103+0j),(0.9855809985497047+0.01671083768998572j),(1.0343198068726955+0.024667830845575084j),(1.0165891748827844+0.023366921640178902j),(1.0208199970197738+0.021610256674189105j),(1.0284354016592334+0.023757910486720265j),(0.03951608685545628+0.041288575309730104j),(-0.03806621031403489-0.008346337439230701j),(-0.042079832922025974+0.03674385077417261j),(-0.08290909534852842+3.4065441208801997e-05j),(-0.05118551539943061-0.0001038613881115738j),(0.9993968579009717-0.034726364878362226j)
(1.0065032535533895+0j),(1.0114022905484648-4.0333765391090454e-05j),(1.0648373584396662+0.013004160591769648j),(1.0357554414027696+0.013441303088259379j),(1.0386075664519558+0.013404012975355626j),(1.051062585341116+0.012752898236282301j),(0.03604454806816531-0.0048284228037505554j),(-0.060511553865580235-0.021381954443548463j),(-0.036379974527956736+0.013912972013217091j),(-0.07211955532110795+2.80526054322152e-05j),(-0.04465531347845302-4.01784471464946e-05j),(0.9994804986902447-0.032229376939367144j)
(1.0060368956493133+0j),(1.0072105321298765+0.007878233187175126j),(1.0510230016953939+0.007263767631622258j),(1.0322811047360263+0.005194908893195242j),(1.0377042027268863+0.009697235279662588j),(1.04189667561487+0.008811901178884862j),(0.027528123948343964+0.02490940746817576j),(-0.039162678397328184-0.01947754879631637j),(-0.010525731286524937-0.01734975665205644j),(-0.09637729666687636+3.5153784937101e-05j),(-0.034603824402388836-7.02184858864848e-05j),(0.9996094307220458-0.027946126950753408j)
(1.0144771490443216+0j),(1.0239167329739267+0.0022778123361709528j),(1.071840616053306+0.009307537997838082j),(1.0530185629011892+0.005175254294457304j),(1.055962467314076+0.010189508454611248j),(1.0644380838643401+0.010255017241102247j),(0.024233747750808846+0.0018013399523845593j),(-0.04222421172348427-0.016487975372495425j),(-0.03915126845703795-0.03522543300526388j),(-0.1055547788144307-5.58677339836323e-05j),(-0.054361567800991384-6.1806212645281e-05j),(0.9992763949080853-0.03803533330339666j)
(0.9823229872379546+0j),(0.9760256620112818+0.02445077448937693j),(1.0015174721770035+0.04697101544083716j),(1.0034028487248126+0.023514483738712465j),(1.0085882526506729+0.024515102998017513j),(1.0096425670277684+0.03509304247686792j),(0.025545976088192056+0.04866023616462078j),(-0.013264486517265466+0.04370050265074052j),(-0.025985680505091452+0.015488623109382217j),(-0.08976843041567484-1.7148721823474398e-05j),(-0.0549331393074226-3.79579392593673e-05j),(0.9994533762457122-0.0330597748184531j)
(0.9800850671890112+0j),(0.966977754764202+0.019642971095191118j),(0.9887308031969839+0.0388643494599807j),(0.9985783445804547+0.027011974725635303j),(1.0041558859525215+0.02587871553279364j),(0.9959249996941322+0.029836977581519326j),(0.03921294079664544+0.04392596045482631j),(-0.0023812132717103054+0.03488490510003626j),(-0.03968485541716713+0.036866733935829066j),(-0.09712445768316669-0.0001241929734727426j),(-0.029137356387583985-1.2313394203821301e-05j),(0.9996133986711144-0.027803834217307904j)
(0.9959507481617951+0j),(0.9779261144004021+0.009955302557026008j),(1.0069967733813725-0.0002891519593783397j),(1.0170779376622758+0.00951296696917998j),(1.0187403475935195+0.010350825846807953j),(1.0121596360156428+0.006714424276315296j),(0.05751783726112295+0.047607594344302145j),(0.01384568057265323-0.015772726877029256j),(-0.046973109976061536-0.0007329654614807382j),(-0.07560229728833591-0.0002215453877997025j),(-0.030375809550220328-4.98781806081985e-05j),(0.9998727963069054-0.015949645933676097j)
(1.003304333989966+0j),(0.9994543180664005-0.002215344356485714j),(1.016499447174622+0.008909891136081113j),(1.0273865472150387+0.010416917066941691j),(1.0275067253744714+0.010814010081664162j),(1.0223972448716658+0.008633089685120393j),(0.03562372501585794-0.005568317218091871j),(0.008197896966674884+0.007545232409969479j),(-0.05800170247499967-0.004132660716465431j),(-0.06905397274066982-0.00029402096357690125j),(-0.02574419522596654-8.33966185285205e-05j),(0.999795009508794-0.020246949432213033j)
(1.0057449711363762+0j),(1.0046426962035209+0.016256049753247907j),(1.043352717358676+0.009911346585871738j),(1.0449058378523541+0.006022206177935306j),(1.0438350419865132+0.010254413623183278j),(1.0441567333865256+0.012219896473665847j),(0.026652159766095727+0.04968813524582295j),(-0.011267561737953598-0.008418287478001517j),(-0.07066997083428847-0.04747181814669924j),(-0.09172684538881012-0.0003372764073402968j),(-0.04676997973592206-2.16960835177058e-05j),(0.9993703155724518-0.03548200040327581j)
(0.9842792353746549+0j),(0.9775651101819388+0.017918208995802955j),(1.006326982107654+0.03621396865807674j),(1.015061727417597+0.032239764297577j),(1.0151426650034978+0.027545901811018667j),(1.0133893994340852+0.03100306414584677j),(0.03641033885888089+0.035391512698111645j),(-0.0032425836792991437+0.023106602169944j),(-0.09414556528171625+0.042872209264561985j),(-0.08031081605269615-0.0003172244747859911j),(-0.04631432683059124-7.028408103870399e-05j),(0.9992677365567665-0.03826213110526959j)
(1.0106879243041835+0j),(1.00724498035205-0.0007127681825454192j),(1.0412332017023598-0.00019575621854864736j),(1.0450279741286814+0.004906797619669083j),(1.0399109903974155+0.005531784070991102j),(1.0373370817286982+0.0023499910314415365j),(0.04075356745344899+0.008461611605888222j),(-0.014793588034520605-0.014176814452336645j),(-0.09291408313388896-0.03222491274250886j),(-0.051825699434743196-0.0002816622080075002j),(-0.016802409652709543-0.0001400255584824371j),(0.9997179679769337-0.023748357923664722j)
(0.9904024526570867+0j),(0.9905573645577957+0.02110331795001103j),(1.0194670018425696+0.039924687720313844j),(1.0194982301778515+0.019596650197045158j),(1.0131436012526944+0.016665723977845017j),(1.018602961556524+0.027752558540141407j),(0.012358015099937508+0.040453517203594476j),(-0.03261760281783148+0.03335188078156446j),(-0.09170832671927905-0.00442549349568241j),(-0.019179268522970125-0.0002706093262667949j),(-0.03365338277236304-9.8508079197342e-05j),(0.9994530461792263-0.033069751784151405j)
(1.0262599312620162+0j),(1.0510888578282538-0.011593091758982085j),(1.088891360330434-0.00161081779575526j),(1.0643255719590443-2.2370616593795825e-05j),(1.0591938099053422+0.0012391210951420498j),(1.0756040661341457+0.00023852925411176924j),(-0.00945914616445481-0.048037960410217205j),(-0.05491170575111354-0.0270056744460137j),(-0.07227364159547232-0.03876513694808008j),(-0.03089716765127087-0.00026514056141315677j),(-0.03853692503654542-3.95761808934311e-05j),(0.9994331215012312-0.033666536000978735j)
(1.0116537434692219+0j),(1.0342707462812657-0.004211228856791651j),(1.0654442823480943+0.012703207470387213j),(1.0371109754609862+0.010394323856499731j),(1.0341338674998377+0.007799015340404275j),(1.0518004819199462+0.009748326997825607j),(-0.0175136419183267-0.036630472344532594j),(-0.05914795286681559-0.011994841753961021j),(-0.052052208817820446+0.009954516728117233j),(-0.011711249714996033-0.0001706665900317454j),(-0.0314655301404344-0.000147962992687575j),(0.9995347720370346-0.030499827685963526j)
(1.0029993800015673+0j),(1.0106511265338123+0.015954600591775083j),(1.057797807676059+0.006755786058772728j),(1.0290876800415125+0.008237272040774011j),(1.02773320608198+0.007768390211128519j),(1.0387235954786929+0.008693013275010717j),(0.0003734622471704751+0.041730279886123045j),(-0.06408665803291143-0.03403966164787988j),(-0.04511284592897765-0.0027220925847289764j),(-0.033645972241816945-0.00023579085244011238j),(-0.017748015356409668-0.0001618300343724439j),(0.9995537865385811-0.029870182731021554j)
(1.0016272087797267+0j),(1.0153677100027003+0.0052885760219839794j),(1.053914910790816+0.013401969819049751j),(1.0237252328417965+0.01710197099767596j),(1.0251583536000546+0.013738369244654807j),(1.0380326727977358+0.01308364362215043j),(-0.0035235114082009756-0.002288938684928312j),(-0.05932843654093234-0.022996267923855j),(-0.038762443103581824+0.0383188305724931j),(-0.04033024928456152-0.00027403859735676214j),(-0.024454479343979846-0.00013498676532689411j),(0.9995062777732167-0.031419750029709606j)
(1.0119024283524638+0j),(1.0266730688330281-0.009252882010076914j),(1.072312200516753+0.02573092079172355j),(1.042770900620254+0.01260930881060777j),(1.0435968111318994+0.012789651773281435j),(1.055019233535977+0.014809669349495853j),(0.018436968456533146-0.04772593519391601j),(-0.08041026263275733+0.007488281494170011j),(-0.04468326579246869+0.0015507580374683697j),(-0.06060940121090261-0.0002844507983838454j),(-0.024953246662079428-0.00021046893012660638j),(0.9994267191000704-0.03385606517108824j)
(1.0087851098045502+0j),(1.0263247556007409-0.0025640212633094898j),(1.0581995733757308+0.04312331390775535j),(1.0461325352780362+0.015060135006408787j),(1.043128405722676+0.015773720458953283j),(1.0463101281268645+0.022603232206246215j),(0.0007255698976684988-0.041576568067206936j),(-0.07162868173827579+0.04515571097213992j),(-0.08040053467016522-0.02293538003752984j),(-0.061758200946748464-0.0002439673909519445j),(-0.009260622118777198-0.0001747745674495883j),(0.9991938024942243-0.04014654477203482j)
(1.015254427942379+0j),(1.0256481705644476-0.006185459416798174j),(1.0577249500135313+0.004210861900216558j),(1.0526954996814264+0.007760841997435278j),(1.0445545883896177+0.005852353798335837j),(1.044453998224213+0.0021974689210263417j),(0.01157065279473774-0.023157888414742613j),(-0.042456450787391506-0.01202958536320994j),(-0.11576433839672813-0.022731355850652248j),(-0.0294649808230849-0.0002474851466754477j),(0.006309013022748138-0.0002198674471296225j),(0.9995683221863255-0.02937974270844001j)
(1.0096012453900862+0j),(1.0123481711886977-0.007164438791986128j),(1.020685133145513+0.018459921279230542j),(1.0393300179263312+0.005167154364234903j),(1.026686358479486+0.0033251791303494406j),(1.0134992685301134+0.00412475529543103j),(0.011720368244045778-0.028190099668459583j),(-0.02590197177431924+0.035813228871465104j),(-0.12973507113041555-0.04472397651199201j),(0.002251338053635976-0.0002270175388845593j),(0.043558574045879025-0.000200716662742604j),(0.9998589857259405-0.016793113561621796j)
(0.9955620299616954+0j),(0.9993134776701444+0.014959963426019927j),(1.0151736657025272+0.004698816382877256j),(1.0214994833073523+0.01788044050869109j),(1.0138374052403294+0.011505881787279768j),(1.0004660738587865+0.004879713082740397j),(-0.014430686653046304+0.03620247352240512j),(-0.025439844906791503-0.017834635320608014j),(-0.12177154728264009+0.021706429693727124j),(-0.01960987084237652-0.000327977484839012j),(0.051260268125598495-0.0002215834441042607j),(0.9996712678353044-0.025638959896126606j)
(1.004897001560889+0j),(1.0139205912181035-0.0014001257823679281j),(1.030997590381+0.02596172744264016j),(1.034656037758022+0.013549382585583606j),(1.0281294913450603+0.011278855892449778j),(1.0198686343280094+0.011829361284312487j),(0.0001915479349584803-0.023135453318182057j),(-0.0431246143219181+0.028815992961272952j),(-0.10280469354997386-0.011414348340420332j),(-0.032218832317049875-0.0003148043665597496j),(0.030292688389499448-0.0002306809063330376j),(0.9996273864948428-0.027296303220217682j)
(1.0159896193840416+0j),(1.0185890464731024+0.000748408921322056j),(1.053789605680035-0.01471867255179976j),(1.0478899464219043-0.0028762533302203195j),(1.0407676705069469-0.0019505970028008324j),(1.0346350254544974-0.009487331439040996j),(0.013972929022873169+0.017211556872136227j),(-0.042045885940082565-0.04084147285964535j),(-0.09224205463142826-0.04450231453588087j),(-0.030124197185366044-0.0002498237921024068j),(0.03163755042672157-0.0002604370286433368j),(0.9998092408384481-0.01953156250908002j)
(0.988634431811885+0j),(0.983053512442562+0.00881843251998606j),(1.0068761897627112+0.020353566701581977j),(1.002225826549+0.021060034786587325j),(0.9992306440865582+0.0145683088061001j),(0.9947647759108692+0.013553043828838833j),(0.020871713471271862+0.0189809032587028j),(-0.03753372002879133+0.004621178441328922j),(-0.07078270317689987+0.045126607650566815j),(-0.012518063565189861-0.0002337318228942443j),(0.021944154454691413-0.0002741850899209923j),(0.9998579607714504-0.016854028656579347j)
(1.004563229271828+0j),(0.9954817475367982+0.009288076166687123j),(1.0379270899806057-0.00965024912113308j),(1.0288627846747282+0.002000024634310625j),(1.0235933575601586+0.0013599482609228158j),(1.0205646832550102-0.0037576019678121097j),(0.035133225353489346+0.048113516453870554j),(-0.04028031684869559-0.040906261201436804j),(-0.07321935882152075-0.019831046644191327j),(-0.021838717158247263-0.00017838032997686732j),(0.01623346122111495-0.00028335238008818717j),(0.9998883814523519-0.014940704019420412j)
(0.9973408272184142+0j),(0.9782919053059189-0.008959057401634388j),(1.0070294469972065-0.015654081689215706j),(1.005363000260199+0.011944220000740828j),(1.003077955132864+0.005411428273761137j),(0.9920925777353253-0.008027698262630412j),(0.06211465936084448+0.0019786922759257664j),(-0.020843240309098968-0.040379571321850445j),(-0.06418666853823995+0.04970183108765922j),(-0.012625302080323595-0.0001483919364829076j),(0.03988188193203357-0.00022865593784233659j),(0.9999993155152518+0.0011700294987370557j)
(0.9876902020796753+0j),(0.9547832918124968-0.0036256120937510064j),(0.9723177254953264+0.022673857599973785j),(0.9936268413037158+0.010660207325350623j),(0.9899374436751709+0.008319257884723083j),(0.9668762340588107+0.0072312643587275635j),(0.0838320030451872+0.010292108009130019j),(-0.017837177064421384+0.04000816317251076j),(-0.061436550581531836+0.003678270976145605j),(-0.018174367685006396-0.0001588345051145151j),(0.051066685765337634-0.0002412107250170136j),(0.9999781612378844+0.006608861271026053j)
(1.013949160567036+0j),(0.9969137125525953-0.020528747970165663j),(1.0193188751355147-0.015352349496779797j),(1.0301552354078989-0.006292225620563007j),(1.0247626903425995-0.005247621594475639j),(1.010704704203371-0.014265723631610782j),(0.06936013134010553-0.027558269960157176j),(-0.011961920720104036-0.012727736261041145j),(-0.06386498141014162-0.03629904895406439j),(-0.018795870661547913-0.0002427761911621314j),(0.03566990693439344-0.00015055537105826338j),(0.999987130815417+0.005073283310638517j)
(1.0087564042365473+0j),(0.981266686363513-0.006395985957570401j),(1.0288580888767838-0.009805594843466683j),(1.0322925198561985-0.0049324430837157755j),(1.0263028430135352-0.0028999316063883585j),(1.0119314450392844-0.009752932298444667j),(0.09268858193595904+0.02376533815344953j),(-0.03859225633346087-0.020688180775747838j),(-0.07663315889231453-0.04896143591347924j),(-0.03191244712053735-0.0002367006439187442j),(0.03704862937207183-7.10970278478633e-05j),(0.99999968358654-0.0007955041293247684j)
(1.0017797616840631+0j),(0.9753050858169051+0.0012177489062144854j),(1.022733463158704-0.0025568543742818706j),(1.023582200314479+0.001477706357722639j),(1.0184989617462965+0.0017620992165510339j),(1.0049877307022734-0.003807990148909798j),(0.0825982546132044+0.03858982034186161j),(-0.04243656315286387-0.01799879962531196j),(-0.07568493333204046-0.02770452469539403j),(-0.03193405561460385-0.0001437505272293571j),(0.036862260775892795-4.51234134482962e-05j),(0.9999890148681063-0.00468723192453019j)
(1.0119871810771597+0j),(0.9904744670689728-0.0002367594826115208j),(1.0483369811614218-0.01711006852658424j),(1.0456454720703068-0.0029815640654371977j),(1.039602002529067-0.001052937036499881j),(1.0298203512996797-0.009921891414933458j),(0.08322316254820225+0.04121916630988037j),(-0.04158024857496387-0.046385297364450594j),(-0.09453003903519663-0.048930217256516355j),(-0.050258291019369364-6.28046639805618e-05j),(0.01998859449059569-0.0001157730357673213j),(0.9999193996088417-0.012696231168876661j)
(0.9967847799754972+0j),(0.9691973499688847-0.001939668877487051j),(1.0065754552556494+0.021596401891154082j),(1.020619961260511+0.009530951831691113j),(1.0155821570569916+0.009290481815811484j),(1.0010238249934367+0.009716987384260186j),(0.09190554551957876+0.015294356400562528j),(-0.027269052514802168+0.028594789458662253j),(-0.08682970406460383-0.022873900549101593j),(-0.042459259437641964-0.0001056757367830924j),(0.015905105531000427-0.000133096220984213j),(0.9999597172906615-0.008975733729362825j)
(1.0033889122360677+0j),(0.9826795838786045-0.008737337692210493j),(1.021796868375693+0.00046124386783149017j),(1.0272204649699852+0.008810222855726366j),(1.0234519732601408+0.006965798617823103j),(1.0123007065628111-0.00016687141557356213j),(0.0824943189816193+0.0002283534747459015j),(-0.024100342464058316-0.01008077243372221j),(-0.08490465296606615-0.001512860944270578j),(-0.0447747859976679-0.0001449706051749019j),(0.015773969914100634-9.35508629299719e-05j),(0.9999557518783413-0.009407140129773296j)
(1.0074906742080192+0j),(0.9858147183379111-0.013472526257063631j),(1.019150060653679+0.004179036103394293j),(1.0294929782669466+0.0009191451126872045j),(1.0221211127696475+0.0007634018188965977j),(1.015612178180317-0.0006496098618073579j),(0.08765023357425801-0.012818768232621458j),(-0.01716979612564752+0.009889950920667068j),(-0.08240925292573892-0.034480742788399j),(-0.011967368161038681-0.0001128108544599484j),(0.0003840848183422918-0.0001377183275701116j),(0.9999968316201789-0.0025172901309557603j)
(1.0042931537792363+0j),(0.9854611528939362-0.024614335396344583j),(1.0125154087068742-0.008005436814522534j),(1.0172759237881186+0.011845233457794495j),(1.0139082285132992+0.005952695178851224j),(1.010587597570522-0.003674677657487263j),(0.0868391968551321-0.046900748712020685j),(-0.0024522509592808596-0.016054151259555765j),(-0.07170167217474592+0.03911153994160081j),(-0.012369949851897707+2.26822113029731e-05j),(-0.006199219980537318-0.0001233035655031642j),(0.9999998816054508+0.0004866097864098364j)
(0.990065194104267+0j),(0.9584597949455002+0.007197525179060438j),(0.9859297903905272+0.027672233259749757j),(1.0042901445902044+0.005272066496423754j),(0.9979757104765424+0.005843049115642651j),(0.9904062844140548+0.01446214119661181j),(0.08574440827880525+0.03980860651610361j),(-0.009375963556788117+0.04402023191855307j),(-0.06159262901870981-0.03551698538091222j),(-0.0057617808982697695+3.04506400670385e-05j),(-0.011600838607022905-9.80987892105429e-05j),(0.9999994356007172-0.0010624491738061368j)
(0.9999759828932893+0j),(0.973311649744914-0.010689688066046366j),(0.9914993927741799+0.009626902562266263j),(1.0102696044844925+0.00017838801714125426j),(1.0032989455873167-0.00019806834425782497j),(0.9957982929891332+0.0020404355026144155j),(0.08474789104710687-0.006042292006410342j),(0.0017460910722709565+0.028032002655274845j),(-0.05948179347988131-0.0294665990096146j),(0.009202061638116618+1.37609608809234e-05j),(-0.0023320816147783608-2.15432124012294e-05j),(0.9999723474872446+0.007436683457654054j)
(0.9930155257504577+0j),(0.9698759168948512+0.008656090113674153j),(0.9967884222059413+0.0287532970554226j),(1.013270287409743+0.006848776977622021j),(1.0045813149941971+0.006439811137238903j),(1.0025589735604667+0.01667287397732617j),(0.06989308334900939+0.035776593139478445j),(-0.009260108651262812+0.04221923310916609j),(-0.08097392810899587-0.03811436666817187j),(0.003482186649438251-5.53645486556124e-05j),(-0.025960113879951983-4.7759274708692e-05j),(0.9999623488726207-0.008677605496399775j)
(1.0076898631517015+0j),(0.9903183128534462-0.010900519969451511j),(1.0227150892838306-0.012793762682219267j),(1.0254618399619897+0.0008909417796663267j),(1.0189326772054241-0.0012491154964519244j),(1.023776119185514-0.004719361665039525j),(0.07571352888238267-0.0024568539571710344j),(0.001284993188423047-0.025148414536586856j),(-0.06777988454826425-0.011046809559570483j),(0.0058204716758384345-0.000110552553605207j),(-0.03447334242815397-1.65411382609934e-05j),(0.9999982567671326-0.0018672071915112071j)
(1.0007681882321533+0j),(0.9813169487197794-0.0016735371570492394j),(1.0085612210336887-0.021929888715334276j),(1.0112558892906984+0.0026290068522711258j),(1.006139368413748-0.0011010721890523565j),(1.0088145480906172-0.007431651591468304j),(0.06219635777573042+0.02787654226782341j),(0.010562490075363825-0.044977407615413585j),(-0.0561686439349711+0.010858254575138638j),(0.01126133812915436-9.28084914821163e-05j),(-0.02334272346936551-4.31922343254445e-05j),(0.9999986580535157+0.0016382585778017497j)
(0.99222038945564+0j),(0.9755691171037479-0.0031353746208358036j),(0.990241935959824+0.019891265151129236j),(0.9957737668732017+0.009144221879004363j),(0.9935779304013265+0.006719910122030284j),(0.9957186927486116+0.012066645177072424j),(0.05654539970521546-0.003188396931702698j),(-0.0037452547889837663+0.029080734244815224j),(-0.026681563627717602+0.01198281893927328j),(0.00591318549526587-0.0001162599387148465j),(-0.025392738939305624-4.8578098386798005e-05j),(0.9999998805654666+0.0004887423170807199j)
(0.9989610985973515+0j),(0.986335973108461+6.16883468059065e-05j),(1.0256706926147143-0.005318057431268243j),(1.008013475301866+0.006559586381962787j),(1.0077874431484073+0.0038993891722283584j),(1.0208679470878588+0.0027540486718624895j),(0.05689699331683664+0.01873898455335904j),(-0.020762377505575712-0.03351893442374214j),(-0.018157535102241367+0.02380908378636922j),(-0.0036805116279720104-7.99725137138646e-05j),(-0.04577470361716041-0.0001003958677864987j),(0.999983081475176-0.005816937631736272j)
(1.000833224094061+0j),(0.9775647927127672+0.002567897686127328j),(1.0310400924016652-0.008774962386363548j),(1.0114377734033906-0.001237474624080725j),(1.0119046404700784-0.00020204513606063542j),(1.0287805373543837+0.0014264361672178415j),(0.08743034086625409+0.04145577087255401j),(-0.019862561463229695-0.03811777145395958j),(-0.0001819940300390454-0.007733001826519392j),(-0.010758100585762695-5.0482347136528394e-05j),(-0.07241412590124793-0.00010676779816595599j),(0.9999981791534753-0.001908321182020393j)
(1.0100440592396034+0j),(1.00728567433518-0.01731568029226252j),(1.0472288603630018-0.00230588593481667j),(1.0256315304174934+0.006861681558050767j),(1.0259435293514427+0.004684701544895608j),(1.0488252759148669+0.004693615631302845j),(0.06280048164427669-0.041720541723432494j),(-0.017275335409040735-0.024064787053838122j),(-0.018518817973639343+0.02210750295401788j),(-0.012277657879696273-0.0001076226052439742j),(-0.08769511260661914-3.0324130508185598e-05j),(0.9999329694383611-0.011578282695707981j)
(0.9746879668778282+0j),(0.9648694044934403+0.024324731340777624j),(1.0016815922870934+0.05903475900183091j),(0.9883951508760863+0.030210825066949113j),(0.9865514353892911+0.023999219327198996j),(1.0088227445860836+0.04424972262869848j),(0.04142190469360296+0.04430327644749586j),(-0.03466263414608189+0.04861219044313928j),(-0.04326587148485858+0.04732121611217002j),(0.004682765436961541-0.0002579433575078487j),(-0.09265573264538852-0.0001435083120152511j),(0.9996294247641099-0.027221556637613716j)
(1.0010908322164367+0j),(0.9940718450205706+0.011512495188523583j),(1.050837687953091-0.0028457320701573536j),(1.0205840581162657+0.005702590106726759j),(1.0177773313261627+0.003696617622729747j),(1.0437435242698625+0.007858456115171854j),(0.0481285609659011+0.048342857333777994j),(-0.03812576529239644-0.04750636478698313j),(-0.03142219081859343+0.005392203120047803j),(0.005680473841437016-0.00017600520572556087j),(-0.08313709869025598-0.0001447795297014729j),(0.9998376224325213-0.018020232198365013j)
(1.010174969999681+0j),(1.0141589629092835+0.0011464869500453084j),(1.0586525241669948-0.010254745097898638j),(1.0251900452647689-0.0018690597502227682j),(1.0238369124219608-0.0018566999281411686j),(1.0480910170303852-0.0005050373130989397j),(0.02275910031772527+0.01282248924906817j),(-0.0430027358257056-0.04849384648430205j),(-0.007089692717716871-0.006714199472601812j),(0.006591999360624564-0.0001812750231271387j),(-0.061615734434841044-0.00021377877522930498j),(0.9999080825671647-0.013558260096935578j)
(0.999276103685151+0j),(0.9997771629319816+0.0026651808398535687j),(1.0364036643969659+0.04251366920440749j),(1.0091041786697734+0.0031954450227258367j),(1.0063478837807216+0.004572955491623312j),(1.0300208003648514+0.023095696958813115j),(0.03134052716495519-0.008396288979910302j),(-0.07000359344688002+0.04612812870215384j),(0.0037488361922141298-0.026178387431593206j),(0.02608771727330928-0.0002895425445197379j),(-0.059119925441318284-0.000224998142994626j),(0.9999232833560017-0.012386581552361152j)
(1.023046757343534+0j),(1.0318027863154584-0.01912775113722072j),(1.0786049681356182-0.011363108518777443j),(1.0347996568804483-0.012296502087764774j),(1.0317505935494908-0.010360737688170168j),(1.0605980281460536-0.00822143274965723j),(0.02993593686657232-0.046379549492054646j),(-0.0724924014220172-0.03777271479126922j),(0.010630470620602534-0.033341060783830555j),(0.03506754870390475-0.0003266270344806528j),(-0.04976785864185-0.0002192966516855156j),(0.9999920918784042-0.003976956204579262j)
(1.0018144769317452+0j),(1.003776822284916+0.01708534169765532j),(1.0500192574510165+0.010095136671862308j),(1.015495327098475-0.0020285651709121425j),(1.0148144516506648+0.0004902904065576742j),(1.0379946551453154+0.010167504201489437j),(0.011785121953475954+0.04991972595033946j),(-0.05851969035099977-0.020241771956551247j),(0.008525145085924215-0.027368984769944062j),(0.003406858587060726-0.000221925555640932j),(-0.057001504779171375-0.00022016654229941072j),(0.999858892376049-0.01679867067778313j)
(0.9975159316913134+0j),(1.002327867324757+0.006359344567985326j),(1.03938192858649+0.0037253067772990717j),(1.0045811653918806+0.0110774101398863j),(1.0048882474032974+0.0065231990104282255j),(1.034916524058964+0.011522353322299056j),(0.014890383790542+0.013320720216293781j),(-0.03306100488200159-0.03442781658267519j),(-0.0009110352506425046+0.04417458641438425j),(0.020575807534999276-0.0001935977230639181j),(-0.08186697002326666-0.0001439953116201907j),(0.999880864338164-0.015435580013918896j)
(0.9824463847299659+0j),(0.9739435437545901+0.022218379601054026j),(0.995736336796342+0.040364068101979726j),(0.985702885785079+0.012140051510576424j),(0.9862506586776499+0.011636861892206442j),(1.003935164759514+0.029502368995225958j),(0.023441499884644477+0.04867129750930049j),(-0.018201290838596118+0.03943549406689401j),(0.00810104242573224+0.0070788044961243276j),(0.006180579889774527-0.00022625112789370462j),(-0.07399670007955718-0.00016056199176616521j),(0.9999175967901694-0.012837430793273987j)
(0.9944360958409947+0j),(0.9936511876546043+0.00419837307866957j),(1.0275651228145264+0.035427299526010154j),(1.0071812601375643+0.013979202927624272j),(1.0058292980711074+0.011609450075561875j),(1.0299130738396698+0.025625761914620165j),(0.036318976130132574-0.0034985601809733643j),(-0.03749163098480938+0.02848574603672167j),(-0.017331144614754577+0.015498991208916024j),(0.007734704189793392-0.0002168623929035042j),(-0.08361223490980445-0.0002218735499668512j),(0.9998272967227907-0.018584314030833795j)
(0.9918738408836062+0j),(0.9858813929615503+0.013898700026568539j),(1.0382540466484131+0.027043891832218524j),(1.0052907316945752+0.012952138221501201j),(1.0041593331275793+0.01035043958824808j),(1.0309781292551607+0.02268244482133396j),(0.04360598368270313+0.035890020656823465j),(-0.05761371924600514-0.0014183484419530287j),(-0.013970775963899892+0.018750403869202226j),(0.010402324023701767-0.00023379021360985699j),(-0.07904089634704928-0.0002630478362611437j),(0.999814533757466-0.019258714581741086j)
(1.0070103867431628+0j),(1.010388436062615+0.0012211126610828463j),(1.0510186637445083+0.031458919918676484j),(1.026964444011867-0.00010103632243620737j),(1.0228144124076317+0.0025960472944845814j),(1.0471818541280256+0.01848349401870896j),(0.03217318824225706-0.007496328104157612j),(-0.05814957503637345+0.030396971399035324j),(-0.016834874722413604-0.04608560399871313j),(0.011277875617145605-0.0002373584815365588j),(-0.07423567879170119-0.000237592000910018j),(0.9998306558155926-0.018402708805011048j)
(0.9841593231670073+0j),(0.9700095339570617+0.014314896573832583j),(1.0124380693585504+0.04320799339006374j),(0.9907170286966999+0.015074084607141063j),(0.9908722936314739+0.013173008003724576j),(1.0063341528281382+0.02780101573671291j),(0.052638749885050476+0.03422321173813381j),(-0.05809440090869476+0.034106004019317626j),(-0.005144098334539546+0.018041815221079418j),(0.002882540310774737-0.0002565899601980784j),(-0.04766640560735928-0.0002367684668011317j),(0.9999214559933094-0.012533229600557323j)
(1.0231702441503936+0j),(1.015679488265404-0.0248274811485445j),(1.065500457293373-0.019012723177195243j),(1.038767751311183-0.012994592300694425j),(1.034309676963357-0.010871276380771257j),(1.0516182412682882-0.013437874572447054j),(0.07410269339840996-0.042470802544758796j),(-0.05077445299990903-0.03855654430677204j),(-0.01775992287205933-0.04209714839052389j),(0.017694709351130808-0.0002651004220495772j),(-0.036985760276720334-0.0002612445160992886j),(0.9999973121252652+0.0023185646949856562j)
(0.9946983815951015+0j),(0.972274193702303+0.0021408938613435664j),(1.0247982221216234-0.005445080282327421j),(0.9985085485139176+0.005648074169150537j),(0.9992700692593176+0.0028930124476920778j),(1.0079166540726547+7.224825635561674e-05j),(0.07550729514009606+0.03560735663824964j),(-0.04964064911871116-0.040231555275911615j),(-0.006211168379762766+0.02911572551959776j),(-0.0002540410227856959-0.0001889270524034918j),(-0.013704483184727554-0.0001984390531134179j),(0.9999993923527103+0.0011024038326644026j)
(0.9875406631646003+0j),(0.9654614368226063+0.006838749660670653j),(1.0036682859270183+0.020489201573591825j),(0.9910631174997473+0.011025730945844874j),(0.9942014595490873+0.010098101014302426j),(0.9977244401694685+0.014253419290966919j),(0.06893389070560187+0.0319865050773822j),(-0.03457882763370421+0.009086613966421195j),(0.0018338992364211116+0.02300210241188899j),(-0.025719149635455598-0.0002570449529562384j),(-0.022583814100196307-0.00015233518661037927j),(0.9999929089402876-0.0037659088068719474j)
(1.0066636153814805+0j),(0.9994713116475938-0.013118350047544667j),(1.021788304018526-0.00031624098468571157j),(1.0141699975552627+0.0003326346468607997j),(1.0170731679065128+0.0019730827824309244j),(1.01505406781588-0.001968151395038302j),(0.04502218521159735-0.02621777279755922j),(-0.022745890947350966-0.004053541036880525j),(0.0004527608145462305-0.0021879321175148547j),(-0.039572892470036-0.0001596164469993261j),(0.0002029227397458122-0.0001841752714991248j),(0.9999982736856986-0.001858124221554904j)
(1.017841647945328+0j),(1.0253169270199656-0.009476977471468718j),(1.056958570395896+0.0017630467469435698j),(1.037478670919641-0.007302703410308745j),(1.0387335298338491-0.001770456848127289j),(1.0427732743797147-0.0023421013807491307j),(0.016152857543037944-0.026053068585528593j),(-0.05207523463646838-0.007091220136516355j),(-0.0035591131417321443-0.04818753401226698j),(-0.04796197835069752-8.23414107487283e-05j),(-0.004017447370453688-0.0001312557898612331j),(0.9998994433666197-0.014181084412837285j)
(0.9936491240806575+0j),(0.9866982749531078+0.011955596016928664j),(1.0362175543573786+0.0016668135346068899j),(1.0012466393103656+0.010643473121834546j),(1.0080836318283586+0.00977964378232656j),(1.012318499424265+0.005095235170464276j),(0.03023137795403077+0.04399888039013789j),(-0.0672653828586886-0.04308968413475725j),(0.013141554331519275+0.040293458860775525j),(-0.05280674984421226-7.58021234090587e-05j),(0.005761073436398329-8.55172686829541e-05j),(0.9998982593009064-0.014264327780071941j)
(1.0051711099719678+0j),(0.9952305072208067+0.007756251043445301j),(1.0600511420791532-0.0027166241274484302j),(1.020266830972757-0.0032284460842302147j),(1.0231405338024504+0.00025484319453040094j),(1.0306394581432952-0.0014264948710702044j),(0.04952454562173316+0.045220146403197936j),(-0.09032517912190469-0.04475636303400256j),(0.008936128070370681-0.019941816019473948j),(-0.0398284290548512-6.6344237419799e-05j),(0.003615573699238557-0.0001062790894129142j),(0.999935887101116-0.011323501547851953j)
(1.0152313533760522+0j),(1.0152929078358537-0.017431820979059473j),(1.0723175534820282-0.00785731435921211j),(1.0333768045688019+0.002411660221085814j),(1.0356631054784646+0.002275971704468348j),(1.0454977699548624-0.00532523815466534j),(0.052738967910707986-0.03659273575336617j),(-0.083470642049487-0.04547909900665493j),(-0.013247166102292145+0.0119690500443255j),(-0.0392564367050397-0.0001232146507743302j),(-0.001563713486492182-3.0536625666992e-05j),(0.9999184530034839-0.012770565497250558j)
(0.9934119342436435+0j),(0.9857746253022243+0.004148269682759209j),(1.0389352748137448+0.03497186878802425j),(1.0151547236221206+0.02055082081570418j),(1.0170466667053615+0.01833119876001845j),(1.0276024277196143+0.024085555330135955j),(0.059732917124680936+0.005484563055733595j),(-0.0656534964783083+0.014402225103246393j),(-0.03718020208820828+0.02961805500165339j),(-0.049743622363595134-6.32224016408553e-05j),(-0.040524198463714314-8.01092961766657e-05j),(0.999660119888443-0.026069996252850423j)
(1.0128056309507663+0j),(1.0186442866201413-0.007594467071973046j),(1.0856644091277556+0.00706146312676967j),(1.0392772596709834+0.007654514187086539j),(1.0433110447694247+0.008664012795321635j),(1.064775442833296+0.008087060998185359j),(0.04771806246904794-0.021114224350551155j),(-0.08699924725432155-0.03654732884926807j),(-0.00874567329131992+0.009611676187676664j),(-0.059929114322690144-7.479672054575671e-05j),(-0.05597294282754432-6.909916739595449e-05j),(0.9996099584336144-0.027927244768284794j)
(0.9877257595550563+0j),(0.9755331191529146+0.009797104445465466j),(1.0295539918623966+0.05233877997501289j),(1.0055834709791098+0.020345888833151374j),(1.0137623808620007+0.02260622092925457j),(1.0258474168644531+0.035133001959669834j),(0.07035122812431345+0.016376997437013884j),(-0.06268332773920526+0.042230893886649835j),(0.011621244206880226+0.018415833374253652j),(-0.08620397742864065-8.1948483294565e-05j),(-0.06993784398538239-2.34908541226515e-05j),(0.9996292901310155-0.02722650018202753j)
(0.9996732707184098+0j),(0.9962541672945815+0.007382446522572801j),(1.065077670020381+0.006169099146245471j),(1.019564032966664+0.01383372023796126j),(1.0276112315973802+0.013829242140294847j),(1.0460727120036784+0.01216007583733357j),(0.0517426097417373+0.028396737781896508j),(-0.07329700174525816-0.04894923709356263j),(0.009057500644495979+0.0388529261937288j),(-0.07649456942698728-6.11219022578957e-05j),(-0.057573623538793084-3.59394826021897e-05j),(0.9996312366132392-0.02715494038082609j)
(1.0134768808231012+0j),(1.0220268244660957-0.012014192265341355j),(1.0860127364561507+0.01825422325544489j),(1.0386634775630286+0.00810212730989724j),(1.0455448649365413+0.01092747342187162j),(1.0674833805622403+0.013070928300660298j),(0.04765484121967634-0.04311788299862378j),(-0.09105902940226844-0.01422283815002335j),(0.012565778733843852+0.006196220946158157j),(-0.07741952259128915-1.581026988282e-07j),(-0.06365873777983501-7.45460662658065e-05j),(0.9995750082871122-0.029151377460069842j)
(0.998344016105099+0j),(1.001772825946774+0.022087489470486603j),(1.0607353042782803+0.04784791260658323j),(1.0248677170016562+0.0061150633888608485j),(1.0324608873131982+0.014716164395011052j),(1.0500111433826684+0.031320734822997555j),(0.02490924459510433+0.044615450924097765j),(-0.0857408830095121+0.030725528908190046j),(0.030644574984149176-0.04546159328558485j),(-0.09550929027734707-4.2427689146452e-06j),(-0.07331987597630463-4.23625074841633e-05j),(0.9993119596964897-0.03708917911684491j)
(0.9949835263400768+0j),(1.0095059688998722+0.015230994486542093j),(1.0586482046591683+0.04168719241250782j),(1.0118395968994742+0.016763077007326016j),(1.0228912204214367+0.019769503799218137j),(1.0449789795408788+0.0303947799759012j),(-0.0010956236774383754+0.01147125279355665j),(-0.08458676009272724+0.010646345671357239j),(0.04358342298384935+0.02546805588653429j),(-0.08562675907832283+1.08373619234206e-05j),(-0.06750622159854527-5.16064814849439e-05j),(0.9992997837276262-0.03741580203496187j)
(0.9998379108944846+0j),(1.0123142724092966+0.025737729929653973j),(1.062366184280404+0.04379825197576503j),(1.02497347086928+0.004101998547587933j),(1.033146345759829+0.013207821059221353j),(1.047001803809102+0.02764397118752416j),(-0.009706802250162332+0.04749058486408069j),(-0.09008209960638985+0.024241581669830273j),(0.036276843813233456-0.04772408701996549j),(-0.09817089231172642-6.654017691361761e-05j),(-0.0471441279119857-2.6766625713699198e-05j),(0.9992403513176075-0.03897076210012191j)
(1.0219820734370018+0j),(1.041937587179853-0.009328227566445477j),(1.0919617725410757+0.009154555871741342j),(1.0524611018404593-0.0004951018462839955j),(1.060442650099914+0.00677208724679597j),(1.077218411695044+0.0071682915940626596j),(0.010361195745375312-0.041173979309248696j),(-0.07213772120860876-0.018158764687483127j),(0.020100036622708834-0.032518273888239364j),(-0.10753524698029548+2.0433746841578102e-05j),(-0.05747605425381054-3.21009835621451e-05j),(0.9994111505971398-0.03431256420177797j)
(1.0093784515819968+0j),(1.0175805728313618-0.006880132555868143j),(1.071331454450309+0.03526363768183751j),(1.0372327884664188+0.010286170684902127j),(1.0465339237213902+0.016128183033381982j),(1.0559082181705592+0.02036398805891585j),(0.039557844900676556-0.037856052457317164j),(-0.08628542433659879+0.021423661659145252j),(0.01402894666784725-0.010680001327651723j),(-0.1195400632219906+9.0267005838383e-05j),(-0.040509985511661156+6.961903422652299e-06j),(0.9994205360727486-0.03403809742127035j)
(1.0185431275442847+0j),(1.02026894156077-0.006848623664572698j),(1.0943583261489989+0.005168194609559256j),(1.0540835782282858+0.001252513606036212j),(1.0612288084080912+0.008073814309889307j),(1.0679408242108046+0.0035592537940068625j),(0.05920875194253213-0.0096774614915644j),(-0.09711973388841125-0.03441328958516378j),(-0.0060834764243781645-0.03224912792835579j),(-0.12559664146981148+2.92715515920238e-05j),(-0.022481733434304797-4.26318013141833e-05j),(0.9994942834673775-0.031799014387772245j)
(1.005669448681865+0j),(1.0079298767280813+0.010415075453611429j),(1.0774189026048153+0.040896497509218754j),(1.0444163085281155+0.009812061150572001j),(1.0543484020940388+0.019110300247179267j),(1.057191270916727+0.02468884704715052j),(0.04569766351899879+0.018713358229890488j),(-0.10084623904375076+0.018420059511287678j),(0.0016697907935203382-0.04103054655371005j),(-0.16136694555351255+8.90953482092913e-05j),(-0.031600109289984135-3.71433737602822e-05j),(0.9990163321071479-0.04434375021556976j)
(1.003756827330069+0j),(1.014306063633265+0.01662444781013578j),(1.0884209519344172+0.015134411522412855j),(1.0420949333521325+0.017506450666515887j),(1.0541210141342578+0.021835346185748422j),(1.06426805680254+0.018078002534046383j),(0.019885852054325494+0.0387719973375362j),(-0.09039054658616356-0.047521145354362956j),(-0.0041139352622305584+0.01802351648099647j),(-0.1626637386955804+2.09607842557062e-05j),(-0.04431821662200248-3.39802348866333e-05j),(0.9986802028392998-0.05136002781205462j)
(1.0068252801626614+0j),(1.0262445135958398-0.0009942828502944201j),(1.0684447751187232+0.05013365756720021j),(1.0417771153932451+0.017748858653191268j),(1.0563839054957238+0.026093515224024356j),(1.056960013236031+0.029847863986188803j),(0.00764304062326133-0.04296177492301932j),(-0.07971934194569805+0.04371717592531367j),(0.017948345049413568-0.007253523603065247j),(-0.189630506724628+5.3722046019355e-06j),(-0.03311765212988948-8.49522730764246e-05j),(0.9987485041544267-0.05001425246162471j)
(0.992696994667838+0j),(1.0048333623447656+0.02939201854636215j),(1.0619275536824997+0.05937320170717471j),(1.0304066479442087+0.021006303335241727j),(1.045897253254043+0.030706778562835286j),(1.047252785639282+0.03993990388468176j),(0.0007754180020358125+0.04714466011892278j),(-0.09118497045009065+0.03473595687957432j),(0.02148958635324625-0.014889275431580857j),(-0.20102678227233492-2.5511954526527e-05j),(-0.04085319122194848-8.58295082182048e-05j),(0.9982645154991935-0.058889363175029644j)
(1.0019562680809229+0j),(1.0146478945143966+0.016911261599186583j),(1.0740489952380037+0.030903158636148897j),(1.0412325225074817+0.018468454651903603j),(1.055523670564675+0.02575807803670671j),(1.0563211768224376+0.024586829717649424j),(0.009862858518709165+0.02721411128424141j),(-0.0779256463026292-0.008448991312532784j),(0.0032462324780471886+0.0013338494092793951j),(-0.1966919615346599+7.60195316742545e-05j),(-0.032765794215169106-7.7604328250234e-05j),(0.9985218422198392-0.054351914500765854j)
(1.0174768987455045+0j),(1.040498223503524+0.0029827404444659747j),(1.0929358485526073+0.0027607612010006203j),(1.0528083558219608+0.00540557279264954j),(1.0645384529883832+0.01267021061210536j),(1.0702766961106078+0.005822486204983627j),(-0.012072507638287572-0.005781962106617542j),(-0.07756986318257254-0.04391957040345683j),(0.012375038415406053-0.013253182044085064j),(-0.15905915671289028+9.84405284861985e-05j),(-0.02131377228637206-7.70851050795023e-05j),(0.9990016386260027-0.044673549473502557j)
(1.002410971221194+0j),(1.0175780926980182+0.008815520892494228j),(1.0505031756575134+0.046514566618303506j),(1.0346617351821077+0.01499104985343327j),(1.0458509371639257+0.022846109840959476j),(1.0366915436072726+0.025753678745285336j),(-0.005829079545985849-0.00891268743185585j),(-0.07213079375751634+0.04330755789020084j),(-0.0005445020267827738-0.01992214928834441j),(-0.16837051888718096+0.0001583305201086279j),(0.005628590833044651-0.0001135917341140281j),(0.9989939064374833-0.04484612470188277j)
(1.0013953600638226+0j),(1.0275796154118046+0.02162154983564763j),(1.074745760544173+0.040949228301543614j),(1.0454749669725636+0.022550359480128953j),(1.0565660599452391+0.02833893389324736j),(1.0549066840925712+0.02894059789834681j),(-0.0333566136737649+0.0198242348704052j),(-0.08537053093707783+0.006855660134900112j),(-0.026297726631569842+2.0576865451261e-05j),(-0.18648843519941175+0.0001689733981434125j),(-0.011145158226396015-5.21650991650128e-05j),(0.9979753060262238-0.06360258298107874j)
(1.0156833442407713+0j),(1.044127480174326+0.005757400001253308j),(1.095981841282577+0.041362626500061755j),(1.066339795294664+0.012266589594611675j),(1.0718297152537282+0.01984677732521151j),(1.0790613396112039+0.025391371820474466j),(-0.014327848279706781-0.02331014185431549j),(-0.0935427334709986+0.02286912390789701j),(-0.04212285681224192-0.04748691503824448j),(-0.1538585432126357+0.0001489571278636112j),(-0.037696910632848205-3.52590402820201e-05j),(0.9981974523795463-0.06001538188650798j)
(1.0024148413493348+0j),(1.027398797559733+0.007608964942888231j),(1.0762762399266366+0.06298711564261081j),(1.0453298786841003+0.02566334821017646j),(1.0530485550593476+0.029627274051887125j),(1.0612602410875158+0.03883254233119363j),(-0.006531324153971601-0.03070430365167641j),(-0.10082806225038334+0.04930441222196878j),(-0.03417067949936278+0.0007061207198141162j),(-0.14703996327889848+0.0002235965480623428j),(-0.04045822460996391-2.227508208824e-05j),(0.9981772046846751-0.06035120585281053j)
(0.999088732056752+0j),(1.0129759487007826+0.02230679115801713j),(1.081298755251446+0.03683912177635878j),(1.035898202862757+0.01858854980991759j),(1.0434590405376465+0.02210343390005919j),(1.0536266550129403+0.026387755918703636j),(0.001570173850776847+0.039896810991091276j),(-0.1132144931951875-0.010477680697158398j),(-0.018081812385084488+0.0037160345600083175j),(-0.12342591045634975+0.0002300574038248712j),(-0.02392217907512589-8.693373240966531e-05j),(0.9986629366719139-0.05169467011045757j)
(1.0084277435045597+0j),(1.0293227121007775+0.004044845743757394j),(1.0871404505619473+0.03900344047234138j),(1.041917239094467+0.013680478292136396j),(1.0471090009854254+0.016978912108111508j),(1.0611621815170664+0.022892820161948952j),(-0.0008532177949997183-0.02021551034578904j),(-0.11705767734242016+0.009959455946673237j),(-0.014741521303230776-0.006378458089401306j),(-0.09266868115718085+0.0001504752056294252j),(-0.023880132200248348-0.0001878012357383933j),(0.9989977734528429-0.04475989986877044j)
(0.995521571761442+0j),(1.0130183369344483+0.015035772102038077j),(1.0718790407885828+0.049080402365106204j),(1.0290062964155933+0.027192635450209914j),(1.035124363850067+0.02671530811794466j),(1.0523001222970931+0.03472221395466177j),(0.0021755190926773223+0.004886926594183862j),(-0.10218980393265692+0.011775880516730132j),(-0.029111206099745223+0.03477801400330767j),(-0.09638768522748827+9.84809401143035e-05j),(-0.04930079957904642-0.0002008341918756899j),(0.9986447182505477-0.05204542929291874j)
(0.992195218053016+0j),(1.0104198271351523+0.01657033331561568j),(1.046046549074507+0.0514011037848154j),(1.0205971634044886+0.027014024017859902j),(1.0247753724055124+0.02582232473442681j),(1.0336788514342334+0.03426105158944896j),(-0.01712322258461424+0.0033990568519127397j),(-0.07457022579657648+0.03189465972115416j),(-0.038659174405867976+0.0315224602308149j),(-0.08169039008251146+9.66485704269596e-05j),(-0.028381227140024053-0.00017696851454109948j),(0.9989011983960002-0.046865721407384216j)
(1.0103190936412607+0j),(1.0210557089841616+0.004918161126370496j),(1.0499757977262518-0.005474250174717513j),(1.033450807316655+0.002173164013183538j),(1.036925764051379+0.005297443434409946j),(1.0348743419974982-0.001063816362517628j),(-0.008785126495380163+0.012517719101477467j),(-0.03860611081019048-0.03414715401745451j),(-0.020806952540572642-0.013672848592307538j),(-0.07892794586828782+0.0001420977241592709j),(0.008012969729044528-6.70666523418615e-05j),(0.9996932413387635-0.024767382211221482j)
(0.9882832288175782+0j),(0.9885305033538435+0.01263774436777043j),(1.0039328909415617+0.02643441122958393j),(0.9956773693086128+0.01688305965933431j),(1.0034475185265053+0.017139806410892525j),(0.9934444399749259+0.01625926928675885j),(-0.0003619769624010449+0.020158152026878675j),(-0.03640784138138319+0.016876589012151087j),(0.002925265005670621+0.03455297734797577j),(-0.07981507155810061+0.00010595961796084j),(0.024532766060558386-7.65268285768822e-05j),(0.9998165479715792-0.01915386128682874j)
(0.9957809499775356+0j),(1.002716299511212-0.003065118769009327j),(1.0149250424440648+0.027307627844334548j),(1.0069680311637046+0.018878128419452984j),(1.0118481325966768+0.01687888902164528j),(1.007647786021321+0.015828550278926802j),(0.003375401554032078-0.03122793789446516j),(-0.0345116819786155+0.024637335533860452j),(-0.01899768858382679+0.0420259353475579j),(-0.062130154134589416+0.0001379460228760503j),(0.009865429962294774-0.0001930530166771773j),(0.999792431551585-0.020373851186486373j)
(1.0066220525253922+0j),(1.0150473768769075+0.013244540154430483j),(1.044047867804827+0.014888715967453678j),(1.0350918644210385+0.0022920371248772217j),(1.0352502235935785+0.0069480061396892945j),(1.032605762871203+0.008991239786936979j),(-0.007264576552925974+0.028918520884296948j),(-0.04326766091724265+0.002112523337862804j),(-0.038908791519994164-0.04461925486732909j),(-0.071422866569004+9.48946269758456e-05j),(0.0017461994454012187-0.0001857337954606919j),(0.9995728140869301-0.029226517725096973j)
(0.9930866136533785+0j),(0.9814418902000269+0.010005019034438204j),(1.006578085144907+0.012579262280929608j),(1.0065495162892522+0.010268886495632585j),(1.007911216049213+0.010178946967659868j),(1.0012577901050237+0.009485753143415652j),(0.035395339372009796+0.034693400266763555j),(-0.01909831553032308+0.0021356387554742036j),(-0.0316465081759155+0.007000940496319673j),(-0.049747425172490846+9.286524571669249e-05j),(0.0029020360401645485-0.0001104557772453577j),(0.9999148866127751-0.013046820691689694j)
(0.9924778375928989+0j),(0.9915859958477576+0.020498078652656234j),(1.034614318932042+0.034329652637542785j),(1.014619882417458+0.013731134593549759j),(1.017752878604233+0.01570379134948747j),(1.0237907802363315+0.023710168730461216j),(0.018950299737788025+0.04572376363010949j),(-0.05895768046412175+0.01498257964364911j),(-0.018673817889855965-0.0036639040321141537j),(-0.06560134616478878+0.00014599679925030002j),(-0.02820466702838253-6.01961715894711e-05j),(0.9995418068598274-0.03026840496939748j)
(0.9840109181069246+0j),(0.9773671694483742+0.015520667702497234j),(1.0006423503727806+0.04688099673706742j),(0.9949255405386075+0.01905550471318377j),(0.9970868658738773+0.018171166507600027j),(0.9980804422749422+0.028735120005087898j),(0.025106894208848297+0.025392472529988164j),(-0.04028886844084258+0.04848156399874378j),(-0.01919037841150798+0.01833656356896985j),(-0.03942819466799517+0.0001233688723248536j),(-0.0173706153942863-9.343690026710421e-05j),(0.9998011775263439-0.019940045560031393j)
(1.012371444768145+0j),(1.0203143996633952+0.006938829014125396j),(1.0523001304072095-0.011358807092446997j),(1.0371925713999428-0.0025990391730706954j),(1.0351937250969667-0.00026326719440947005j),(1.0405111156568865-0.00348285895837719j),(-0.0021888830604963826+0.02598238348512313j),(-0.03140919322025855-0.04155432707000584j),(-0.04052871399594273-0.03256445897966825j),(-0.03658063727746432+0.0001465951261337635j),(-0.012845311221986757-0.0001528472050354802j),(0.9997721823346153-0.02134440043385756j)
(1.0017359210023804+0j),(1.0156647659725961+0.0026528629050975466j),(1.022173286505769+0.026205002312853554j),(1.0214676451704576+0.012173616413488377j),(1.0215483092274265+0.01220949550710603j),(1.0242128436973081+0.016870789862491548j),(-0.015825134071154295-0.019914515868629835j),(-0.01546311759295276+0.029854753387808318j),(-0.038540852057591425-0.0002814994298620519j),(-0.0446122343098872+0.0001212131262791586j),(-0.02302032291823564-0.00013151169897721978j),(0.9996567019541872-0.02620072972413784j)
(1.0037783565332399+0j),(1.019620817389451+0.022763301060072797j),(1.0471386994061953+0.012057716925621194j),(1.0319169065323262+0.004563073559498786j),(1.0271840402225438+0.005516607583912489j),(1.0410115778319118+0.012758894306184558j),(-0.03265741416903426+0.04826137576791475j),(-0.033097602008062436-0.01299519068200314j),(-0.05477251912574779-0.03238272375320069j),(-0.015564072720154275+0.0001351466977849633j),(-0.04092122965937902-0.00011818654850904641j),(0.9994523278480747-0.033091454471881415j)
(1.0011794019849463+0j),(1.0137542239307569+0.007765746112408267j),(1.0434783210856045+0.00977690258783871j),(1.0235786880453868+0.01532846867166312j),(1.02149020926661+0.011290421820207697j),(1.0328149169299767+0.011309072041479462j),(-0.00916170848337675+0.006854203081367182j),(-0.0400224457554524-0.02101825669488862j),(-0.05790169220290395+0.02792505346502685j),(-0.020325434737890696+0.0001877368657502011j),(-0.024455929873843697-0.00010480654862223041j),(0.9995812127574387-0.02893784895889839j)
(1.0168565042888935+0j),(1.0360442122702513-0.005681402502064003j),(1.0448293947458287+0.0016550945426337081j),(1.0385448976316591-0.003331044292199936j),(1.0332648691225088-0.0017828838675174872j),(1.0409230518095174-6.646948504783565e-05j),(-0.02594140651128507-0.031237997486323242j),(-0.020188835399501868-0.0008674731483190001j),(-0.0471910996389543-0.04063569371489097j),(-0.0037182530741892016+0.0001041574407824868j),(-0.01535414805838121-0.0001630941247818495j),(0.9998271722098925-0.018591011558547935j)
(1.0089891822947057+0j),(1.0277485601374694-0.002926065334355557j),(1.0487802515211821+0.0023689943556495234j),(1.0330292853738747+0.012482604539430078j),(1.0296293841011033+0.008311243539985797j),(1.0438216899460382+0.006842333431532878j),(-0.0153393064687394-0.02647789670417649j),(-0.023357707650440616-0.022876774787803485j),(-0.06477033910011679+0.023044847325729912j),(-0.012780109944981365+6.27622464577496e-05j),(-0.0383099154379874-0.0001331411097783472j),(0.9996091523191696-0.02795608341222316j)
(1.0060998731749666+0j),(1.0214491807330763+0.013307382707362753j),(1.0418827776992807-0.008261389924229385j),(1.0253291915915386+0.0029492746398126894j),(1.0187526710608026+0.00023439362547819276j),(1.0335498524289586+0.0009272863381722955j),(-0.03333666044120556+0.030856261266910857j),(-0.02321045859755393-0.04129146218464777j),(-0.05674184032200239-0.005456568035967556j),(0.02181952477979776+0.00017698989179819598j),(-0.025873003770594264-0.00012670221796344031j),(0.9997710673700397-0.02139656163432498j)
(0.9987207915409038+0j),(1.0130042336113998+0.012870441576901771j),(1.0244586485753917+0.01382434383787326j),(1.0113295645325862+0.008073637601859338j),(1.0056864048999348+0.0047094309463319j),(1.0215271777565793+0.01211194740332584j),(-0.031532037087120816+0.015830600879886213j),(-0.023230340471720897-0.0006009059662229746j),(-0.04204535523765719+0.005030980851241232j),(0.03079060676180582+0.0002125083760329951j),(-0.03266435819412886-0.00014087207730914468j),(0.9998138408784274-0.01929465179594116j)
(1.007905494797731+0j),(1.0256754610669876+0.015750712476105908j),(1.0399977898443133+0.009159832676336093j),(1.033262835523866-0.0002561650288191177j),(1.0260996758277423+0.001007931836033605j),(1.0372910581955321+0.008192689855549027j),(-0.03939679075704373+0.027548987771215692j),(-0.02076622240243149-0.002415347594637943j),(-0.05959241396775099-0.04676841609001697j),(0.003970317566292798+0.0002397940998251279j),(-0.030234031039633576-0.0002014826399632807j),(0.9996462960077779-0.026594790428392093j)
(1.0052465851990726+0j),(1.0290974899623637+0.00010052593684942976j),(1.026318762365145+0.022651047519837497j),(1.027244038531473+0.013008868515785716j),(1.0217631929135391+0.009826480899222742j),(1.0281352768936671+0.014482836499218048j),(-0.04317708310287402-0.03663030173170967j),(-0.01261680799692124+0.02637485460972162j),(-0.07233109725818909+0.0033210467950784304j),(-0.004738315701741619+0.0001488146327187495j),(-0.018101939502834306-0.0002382465754916826j),(0.9996055040211543-0.02808623026705406j)
(0.9978421144214679+0j),(1.0019723560568916+0.016862395911258914j),(1.0105385147474488+0.026854594234567226j),(1.0225966797085158+0.007424558462532369j),(1.0138535223582161+0.007066843982396142j),(1.0132807995088404+0.016421675986435173j),(-0.010028699228994045+0.03183080092542033j),(-0.01074449377728113+0.03434591859721634j),(-0.0860826161002405-0.039110918197028256j),(-0.0010935463847303651+0.00016568408629167642j),(-0.011702128968971832-0.0002347239318222422j),(0.9997272395803168-0.023354794820757505j)
(1.0150905470484055+0j),(1.0449916121369756-0.00492049979562242j),(1.0489728016137825-0.0021746034810002784j),(1.0410585024440673+0.007954651803443364j),(1.0348499683728982+0.004383618598444194j),(1.044907150462829+0.0018100602890627265j),(-0.05305767427526737-0.041951790580893475j),(-0.01365001218696248-0.019062536121981798j),(-0.0799155121518277+0.003922922997323831j),(-0.002146833200936548+0.0001767338290953953j),(-0.017384798936772437-0.00020902609127790688j),(0.9995793888194084-0.029000783565583537j)
(0.9947049191278444+0j),(1.0167567126344494+0.024606750692200023j),(1.0299041836668024+0.02077079681934124j),(1.0170602276279337+0.01677718919960712j),(1.009431634936662+0.011089743740318143j),(1.0194334424604121+0.016999047520932804j),(-0.06165588797121836+0.03630519953286826j),(-0.03897574903974383-0.003658590271460604j),(-0.08412899852616254+0.016386023748332035j),(0.017912644716655875+0.0001413127753934439j),(-0.004447418805936696-0.0002854567126948201j),(0.9994273333897377-0.03383792655406383j)
(0.9885967115059878+0j),(1.0075357206863096+0.027637739245626222j),(1.0039281858965774+0.037618368189966014j),(0.9997431456696101+0.01315878133112683j),(0.9941850594817974+0.010326010708271471j),(0.9977334247459336+0.02222050321972868j),(-0.06939645489673145+0.036604130823767685j),(-0.035899045374637124+0.03722135844615792j),(-0.04733317666228338-0.0001279975822694226j),(0.020213522899580637+0.0001253851601024075j),(0.012269361779289884-0.0003419102512281545j),(0.9996879440207517-0.02498028381669367j)
(0.9979562893407172+0j),(1.0252773043109964+0.005515839908716701j),(1.0340302056107353+0.030322233780557446j),(1.012209866436125+0.019419075322595205j),(1.0073719481682326+0.012514666510522455j),(1.0190497775144105+0.017838118124137606j),(-0.05711062318651993-0.02893619679444637j),(-0.06081958180834632+0.016760294300176972j),(-0.058892204977478345+0.04137670540522008j),(0.023182980032638606+0.00016606877927044687j),(0.00835661224616789-0.0003203824252884928j),(0.9996053225524707-0.028092688101552632j)
(1.0116457794949238+0j),(1.0360887855694205+0.016236190754469294j),(1.0664742916864207+0.009008103928819384j),(1.041672504451016-7.947878140670054e-05j),(1.0333532025342185+0.00042514978225531835j),(1.0453702550129127+0.005398850009970699j),(-0.0521926131475358+0.026202568537781325j),(-0.07096960654814069-0.018673081477489334j),(-0.07060577699854494-0.04544497439615864j),(0.008989642422527434+0.00015663423387915409j),(0.003570869345104974-0.00040303621420093076j),(0.9994815346696513-0.03219723364512312j)
(1.0135370552686487+0j),(1.042697359918954+0.00816810075252839j),(1.0804022348977704-0.0009212375683334295j),(1.040523335784006+0.004475757294611802j),(1.0316279025958377+0.0005089178748690992j),(1.0521547032339964+0.00125319043812295j),(-0.05314847488594492+0.0029110149982694796j),(-0.08792574178945961-0.047223202998335205j),(-0.07450474968642318-0.00469087133361927j),(0.035291843964909086+0.0002213474666057031j),(0.0010619597294459057-0.00037855016797150136j),(0.9995140273660328-0.03117224885268221j)
(1.0124591921668815+0j),(1.0309133425838848-0.0027779148200511635j),(1.070931703012418+0.00017536798917613188j),(1.0310589928745248+0.0035050997146348333j),(1.026295216378703+0.000556766225191323j),(1.0402152191378693-0.0014553793939158263j),(-0.018302946313281263-0.018327306158277223j),(-0.09352725933671481-0.03719051223875965j),(-0.04407448357019143+0.0054852789228100746j),(0.018225373011750784+0.0001298269467184595j),(0.019380867864211483-0.0003518032264210897j),(0.9997998804491836-0.02000497572601079j)
(1.0047471281112672+0j),(1.0311046459333078+0.003571427632658234j),(1.0551714053347254+0.03972056056257912j),(1.027917355154297+0.013133198867767072j),(1.0240887621879398+0.011298089725720105j),(1.031355360813638+0.018500928656413857j),(-0.043192477375527755-0.03254958814331981j),(-0.09671892176793358+0.031398139217140034j),(-0.053829410859459276-0.001504199463581159j),(-0.009163492324823093+4.90713379048864e-05j),(0.02497128114325844-0.00032602388266954704j),(0.999463057633952-0.0327657813120857j)
(1.0119885406124896+0j),(1.0362062640036578+0.006788691793462141j),(1.0668048627088493+0.025100863991111576j),(1.0397274733075346+0.0020127417293035158j),(1.0360283680710332+0.00451668326304913j),(1.0429106907814651+0.010473277542210961j),(-0.03938131910954748-0.009160902464182342j),(-0.09040079580049046+0.011856050170282791j),(-0.044527505233819265-0.042676623402161926j),(-0.023488465706369137+6.1794352264062e-06j),(0.01823584146176676-0.0002314163439015057j),(0.9994943268559671-0.031797650585179575j)
(1.007599331422565+0j),(1.0421815010715594+0.009966353746383123j),(1.0770371760433912+0.017968833640886618j),(1.0336586109422745+0.014089382332624795j),(1.0346295482414838+0.012175202062988054j),(1.0523049206862425+0.013864193309987144j),(-0.061616552387516406-0.011060869395343488j),(-0.08932382950399471-0.023940330087200125j),(-0.03211261598241222+0.022773940131643546j),(-0.0360553077898924-4.8925709480105704e-05j),(-0.011039482281267016-0.0002449082526446433j),(0.9991178965847961-0.0419931985442008j)
(1.0080428557215424+0j),(1.0284676883649213+0.018543171971263546j),(1.0777170979143216+0.01358021822260777j),(1.0348645493619002+0.002880969942848129j),(1.0372184797399395+0.0066104723832057875j),(1.0493311572285122+0.009558039268573197j),(-0.03279906142620183+0.035819472505968335j),(-0.0979747560908596-0.02876838774006144j),(-0.009169502178263556-0.02494346943105276j),(-0.056829851823634016-1.3106997134399299e-05j),(-0.002711499884080469-0.00027864241337314974j),(0.9993504846471755-0.03603621560951458j)
(1.0245054802339157+0j),(1.0514037551510804-0.007306437341222366j),(1.0794537502096544-0.006831164760004833j),(1.046083776388415-0.00921538096212422j),(1.0497173978285523-0.002890308810911732j),(1.0560868492619249-0.007086586833341666j),(-0.03821228828990626-0.03451359070161793j),(-0.0712911882887356-0.031306036773776615j),(0.011691337306303088-0.04492427140224528j),(-0.061908774944926935-1.4026022625238899e-05j),(0.012912035499161548-0.00022569713668892498j),(0.9997320108151706-0.023149655536434655j)
(1.001201223263515+0j),(1.0134505946484362+0.02058495163305076j),(1.0463453529296585+0.01796337977647723j),(1.0193574681577722+0.0027127999104535347j),(1.023711335001542+0.00740744186579221j),(1.0295327228412228+0.012148977486518407j),(-0.0249634266647671+0.04332869928520277j),(-0.06287941291912837-0.006386091082455991j),(0.009689224952793738-0.024133498637945495j),(-0.0617391833306832-3.46933951350578e-05j),(-0.006177638650399486-0.0001917497029274004j),(0.9996173160570054-0.027662636154007044j)
(0.9966625855421732+0j),(1.0124098077642818+0.007255276607706482j),(1.0447139732922912+0.03462427964682672j),(1.0116665706220858+0.017887757098240305j),(1.0204842452283274+0.01868288543106841j),(1.02577199615029+0.021215000689713295j),(-0.014321443198687507-0.010832826428557573j),(-0.07868580352231602+0.013210236284855412j),(0.01345373822113742+0.03515342653141498j),(-0.08342180846022242-4.2020227110152794e-05j),(-0.0012467669864121669-0.00012100623725049129j),(0.9994938638644412-0.031812200447781804j)
(0.9873762221902791+0j),(1.0034080049897942+0.02377692147659528j),(1.0275660098981843+0.04625635299995975j),(0.9976291150106719+0.01821469673285929j),(1.004582365065733+0.018911726044095915j),(1.0085454883254104+0.02747969043741606j),(-0.040033472522464884+0.027374876601558074j),(-0.08132321930994323+0.028870588880139623j),(0.015440449777707047+0.026756075133196732j),(-0.059463697553536136-5.28476570414629e-05j),(0.010929838688743119-0.0001199463833008194j),(0.9995006825096866-0.031597241377541004j)
(0.993036286956764+0j),(1.0188746913962736+0.025312199263573507j),(1.0437562733749266+0.03914598430378729j),(1.0109513162747232+0.01741908853412991j),(1.0169957387783897+0.018358993990445053j),(1.026600228546223+0.026235850591623852j),(-0.06074825813571914+0.026432254408092968j),(-0.07526971962918849+0.01352400289367064j),(0.0038939860381690607+0.020292815331596603j),(-0.06525720607632156-1.85456820212128e-05j),(-0.008898104103137431-0.0002086276907608585j),(0.9991792649396913-0.04050674653163379j)
(1.014843813208178+0j),(1.0385875375050795+0.007590231459070612j),(1.0675674048891317-0.0015410246342392098j),(1.0367819790278099-0.003597784089290373j),(1.0366971846208206-0.0002886732472766559j),(1.045062322161749-0.0011634215625194327j),(-0.04535969490211011+0.007468679236291621j),(-0.0679209327900389-0.032347905470126934j),(-0.014482304158061992-0.03285110595230316j),(-0.03353312507098608-4.4394391987352e-05j),(0.009497210062488368-0.00029727331525892343j),(0.9996583468191603-0.026137896525605508j)
(1.0124882529656294+0j),(1.036298917495543+0.007033873679997509j),(1.0587359060684753+0.009331647456214003j),(1.0298242675245466-0.0041912196121582914j),(1.0291617738415644-0.0005751629695647525j),(1.038961410911221+0.0032138312128230048j),(-0.04795145859209856-0.000947003473184182j),(-0.06852718341504885-0.008497763928227528j),(-0.0041533633726290285-0.03825737242769175j),(-0.01708152616212443-4.3251933678518496e-05j),(0.0070499005579700525-0.0002392277703183791j),(0.9997434224721343-0.022651472881550463j)
(1.0019882696781615+0j),(1.0236528775404905+0.004783934729584823j),(1.0354828652179882+0.0385374104901692j),(1.0089454768009265+0.0039460747443400895j),(1.0117717091235474+0.0068764685128269104j),(1.018001919024959+0.016586164830666248j),(-0.04415100392931216-0.024748932392021486j),(-0.07923042150166854+0.04209013263181477j),(0.022417097893390404-0.014251010221476434j),(-0.020652063400987297-9.487933169080001e-07j),(0.017701713914759123-0.00021345757758959728j),(0.9998144999438702-0.019260469931674094j)
(1.0098117929416954+0j),(1.0265772234115313-0.0005827258598935721j),(1.048721099280163+0.00036866645411454466j),(1.0159072646755796-0.0035157922941403755j),(1.0175847497282795-0.0018235760472746334j),(1.0251572228170405-0.0028071964230130452j),(-0.030149579514352248-0.012455647148530034j),(-0.06950821404362784-0.021398187052988633j),(0.017419964588694173-0.008259162653614751j),(-0.00745226266044265-4.59506817837213e-05j),(0.023815761213024266-0.0002349703075640733j),(0.9999420952948006-0.010761322290676818j)
(0.9937621890342785+0j),(1.0036174038109156+0.01814245106476335j),(1.0328329651905135+0.007611457051252501j),(0.9991900444931435+0.010019378733950386j),(1.0027917601698917+0.00809058275571159j),(1.0099464173223676+0.007464721218032562j),(-0.02745206844836059+0.03951716591195805j),(-0.0650109780750617-0.030454663291950693j),(0.006873434585121949+0.0349320945785459j),(-0.01971741406944108-5.08318712673964e-05j),(0.015428099483125039-0.00020068062732171422j),(0.9998341387998801-0.018212492698746988j)
(1.0060559491362244+0j),(1.0215095295552414+0.0003520288231911224j),(1.0489137581365777+0.02724276611470769j),(1.0134921896710574-0.0006267803380718897j),(1.014124139271776+0.0018068817796610443j),(1.0234841769085383+0.009172079253406833j),(-0.02043347095254571-0.021464148736324448j),(-0.09686107123931591+0.02018021682903226j),(0.01683242294905759-0.020159209456013443j),(-0.0008476592190522858-8.278045884938701e-05j),(0.022895541466193662-0.00024986926149485767j),(0.999907921067377-0.013570165316459113j)
(0.9956598501927566+0j),(1.0081878907275164+0.006593772302865231j),(1.0235376136711556+0.03858060853010651j),(1.000666171095165+0.009072552677696601j),(1.001621283158704+0.008910867087138055j),(1.010542665495045+0.019334998706689904j),(-0.020697096600696695-0.01199061227871031j),(-0.06676535118450852+0.039005745614386654j),(0.0067139542019763404+0.006011781175243193j),(-0.001600078937006553-6.25844694220353e-05j),(0.0014937888882494764-0.0002303780521053349j),(0.9998709809856985-0.016063044004704673j)
(0.998790361589506+0j),(1.0052660909935542+0.018052784094539313j),(1.0333330018596065+0.007155622612945759j),(1.0047304871615494-0.0011204813217461742j),(1.00686502557321+0.001247603004828511j),(1.0147910924198702+0.004897685879053225j),(-0.019943847723922867+0.046215444576092723j),(-0.05850170106107113-0.018490225535496008j),(0.019765047687665054-0.012352332737061936j),(-0.012998876961566791-4.18401238986849e-05j),(0.004883117802532865-0.0002536015013057392j),(0.9999170988456894-0.01287615765746397j)
(1.0079053595748904+0j),(1.0263029468678653-0.001781104326856925j),(1.0274157980069425+0.018424218217301135j),(1.0160834005481159-0.001643534371939918j),(1.0152387155938878+0.0007192624102961153j),(1.0215264243748026+0.0070154874663809225j),(-0.03561934041686032-0.030328799163293525j),(-0.03437190710956084+0.026376839334009874j),(0.0009864703284402187-0.026591092864329768j),(-0.0025189315419743563-7.12987697629409e-05j),(-0.0009573351643792432-0.0002877929876222731j),(0.9999211760925866-0.012555540674076342j)
(1.0015615059383989+0j),(1.0184316609020145+0.012982309123102402j),(1.018263613220792+0.020598599706077542j),(1.0114734186756529+0.00025998343649850475j),(1.0110665101235228+0.0031590217560288065j),(1.014777177222283+0.010934389970582558j),(-0.047279737932405794+0.0109974917712687j),(-0.02509903176241023+0.02402478906842828j),(-0.002550526286466899-0.029610852293368097j),(-0.014115975658706825-0.0001498749074295424j),(-0.002829705094867503-0.0003823041933039341j),(0.9998470089091611-0.017491677318197892j)
(0.9989741656228719+0j),(1.023927389791805+0.014250282631496166j),(1.0204217579518577+0.0006136302463658788j),(1.003046751764897+0.007655691847490941j),(1.0059451674141089+0.005916780961574378j),(1.0115942533888762+0.004297016522709181j),(-0.07546748485309054+0.012692657090845261j),(-0.019486440340022882-0.022920664289791646j),(0.0043120653756919414+0.029824842360433656j),(-0.016387418320318373-0.0001437599618504294j),(0.006831135083774907-0.0003724716594176807j),(0.9998102093595129-0.019481921375647342j)
(1.0149438191938456+0j),(1.052868893582168+0.0021123093651626815j),(1.0523013075205514+0.006062746353193806j),(1.0289414505933119-0.002159071115034478j),(1.0271664596110588-0.0008421200050168629j),(1.0424659833903969+0.0031527349889284234j),(-0.08823439012906667-0.032765522635903606j),(-0.03911490826449718-0.005353648935752573j),(-0.006570445776780547-0.021318298883053827j),(0.004726201381918354-0.0001269791872107685j),(-0.011248081364150115-0.0002847319367352242j),(0.9997119435455009-0.024000623585177648j)
(1.0137481909773394+0j),(1.0505454636823763+0.004939153663641088j),(1.0445996293145374+0.01192154535923272j),(1.0258642667952218-0.005088467793269251j),(1.0248460670924986-0.0016225706616460427j),(1.036695555569722+0.004856984408090347j),(-0.09194064143875773-0.026505793629798362j),(-0.03647070896049749+0.010447308459188598j),(0.00540787967399567-0.03835146969022763j),(-0.001525823948128315-0.0001375496332488894j),(-0.005233933639417222-0.0002922626039535879j),(0.9997535685904002-0.022199146171869355j)
(0.989304665782031+0j),(1.0175633849748138+0.0324664073477068j),(1.0255698092644059+0.022645840509207062j),(0.9977068933902187+0.015358736301167089j),(0.9995558372002004+0.012554185963667462j),(1.011528968980609+0.01891317783513752j),(-0.09225850601504088+0.0483672614294308j),(-0.04869337392512328-0.008773953727910807j),(-0.004928554748255149+0.034728746201087825j),(-0.009615550013689678-8.432202384842711e-05j),(-0.001931861710215004-0.00031171203881480793j),(0.999489788163259-0.03193999620168722j)
(1.0088319569042117+0j),(1.043387367632462+0.013252461952439228j),(1.048870120480678+0.031574514239747185j),(1.0336855380150287+0.003533992063116309j),(1.03021439849148+0.00620913812835665j),(1.0394336914206657+0.016696161071128233j),(-0.08075862463731191-0.009874876968884025j),(-0.05332671003643982+0.03174864939539542j),(-0.036987001143372084-0.04303876805482939j),(-0.018650873636345596-8.156597830369799e-05j),(-0.005852401467996106-0.0003057283452159326j),(0.9993673345470134-0.03556586341420348j)
(0.9985004424027355+0j),(1.0238262668910951+0.024972716603688456j),(1.0238667169002373+0.011036639078011836j),(1.013541599472472+0.006884606908053682j),(1.01136206864907+0.006198105400220633j),(1.0173383261782607+0.010454413614902552j),(-0.0814338688594917+0.03896562130916461j),(-0.021105906583326717-0.007431839475941515j),(-0.03179588342875447-0.0042082717593104136j),(-0.00888282627701791-8.20183739401134e-05j),(-0.0010891834318544802-0.00037410633980862067j),(0.9996066522971011-0.028045332648810404j)
(1.014359526171676+0j),(1.0497155558668143+0.0061440478629468925j),(1.0569482077856824-0.004242544628100426j),(1.0308889927598548-0.0011946074835516068j),(1.027867843401412-0.001356796158007512j),(1.0435797128617539-0.0006194114460336563j),(-0.08374215096086239-0.012119387475772299j),(-0.040545484379527034-0.030490305587393577j),(-0.022120141284064393-0.013017758411423929j),(0.008815094770013647-6.59010777642937e-05j),(-0.008597665038508515-0.00036713321007209623j),(0.9996823480704427-0.02520323305384341j)
(0.9857252964423463+0j),(1.004969086394011+0.02987716110521104j),(1.011543183258354+0.038366305226594906j),(0.9908419871528642+0.01454771093481402j),(0.9909608723781481+0.012427235328770348j),(1.004274979583249+0.025840351062004593j),(-0.06466300314054171+0.0419999557112952j),(-0.045801465386513036+0.025767918993457418j),(-0.0018270820356099148+0.02013468296562909j),(0.008190661849781808-5.52650039117352e-05j),(-0.016524077526848577-0.0002837352622159532j),(0.9996753954597858-0.025477513856749328j)
(1.0142672719105625+0j),(1.0447831577355462+0.002140086939893329j),(1.066323697972148+0.018007265968148306j),(1.032341758826108-0.0017408746887762774j),(1.0302957082368118+0.0005685991105439286j),(1.0536487909765408+0.010037526729095896j),(-0.05131777264420053-0.02750418106175113j),(-0.06580334850311712+0.00458478788148333j),(-0.0029355395657621663-0.032198876511316955j),(0.00639427735843719-2.25200460405505e-05j),(-0.03813386960677793-0.0003272383083043216j),(0.9996597640109435-0.02608363888694951j)
(0.9914755040346153+0j),(1.0082521609335389+0.019583548312318906j),(1.0311581172284934+0.03629424354653349j),(0.9994701070287744+0.01351369150611974j),(1.0019158672824948+0.012468595938221572j),(1.0210293727504622+0.024737855889264967j),(-0.03496290294278808+0.020484960204190005j),(-0.061115468118609566+0.018098176169101643j),(0.011442102972571854+0.021463954288996775j),(-0.0070581046573904745+3.02429542938036e-05j),(-0.03651363402123396-0.0004078117081744883j),(0.9996645001661567-0.02590148851993139j)
(1.012096207026794+0j),(1.034412863075212-0.0073659416458612j),(1.0545483080322708+0.005275875747211948j),(1.023966561380359+0.0031336167988562885j),(1.026528619302307+0.0034786497014807996j),(1.0456342542731194+0.005037130575789671j),(-0.023788135795943258-0.04275128391933461j),(-0.04303787063388076-0.013959816610677876j),(0.010710724839998784+0.008988780403573685j),(-0.01752494156426703+5.15348137998205e-05j),(-0.03987446661581335-0.00036567301777810327j),(0.9998107781734316-0.019452707992388917j)
(0.9999158374845932+0j),(1.0071727079393629+0.014344937259923696j),(1.0234423653713005+0.022370401922430862j),(1.0116165834806599-0.00016605857880786775j),(1.009505201247327+0.002469918287836899j),(1.015600309846992+0.011738140731470503j),(-0.017107277991308827+0.02628760876600792j),(-0.04128980989133083+0.02065267583936985j),(-0.010602065900975932-0.0350514769158514j),(-0.003552656446388527-2.96965824955115e-05j),(-0.006750010057655614-0.00042654549423013324j),(0.9998834755782298-0.015265492641889502j)
(1.0185431461707344+0j),(1.0292250575251933-0.0017484223625522947j),(1.0546590393421444-0.020638762366169475j),(1.0347377254915469-0.0123034874030561j),(1.0310441431267143-0.009260206647087177j),(1.0411447202377573-0.012066614241380103j),(-0.009278159442501509+0.00456734226479373j),(-0.03465658011019949-0.045800583649065404j),(-0.018462855666857406-0.04712996704618989j),(0.0034392644546128687+4.28113294744109e-05j),(-0.008128906887642834-0.0004535156420123564j),(0.9999559957675022-0.00938117948997543j)
(1.003330247926588+0j),(1.0192512412919466-0.003694735825976879j),(1.0381100570853132+0.006810720118889456j),(1.007164274015951+0.007989834821955392j),(1.0081497012607026+0.004634762275660227j),(1.0255864240895842+0.005795109225446546j),(-0.01853547252004252-0.028562434220584947j),(-0.04758020921190466-0.015422560118029765j),(0.003960792545306906+0.03648602140687339j),(0.012277132733069263+0.0001028584538785017j),(-0.020018031078015648-0.0004233377218763928j),(0.9999190537116234-0.01272344389116965j)
(0.9862310105209762+0j),(1.0034650586684455+0.01773833497181006j),(1.013676242412033+0.049285907448902426j),(0.9935617048491637+0.0212058929188485j),(0.993809628977576+0.017251170714195154j),(1.0101684053450997+0.03188638716954533j),(-0.037508328020665054+0.004119345704504162j),(-0.04882411473766557+0.044328030302861796j),(-0.01270590095545565+0.037719729879686956j),(0.004836773294374612+8.153705589014031e-05j),(-0.0346874702073215-0.0004505782827453365j),(0.9996380974415813-0.026901192229633965j)
(1.0141305073206106+0j),(1.0473488677390088+0.0010838071552888438j),(1.0547864354805+0.02565056439510345j),(1.033683201063596-0.0008728035524820149j),(1.0320783836138379+0.0026505432809762752j),(1.0483174332650014+0.012939714710116257j),(-0.06270454924325002-0.03946777652375735j),(-0.049649765091896406+0.028426446715381762j),(-0.008426777222539402-0.04187606986767389j),(-0.011276957705890312+9.837101903309869e-05j),(-0.029631630938597917-0.0004339286635880821j),(0.9996053508555875-0.028091680990601695j)
(1.0020735981409434+0j),(1.0394371999998073+0.011819279437795378j),(1.0502533711119229+0.028072983724047842j),(1.0179752299730014+0.01431331903607494j),(1.0188661754720456+0.012123765942765789j),(1.0389498161610617+0.019907595251678126j),(-0.08180168588704251-0.019075080606503165j),(-0.05780276055537489+0.007081054693561547j),(-0.012343942348379355+0.025080565598316704j),(-0.011300293524674172+0.00013561105784168432j),(-0.029148581745968648-0.0003538366313196613j),(0.9993451357475555-0.036184245987721235j)
(1.0033527051729063+0j),(1.0403735649950776+0.013516607525553148j),(1.0458072480639398+0.040588628350495544j),(1.0210738940781827+0.009112357905767608j),(1.0211488233570543+0.010499043727595301j),(1.0372310617777623+0.02358030853729267j),(-0.08429591508869101-0.019080559316754047j),(-0.06048747318954185+0.03805612299928178j),(-0.007473701571851757-0.012818145356958141j),(-0.01690640697184111+0.000174622666636005j),(-0.023534337089929774-0.0002708250998353321j),(0.9993552762023638-0.03590309076524402j)
(1.0012213044796372+0j),(1.0327948152113562+0.017819580261798286j),(1.05808441304309+0.02364730657780767j),(1.014163753366884+0.008809887660840359j),(1.0145874298162225+0.007695735034013948j),(1.0367298687291706+0.016156424615621532j),(-0.07224145420417402+0.009978802094086027j),(-0.08407074726962442-0.00874819004701618j),(0.0021518852144200872+0.012774318890277527j),(0.004020172696870534+0.0001661475518207182j),(-0.016490768118608567-0.0002428106451649133j),(0.9995108810733553-0.03127296941393803j)
(1.0093539217140521+0j),(1.0313672050376594+0.0011542278562213552j),(1.0487172766292692+0.012302680113088707j),(1.0187418645614816-0.0014198499199018365j),(1.0166694663031708-0.0007851507262432965j),(1.0353419042715164+0.006044074425954189j),(-0.03832552076064896-0.02019999455221021j),(-0.05761880267418328-0.0005090157603357995j),(0.0022595271909681535-0.0156824282628708j),(0.021420563727144+8.103734715112939e-05j),(-0.0189247410575838-0.00022254149344963332j),(0.999876754751564-0.015699532078397572j)
(1.0120962336517076+0j),(1.0285700398545894+0.004709284754988078j),(1.0516456852539404-0.004601923648367069j),(1.0204152632758599-0.00962348844587428j),(1.018176492665587-0.007050169932092634j),(1.0350652883718354-0.003447409972483618j),(-0.03147818949978594+0.007297872191590571j),(-0.05486591340332937-0.027064460697354333j),(0.010761573169004003-0.034953604974903456j),(0.02268462448633497+0.0001137325200824848j),(-0.011213615545301843-0.00031409541593332963j),(0.9999505611959216-0.009943599145247j)
(0.9878629531726333+0j),(1.0014999316680695+0.02063019275865491j),(1.022735670564661+0.029016292716574216j),(0.9863892510454182+0.012510504539705026j),(0.988622915559621+0.009625008392972699j),(1.003281496222581+0.018260458708943668j),(-0.04029549195293924+0.029398710512962858j),(-0.07353161428672078+0.004636186840512693j),(0.019740278620972496+0.03740284519234381j),(0.014698992942360276+0.0001467742641414172j),(0.0019101780970804615-0.00032232618110181134j),(0.9998618506912885-0.016621658527096784j)
(1.0090292605291475+0j),(1.0300693097784437-0.008965381588885834j),(1.0481667392799374+0.0009653192254630174j),(1.0080115473799816+0.00035330503851815345j),(1.0076951258664084-0.002155971841385991j),(1.0228116641151217-0.0029272323465777796j),(-0.036096943062549944-0.043375122699454184j),(-0.07691080693769016-0.021825914100394313j),(0.01584578177134234+0.022698327199787795j),(0.03471699896702265+0.0001251264640878672j),(0.02148763303634759-0.00036858487383933095j),(0.9999832288765454-0.005791542595766346j)
(0.9889236209690115+0j),(0.9979458822734184+0.025219964865629184j),(1.0242223514674276+0.032231572101158006j),(0.9887985471996733+0.0053680941034495964j),(0.9870720380847212+0.004327404274212406j),(1.005055848419469+0.018517652572005522j),(-0.0323547061940953+0.048148834088261636j),(-0.07976213767198781+0.013340242901311817j),(0.015374604556328457+0.0020005813851325413j),(0.040827902613812785+7.53270805876511e-05j),(-0.0053856752847169-0.0003823594541100413j),(0.9999145962675264-0.013069053950061785j)
(0.9989789139553664+0j),(1.021914193607551+0.007095654390220891j),(1.0376261201006238+0.04455005112230984j),(1.0018168511666856+0.005135621591667979j),(1.0016395846795543+0.005687446262361309j),(1.023628069153905+0.02245551389577065j),(-0.04361710796417868-0.023093079549502418j),(-0.08372447247113743+0.04496848190686919j),(0.02617395846254884-0.005607767609124849j),(0.028473738323310106+0.0001412934390640634j),(-0.021575301282132812-0.0003148194821249958j),(0.9998453933739112-0.017583780849653778j)
(1.0075169749396347+0j),(1.0318106871067354+0.0030486455281520377j),(1.0554854751500706+0.019817056922145j),(1.0137809769809905-0.0009807665636966374j),(1.0109389543777088-0.0011309192820279507j),(1.0355042516960273+0.00912538115086065j),(-0.04369649937077581-0.02010763605572541j),(-0.08419127047262702+0.0035182584093451227j),(0.011351312090226775-0.01152003941750457j),(0.04398722361892458+0.0001496914341346302j),(-0.016423752356544977-0.00035102833321390533j),(0.9998839768161127-0.01523262637877447j)
(1.0093502721207956+0j),(1.0417447556651391-0.00014314349236415464j),(1.0802328925718103+0.020055636885033517j),(1.0244512532999672+0.009137940704923249j),(1.0207586470429233+0.004770183751000212j),(1.0510864580410613+0.011576470690548086j),(-0.048264923678519-0.037569901397333565j),(-0.11282660242909788-0.01711524817499297j),(-0.020094940275446727+0.024273478655287728j),(0.04116588521103515+0.0001452678612896068j),(-0.01808966579800204-0.00031832712755604383j),(0.9996183822612723-0.02762408089614865j)
(0.9971663916485513+0j),(1.028869533359234+0.015958747746428914j),(1.0659367509196644+0.03028754280746859j),(1.0090029442706807+0.017143158909043672j),(1.0088051998987217+0.01196389637068409j),(1.0401597705396903+0.021857230464518387j),(-0.06102547336743701+0.0003370127589367513j),(-0.10549083344083948-0.013757270591040396j),(-0.005306678938180753+0.048056706892291114j),(0.024802921155468612+0.00020494071644866442j),(-0.03127980210073124-0.00025288750998352j),(0.9994289803295023-0.03378924795746872j)
(1.0178317870079365+0j),(1.0487897954361112+0.002259255920013396j),(1.0957717074176838+0.012681444679255383j),(1.0395505712552566-0.0028392240930348238j),(1.0381044766460465-0.0005751787547962178j),(1.0687147206488867+0.007224574352722442j),(-0.04000287531733225-0.02008424778644297j),(-0.11036324995505892-0.02435942954904408j),(0.003250104434274037-0.02884467507639907j),(0.007140614813464667+0.00020760161922153038j),(-0.037442770333985305-0.0002242861209850247j),(0.99956286333007-0.029564882062875622j)
(1.007080792218815+0j),(1.041819903327575+0.004670912458962785j),(1.0754046905764671+0.0105635886826685j),(1.0193664221739038+0.01100320894770453j),(1.0212169863808331+0.0074137426022113226j),(1.0500294453242949+0.010089297912751228j),(-0.061497885237257785-0.02348973471823966j),(-0.09227171277751792-0.036741908504502804j),(0.005680891481793351+0.043343599008328605j),(0.0064576284394774145+0.0001610383991751422j),(-0.027451207810533437-0.00025146063410970296j),(0.9995404398437446-0.030313513768177373j)
(0.9968392142173809+0j),(1.0286664587110905+0.019262707800621514j),(1.0555170009710146+0.033833435217343215j),(1.0063359042723632+0.012548862108199044j),(1.0078280496040208+0.01056865152440993j),(1.0314534887856288+0.021366354247282174j),(-0.07311667376773223+0.007425219816965978j),(-0.09842845485779349+0.002124668796788356j),(0.011449934262521791+0.02603959940888062j),(0.008026742280321093+0.00020027581915630169j),(-0.01308706379171981-0.0002995307193421493j),(0.9995011539812104-0.03158232401563623j)
(1.0093910247502949+0j),(1.0411696185332913+0.007589539928649358j),(1.0681929871790559+0.02351032962962803j),(1.0187675479286458-0.0019849951196332072j),(1.017459709516413-0.0004208053473202013j),(1.043998483370396+0.011191845670970002j),(-0.06381571427801318-0.015477510182072664j),(-0.10070924740912748+0.0022951140188899543j),(0.0219263009331328-0.020695125869351717j),(0.03040128623248668+0.0002377709816613407j),(-0.015837898670212663-0.0002865178092570387j),(0.9997562573841241-0.022077722284898387j)
(0.9932909668862545+0j),(1.0187283886501586+0.02884548839268685j),(1.0370715404032695+0.03145838098357274j),(0.9975003074605386+0.005557408125387728j),(0.9998962351753178+0.006816350193173651j),(1.018897269770957+0.01992752092657407j),(-0.07622723548611933+0.04152140758841726j),(-0.0769554153272317+0.008045593600740766j),(0.032847657322444594-8.203133246303899e-05j),(0.005182950157713822+0.0002551862463215998j),(-0.012026234950893321-0.0002401444821506864j),(0.9996855980959944-0.025073989699566403j)
(1.0037263466582538+0j),(1.0352193078657301+0.011796049731099621j),(1.0542612431362257+0.012497004228016221j),(1.003072944423602+0.0004092460747362965j),(1.0073476340242409+0.0012836158783097417j),(1.026094618259986+0.006005195700803852j),(-0.08017553985911335-0.0007635868963244974j),(-0.09261665076250182-0.019131658884056973j),(0.051363799242655675+0.012263804990748283j),(0.008080489493204826+0.00024047481493733868j),(0.01360728412134134-0.0003235846507248859j),(0.9998417414788782-0.017790221934652854j)
(1.0059635862412766+0j),(1.0300322973701042+0.019100163314450753j),(1.0563025005458173+0.021495784928852107j),(1.0134584670554814-0.00826179416392342j),(1.014408620604938-0.0026305807100681033j),(1.0323055965598296+0.009353498188813272j),(-0.06206011178619811+0.027555733211449763j),(-0.09295539839883983+0.003030221431515223j),(0.04127009681769805-0.04890035658676037j),(0.006578360280137928+0.0002646449776334104j),(-0.000201333287548262-0.0002967025054919519j),(0.9998221353680461-0.018859947722102914j)
(1.0061246430065791+0j),(1.0318731045487777-0.001450059154987802j),(1.0513740389240993+0.007199551545370424j),(1.0082649997917956+0.005179441174776417j),(1.0132751721289672+0.004266393772845993j),(1.031354431992562+0.00487359646804564j),(-0.046583303730114295-0.03134955418641393j),(-0.06881599829925389-0.02130355445421961j),(0.03624425226545324+0.03273585669366585j),(-0.007412447974585201+0.00025146702188024j),(-0.007319394651438471-0.0002061167991069202j),(0.9998621925856926-0.016601079414639654j)
(0.9916071483680247+0j),(1.005694117619495+0.021698376446805247j),(1.0167605753066706+0.024211533326018626j),(0.9825411843815346-0.0003332925705833766j),(0.9882310219722658+0.002529053736762062j),(1.0040152633775883+0.014243560498114543j),(-0.049995033029736256+0.035548039548259976j),(-0.056828887396832714+0.011284640051926118j),(0.07182098553252607+0.00014615742978823222j),(0.007136900119865627+0.00015842487032145138j),(-0.011894708836238535-0.0002881039173925878j),(0.999964096800075-0.008473789636889462j)
(0.9912923974253272+0j),(0.9971902902476605+0.011920000800096538j),(1.0076180764115243-0.0029404971301537175j),(0.9729465991023363+0.0005956351918492748j),(0.9799928545213585-0.0002788250163250588j),(0.9931883085499761+0.000647650149935185j),(-0.028942889744599853+0.028210604029043684j),(-0.03873234771516252-0.02995150508673906j),(0.0752338652277894+0.04056242821364596j),(0.01719413512438527+0.00015475067850046558j),(0.0003307317099704909-0.0003063540251854394j),(0.9999910201871433+0.004237870346822198j)
(0.9935677314632602+0j),(0.9999817445760195+0.019585004364944165j),(1.0173674181794616+0.011613982888634166j),(0.982352736996526-0.005802119066284787j),(0.9867755616443716-0.0026549598664875476j),(1.0003758073269406+0.005893914114168711j),(-0.032260272808248+0.045923225825030896j),(-0.05898901258319853-0.006063184816530508j),(0.07138804207635932-0.0086351240312218j),(0.018431231204755816+6.30343070794584e-05j),(0.0009845594235133076-0.00029262634136371403j),(0.9999999193272009-0.0004016784680581056j)
(1.0063593120098515+0j),(1.019765674680678+0.003935516629349888j),(1.040908379390777-0.00869706325659159j),(0.9968741084979007-0.010937965952728283j),(1.0025471911707016-0.007498325270277671j),(1.0218361899364998-0.005404739111908961j),(-0.030431457057923307+0.008098932405224765j),(-0.059095157930639304-0.03655402275481522j),(0.08171578781095967-0.00611676857792682j),(0.014461586804519196+3.3484342901746196e-05j),(-0.010414330012729362-0.0002260499429959637j),(0.999999404512731+0.0010913176364102325j)
(1.0040915307029104+0j),(1.01578703197763-0.004808898455117584j),(1.0242490427661657+0.00487320665490436j),(0.9945574914437879-0.0044808440535412586j),(1.001360564272825-0.0017874978707014925j),(1.015853620246443+0.0016243064817702299j),(-0.01806498621822566-0.02577043060740675j),(-0.03695248748653565-0.002559878945842385j),(0.07400299649508736+0.006396829427135429j),(-0.0022076199251059147-7.489488649918e-07j),(-0.018646154344405166-0.00021104314943154521j),(0.9999997261622133+0.000740051010682334j)
(0.9901385350146107+0j),(0.9858459944825638+0.013981015683820467j),(1.0014684377501375+0.014746451400592149j),(0.9811897928978409+0.0006380782907861887j),(0.9896153450411826+0.004103510441837574j),(0.992322488721657+0.008648725781995846j),(0.0018768575458578995+0.03676281572031635j),(-0.03547748866556497+0.005617142817777662j),(0.06652893449773617+0.006899454401390315j),(-0.03056120865381881-1.80130391027587e-05j),(0.0001864452144396677-0.000273636328912491j),(0.9999997427536845-0.0007172813706689185j)
(0.9901564583086817+0j),(0.988977475045157+0.007976366505763947j),(1.0025097134024101+0.029390250515335253j),(0.9849882249751987+0.0063993887783239806j),(0.9911089442274799+0.008008198866313683j),(0.9968104359014545+0.016255672192331518j),(0.006197601862549132+0.008586498178491617j),(-0.03937922083495697+0.030209596004827824j),(0.045616836558873365+0.013711993002171432j),(-0.020650831277758967-6.02516414027711e-05j),(-0.010975730956226495-0.00020328814618847342j),(0.9999874006985495-0.005019805191306094j)
(0.9982501586476018+0j),(0.9977992645076593+0.00876235197621819j),(1.0127679723044565+0.0023963289310527775j),(0.9924310636523762-0.005901318492702933j),(0.9956743768519466-0.002995400661463836j),(1.0012344961176507+0.00015163995835980673j),(-0.004683609995944046+0.0273498064731761j),(-0.03604439596831561-0.008489320455640737j),(0.04501594712974846-0.012080560808336353j),(0.0015896019169460772+1.77766274441749e-05j),(0.005147780456033884-0.0002747417956794175j),(0.9999976300461554+0.0021771316157907436j)
(0.9993713098053097+0j),(1.0057297627072797-0.010874360335113771j),(1.0063633138661492+0.009586724186769997j),(0.9882697990066388+0.0035597228349256273j),(0.9958527608133965+0.0037311877790568715j),(1.002030318123662+0.004022745584004293j),(-0.003257905162492713-0.04359046805224678j),(-0.02250038423171468+0.010441002000250997j),(0.05762981939289127+0.03381558667201031j),(-0.014996565529631908+5.2770314907481295e-05j),(-0.005423099705081134-0.00028089168716302436j),(0.9999968029244253+0.002528663862230481j)
(0.9993484384940592+0j),(1.0011155423245217-0.0007721322709840263j),(1.011890538520788+0.008530428884914693j),(0.9927284061779569-0.0018843977617240982j),(0.9969879860245388-8.863555625997556e-05j),(1.0072295585923332+0.004346817322993496j),(0.0037251976738266897-0.006639851181750444j),(-0.026595205055430726+0.005217186002194793j),(0.04853870541850363+0.003176523045600547j),(0.0006564616455908112+6.33454943175114e-05j),(-0.018767631812691535-0.000251166466623257j),(0.9999986846401566+0.0016219488144323109j)
(0.9919716004878603+0j),(0.9968028696065024+0.007907983155101739j),(1.0051842360135395+0.02948030710092841j),(0.9861412241229245+0.004750918304302498j),(0.9895838357994424+0.005532076831870557j),(0.9962967713555465+0.014600222236582064j),(-0.013002001270719305+0.0025615021589107697j),(-0.04677858323532591+0.03168781734735799j),(0.03725295502366949+0.008931186047102144j),(0.0021580087671819637-2.0322324950728902e-05j),(0.0016971907326387514-0.0002151196554257016j),(0.999989377091883-0.004609306172078989j)
(1.0041924301404155+0j),(1.0177098473491828+0.006335365710429074j),(1.0370743745671778+0.01783956010983648j),(1.0078553456468973-0.003921430859560161j),(1.0088071010978634-0.0008357042882779384j),(1.0222465491871788+0.00764927241441882j),(-0.02525887834370045+0.0008131627403234489j),(-0.06264457070543497+0.009955198133469558j),(0.029624664111398677-0.0247059773361391j),(0.0069169285273366545-8.352374278572929e-05j),(-0.006756660361241515-0.0001151501955497006j),(0.9999475947506745-0.010237565742924991j)
(1.0100690267661216+0j),(1.0283942634100944+0.003988072763250925j),(1.0495720074949095+0.005272246943970031j),(1.0162430929716166-0.007099820718095592j),(1.0170868478998956-0.003755409527127353j),(1.0362923924666951+0.002614294518284291j),(-0.032143819466623196-0.00308632822027851j),(-0.05484812867906635-0.0116408586240386j),(0.03143593856873256-0.027981391831939418j),(0.008616193676576601-0.00011659396084354259j),(-0.02577099112771059-0.0001576538560169033j),(0.9999283899274675-0.011967247681175144j)
(0.9946368477939855+0j),(1.0003827499555256+0.015101355406241676j),(1.0139412608226603+0.010834398713854325j),(0.9898547689613285-0.0013376503194284658j),(0.9878041091170894-0.002069966295068553j),(1.0026135743607336+0.006471030091564872j),(-0.02438557162944197+0.03334385992795747j),(-0.04301159497276326-0.002794663345874796j),(0.01943016608145657-0.0023973032176710235j),(0.04717031530984925-0.000188931838971871j),(-0.007677181912974378-0.0002289492807539946j),(0.9999977356299808-0.0021280824492889722j)
(0.9827575961333727+0j),(0.9694578877546166+0.01211331725862892j),(0.9831399421428616+0.010744965319328281j),(0.9657441293984124+0.0049103269019199385j),(0.9651707491868701+0.0007962406449117077j),(0.9706942479647964+0.005514623305293821j),(0.015274829681674248+0.03955997641225832j),(-0.036877338283888346-0.0003223636473635096j),(0.022811065698082125+0.03504794003789219j),(0.05290739932881593-0.0001521553995749955j),(0.017688071682441752-0.0002463981210684481j),(0.9999246709486224+0.012274055087434753j)
(0.9994811453433472+0j),(0.9857196616668955-0.004810067586699139j),(1.006599267583605+0.0006160425806029999j),(0.9887821514404146-0.00965687175301401j),(0.9860402099451278-0.009033140658511622j),(0.9924504594276331-0.00517638481496929j),(0.03811630970509053+0.004652856340133703j),(-0.04453262209505535-0.0005237998952584278j),(0.02515674906529548-0.017836315766318393j),(0.053863511644308214-4.97466175649397e-05j),(0.015690757340555608-0.00014506219791289828j),(0.9998384560332613+0.017973921025314313j)
(0.9865337904068491+0j),(0.9741199378035883+0.015535801510714004j),(0.9925386349120559+0.021077889646423542j),(0.9762746457006796-0.0012212960526764148j),(0.9714159136096995-0.002667779596074908j),(0.9790162843384009+0.008603996545452079j),(0.014541984366188917+0.046827486894826964j),(-0.05131174164566967+0.019019905557330758j),(0.009295256919369131-0.008239839830298443j),(0.06783248195743319+2.2167744098813998e-05j),(0.01516669831993883-0.0001239671142639511j),(0.9999535130967371+0.009642180536255028j)
(1.0158404021673302+0j),(1.0235181083513993-0.012791832522314356j),(1.0564270734427836-0.004596403479435134j),(1.0236536372311893-0.009125519237143026j),(1.0179235930376094-0.009030205074367859j),(1.0359919024513058-0.006844302066810837j),(0.011806597954129345-0.032754545889817084j),(-0.06969994475401674-0.021321469631699175j),(-0.009835285399831261-0.027448683437090962j),(0.05038824017901314+6.95432113374352e-05j),(-0.0049519945599561235-0.0001217964115589413j),(0.9999994495054392-0.001049280143002754j)
(1.0132223234888063+0j),(1.0182950578757481-0.012778934859606409j),(1.0350979604794026-0.0009674585699549848j),(1.0179088418316848-0.010201065912450442j),(1.009317284638698-0.01045211377392031j),(1.0217143701863982-0.006429699260865573j),(0.007395743647488009-0.03409156189307976j),(-0.047056848603367354-0.0009889688883956609j),(-0.023176645888315885-0.03715317497459058j),(0.06749983901567261+6.132852021569811e-05j),(0.005087221861595612-8.8021556045209e-06j),(0.9999896940346445+0.004540024724378619j)
(0.9958270753655755+0j),(0.9941129613783077+0.006391708662255445j),(1.0084987776678371+0.026484020417531163j),(0.9978839249335286+3.710775303306335e-05j),(0.9886302112626371-0.001976255539881031j),(0.9974454353200548+0.010221140482690596j),(0.004581251191236669+0.009742192495709333j),(-0.05214099229676706+0.03359222968030758j),(-0.03193847907185163-0.02371815935869268j),(0.07155248790607922+7.0798996207933e-05j),(0.010184090527210057+1.89726752202094e-05j),(0.9999999657374242+0.00026177308945915436j)
(1.0026524345074577+0j),(1.0110429050810115+0.0005701174932639669j),(1.026073620155333+0.035452699307065114j),(1.011309287522993-0.0007391903499348342j),(1.0005483187899984-0.0018777598699577932j),(1.0083605622045182+0.011430083463126095j),(-0.011325341006203596-0.01922007446323114j),(-0.078197814777834+0.048614089470255396j),(-0.04552773593797114-0.03955862295736607j),(0.06903068839940485+4.3726713398267e-06j),(0.02819037210241958+3.87206439360471e-05j),(0.9999807205962281-0.006209543932392371j)
(1.0019466441696505+0j),(1.0103415580470994+0.002688676433027197j),(1.0334018078225864+0.03569320036551572j),(1.0151822642162416+0.0032180181935569895j),(1.0050056296627619+0.0012641942858675605j),(1.0147794952653937+0.013786001397337651j),(-0.005947811925928876-0.013072525826575643j),(-0.08211577157658481+0.04057728104977406j),(-0.05468338978320104-0.029675420690081736j),(0.057298098478026124+1.48348927008922e-05j),(0.01837558729180913+9.03957314374022e-05j),(0.9999269771818203-0.012084713651033278j)
(0.9964204421078965+0j),(1.0114671932047685+0.002173941615701854j),(1.033343649680298+0.04050733482901692j),(1.0099169431241108+0.01708811914854524j),(1.0010192966448397+0.009918076987229404j),(1.0105514794815982+0.018755495241720287j),(-0.020596733913957634-0.02768678445174207j),(-0.0907206509084054+0.0341557845810444j),(-0.07281871333926637+0.02435823013122016j),(0.05124335902297821+2.46801766803868e-05j),(0.029175940784321813+5.7403303974356204e-05j),(0.999799022017611-0.020047832117928294j)
(1.0053437280012594+0j),(1.0142882959002335+0.016098433196006314j),(1.0468801799158318-0.009116625152254311j),(1.025553532787567+0.0004202994467996275j),(1.0146383836877066-0.00323578175553826j),(1.023141092986526-0.0038501373297795075j),(-0.023871975960363744+0.04884028449599754j),(-0.05908292328100824-0.04749282811444697j),(-0.08111904073861351-0.017010237776600108j),(0.04612248950905468-1.42042583376303e-05j),(0.022844981118028077-1.33854986785304e-05j),(0.99985625338775-0.016955015818676637j)
(1.0010630741938171+0j),(1.0090197724423318+0.005975174103754902j),(1.0235798688901079+0.008965861777794102j),(1.0115144591417309+0.004255345255318713j),(1.00521328218198+0.0013671829860507478j),(1.0023324119320636+0.0012668818831017639j),(-0.021797039151642435+0.0077806100117364775j),(-0.05617168841495973-0.002845735592391122j),(-0.05276252679757466-0.0026769567969644895j),(0.023141275696696207-2.25909188268207e-05j),(0.05195930327772446-4.05063324171388e-05j),(0.9999454707595141-0.010442964499301923j)
(0.9986781339930196+0j),(1.016266260850029+0.0031506869744311484j),(1.0292001773223964+0.04200228324591737j),(1.0132674126668304+0.013367671386792209j),(1.0078803410684125+0.010118065056081836j),(1.0110193626635064+0.018720944359060576j),(-0.031191028906060583-0.028462014826529058j),(-0.07762308061904817+0.04550909926621818j),(-0.053389503242396406+0.004377590850195368j),(0.014883157591376319-8.41751873542697e-05j),(0.03216802340551017+4.5160560261228e-05j),(0.9997571043790007-0.02203933401253396j)
(1.0181213290321316+0j),(1.0402899012357238-0.005774651286987302j),(1.0656113815365664+0.004026884840571553j),(1.0354273148583792-0.006778174883639672j),(1.0266423659553137-0.006833790743868388j),(1.038242369744494-0.00410743191005223j),(-0.03507632518010545-0.03154583485171436j),(-0.08707397538170944-0.011055669802628032j),(-0.04542566437619044-0.04127050730848716j),(0.045079512673911123-5.1046101549947e-05j),(0.031186338285136447+6.55344087292564e-05j),(0.9999041135723589-0.013847875688180794j)
(1.011488570164318+0j),(1.0287402294316998-0.00498802233159572j),(1.0477919386180599+0.0009312514206828371j),(1.0192708846157883-0.003465429283057123j),(1.0130915740438964-0.005225209206618713j),(1.026123573442248-0.003400669320433014j),(-0.02841168235163789-0.02596666211343901j),(-0.0670050178662058-0.01537961049761728j),(-0.02348934067658552-0.012107762921461927j),(0.04933200824091439-8.09118616546475e-05j),(0.01870062839945001-6.696216369886219e-05j),(0.9999718223520869-0.007506963557013942j)
(0.995381435889545+0j),(1.0022057291371718+0.01790693059878333j),(1.0280873994915856+0.004253323647591955j),(1.002831985466071+0.006383437450212525j),(0.9988614832404775+0.0026994941219657042j),(1.0070573797438196+0.004226034428900694j),(-0.024087070668158805+0.04446453527024811j),(-0.05768779857524852-0.02771910848287197j),(-0.030251469447001248+0.01582665573398954j),(0.027554784690301797-3.99373669975764e-05j),(0.018768892652895747-0.00014276541711543238j),(0.9999120653455088-0.013261281102477205j)
(1.0095764367968514+0j),(1.0246675731146597-0.01125465047497047j),(1.0466847493241491-0.011025257088923341j),(1.0159628042277506+0.005103506673046724j),(1.014663204114805+0.0005106476846241245j),(1.016325701142305-0.009468405541589463j),(-0.020930437990587088-0.03787325754963806j),(-0.07209508913198082-0.04282384898142036j),(-0.026649501361653873+0.03738186284453937j),(0.008846917199803173-2.77380209853831e-05j),(0.05710208967683226-0.0002044941188314432j),(0.9999661629284373-0.008226359959182038j)
(1.0057236797709481+0j),(1.019212835507095-0.004447879430262892j),(1.0461628147874924-0.005136502601207845j),(1.0133525434373565+0.007087199952321588j),(1.009509146087165+0.0012670375695237011j),(1.0143866431317041-0.005438358379265804j),(-0.020390965012255256-0.019396839034039857j),(-0.08030824740603631-0.03960023550975615j),(-0.03985274352908044+0.03680987189759162j),(0.027678271401111888-3.69399766018225e-05j),(0.05292646909072925-0.0002068440778768743j),(0.9999487864287105-0.01012049997524635j)
(0.9961781588116075+0j),(1.003679266731319+0.010275103674051947j),(1.0380849209057497+0.008199753845629217j),(1.005479950772739+0.012056283271857291j),(1.0020460132231814+0.0062540272604474515j),(1.0132783082381847+0.006480226900594838j),(-0.010170251008221267+0.02056829871317388j),(-0.07339953914276091-0.02840602535931518j),(-0.03779347566221514+0.03802743525854997j),(0.02524007087074974+8.629638106322901e-06j),(0.01565650309224996-0.00014315771221876819j),(0.9998733983294849-0.01591186076633682j)
(0.9931740710047278+0j),(1.0033996990092955+0.016898922433400375j),(1.046747260400161+0.011838730515428525j),(1.0011629758975398+0.01389675484832065j),(0.9981241376542581+0.0072846295215422295j),(1.0138077539684844+0.008986411846524241j),(-0.020632239046353498+0.035345699679240214j),(-0.09903729993283632-0.036601023732541885j),(-0.029944266651192913+0.04740992362038682j),(0.03415619401327839+6.52924645262089e-05j),(0.02058223234522862-0.000123349481151838j),(0.9998223091579943-0.018850732345882852j)
(1.0031483883232817+0j),(1.012893801737195+0.007667840544623737j),(1.0478490606166142+0.033596128735279236j),(1.0213111253084897+0.0036932621712227054j),(1.017580553216899+0.0050049472145575575j),(1.029687190378969+0.016218848969990787j),(-0.00225204224062558+0.0023412579269852856j),(-0.0841803334927842+0.02647649119142215j),(-0.0261538113629536-0.030451717885877527j),(0.003478113807879155+8.926646395400451e-05j),(-0.006167873726886151-0.000123113764755394j),(0.9997744963598947-0.021235734701654085j)
(0.9896416475899563+0j),(0.9958078598760985+0.015168513659392388j),(1.0404166597590965+0.03846985023963303j),(0.9946496741336174+0.013879690364992064j),(0.993706214677258+0.010150255632924834j),(1.0135287062175238+0.021849267414215362j),(-0.0012740298930290197+0.021202765018397653j),(-0.10872322384259592+0.010725324924209901j),(-0.0010384656044576657+0.030413913250213864j),(0.028912064491354007+0.0001085562639711397j),(-0.004385894851003848-0.0001002508954407421j),(0.9998440326427845-0.01766098492763916j)
(1.0097631722873945+0j),(1.018521648981043-0.008151574253850703j),(1.0575220131166798+0.02611314554945452j),(1.0191375478303384-0.0028780425577258468j),(1.017895623660671-0.0004894163797266073j),(1.030737918709882+0.0073326828799542805j),(0.011658921926597853-0.03605092537817825j),(-0.106683077346635+0.020176628271636778j),(0.00946843033963686-0.028466303100369003j),(0.011223079920409608+0.0001989091723889872j),(0.01296619896953368-0.0001029514421581968j),(0.9999558667049707-0.009394926413269286j)
(0.9948123364051474+0j),(0.9856345588483172+0.005175422972123474j),(1.0364990556886964+0.0001928892937238247j),(0.9899752570249032+0.0030010194595933406j),(0.9939826016298596+0.0013783664946335889j),(1.001833628203848-0.0013458372822577186j),(0.03285537558917775+0.029735065751864253j),(-0.09731850562666572-0.04081401245549847j),(0.03348558068661494+0.03396554060159068j),(0.0045615933163117165+0.00015100743766931421j),(0.032869231869966965-7.637899950985411e-05j),(0.9999990462752958+0.0013811040868724276j)
(1.003466559769226+0j),(0.9937869728263571-0.01339843671035713j),(1.028654781535215+0.01797846432125702j),(0.9985034728155369-0.006041662186080706j),(0.9994812133643062-0.003670059713468382j),(1.0023728547098736+0.0002514677893388833j),(0.04738553115811279-0.02987170525266734j),(-0.09106706136425873+0.019418101370728448j),(0.034221582134407326-0.017449548131111853j),(0.015895493001920735+0.00013080413560075398j),(0.03820150789021839-4.93659859047848e-05j),(0.9999476484896693+0.010232315475036466j)
(1.0011509743243039+0j),(0.9948057629508826-0.005213850338223766j),(1.020277522006601+0.033375805680492726j),(1.0018844675680798-0.004972003362025377j),(1.0001825605143104-0.001453718601290817j),(0.9988624427591423+0.007879970014017558j),(0.03038779623956435-0.01817562381634815j),(-0.08579609807195067+0.04843528753369029j),(0.012727524728811794-0.04078491559901825j),(0.01388328639357133+0.0001433248648739274j),(0.04180504023428537-3.73812146072642e-05j),(0.9999935471937033+0.003592432456528987j)
(0.9974296870698162+0j),(0.9847038634328565-0.004712733156736244j),(1.0104140177339485+0.008342563971680603j),(0.9900303921551551-0.0033264160748892927j),(0.9891934062793014-0.003457281582727145j),(0.9881182878232619-0.002250252171283077j),(0.0372155882651581-0.00023707712295092159j),(-0.0650871898929463+0.004204487886132093j),(0.01617746970800248-0.002303777514731145j),(0.027715015802173427+8.17741577943405e-05j),(0.044372787033540896-4.06762473894919e-05j),(0.9999266952383088+0.012108020060865239j)
(1.0080680628561423+0j),(1.0038300193568748-0.017069374428206708j),(1.025092562784838-0.0008053495907107663j),(1.0076367616254003-0.00508537622645866j),(1.0030435133407973-0.006433480396264546j),(1.0065188767583673-0.007416158070389536j),(0.03136382649802477-0.038520729149529524j),(-0.05435261032217001-0.0030070876045507617j),(-0.011916470676234001-0.008319339946890266j),(0.04254645070156041+8.540669755611199e-06j),(0.03130946709270251+7.6628709972255e-06j),(0.9999553056312964+0.009454456082748001j)
(0.9833503055286776+0j),(0.9695100761787373+0.00030543786140138597j),(0.966531424388573+0.02219288639462121j),(0.9682684987526669+0.009476757149747233j),(0.9674330588527235+0.005001182193159637j),(0.9554153143093752+0.006531669903586932j),(0.018850132139836155-0.0005451602411766245j),(-0.030712551877208172+0.03347470629011876j),(-0.002063695562620813+0.036918674190436096j),(0.02963115238477513+3.04777740432165e-05j),(0.0601888113008566+2.33250335727905e-05j),(0.9999113044041725+0.013318533130425931j)
(0.9844076835271952+0j),(0.965258167003152+0.0004271930996802977j),(0.9730841803798344+0.005511301712507825j),(0.9700074289903272+0.008817504835442143j),(0.9710232303726698+0.004051956577064319j),(0.9560219102170817-0.0012394006973570255j),(0.03209575892421882+0.014249822204923348j),(-0.032379554841155254+0.001297904320113652j),(-0.0008340471194180027+0.04797794844200698j),(0.013710991318591097+4.3357106922435e-06j),(0.07019927126674458-7.10449344461963e-05j),(0.9998898312774768+0.014843359050395653j)
(0.9782541577894055+0j),(0.9584400320533726+0.0037013347332450954j),(0.9543844830345714+0.020721213445021706j),(0.9590492535754546+0.011372838143855122j),(0.961746758932231+0.007369838721586241j),(0.9460604164815216+0.007268036746995215j),(0.02729485075358937+0.013504615550166918j),(-0.01987882279912184+0.030417000754834167j),(0.01429264084261816+0.0483547073391818j),(0.009870047657551494+6.15606069267638e-05j),(0.05846533114443478-3.59959985486899e-05j),(0.9998783972653009+0.015594572202310574j)
(1.005908164211337+0j),(0.9914762748633378+0.0031475732340347407j),(1.0072428512036515-0.031684447279002034j),(1.0045418052384592-0.016228344507204687j),(1.0039693688755873-0.01234810074823869j),(0.9967755782477854-0.019614546281138224j),(0.025532243533445128+0.04510376729475751j),(-0.006328556122476434-0.04840677979871332j),(0.0113735675189764-0.03931254310165709j),(-0.0010664826268384964+9.41331065294387e-05j),(0.02937672134450426-6.8849476009117e-06j),(0.9999121715325576+0.013253272088247971j)
(1.019402387288531+0j),(1.0212360155759068-0.01848780567520267j),(1.0438269295733158-0.025853313542289976j),(1.0243774847566798-0.014071181635421955j),(1.0244466962631738-0.010984320974597101j),(1.0298307061802545-0.01810321842676405j),(0.021960014285451347-0.03360374741921099j),(-0.031884100660362825-0.04232336983325867j),(0.013523193094661557-0.0293946804641858j),(-0.0018189134980362656+0.0001002250128916248j),(0.00621679054676171+2.72506964258304e-05j),(0.9999859391497822+0.005302971122697079j)
(0.9907158185615017+0j),(0.98356672676164+0.006815832559372531j),(0.995796179527312+0.03136099710402724j),(0.9940582075720216+0.007968448635111989j),(0.9950599577262523+0.008578888056176619j),(0.9909054237980975+0.015407102374055773j),(0.020219946245510365+0.01068723244051111j),(-0.03286501309213773+0.04064526164476523j),(-0.004705516646616459-0.0009332439641121156j),(-0.01909569523167796+0.000163461373112252j),(0.01076293110928419-5.07590004284174e-05j),(0.9999804793695102-0.006248270154579736j)
(1.0053489058302438+0j),(1.0085520779091932+0.004871151155712254j),(1.0366221141466367+0.009673262069327823j),(1.0232876973439144+0.0012998993816675534j),(1.0199091869462498+0.002192486410207738j),(1.0276092282582665+0.006115863031196605j),(0.010633158452780504+0.011743613091200642j),(-0.03884155138962803-0.002458499647914301j),(-0.0349286241906434-0.024832591681740068j),(-0.0077742916663183+9.24645305602512e-05j),(-0.016416623453849498-7.521896938984381e-05j),(0.9998741021012261-0.015867575343039057j)
(0.9963564887918341+0j),(0.9992227768518579+0.018786471902630216j),(1.0588737009779836+0.016986720936462307j),(1.021650199579626+0.015511085724773742j),(1.0205408845868515+0.012694787084874561j),(1.0383228752809064+0.016765424111461837j),(0.01867897446380564+0.048387376438386254j),(-0.0786852289972384-0.0309470705543615j),(-0.04612658798847246+0.02099095454708476j),(-0.02444536761714984+7.5807929758583e-05j),(-0.036818034253928024-8.096350202926331e-05j),(0.9994838770062825-0.03212443936460866j)
(0.9970689005478631+0j),(1.0003958625746607+0.01679340365999011j),(1.0583791850342452+0.026930345958113455j),(1.022611144241447+0.014226601298871192j),(1.022141079379954+0.013171948612679662j),(1.039057264291459+0.02039910343807396j),(0.02109881233660582+0.03780648740462505j),(-0.08407083375579007-0.010084580405408758j),(-0.0374244167575294+0.007382688027354135j),(-0.03133221020388288+2.95816242378644e-05j),(-0.03751043995658499-9.9188269845342e-05j),(0.9994765138106119-0.032352717675427j)
(1.0047703814352758+0j),(1.02135859471661-0.0013043836412365499j),(1.0643175646371144+0.04408377359443849j),(1.0338427159974755+0.01691854312004327j),(1.0319601698039949+0.015517641967498472j),(1.0517131515972544+0.026572831180171248j),(0.009494516409756733-0.037717640612442566j),(-0.08433534514508674+0.03256150272516331j),(-0.049184696293563965+0.003718538078121448j),(-0.027165751238350615+3.71998161420557e-05j),(-0.049128885470369366-0.0001955516979888469j),(0.9993297500465146-0.03660670255527904j)
(0.9820786172832369+0j),(0.9830403457514459+0.022730994530215945j),(1.026430369347172+0.057249266059108274j),(0.9990048752483254+0.02534446055025894j),(0.9956112408409451+0.020009250888036675j),(1.0151297807950082+0.03747654030904425j),(0.01559267212549743+0.03480587712882033j),(-0.08026477971266316+0.03941369263241307j),(-0.04753351641706571+0.03264948330480918j),(0.011394714947683217-8.6803248754185e-06j),(-0.044341454335144435-0.0001706691605611177j),(0.9995430332132675-0.03022788042223226j)
(1.0108593493746305+0j),(1.0274743404159057+0.006986251414522498j),(1.0860945713836425+0.017574025876860595j),(1.041571887180684+0.005939750093138618j),(1.0352643234390024+0.004627905467634963j),(1.0623427983819727+0.012664540250319501j),(0.000809283579379414+0.005464472271728603j),(-0.10044673646777907-0.021799704285512648j),(-0.05656242212862863-0.01835608854891064j),(0.012621279399067636+4.0413798418252e-06j),(-0.04430518992098452-0.0001460148822900883j),(0.9994545102154557-0.03302547516665642j)
(1.0040443640432206+0j),(1.0210123381615421+0.008990809110638055j),(1.0746386277787485+0.026818054762972932j),(1.0308158817133082+0.013297896854493141j),(1.025960307857257+0.009871479970399912j),(1.0553973482755832+0.020038882201864044j),(-0.0018112271921994565+0.0023903574655569386j),(-0.09254429235580469-0.010339826079926064j),(-0.051035090192249305+0.008920259973341579j),(0.014098596825530135+5.10450484543861e-05j),(-0.057185587655086675-0.00011526087852147519j),(0.9994037589512813-0.03452718630368352j)
(0.99810030062063+0j),(1.0068660912635279+0.010687889870097635j),(1.0631403511941424+0.011253086147266615j),(1.0122483306253185+0.013760520227809507j),(1.0079961309574967+0.007023711733879954j),(1.0429633284786657+0.014128206383894724j),(0.010092593746470693+0.021502733045016275j),(-0.08334704253202208-0.04130839774261702j),(-0.03116690421151421+0.04334662157816018j),(0.04700405783683576+1.3964639248668699e-05j),(-0.06342177988551159-0.0001000491917239713j),(0.9997434901077917-0.022648487523271327j)
(1.0022728108686727+0j),(1.0169313157563853+0.0006767626145269528j),(1.0593723149225278+0.033416829019802294j),(1.0162569470968803+0.010816815943582197j),(1.012568705119648+0.007460266120455839j),(1.044663088184951+0.02112759235743989j),(0.004120040445228481-0.02457790936138126j),(-0.08694922563013846+0.01296481834180868j),(-0.01707364736700041+0.014283831003492722j),(0.03849721491835412+4.2984946594278e-05j),(-0.06125439917776991-0.0001607233574612473j),(0.9997503460827102-0.02234380244052323j)
(1.0100548329690835+0j),(1.032484348282323+0.0021335255409532673j),(1.073226603620518+0.022566907077832238j),(1.0332446859145508+0.006323747961069837j),(1.0267268912195697+0.0040284200206613715j),(1.0553989248332951+0.01432962047212773j),(-0.01826451031836745-0.02051882856286906j),(-0.08604164678886438-0.0027390219980458425j),(-0.04427951103619179-0.00951370476903763j),(0.03349810935919325+2.0974485322970403e-05j),(-0.04621633860437707-0.00011343666715420569j),(0.9995956904500308-0.028433354246837114j)
(1.0163497540691717+0j),(1.0501082337809717-0.0023713503897267135j),(1.1025722632563417+0.019451735678239684j),(1.0470071592190313+0.009771966290330501j),(1.0422289954947812+0.00674818328212148j),(1.080197809879432+0.015120931543442441j),(-0.028971324714716692-0.042543795913324176j),(-0.10574433528505052-0.023396521139493445j),(-0.04575120795414242+0.005755127216925061j),(0.0180068660497514+9.0166652239996e-06j),(-0.06979494118060475-0.0001698688978326138j),(0.9992074477695149-0.03980548105389795j)
(1.0005915600817408+0j),(1.0262460391076693+0.010876575409326128j),(1.083370844388352+0.036679050613816j),(1.0237190911871374+0.019162839864218496j),(1.018190738997703+0.01249454953891606j),(1.0651392489206577+0.02911706921319498j),(-0.016915902394745854-0.008068145653964954j),(-0.1064521964421604-0.009311894588360303j),(-0.04055370035832164+0.03648610551597734j),(0.050804167829663315+1.61591822192822e-05j),(-0.0989103590862496-0.00022961763472722542j),(0.9992455977763004-0.03883600551915933j)
(0.9868575816438458+0j),(0.9923611689547602+0.01651956590030351j),(1.0406386398826284+0.06337421376066109j),(1.0050621773518116+0.02308987315787607j),(1.0003410674771387+0.018176359581994303j),(1.031756984848454+0.04111148323675153j),(0.02041254943426892+0.01168145698816963j),(-0.09052540912329173+0.04889871640585199j),(-0.04007522888973631+0.022798281372915816j),(0.03160127392910843+5.2289530087269e-06j),(-0.0788521863723516-0.0002359237104663456j),(0.9995118296371501-0.031242637779108417j)
(0.9951572254378129+0j),(1.0044515734921584+0.014266049354269202j),(1.0559957825867132+0.04595293904700056j),(1.0148515127965974+0.014725184728631161j),(1.0095393593612507+0.011436813109504456j),(1.0398118521728905+0.029452303860273626j),(0.009948058647600387+0.013848175098243765j),(-0.09777937032259323+0.022900110963876022j),(-0.03658399573789818+0.0052814042653145064j),(0.03331745554980365-6.865434470950291e-05j),(-0.06066248056323504-0.00016623346343542288j),(0.9995791623364766-0.02900858877483988j)
(1.0193498190092118+0j),(1.0426154839987005-0.0020873192170586825j),(1.094732709244954+0.009340656287941592j),(1.0484102630421621-0.0010357210631360622j),(1.0406707537085977-0.0014753770494822776j),(1.0740886765693411+0.006873182122117783j),(-0.009210274274030516-0.022408004394233204j),(-0.09317462415342928-0.025505317222627666j),(-0.04748082926193309-0.033398273199033025j),(0.03437492870557171+1.68466927968637e-05j),(-0.05970041172397384-0.0001946390510439671j),(0.9995828124898405-0.028882537542612167j)
(1.0077244386875528+0j),(1.0226358690862205+0.00487747739810397j),(1.0681327125337623+0.029926944705343652j),(1.032878877474617+0.005736031249720098j),(1.0265490816176759+0.0050997282197318j),(1.0561546836030666+0.01939536557152732j),(0.004179122566797666-0.00799962763478088j),(-0.0786539057570475+0.011531694448544051j),(-0.041766779861906786-0.02461067045448479j),(0.02511795774946071+8.97693960190728e-05j),(-0.06819536311147349-0.00013688066930753401j),(0.9995967823153791-0.028394942943077088j)
(1.0132921988919676+0j),(1.0395915349640392+0.005624500509510024j),(1.094069734941925+0.02015100328147677j),(1.0468402911791415+0.0081218378381147j),(1.039363908238714+0.0056890684543486674j),(1.0779871809508186+0.017425672873741107j),(-0.015460221826139613-0.01112590363288933j),(-0.08883585404197739-0.01996246748749036j),(-0.060873433750243504-0.013248944332252002j),(0.027195838770658565+6.95472577204219e-05j),(-0.08798982301175556-0.0001056276293847475j),(0.9992237246808197-0.03939477167073644j)
(1.0266443210810898+0j),(1.0599352375533104-0.006907248174964055j),(1.1102214699074202+0.007237410072612685j),(1.063133840783872-0.0013037833987326944j),(1.0568189662257794-0.0003416470508287892j),(1.0933854564148862+0.0070749131296087495j),(-0.02345586904377296-0.04575506810586933j),(-0.08637188943324353-0.028726064702208447j),(-0.04957029834509357-0.040904948240748015j),(0.009539327200837002+9.333441973219541e-05j),(-0.08206019861414146-6.70190081927704e-05j),(0.9992898953995089-0.03767897228479923j)
(1.0117173069158272+0j),(1.0492890108556567-0.0013906352463393078j),(1.0894009595276364+0.016554893012551218j),(1.0382007829350728+0.016418168368132424j),(1.0327471393320997+0.009513129590800164j),(1.0750568687285476+0.017427659208432207j),(-0.04433217224093694-0.04698255727363346j),(-0.07797241999470186-0.02872283200118584j),(-0.05438423310044272+0.03973771365158889j),(0.03704047831160528+7.30976961415635e-05j),(-0.08891132510470372-8.52510399884827e-05j),(0.999193029285624-0.04016578428237286j)
(1.005719465460087+0j),(1.0366492420086388+0.009021611902226976j),(1.0705211941233086+0.03154150387493701j),(1.0286372195407394+0.011977630918555394j),(1.0236567402211454+0.008818204081752268j),(1.0637549521384126+0.025014719409446613j),(-0.04033464121165056-0.01777796195771512j),(-0.06719495983731044+0.00517810071134408j),(-0.03217628585440495+0.006108368013538914j),(0.03499515147318492+9.266812375382159e-05j),(-0.09830474378867972-5.39221666485898e-05j),(0.9993207378595806-0.036851904751088405j)
(0.9916900817318457+0j),(1.0135405179688652+0.03375464380548026j),(1.0409652526785287+0.053645513180109704j),(1.0132838299745641+0.01168540001290521j),(1.0075301483601589+0.011549835551314237j),(1.036848802662417+0.03642102154505219j),(-0.05063400059656125+0.048606082435245j),(-0.06615129581172538+0.04189212582265225j),(-0.030911144593779798-0.02647595187659577j),(0.026951138069769228+2.60565026995216e-05j),(-0.07468838600875793+1.26671452411191e-05j),(0.9992751561260712-0.0380678650467292j)
(1.0001600557184211+0j),(1.03465547285666+0.027504404320644826j),(1.0569867370704926+0.046338781248930136j),(1.0205956550060356+0.006040480006764936j),(1.014312701948702+0.006534843086882091j),(1.0464721159125776+0.029492614540430364j),(-0.08131170994047253+0.023589341783998564j),(-0.08040045958495369+0.03277002427078199j),(-0.021254757961071635-0.03478991789073128j),(0.040615764828205767+4.71522236993819e-05j),(-0.059908918106890925+2.1202327882571e-05j),(0.9992894112607325-0.037691810014626057j)
(1.0010044491956975+0j),(1.0403991151022727+0.010916915682899674j),(1.049168288081515+0.032530358795622924j),(1.011104853848302+0.01324499250993841j),(1.0104062102719653+0.00993216210685334j),(1.0460744554529218+0.025049612846838543j),(-0.08193793991653116-0.02731601147187233j),(-0.04931263260398584+0.01436747262967657j),(0.0044341192536861305+0.02817710482209408j),(0.030672485121682667+5.87599696951496e-05j),(-0.07860752860229603-4.2429751650445e-06j),(0.9994688524925219-0.03258853935483293j)
(0.9971865314777134+0j),(1.0201561417808835+0.02704624392815085j),(1.035485466238854+0.04379221421202046j),(1.0163339614562172+0.005397519156687798j),(1.0104689986837323+0.006783096433006918j),(1.0371308504830525+0.029510455815770557j),(-0.05435758416746312+0.03367044826454797j),(-0.04322101415855642+0.04175940462450698j),(-0.023794938701393924-0.04119710595470831j),(0.028242579997418596+3.1325804312115603e-05j),(-0.0741247998573005+1.527156784136e-07j),(0.9994878844842108-0.031999512016230795j)
(0.9903952119676648+0j),(1.01310356772743+0.027421218443368624j),(1.0217541754826447+0.04613677865391343j),(1.0042926482060848+0.013855270316749616j),(1.0030541656043657+0.013397750932894694j),(1.0237820914227593+0.032215657235474815j),(-0.0584635201237799+0.029224561150671735j),(-0.03630290502427664+0.04140018629185673j),(-0.011736360390043306-0.0017362442973003027j),(0.0023045046829319737-2.2131224509536e-05j),(-0.05994327434557307+9.6305749329877e-06j),(0.9994585190938132-0.03290393002061854j)
(0.9837979993808449+0j),(0.999337265324435+0.030495861737148775j),(0.9992030481313101+0.04625539465130121j),(0.9912141766999667+0.0153546177931954j),(0.9871151986626813+0.012441860517703818j),(1.0049850374636153+0.0321246560378319j),(-0.05328676769539439+0.041881613553427455j),(-0.021704897303592697+0.046993224787006835j),(-0.0233108803590249+0.007476359721423563j),(0.03196605029650044-3.96871763992136e-05j),(-0.050144867050428005-6.34315229029558e-05j),(0.9996907412939622-0.024868087403905316j)
(1.004394141574885+0j),(1.0294758481182447+0.011903118835485699j),(1.0405956511565748+0.017409816416570655j),(1.0174441550579694+0.0031836548052742897j),(1.012230114903577+0.0018928628229547308j),(1.0413896902573039+0.015187879548877426j),(-0.05105867786466711+0.0017495433185582886j),(-0.02697574916711688+0.004240263746700556j),(-0.01763181745219092-0.012427911989293897j),(0.042879555843567334-7.96980555333017e-05j),(-0.07228075090631972-1.9806673502753903e-05j),(0.9997356777624837-0.022990750505090477j)
(0.992899236215778+0j),(1.0098443633496568+0.01447684120120865j),(1.0141563174745556+0.034510747428668144j),(0.9982366676951177+0.010757937731356403j),(0.9936155463886508+0.00732288583468784j),(1.022056611303585+0.025634084490933216j),(-0.035225484018800116+0.004037046346577611j),(-0.0178991689119643+0.033622611751696126j),(-0.012266775877241407+0.010322512627313287j),(0.053012000394243454-0.00013831424253225898j),(-0.07974859935360645+3.56786101466113e-05j),(0.9998272746808277-0.018585499840165935j)
(1.010598459411176+0j),(1.041760591889583-0.0018866469790244362j),(1.047730395543857+0.02288284530943173j),(1.0218114657037651+0.0011261974506115808j),(1.0137514993915642-0.0010733236421169932j),(1.049670726828488+0.015236321455205582j),(-0.052845211744982815-0.046807946952610015j),(-0.03461398685530123+0.022215387498651002j),(-0.019882357022074228-0.016979748581345305j),(0.07592812784906515-0.0001020169548860627j),(-0.08148882106630484+7.334130030893541e-05j),(0.9998171288963337-0.019123513419143316j)
(0.9898784393744547+0j),(1.0061928314565038+0.029002884876871995j),(1.0278358207903238+0.04055429490533285j),(1.0012065141418185+0.010516027062775015j),(0.995127044340258+0.00796978830399635j),(1.0257801541953133+0.029566163448180038j),(-0.04098869628098616+0.04546958391733996j),(-0.04901031068600077+0.02619340216555117j),(-0.0206731994462308-0.004860102297950433j),(0.05415576518438415-3.2281227810964e-05j),(-0.07300900725823922+5.2078827272064496e-05j),(0.9996603047431791-0.02606290699009371j)
(1.0086405265455165+0j),(1.0406987637065117-0.0017794086012498272j),(1.063441726011356+0.012448034578027265j),(1.0200240129576847+0.008931425825731892j),(1.0156053430163239+0.0035159149736273257j),(1.053896382010373+0.012475115284571504j),(-0.048143609629302885-0.04192941578082129j),(-0.05716950073451136-0.01755153924098768j),(-0.01657167322877873+0.030757665543446264j),(0.058333432047503214+1.1671399724139e-06j),(-0.0734258535049662+0.0001192645010448647j),(0.9997123221613246-0.02398484769207431j)
(1.0075659722141936+0j),(1.0344659409335693+0.012675283880384402j),(1.0545756857656274+0.03283149281462899j),(1.0244057250308403-0.001998516499275291j),(1.0172159242190744-0.00036930711803552247j),(1.043413562794175+0.017635146986532874j),(-0.05394479426710384-0.0013555502200483431j),(-0.07217366519764874+0.028483138107628803j),(-0.018894824839117513-0.04976927473168029j),(0.04742797575009615-4.50803517875605e-05j),(-0.04033339096515572+0.00011034336666040249j),(0.9996998024405386-0.024501122430372585j)
(1.0169974375676596+0j),(1.052501426540643+0.006954913320202238j),(1.0775284963220906+0.003396124778126116j),(1.0371812632337434-0.004085087534560102j),(1.032018125720483-0.003380225670673493j),(1.0590096188112887+0.0032833688257420095j),(-0.07147874040696597-0.009767690790046435j),(-0.07147433044314129-0.02773651841030282j),(-0.019788000389665047-0.03158873992524029j),(0.030365680918471548-3.60735450602997e-05j),(-0.03143536599784234-9.6604948044898e-06j),(0.9996183369518454-0.027625720436340838j)
(1.0110658595759272+0j),(1.045501891224078+0.018676426817266188j),(1.0608715894753054-0.0014988219890360724j),(1.0251311750913206-0.005416775233115725j),(1.0230194275020033-0.003413231424244885j),(1.0460039438506428+0.0026246719304524255j),(-0.09044536195853384+0.025097393581599046j),(-0.051553306373209117-0.035190668014369396j),(0.004437626601294586-0.029250934133020764j),(0.017126638772098985-5.34928733693557e-05j),(-0.027168214430791336-3.56481350512478e-05j),(0.9996678121579886-0.025773345441760555j)
(0.9990365337953424+0j),(1.0321874811328275+0.01948778736427734j),(1.0283777392131663+0.025920777397648292j),(1.0097663725410952+0.007712183624803346j),(1.0044301096852606+0.005180747663964107j),(1.022959566886422+0.017342561647835972j),(-0.09304605967708351+0.007117274717600289j),(-0.03656994101396262+0.017170268345467057j),(-0.027279821848422016-0.0014603717239390051j),(0.03950875934010592-4.99928973332361e-05j),(-0.0213309873909325-0.00010093069995360759j),(0.999646182769552-0.02659904649162416j)
(0.9968497893371463+0j),(1.0297261887750604+0.02436536994664354j),(1.022866600809963+0.039694057910476505j),(1.0116282509265215+0.008522527638041712j),(1.0072926531572899+0.008415981212851188j),(1.013513351944524+0.02145583620916547j),(-0.10024242256263864+0.014251179718443566j),(-0.049782205127284256+0.041984943757834105j),(-0.03357256241464124-0.019957267451652768j),(0.00878760925236211-8.55338642840827e-05j),(0.01392179035683878-8.84888955273314e-05j),(0.9995145935153198-0.03115409042012207j)
(1.0013100229473586+0j),(1.0319477961377803+0.01481109306611481j),(1.0370488246936356-0.00010774575976382529j),(1.0105864179076631+0.00972049469718361j),(1.009875035952857+0.005665636978440131j),(1.02166351217834+0.0044054841796632785j),(-0.08492948262853398+0.010382739525274434j),(-0.039143822393450885-0.03473150649173768j),(-0.02050234529975874+0.03486136329631231j),(0.00658831603494595+6.49459643614779e-05j),(0.006690953082502449-0.0001394975511261471j),(0.9996907566908574-0.02486746844495609j)
(1.0092897551599558+0j),(1.0409491140546099-0.001982440685959741j),(1.0398479889909857+0.022481152292878972j),(1.0183076309993913+0.0023368936542980195j),(1.0181381471417654+0.003258675019573713j),(1.0278567762302557+0.009220207041614309j),(-0.06905462588826652-0.04784981529067862j),(-0.05314813441023014+0.02408036482380428j),(0.001976284548187035-0.009565468110696628j),(-0.0009547004709372308+3.6472374403383004e-05j),(0.007830363045066572-0.0001147956601933607j),(0.9998019873656263-0.01989939847694027j)
(1.0006991793525462+0j),(1.0232594447171144-0.003042468486682298j),(1.0207572838018786+0.02215953047877951j),(1.0060075336601393+0.012574337613635732j),(1.0085153685634418+0.010230214144171955j),(1.01059440391381+0.011054320935321283j),(-0.047020015248614336-0.04492327458657923j),(-0.03948536849910052+0.020293254132486106j),(-0.006071415276827626+0.03393068325591197j),(-0.020572804304265748+0.00010067146908746009j),(0.01890135102726722-0.0001399632952236468j),(0.9998388106189576-0.017954185586326495j)
(1.0144474790637894+0j),(1.0327688793549794-0.008632065135466348j),(1.0288801064069817-0.023680507870218564j),(1.0171818843945304-0.0069037784160367035j),(1.0189433326813775-0.0057202750529829925j),(1.0195458322640456-0.014385641185209316j),(-0.04267585544649624-0.02866260577974002j),(-0.009395842374461307-0.03994869762310924j),(0.010875370063219602-0.002949147387341874j),(-0.013051632836444282+0.0001788863447106676j),(0.020990143110782337-0.00014857726143602102j),(0.9999931301489063-0.0037067040605353574j)
(0.9850617666481291+0j),(0.9924840877946035+0.011630324321479655j),(0.9707988952803829+0.03074608935199251j),(0.9758733502190945+0.01131494565326638j),(0.9787264189350947+0.009756573401420119j),(0.9697347411710705+0.01496379278009825j),(-0.04245383141236083+0.002958697584765183j),(-0.01158000186121293+0.04577777077301039j),(0.012935477536359943+0.02760971667016976j),(-0.006399240347727957+0.0001558925049786026j),(0.03599046694383941-0.0001843621416894496j),(0.9999912966482566-0.004172125086618181j)
(1.0035823560282693+0j),(1.018491220581097+0.016438013131000535j),(1.0202926034337503-0.004996788090942189j),(1.0090490493266413-0.006298927774547028j),(1.0070291434012295-0.004229132381376849j),(1.0054715103637282-0.004271770915951741j),(-0.05908261346660522+0.0373888710525605j),(-0.030608159820012852-0.020024804975952024j),(-0.0052866220669412775-0.028856646914753613j),(0.004675560331816458+0.0001997768755363411j),(0.03738394173421968-0.00014292930543011558j),(0.9999558648991633-0.00939511861373772j)
(1.0030489904145095+0j),(1.0133729276996488+0.011094376274026103j),(1.0235013034594134-0.014273726919594205j),(1.007343397094128-0.002361552583974863j),(1.0065596363042257-0.002675883398309259j),(1.0043323894351814-0.008294814423094108j),(-0.03987137050479008+0.03141655921903589j),(-0.035298100815408955-0.04135437657821619j),(-0.009116137684095625-0.0004964173688048775j),(-0.0002645612358593019+0.0002661873507638702j),(0.043131258649076826-0.00018113796629252722j),(0.9999737372553171-0.007247399508367012j)
(1.007253814771292+0j),(1.028150613945237+0.001155704330406677j),(1.0415160463518374+0.0015438320186713223j),(1.0214795854870447+0.006728952947930317j),(1.021887266948472+0.005358101382815195j),(1.0189165261105542-0.0008018688444621883j),(-0.04522295120298252-0.015712631589123432j),(-0.05596199644339899-0.021334840691837925j),(-0.030027723272191855+0.01493973955934715j),(-0.03078516986113268+0.00027070899510351796j),(0.04759215070202251-0.0002329585668627976j),(0.9997862756304566-0.02067372876335293j)
(0.9989606971805934+0j),(1.0269461385131022+0.01546163634996258j),(1.0395671225957406+0.00748570598954488j),(1.0187780579147014+0.018633490464172217j),(1.0169719108680233+0.012843619918464602j),(1.013848639944929+0.0063553469952621604j),(-0.07618654198721671+0.011295328734987044j),(-0.060475431372174385-0.029391138895998068j),(-0.06911972421404634+0.0455191112372125j),(-0.02628249131234373+0.0002183123750861459j),(0.0560195702875358-0.0002313488474669277j),(0.9994288357481937-0.03379352415788972j)
(1.0046220657495493+0j),(1.0331453977881413+0.014086798962673482j),(1.0532640712812849+0.01002503317023003j),(1.0283411386919419+0.01190667003958069j),(1.026991847190834+0.009800782012140501j),(1.02340141269375+0.005076220172748831j),(-0.07191644822685624+0.009637279925103591j),(-0.07813997493529216-0.023554535453203754j),(-0.05821497251550294+0.01324859652386352j),(-0.03936075710871661+0.0002742008634225209j),(0.060539239671445796-0.00023833986323809788j),(0.999395906325049-0.034753739665449424j)
(1.0205996103482429+0j),(1.05265241061762-0.004854000512292998j),(1.0621078829238124-0.012616664235956861j),(1.0419272041839038-0.0024543656423030675j),(1.0416814312100833-0.0007398943186594174j),(1.0334502715525675-0.011778936396799044j),(-0.07322461561866725-0.03394226572976523j),(-0.06259965111597028-0.037837435330598454j),(-0.03679877102052582-0.018103200156957558j),(-0.048298922595774105+0.0002757518316328164j),(0.07453997244014561-0.00021756709036257148j),(0.9997157815550642-0.023840220421527596j)
(0.9853771941661364+0j),(1.0068066374568334+0.03214166679481966j),(1.0190372906039933+0.03538410205774683j),(1.0044514613852893+0.024683152394693174j),(1.0043091588369273+0.020394667758323343j),(0.9986887486226679+0.022876223294702396j),(-0.07281999004654167+0.0475407715161586j),(-0.0621771708270625+0.01064144936208212j),(-0.05953335320682595+0.03875181530098138j),(-0.041749654338096846+0.0002494813271669057j),(0.04602107409254487-0.00026774453000207835j),(0.999239541994698-0.03899150823225744j)
(0.992143867348479+0j),(1.0152645782949665+0.009753379205949892j),(1.0211645312509114+0.0398909788569706j),(1.0067132632145148+0.024007828404233975j),(1.0050380422171894+0.018135864171350817j),(1.0035668866751195+0.021463737762737124j),(-0.05436956409994893-0.01890761030188048j),(-0.0649352109324343+0.03190589348062712j),(-0.05820591430301498+0.04627957959611126j),(-0.015214144085135954+0.0001855019143441982j),(0.040370425645424104-0.0002376982236655876j),(0.99953535074575-0.030480856444179586j)
(1.0009343806900663+0j),(1.0387996967242352+0.007144930513229812j),(1.0487875227997239+0.02630256150308603j),(1.0171982330474603+0.01998392097453459j),(1.0143999972368032+0.013344047735753787j),(1.0246523149858202+0.015072993921041408j),(-0.08719724899368674-0.03274568996353912j),(-0.08010473818454303+0.0012666536097208122j),(-0.05326089244103776+0.04894050248857862j),(0.006898055267895011+0.00018429872292180722j),(0.0302167721286013-0.0002443012738408527j),(0.9994020080111772-0.03457783080569109j)
(1.0052728942783111+0j),(1.0320321313797756+0.0027040042465272572j),(1.0603649056720401+0.028076842263447584j),(1.0219927447672914+0.01097324315811915j),(1.0190560991136473+0.008028410664239012j),(1.0338750477218044+0.013692157179225112j),(-0.044342502740604896-0.02920338279326596j),(-0.09918661874372069+0.006687133513670482j),(-0.032707642908858456+0.013874163033276666j),(0.01091087704672944+0.0001614072759981107j),(0.014044778598964561-0.0001647001028420871j),(0.9996186540505411-0.027614244045142212j)
(0.9983439210528671+0j),(1.0189548147871736+0.010931733834878686j),(1.0609354832829017+0.03233900149495603j),(1.0167778178800493+0.017056727668224178j),(1.013985814535188+0.01231855627518697j),(1.0284238166494273+0.017814131438943094j),(-0.0307711786888366-0.0012719121333870972j),(-0.11621743293794054-0.0019449114581561204j),(-0.043622495483297725+0.03113280179077752j),(0.0069133143199773+0.0001469060641841362j),(0.019690286835946872-0.0001480324049026066j),(0.9995145318391162-0.03115606911072665j)
(0.9976532777065791+0j),(1.0163529012129955+0.009820918960687666j),(1.0583862666784323+0.028936505053578355j),(1.0170952432827285+0.019521040413722913j),(1.0157565070918262+0.014417528286993372j),(1.025348087410672+0.01634999950491708j),(-0.02568189215259537-0.001452519629203678j),(-0.11119081859394926-0.007860723075648566j),(-0.048173392515144395+0.04138381415055376j),(-0.011517242735457681+0.00010574122036940579j),(0.029033417439650454-0.00010179669452917991j),(0.9994864388489342-0.03204463382651889j)
(1.0124319399821107+0j),(1.0417418155476763+0.011968100067867754j),(1.093128720165981+0.008363489695698709j),(1.0471957243979466+0.009248337300828505j),(1.0453516641198863+0.008540703462619446j),(1.0555925317677282+0.005877534522850363j),(-0.04770677786094439+0.010598554565361483j),(-0.1163799888715778-0.0454491444277822j),(-0.06079692543179745-0.002705659472277532j),(-0.044277939903806685+0.0001152445454750274j),(0.025819656618581852+2.07154867826767e-05j),(0.9990687267481998-0.04314718106355133j)
(1.0021639933255695+0j),(1.0190685574495308+0.0010465792658631038j),(1.054735641157818+0.05096610454400478j),(1.0295679039538492+0.01728968913239407j),(1.0278101880147938+0.016487729020872356j),(1.029740252097503+0.023929979649448842j),(-0.007714939975518514-0.03471446067104415j),(-0.108696065146125+0.046770824100492055j),(-0.05790588238255435-0.0015080433071346206j),(-0.0418454745984527+8.29154758614638e-05j),(0.027571271690959943+1.2797079806987299e-05j),(0.9993890468987642-0.034950435459085216j)
(1.0058343477817613+0j),(1.0265093962890262+0.011604275321744986j),(1.0764704977929849+0.014619535183526173j),(1.0398096976331686+0.016270539558286664j),(1.0398159424530877+0.014438389405710903j),(1.0421256257850906+0.009902404136829775j),(-0.02577383518983006+0.01243443305938532j),(-0.10420116468044104-0.03319739159548416j),(-0.0686241402100091+0.017046272896219492j),(-0.0671619546920434+0.0001173597179751761j),(0.03393908504099996+3.8056896959232904e-05j),(0.9990949147298692-0.042536470950414525j)
(0.988580428126425+0j),(1.012167129099151+0.03224680304442869j),(1.0598321480061206+0.04527419424309868j),(1.0232755946864056+0.030975368220310776j),(1.0228333703255805+0.02620234810351379j),(1.0259246748294721+0.02978931723239507j),(-0.0511485080151791+0.04684226100282473j),(-0.1169544312652524-0.001767968997475137j),(-0.08445876601347437+0.04198882990935182j),(-0.06316218382208023+0.00014500757318258308j),(0.03290072817660078+9.0974441310821e-06j),(0.9984734682118885-0.0552334434642886j)
(0.9894956420801113+0j),(1.0143472458223473+0.0198083468798169j),(1.0427237262723659+0.0548954756428996j),(1.0144646988929213+0.029229126062116195j),(1.0140766613102756+0.024451244305068526j),(1.0147634966091066+0.03070866290938342j),(-0.051880643421365565+0.003093095564665241j),(-0.10714931131186106+0.03332250746634959j),(-0.06642090650157836+0.042210670530267676j),(-0.04368904302052618+9.828144114403351e-05j),(0.041076675404862255+3.95329382951576e-05j),(0.9989892553128851-0.04494961367361708j)
(1.011221551870084+0j),(1.0485782798612286+0.0027228132278081527j),(1.0684668564010895+0.03973971107174294j),(1.0418126454530472+0.011265847192602945j),(1.038572386914467+0.011541239812672029j),(1.0422711834350957+0.01725358970854243j),(-0.07060996963120396-0.045721237006939246j),(-0.10270269364770412+0.033078434636222086j),(-0.060950786217802415-0.019124552816997292j),(-0.03481518465829157+0.0001173065569366701j),(0.03776493158078826-1.25746880034396e-05j),(0.9991450613395643-0.04134182386830884j)
(0.9845878230192414+0j),(1.0030530029886697+0.029001032152085802j),(1.0257365834699343+0.05977857060213242j),(1.0052255090492832+0.024944598839920756j),(1.0050850667793652+0.022576934239644204j),(1.0025466815414976+0.03292846924254794j),(-0.05135838180012222+0.032161973754270476j),(-0.09550238471850621+0.04735885753197542j),(-0.04977300478723498+0.020867122248706772j),(-0.04148154842364916+8.028470627204281e-05j),(0.04030786459047051-9.40500680254139e-05j),(0.9991931329986184-0.04016320416009063j)
(1.016591301915214+0j),(1.044905743915704-0.001070198790751144j),(1.0670911424448046+0.026424961199841716j),(1.0498687786300702+0.003531822721550297j),(1.0476450228989187+0.007190948886030814j),(1.0454441479099512+0.00946959406110557j),(-0.04389796470978549-0.03775551276030969j),(-0.08090796514745872+0.023425227867725527j),(-0.05701876932620661-0.04726037258245275j),(-0.060201016149205346+0.00011007281508106651j),(0.03418529336140574-8.641967811381499e-05j),(0.9993461829881525-0.03615531146332399j)
(1.0042486526018481+0j),(1.0276411014056064+0.0011666967630582776j),(1.0586691464142184+0.027550462120260848j),(1.0291261849669942+0.018325987675045178j),(1.0298698948778755+0.01564352557332553j),(1.0323738041742316+0.0145621004741781j),(-0.030172512361973516-0.030930324095584053j),(-0.09035537948352412+0.0035815756703898812j),(-0.051386804774208046+0.028803152054980838j),(-0.05092355628510876+0.0001140219718120914j),(0.030135238824019486-6.76045578417245e-05j),(0.9993605419042368-0.035756220226276246j)
(1.0056118544321366+0j),(1.0289489486546137+0.01707285749669509j),(1.0730430889386204+0.033593676063566655j),(1.0379679453063613+0.009519479606350231j),(1.0367773966358766+0.011568075620276305j),(1.0453273202622244+0.018466477068399052j),(-0.03660730640026572+0.01677405172582671j),(-0.10706777716864582+0.0065213356348583955j),(-0.045191635090259696-0.026003755015145926j),(-0.049501461675134674+0.0001455280673555935j),(0.00979847256081194-0.0001211275254442902j),(0.9991182177286221-0.04198555707361398j)
(1.0065156303643519+0j),(1.0396741698483007+0.003857854411673093j),(1.0802514858703747+0.023595776070079667j),(1.037941363427152+0.02287243490869926j),(1.0409191097024455+0.01946353233066556j),(1.0580089451718473+0.019040849670397837j),(-0.041551875832423125-0.03151912688506493j),(-0.08717197593097864-0.01996591323847298j),(-0.04659990562639668+0.04720066042419441j),(-0.06552288479535252+0.0001471166999003633j),(-0.02454201126214001-0.000103595523074937j),(0.9988191482991959-0.048583011340065416j)
(1.0045220622186735+0j),(1.0310865576824793+0.015523165247470012j),(1.0573458629001158+0.050499752882615635j),(1.0413622802893372+0.012992156391836273j),(1.0434495833171844+0.018142343933488764j),(1.0425144856920894+0.027341840214758113j),(-0.044033606605112574-0.003002799924683352j),(-0.08021849871613675+0.04908719401270621j),(-0.043496783201719354-0.03985756615827859j),(-0.10139333497737854+0.0001244531997218263j),(0.0040370733911457846-0.0001515092903291643j),(0.9987973925976485-0.049028242270538806j)
(1.020124086032707+0j),(1.0525860818016644+0.004117080311351003j),(1.0805158963450918+0.006981596411454739j),(1.0553266681483002+0.0004658593021709974j),(1.0570911538188574+0.0057444930287285645j),(1.0567463442744802+0.0023901248307808716j),(-0.05783599110886097-0.015549223525143291j),(-0.0740641406154536-0.018209423047424223j),(-0.03693198745683307-0.04379524818421776j),(-0.09118731859939856+7.25186765449371e-05j),(0.024878054018971384-0.0001553558086645477j),(0.9991791022501744-0.0405107593922366j)
(1.0145243916141755+0j),(1.053827031162848+0.005215925620888281j),(1.0710778668765228+0.03194275929639643j),(1.0538510801541252+0.011162147657271658j),(1.0554684901371842+0.015025731253774663j),(1.0513962301915352+0.015726167238284305j),(-0.07467613513568097-0.03665977444196462j),(-0.07585124759138481+0.023313779369625365j),(-0.057927022950314766-0.030338842952912372j),(-0.10562774567480866+9.958527390381421e-05j),(0.02934263347923665-0.0002116417667905578j),(0.9987127836423213-0.050722537292665806j)
(1.019528226978601+0j),(1.0569950719005485-0.004397946827495476j),(1.0737112160441815+0.00320379100170404j),(1.0483832569099818+0.00547393751823367j),(1.0506387939089736+0.007252412102864989j),(1.0497089253413527+3.743935529043325e-05j),(-0.07084017350006418-0.04739072729702475j),(-0.06770645548896784-0.02203327730145618j),(-0.037246039521343664-0.006774793896361274j),(-0.07719257325735666+5.12463223374618e-05j),(0.03728511742751411-0.0001007566069412257j),(0.9993127882131713-0.037066849253981765j)
(1.0208481165907721+0j),(1.0586977713494974+0.0029653435895304926j),(1.0783489999694231+0.005386585302918629j),(1.0542436218669247+0.0006712439025708565j),(1.0537297739045797+0.004281916706524135j),(1.053985051761994+0.0007558839216338348j),(-0.07729129512661988-0.02503330210583168j),(-0.07228825889600772-0.01825501225063239j),(-0.04725279251168912-0.038550259999083875j),(-0.06787989862149985+9.34252711201218e-05j),(0.034559658397874005-0.0001659378544275956j),(0.999221111725603-0.03946099190149673j)
(0.9971411112572124+0j),(1.0324793951704065+0.01594411736301514j),(1.0386540674432139+0.04069879536692273j),(1.0203926443318463+0.021929038953278378j),(1.022918754011711+0.020396095174953506j),(1.0160279719281735+0.021610942337693815j),(-0.08918096771693303-0.012876134160957299j),(-0.07703440660407804+0.027867279791618127j),(-0.04645911132228218+0.02641091463090736j),(-0.07095452410648416+0.0001073482862978172j),(0.05536124915784609-0.0001471071204905794j),(0.9990383710272465-0.04384442057121904j)
(1.0007234576198099+0j),(1.0366023795777923+0.01679443176441365j),(1.0474509880294633+0.03926368822824154j),(1.0264711867766287+0.01714225450450816j),(1.0303769143082386+0.018482627682949566j),(1.0227030402328425+0.01989875118909849j),(-0.08910999183192161-0.007809136766797131j),(-0.08432822710860259+0.02599441342490025j),(-0.03390381618564585+0.005945786047276748j),(-0.08822605867393635+1.4137164026642998e-05j),(0.056455938365525045-0.00014601377732679528j),(0.9989808535115001-0.04513595371136745j)
(1.0104722615990998+0j),(1.0521320644577736+0.011016730027856473j),(1.066276473917725+0.014338173155483585j),(1.0389461387732988+0.011658912770771754j),(1.0436562917572054+0.01339497681603015j),(1.0374918888467464+0.007232724198079434j),(-0.09992015439532692-0.015182652921761757j),(-0.07961237288527312-0.01590368176715802j),(-0.03202819881293014+0.005924840593685367j),(-0.09787346640048926+1.48548532871726e-05j),(0.05895766178057386-0.0001687990722272828j),(0.9989739420677748-0.04528866380861827j)
(1.0134605324819146+0j),(1.063793821894475+0.005888580948455569j),(1.076089839327796+0.019426056482002206j),(1.040499979145711+0.011771208003039756j),(1.0450165637289497+0.012987409820088822j),(1.0397199074190877+0.007016308820604012j),(-0.12038537175030029-0.04168186560171637j),(-0.10470448132106172-0.009457680497030893j),(-0.02766432515276896+0.010094177988214523j),(-0.08791519886186148+6.4435117517281e-05j),(0.07942613989074837-0.0001089072147416958j),(0.9989297625549691-0.046252886200464124j)
(1.0138328573689244+0j),(1.058757192508915+0.02135782341794549j),(1.0823340559228145+0.009938231922071477j),(1.0423999507361665+0.0010769261623036384j),(1.0455649619606906+0.005910394122881443j),(1.0437410590741216+0.0031012059869419445j),(-0.12053959832413288+0.018210261397480155j),(-0.1084439503852444-0.030225441048204172j),(-0.014811028191546892-0.03201162941885663j),(-0.0786618619759406+2.96832236770913e-05j),(0.06919856310613406+1.19603630061606e-05j),(0.9990035886884705-0.044629920317621086j)
(0.997817174476483+0j),(1.0403850959849554+0.0224681681778778j),(1.0417100952120015+0.04812227129259511j),(1.0131481109527567+0.013135448780444432j),(1.0190286301939364+0.016104593886360683j),(1.0209758936398923+0.025108230639285644j),(-0.11664896828909573-0.005110760342151679j),(-0.08555309762517029+0.04097773243939852j),(0.013223175668906179+0.000314698463686156j),(-0.06440965530761956+1.83375633193943e-05j),(0.03427551414702932-9.505284389551101e-06j),(0.9991314823662119-0.04166870461984732j)
(1.000473793242831+0j),(1.0396552084676824+0.030897500296601127j),(1.0372494909968653+0.028805996235941714j),(1.0127298816913661+0.0012904678266166137j),(1.017999832542538+0.007269393733091448j),(1.0178264837749114+0.014742824100651442j),(-0.12747256242715382+0.034108342979885735j),(-0.06587094308539629+0.017110275219521007j),(0.028441181535479112-0.0317814937455983j),(-0.05680723748003906-5.6964234273665895e-05j),(0.03819186533600619-6.54059668272662e-05j),(0.999404724429502-0.034499228802845984j)
(1.0079568233443383+0j),(1.0523041736132102+0.01606581386710023j),(1.0537820974802892-0.006751478135093353j),(1.019998897998093+0.006104182267882648j),(1.0273252767391388+0.006966169028349406j),(1.0303089876948985-0.0005908304230906595j),(-0.12622416847004814+0.004306018764925746j),(-0.052109869976983844-0.04975009384207013j),(0.017695821602317058+0.02677697056405637j),(-0.06396104552219416+4.9113359818271995e-06j),(0.03691710860708648-4.9030644039259e-05j),(0.9994250467957644-0.03390539540079535j)
(1.0016805872885948+0j),(1.0410519268661382+0.023803814113951296j),(1.0153196398296986+0.026517321581988048j),(1.0132900106163316+0.0020021452057645476j),(1.018978153424154+0.008294290814338608j),(1.010667412466652+0.013612393464112131j),(-0.1300467523662043+0.011030394910976163j),(-0.019912052811167272+0.03407486299289076j),(0.019506675765171382-0.032736915141725095j),(-0.07325932438098037-2.0151481829997e-05j),(0.03381706354044034-5.95806903497794e-05j),(0.9994912618572769-0.031893846913604855j)
(0.9941365031711162+0j),(1.0341383846718721+0.028042742356205623j),(1.0063151537605088+0.018024333357037903j),(0.997357624647231+0.009523777167110368j),(1.0060805591255597+0.0119953576553758j),(0.9977313958802234+0.01203692236353129j),(-0.1419892132465467+0.02231235275973613j),(-0.01766788573585012+0.008429636154946905j),(0.03075346679452269+0.018204882948476487j),(-0.07075444625845449+2.27147833671403e-05j),(0.04430830015776864-5.68433137820216e-05j),(0.9995371923323721-0.030420406708630804j)
(0.9974146490555555+0j),(1.0318583661484892+0.029156479410972533j),(0.9924478336529275-0.0023462595208240894j),(0.9958293740699368-0.0014095179169050002j),(1.0034711480643352+0.0032432275600617834j),(0.9905587627528246+0.0005826554373911143j),(-0.1427630832125315+0.041971702764723784j),(0.015166291727392435-0.008837665622989163j),(0.03980762899426564-0.008001876788746429j),(-0.0605484406686755+5.61508327492741e-05j),(0.046556146056507604-1.9725430824565098e-05j),(0.9998148009383709-0.01924483890724229j)
(0.9923530873972922+0j),(1.0334929399175208+0.017608823516228497j),(0.9884490815085074+0.021038884441757645j),(0.9859935739612624+0.012294363500909433j),(0.994803301958626+0.012370560668474006j),(0.9838556340767325+0.011510688207642197j),(-0.14515326824323516-0.013550476984714819j),(-0.006222564460426385+0.024686671078614088j),(0.03617002250013086+0.04077513032836802j),(-0.051257576802779696+0.0001316368874501639j),(0.055438201347878885-9.30944805123905e-05j),(0.9997602845319135-0.02189459916663282j)
(0.9944095138627377+0j),(1.0182995156635057+0.025654969297709877j),(0.9968853220888666-0.0032380179376505155j),(0.9900226817837859+0.0007694549434281709j),(0.9933963129077038+0.001517824716834044j),(0.985130543735234-0.001120641491181982j),(-0.10692993411358473+0.045514436104965736j),(-0.011916870834215595-0.01881827226181403j),(0.020661531434919403+0.00875341054037888j),(-0.01595053572583563+0.0001123928774162401j),(0.05556589989634769-3.1654351276388096e-05j),(0.9999318533473649-0.01167427348077618j)
(1.007269887593864+0j),(1.033084725607091+0.007718935714032117j),(1.0151082278755812-0.010345549892540315j),(1.0056589825726536-0.007175277245023086j),(1.00786589804576-0.004564003531611879j),(1.004544079969364-0.007904478171284002j),(-0.0887706336461983+0.0012693280449126334j),(-0.01365369955403005-0.0191157465301999j),(0.024769770187497184-0.014380100813463841j),(-0.009339372805830347+7.15980455865515e-05j),(0.04191611112635961-1.3150517322404901e-05j),(0.9999748358308768-0.007094202211032037j)
(0.9925812337527891+0j),(1.013367529140064+0.0217916606754037j),(0.9999812704556351-0.0013151607211629515j),(0.9903288379108367+0.007641174863174495j),(0.9949756506497174+0.006329242057411519j),(0.9933653484412338+0.0036498095053864458j),(-0.08333460939273683+0.03601698358966806j),(-0.005019244282603732-0.02239676033423893j),(0.01625590976066326+0.033869111346520084j),(-0.02319671947970144+4.61975220261763e-05j),(0.022626039365463608+0.00010544472507321j),(0.999885941027572-0.015103143229371641j)
(1.0107911618348644+0j),(1.0382739270029988+0.0007681021380526479j),(1.0253795439753053-0.0031790563422665124j),(1.0117480826515515-0.0067101458697275615j),(1.0164651694670541-0.0025558528427071744j),(1.0172130960410444-0.004082065471556562j),(-0.07670349965876332-0.022895919598158967j),(-0.018594393646671894-0.007069281413442965j),(0.03898512799755082-0.017570152394634546j),(-0.028752113128175483-8.63157356102865e-05j),(0.02107146972045559+1.43434761219093e-05j),(0.9999471765471752-0.010278332322534145j)
(0.9927396938451334+0j),(1.0127461518723004+0.01227631595307203j),(1.003112898195777+0.01115839077245687j),(0.9808928082035209+0.005437671577959483j),(0.9886250921974629+0.005373887643519677j),(0.9890083115521175+0.005654447842791245j),(-0.07192769565775685+0.005180414467416675j),(-0.03642114347360884-0.00068452902956939j),(0.0561815722238478+0.03635548632759418j),(-0.016282402394584537-0.00014903969299013382j),(0.035789912659173743+7.937009708240809e-05j),(0.9999747981593862-0.007099510271480604j)
(0.9862176251751625+0j),(1.0001333467992253+0.026523856853689902j),(1.0017167624620356+0.01598719560575448j),(0.9706292242588368+0.0022437866376399237j),(0.9760797799405939+0.0024800195190008006j),(0.9829282167367821+0.008944515003370117j),(-0.06955605560661257+0.04986392680802732j),(-0.05451718351503175-0.003006520460375839j),(0.0646082003762753+0.022879835042988916j),(0.015990811457408563-0.0001473095687128671j),(0.029914006367639186+0.0001453067929812694j),(0.999991901921926-0.004024436677247056j)
(1.0097350786611268+0j),(1.0302941711921576+0.016343074305167994j),(1.0441817146267467-0.011169953691900927j),(1.0113799820894396-0.01551698081794224j),(1.0118248351634194-0.010413827830271236j),(1.0212973186209164-0.008415569658892275j),(-0.06878522839509554+0.03922186800111797j),(-0.05894171408272244-0.037995099592428264j),(0.03945502250366693-0.04671619787511894j),(0.013198210879164868-0.0001931697298885166j),(0.02490967655910824+0.0001854426094519712j),(0.9999733354938211-0.007302622909748754j)
(0.9945985662825221+0j),(1.0154534559071635+0.01493386667600384j),(1.0191779757172974+0.018817590702013862j),(0.9888109570847401+0.004152331722746461j),(0.9911036932177424+0.0032847596808979807j),(1.0002526385805357+0.009241915089437653j),(-0.06712053450141871+0.011264372264869415j),(-0.06142750713320471+0.003984667215788484j),(0.03327097684241101+0.01876066472829433j),(0.01830864174831692-0.0002250597508166024j),(0.025015986464245864+0.0001713604279285982j),(0.9999445311744416-0.010532548330116758j)
(0.99277963663627+0j),(1.014738394517848+0.029029533974384j),(1.0322417019905603+0.026724433126749225j),(0.9965509260035775+0.005111347049504399j),(0.9994191062201127+0.006458444752345281j),(1.0148930804908816+0.017570746790024475j),(-0.07005374372054593+0.04765665022090189j),(-0.06870453411180585+0.0026992435539112593j),(0.031486613037538+0.00084391623123674j),(-0.0017808612805335412-0.00021643777875433108j),(-0.006775027446810218+0.0001699058158693371j),(0.9997325728648694-0.023125370331924185j)
(1.0106329360205881+0j),(1.0447876244235157+0.010487967833644697j),(1.0719318408150587+0.010377741881272405j),(1.0264877336403362+0.0017749501891035008j),(1.030204559365787+0.004168169266017713j),(1.0475275007454508+0.007103274648187289j),(-0.07228508351522406-0.003760625820022923j),(-0.0847372031039703-0.024960397418895056j),(0.019450489754579546-0.005325824092182117j),(-0.031540273098185925-0.0001290816432245203j),(-0.005370383754398445+0.0001528851927879298j),(0.9995202840598768-0.030970982432966435j)
(0.9928471910088248+0j),(1.0276230486186033+0.027915308146515244j),(1.0426781322831375+0.04836371210402531j),(1.0027063446983073+0.012843676252044568j),(1.0101783188684084+0.015663158148705312j),(1.0278214802599475+0.03051080980351813j),(-0.09029778682953352+0.018728813913690655j),(-0.08124055089030523+0.03075825435147897j),(0.04358991856042416+0.00935916043828231j),(-0.04519525124720584-0.0001710618986729461j),(-0.023598033251294757+0.0001773727110209031j),(0.9992660828271679-0.038305296125309446j)
(1.0050139338506427+0j),(1.049281760827018+0.018436988248678704j),(1.068495782468388+0.04230239047669742j),(1.022596770142957+0.007202718762826351j),(1.0278713942241744+0.011273733429421125j),(1.04603210536676+0.02362915698498274j),(-0.10290240837279704-0.010623947459371393j),(-0.10247767429502244+0.02378130750825661j),(0.030168328659632412-0.013498421181601309j),(-0.04540558852371884-0.0001243740590691638j),(-0.008662235356890645+5.88475686564349e-05j),(0.9991206198877237-0.04192835454880891j)
(0.9891017774262998+0j),(1.0256726265667573+0.02836599764598041j),(1.0364298785794768+0.04496779477228351j),(0.9986464637732524+0.02046311440726323j),(1.0059392992813336+0.01971355604760054j),(1.0230358817235414+0.031244674707244065j),(-0.09693439644423806+0.016487333481249068j),(-0.06967924894188846+0.020472580089075237j),(0.02585599104188471+0.04200669416406604j),(-0.04316865897879304-0.0001294240634735154j),(-0.022601924238471707+0.0001349888485948762j),(0.9991581695433368-0.04102380083327874j)
(0.9982939036436952+0j),(1.0329058805652316+0.03380295236525636j),(1.0333337089728338+0.03676785348077088j),(1.0151194060643998+0.0030847996105454454j),(1.017895042785443+0.008863312267584345j),(1.0261670596410148+0.022879081727408112j),(-0.1077409291844372+0.042583833136000254j),(-0.046517347154929285+0.031189422073738062j),(0.014340539773797244-0.041782685888090525j),(-0.045023509565582626-9.49439092797703e-05j),(-0.011623273981088172+0.000209592631190762j),(0.9992957907072203-0.0375222957031067j)
(1.0177973249614956+0j),(1.0587260752845677+0.006556163992916023j),(1.065366950165048+0.003664966713009271j),(1.0364649955790857-0.0045959471403218275j),(1.0405176260127824+0.0009617895611728285j),(1.0503924254742951+0.0020308814318865526j),(-0.0963557272823271-0.019637810041775706j),(-0.050510933248084734-0.015972012868692827j),(0.01884627785159918-0.03483049936223404j),(-0.05376264348807349-0.00012046436424437799j),(-0.0013263390050011071+0.0001581308447627781j),(0.9995078985657273-0.03136814793263835j)
(1.0091148976478446+0j),(1.0468183897800214+0.013696835826622998j),(1.0437320271479429+0.02626430759359376j),(1.0213449226619666-0.003226905449213225j),(1.0289156873406016+0.005070387003324536j),(1.03201669620324+0.012289353626513184j),(-0.10006302975725936-0.009992508628491848j),(-0.0526994296387482+0.02683578446377879j),(0.0483472467340578-0.04358899875282002j),(-0.07253657720969718-0.0001098265818935467j),(0.010412763810484225+0.00018068053973965638j),(0.9995539173564311-0.029865804817766524j)
(1.004612404392952+0j),(1.0401660521737812+0.01414920131252354j),(1.0448292126125427+0.022701014727079416j),(1.0149054098087757+0.004230082100438299j),(1.0256695353239178+0.010093663414528326j),(1.0316848054523402+0.01391928156824715j),(-0.08922748934837711-0.006334306825423078j),(-0.053579964174960255+0.008281426742970601j),(0.055298477835319645-0.004251119930627297j),(-0.08556461602206372-7.56138294220572e-05j),(-0.0004316598896344403+0.00017192435502596889j),(0.9994830622693736-0.03214977817397018j)
(0.9909309827987219+0j),(1.019102608468634+0.03647460267269263j),(1.0235321189184479+0.05092135231458646j),(1.0020438553492748+0.006936891154055868j),(1.0135500797850463+0.01588714254315708j),(1.0147948099891722+0.030146417893349833j),(-0.0911649333810962+0.04783983343096694j),(-0.05848305065229566+0.04905627993832324j),(0.061851697256798704-0.02897322976018205j),(-0.10105957333343818-0.0001024760969500908j),(-0.0030512055196523337+0.00015145921690554908j),(0.9992867424939011-0.03776249827444789j)
(1.0109245927774575+0j),(1.0397235324237144+0.012538194209433426j),(1.061319530428202+0.0003187891951437143j),(1.0231626391689255-0.003458507623650679j),(1.0345180331701163+0.003892033287737716j),(1.0447790175295226+0.003189666615124387j),(-0.06438654875065955+0.012453253405455089j),(-0.05416025660841087-0.03296533019403725j),(0.06530941242018988-0.016640565790025007j),(-0.08993636717237638-0.0001070010126652652j),(-0.015149527759600205+0.0001533458511527333j),(0.9996086866791979-0.02797272806662061j)
(0.9941472559817451+0j),(1.0254325640037687+0.013462135797861069j),(1.0166670993701887+0.024377548995367804j),(0.9957933992225705+0.01527460739482067j),(1.0060116683759572+0.01546092287194163j),(1.0102500246044628+0.017446388502702886j),(-0.0856546130338289-0.011419602694672116j),(-0.028957997202330724+0.011914184652510729j),(0.04022889336174745+0.04695075060852901j),(-0.06295418258802617-2.60101436658064e-05j),(0.0004541025120073927+0.0001815401412807912j),(0.999629036407175-0.02723581413622117j)
(0.9953982286917595+0j),(1.0248777504321223+0.030221170547102008j),(1.031190449765649+0.030009182163246537j),(1.0023946806429491+0.004079798529268795j),(1.0106198786262466+0.009563832480079248j),(1.017898730635885+0.01902352114689956j),(-0.09303913388817107+0.04068371845725385j),(-0.05647725134082006+0.014312419946211428j),(0.052083159492535926-0.01255373513775706j),(-0.05806691114912628-1.0495516395838801e-05j),(-0.0001230973997555401+0.0001808499911279711j),(0.999539896163537-0.030331435465301572j)
(0.998864203236468+0j),(1.035748966885782+0.017911236983527846j),(1.0347534423586395+0.02811507930532037j),(1.0032158157470026+0.007878788348203285j),(1.0140848824714153+0.01188575520904837j),(1.022304721480941+0.017678876226187988j),(-0.100413214794355-0.0026372875339506193j),(-0.05336400871297848+0.01397047886003687j),(0.06144246129288142+0.014166974225306779j),(-0.0678317856283128-1.0975034512145199e-05j),(-0.00039950075980443113+0.00012308818307392889j),(0.99952979265959-0.030662576308541974j)
(1.0185084082601195+0j),(1.0593798730504218-0.002092578230170749j),(1.0697364387124872+0.0008243523805335886j),(1.030533482449333-0.003310343721475065j),(1.0380853603903766+0.0014742732412648233j),(1.0505237588896472-0.00018459798044476077j),(-0.08724747809978568-0.043583098548367755j),(-0.06268780796786433-0.02377866547077284j),(0.04600804440328089-0.010160873782721956j),(-0.0568776709097737+2.00649714318716e-05j),(0.0007326746530674568+0.00015050950417857409j),(0.9996427505435628-0.026727725037875537j)
(0.9893623589088898+0j),(1.028129444566391+0.02874991825113849j),(1.0374293195836026+0.05846429155740133j),(0.9976990551561232+0.017632164057759834j),(1.0055930138204225+0.019324756889603042j),(1.0201155954402457+0.0348157926830907j),(-0.10436782540285909+0.009490190849446923j),(-0.09110540151880396+0.04468282831788009j),(0.04043162440431419+0.022315107238406007j),(-0.04650183608120327+3.50850808429815e-05j),(-0.005955075443666703+0.0001851608655112852j),(0.9991681946654054-0.040778901028282966j)
(1.0152661102828016+0j),(1.0594404640332655+0.023196547369398073j),(1.0788177433084536-0.0044033492647693444j),(1.0290941942549672-0.010291020786131866j),(1.0360035083538088-0.0026798710020911757j),(1.0601772571486676+0.002049321618786738j),(-0.1171151432255552+0.0314367134570228j),(-0.06424556074947797-0.04879895022453019j),(0.06525330916020954-0.04096013301718821j),(-0.04290256602300103+8.339982615087039e-05j),(-0.035042218697156007+0.0001649490665236807j),(0.9994519044126903-0.03310424090424932j)
(0.9935129642346159+0j),(1.0315069392822482+0.03347318625887911j),(1.0399666161271872+0.030538787669840015j),(0.9997094910640012+0.00924016088206174j),(1.0079117800440438+0.011973277971312538j),(1.0267891272808847+0.023182306561710754j),(-0.11291718442315644+0.03898272110385154j),(-0.0609349483114454+0.0019860051429949196j),(0.05430103698029798+0.01350612873193198j),(-0.04005340219341377-1.76476261767378e-05j),(-0.026270065284276452+0.0001228104108678568j),(0.9993458209902806-0.03616531583246743j)
(0.9906347415953314+0j),(1.032383105372978+0.035742660206894525j),(1.0350818622579416+0.020342351697399473j),(0.9949140159442952+0.014685492321990354j),(1.0004348099137186+0.012608514435043334j),(1.023167543017002+0.020852870572771798j),(-0.12971311490723278+0.043250413299499677j),(-0.046848884656233776-0.020031026660510848j),(0.03130311098286079+0.04562183249295602j),(-0.01103258926851877-3.79095856220888e-05j),(-0.0297674772876214+8.87085435950065e-05j),(0.9993276078982273-0.03666513456141812j)
(0.9953939863171567+0j),(1.0382352867695785+0.03181789809527698j),(1.0447337684301965+0.030182976904804024j),(1.0133808928432204+0.016284447980445066j),(1.0148552836973412+0.014712288489636908j),(1.0362612040404722+0.025508993414083005j),(-0.11806246490802699+0.028441418761505837j),(-0.04747234076477825-3.20327660858907e-05j),(-0.01104088333765576+0.0218936978304747j),(-0.019433872662107984+8.432368162486591e-05j),(-0.039392915671016854+0.0001214003535392304j),(0.9989685671851289-0.045407067468516665j)
(1.0067575144552918+0j),(1.0643979369803196+0.011936954286287698j),(1.0590481953916229+0.03534040002155198j),(1.0301008189513476+0.01731466310629081j),(1.0299299590835584+0.015003202926918383j),(1.0545971197085675+0.025668280393982272j),(-0.13475990560233866-0.047202329454471385j),(-0.046025691588105606+0.020949238385979986j),(-0.02774808887160122+0.021117157176797j),(-0.01642586764952967+8.65737648618443e-05j),(-0.04822109983581654+0.0001086589835815707j),(0.9987535036061612-0.04991431692828967j)
(0.9976315147192718+0j),(1.0433366301459397+0.02323209565298738j),(1.035206829452611+0.015505210972317175j),(1.0136361281545372+0.01928867967181895j),(1.0145116693436753+0.014628980787771239j),(1.0343846869316116+0.019343402035428697j),(-0.12433644856493195+0.005238956192672404j),(-0.013052396409899907-0.01509531571008161j),(-0.027012863028752408+0.0479950203887779j),(-0.01377444379121807+9.124329783581769e-05j),(-0.04369941665781026+0.0001756835820343051j),(0.9990930475946779-0.042580303521448884j)
(0.9953303205803503+0j),(1.0352082299534147+0.025201355835732304j),(1.0300860767621345+0.023772486864630654j),(1.0105707604366672+0.017707283108670455j),(1.009692552316969+0.01367643203666835j),(1.026583052220311+0.0213338165457278j),(-0.11192984406267628+0.013789324371436252j),(-0.02499537728300508+0.0009350392332978856j),(-0.031022059092678123+0.033466013310275926j),(-0.0033448661729102813+5.45629036138282e-05j),(-0.029624536301747988+9.673472579877709e-05j),(0.9992323095474185-0.03917641582038878j)
(1.0141271254720936+0j),(1.0575388979403983+0.010375001103029738j),(1.055206944068009+0.025164493103536738j),(1.0404865790547722+0.0010665775425708396j),(1.0350455179003093+0.003342911166046048j),(1.0532161437586331+0.015424194258701132j),(-0.10061369463828759-0.02494644279495992j),(-0.03432182027290277+0.02551975457428378j),(-0.040804336593842055-0.04874412986454088j),(0.001105914789269184+9.0292241180622e-05j),(-0.037964522405196564+0.0001470347828370642j),(0.9992942085915318-0.03756440702878158j)
(1.006435115141045+0j),(1.0497214225245488+0.01042996167381471j),(1.0614479600216342+0.029267597906502428j),(1.0303545089528021+0.014717155999048003j),(1.0279490273802363+0.011991174355525741j),(1.0478338387687451+0.019813099494187938j),(-0.09308928078711944-0.028820578797815726j),(-0.06531954478184408+0.008250156222233705j),(-0.04254337328265965+0.014146362583118665j),(-0.006683694323485681+0.0001382132296913755j),(-0.023141018055912857+0.000142854348254076j),(0.9990992035496892-0.04243561554139059j)
(1.0041176547006836+0j),(1.0415628332800988+0.01309811494575827j),(1.0576891284952916+0.023103907217279385j),(1.0248817787783269+0.01370117476048132j),(1.0225126721388031+0.010504036284029369j),(1.040420654886685+0.01632940810097298j),(-0.08340174415481098-0.011199847755447957j),(-0.06827432303476552-0.004545843709633658j),(-0.039311064174664435+0.018874650625046265j),(-0.001036396332957108+0.00017487680065007879j),(-0.011341344761528677+0.0001567550880105493j),(0.9992828616543683-0.03786505518095313j)
(1.0170774360951054+0j),(1.0501472766216926-0.007135354254331459j),(1.0794063824261422-0.0035455648355398888j),(1.038182467735523+0.00637011397353291j),(1.0314635468573392+0.0009260130855865561j),(1.056864164945098-1.7675528261085204e-05j),(-0.04930066399285807-0.04684477370479017j),(-0.07458492168346963-0.04407466988920954j),(-0.05657745338466475+0.020258259408571868j),(0.039745539564723674+0.0001734203303628232j),(-0.017701741350744583+0.0001159244796375452j),(0.9996477396284069-0.026540472034550594j)
(1.0114359529113885+0j),(1.0395698888818874-0.0035965066133044976j),(1.0725664574635618+0.017004453318066385j),(1.0336037575322123+0.010099487797833047j),(1.0281570969269371+0.00586591782789102j),(1.0524175817917794+0.010803691956640774j),(-0.03321121925386906-0.04233240524855147j),(-0.0827979183571752-0.011064761370729969j),(-0.0510017751046256+0.014146101965134213j),(0.025177803125206642+5.39291360276465e-05j),(-0.025519096789121558+4.82307743547616e-05j),(0.999567179952197-0.029418578524669378j)
(1.0005471025765458+0j),(1.0232617880375094+0.01488954006945259j),(1.0480550525860286+0.02852559558981445j),(1.023396747829268+0.013074404163397453j),(1.0185864981364117+0.010279900674768328j),(1.0310161491503826+0.017841171812440226j),(-0.04478046947762608+0.00813208106619637j),(-0.06995494228170489+0.007991681569399233j),(-0.05769214359313851+0.002896487560077155j),(0.0021041513091383164+2.46552792348102e-05j),(-0.003939581293716228+0.0001154025246285541j),(0.9994491565566371-0.03318709776745546j)
(1.0086672746515954+0j),(1.0324461386541246-0.0006922829229972316j),(1.0569303712423805+0.033277321480927005j),(1.038035222109504+0.012342708318648237j),(1.029789346061318+0.009251486415820374j),(1.0433376400444228+0.017758624239537446j),(-0.02618220462567246-0.03863792165184682j),(-0.070200473745762+0.027482478871572524j),(-0.08548111401532336-0.011268678648692052j),(0.01074447803182752-4.7414222250509904e-05j),(-0.012578405676803414+8.111874487228841e-05j),(0.9994487663960049-0.03319884560499083j)
(1.004902610081955+0j),(1.0229267339604906+0.0015461641894819645j),(1.0462031941519634+0.024005836570018844j),(1.032403160473615+0.015463340264046194j),(1.0265900369736105+0.011506980624519627j),(1.0351232056105046+0.015105008068038097j),(-0.016830785317775328-0.02327091975664547j),(-0.05088936579080855+0.011038475666638391j),(-0.08385724775501882+0.008716875819542778j),(-0.00936635628624458-2.7124289554424e-05j),(-0.009858301516308501+8.22176692696607e-05j),(0.9994954874883591-0.03176114749827766j)
(1.0026781143058652+0j),(1.0142367604004356+0.011020193576717241j),(1.0357797246323566+0.03511140652800146j),(1.0320113095604155+0.00878148047017169j),(1.0223766478786678+0.007855571919881475j),(1.0275485872052836+0.018732954141790034j),(-0.012610545381624249+0.006745872506328588j),(-0.05117916895692516+0.03770238095619246j),(-0.09185123118947143-0.03863608078868379j),(0.006004976037508795-5.36426186946901e-05j),(-0.005365711890294136+0.0001441895120056664j),(0.9995773714087475-0.0290702350795265j)
(1.0063022805538668+0j),(1.030472880131146+0.011464802951979576j),(1.0600003312603552+0.012006317455340833j),(1.039426183443451+0.015081198089441285j),(1.0338791846024173+0.011194723295828138j),(1.044768824064537+0.011800135816595742j),(-0.03932479794138304+0.0062673779402090376j),(-0.053082643556914-0.02177123106359869j),(-0.09119996962609613+0.009311935091574403j),(-0.020332013468364243-4.87601383912881e-05j),(-0.012655794023483873+0.00010198291380949289j),(0.9991971060219065-0.0400642398835536j)
(1.000057554114856+0j),(1.0152705271138305+0.0014418174579887623j),(1.021382097404431+0.029697255765116504j),(1.0212616348782029+0.016844620730717998j),(1.0172456807551538+0.013340709015629157j),(1.017017919615903+0.016951200363706075j),(-0.021061005985759478-0.027076094162451252j),(-0.02985040690916648+0.03246747750842438j),(-0.07305530035384107+0.012964976471204124j),(-0.01982106085939193-6.97575395853569e-05j),(0.004380746288066456-2.76614162804684e-05j),(0.9996406821756287-0.02680497228955002j)
(0.9974174733179682+0j),(1.0084122579174755+0.015835064295205384j),(1.0172389432034388+0.01746250229812486j),(1.0180356639451438+0.011285675016363047j),(1.0116686826580574+0.008403466393920032j),(1.0107965821187472+0.011786528836167012j),(-0.0304159058451452+0.025467613628561047j),(-0.023501099701471843+0.008762941925605403j),(-0.07718141184088427-0.003947855489878904j),(-0.003099484714219161-6.19985830606916e-05j),(0.01058744253080115-7.030856379673e-07j),(0.9997025671975514-0.024388053194654195j)
(0.9944535670043099+0j),(1.00779409124186+0.021122552031032134j),(1.0269921029542837+0.01696620500036026j),(1.0179174197785699+0.01739901289885064j),(1.0117590915233137+0.01214081065599731j),(1.0170191466649656+0.014997194158247911j),(-0.03378524793602969+0.03789690911619389j),(-0.03394889618637842-0.00811900864371828j),(-0.08594237664303148+0.01917243248358034j),(-0.0019713983453184796+3.48543401861782e-05j),(-0.002020410535135354-9.50293482350521e-05j),(0.9995083730640488-0.031353024971413804j)
(1.0072748384483752+0j),(1.025386410019393+0.008821114437211657j),(1.0279163573552104+0.0108373280739837j),(1.0300371755712419+0.002840857113128224j),(1.0228957541481765+0.0026644375526934795j),(1.0265381241171165+0.007077948413083001j),(-0.0412747086600318+0.003950567234935051j),(-0.01214494523036722+0.00917747857623047j),(-0.0686995585176071-0.0330404425154081j),(0.0010091999006250107+4.2514572581551894e-05j),(-0.007464391214170383-0.00010706778061286749j),(0.9997227107203732-0.02354785913642705j)
(1.0012249263001225+0j),(1.0128180533533258+0.014628835370564381j),(1.0269843966944114+0.02914645154227057j),(1.031754908869422+0.010266288439713295j),(1.0236164198384214+0.009593762270730027j),(1.0223383946853843+0.016900893213334447j),(-0.02117288311631935+0.01818468242375449j),(-0.03115189329088816+0.030570270158931243j),(-0.0964522834199859-0.03393995647593677j),(-0.016747192271307092+5.7828580832070296e-05j),(0.0015887522546042432-6.334517430192959e-05j),(0.9995131687145579-0.031199768687986015j)
(0.985913352417551+0j),(0.9988331855945461+0.02679581223064499j),(1.0187953088856783+0.03994364323182928j),(1.0131978660671415+0.028390285954024295j),(1.007649355866279+0.021706040967386975j),(1.0131685953328435+0.02974935519182339j),(-0.03020091639723204+0.03946794864402597j),(-0.03750390570284263+0.02144245225747749j),(-0.09995813532482416+0.034371029076380635j),(-0.01625007065151017+6.79147402850346e-05j),(-0.015722571086868687-0.0001045604587045777j),(0.9991703881400106-0.040725120799582785j)
(0.9902859488002694+0j),(1.009020006873048+0.023292522721064j),(1.0090085371239392+0.036419476222982236j),(1.0179287813955187+0.024290473648529216j),(1.0097566430310354+0.01819538901458435j),(1.0138707717756488+0.027227362189457937j),(-0.04954023422667065+0.02394715633013402j),(-0.006959667630370219+0.03304669358101553j),(-0.11078581326224764+0.01635205573021954j),(-0.0037086772053863616+3.23730721421971e-05j),(-0.02270330796729592-0.00012175289372811201j),(0.9992432542654307-0.03889625695400289j)
(1.0070437550058544+0j),(1.0278943550673165+0.0009986969573812566j),(1.0344987302750326-0.004692801580293236j),(1.0303086448203667+0.013321950523047134j),(1.0212492149362176+0.005867116190782661j),(1.033729509309877+0.0036653316747042373j),(-0.035752834412592666-0.016177920578999874j),(-0.0013967284312714667-0.028389815138624045j),(-0.10061299479982752+0.02679905186239203j),(0.026003166441820443-8.6661438862593e-06j),(-0.028200559805287396-0.00012506459299741222j),(0.9996725120483666-0.0255904016167862j)
(1.015717486239459+0j),(1.038134659434275+0.012261929179511062j),(1.051276738161056-0.012026919969000339j),(1.049612777301966-0.0019707470145745236j),(1.0356208657614625-0.0038544408945165027j),(1.0467263894753118-0.002764967576288202j),(-0.05070820236907619+0.025342082253681376j),(-0.00944648118977824-0.03646998670059335j),(-0.1175031226939029-0.049963868069794186j),(0.032684188315798786-5.9726253842344e-05j),(-0.020601441698018374-0.0001018525540330564j),(0.9995929528293013-0.028529434869943762j)
(1.0025542144706938+0j),(1.0279508658750574-0.00027831711622064155j),(1.0244373758753447+0.02703586286241318j),(1.032893241588272+0.02337626947074515j),(1.018294413096606+0.013119658366885842j),(1.033282901157694+0.020784375799778567j),(-0.0396240277978604-0.044161558251186006j),(0.0012260312492986137+0.029093759640764025j),(-0.14800812042013559+0.02467761229726044j),(0.04851828532880625-0.0001476342657545448j),(-0.046236906261927474-0.0001549892854337233j),(0.9994057097450632-0.03447067346261924j)
(1.0021376651224083+0j),(1.0248142754851726+0.00749858564861759j),(1.0212376043875+0.029059204942870148j),(1.0349138769270085+0.018608922004237565j),(1.0202057859961409+0.011410235607634534j),(1.0310082339373194+0.021146716109169832j),(-0.04153477838950839-0.01854902201083995j),(0.003400542583569793+0.03560076242409806j),(-0.144537285322079-0.004590182015213706j),(0.036649585769212574-0.0001315043920939278j),(-0.04108300237845203-0.0002216378918348886j),(0.9993785859174336-0.03524829087588452j)
(0.9997761527969257+0j),(1.0165837871843468+0.020292830190279325j),(1.0225367226876023+0.03787193042333026j),(1.0376133084548977+0.013942310638354766j),(1.022766278698547+0.01077505906659198j),(1.030931098802237+0.02552824972716515j),(-0.03465699033762301+0.022434048019757777j),(-0.007633623955648914+0.047067856179938604j),(-0.1405747192490682-0.04369387335513596j),(0.020580700210551816-0.0001207439313621397j),(-0.041390465966565204-0.0002260244151962979j),(0.9992513319075607-0.03868818528912873j)
(1.0000135442411584+0j),(1.0171095084201092+0.011312566215883417j),(1.0034126750165167+0.016832774105281438j),(1.028864247382179+0.01583370111071208j),(1.0157576137127156+0.009638253128694325j),(1.0194648160187174+0.01562812022001706j),(-0.04126774201573475+0.002522667286059402j),(0.03351767885309387+0.023704188429916742j),(-0.13545072432158956-0.0059374838603517685j),(0.02304228981071233-0.0001278988308947166j),(-0.03553312881355771-0.0002597875004040512j),(0.9995559538824456-0.0297975679905988j)
(1.0098250001546045+0j),(1.0307708378032294-0.004698701702720542j),(1.0160874285170856+0.0021430421846102884j),(1.0413743531399517+0.014570082135210473j),(1.031199415944144+0.008879916258212807j),(1.0310523630633488+0.006453791539449697j),(-0.035171371899220434-0.03891440807323264j),(0.041076904379752574+0.005563839213811974j),(-0.1340851569812576+0.0035627113715754463j),(-0.007816103647899784-0.00017691632272253698j),(-0.028480171210604203-0.0001397517452520562j),(0.9995636214427394-0.029539239805315882j)
(1.0148123084693648+0j),(1.0288504905572902+0.011713560086126189j),(1.045049547968837-0.017527734705052242j),(1.0520616741432482-7.648224970739534e-05j),(1.04171811457325-0.0006424571221141093j),(1.0510266005803843-0.0019351036338997856j),(-0.02176800051666932+0.03440291716437231j),(0.020490330579177662-0.04370924009494058j),(-0.11217232865888158-0.045920010550328155j),(-0.008435294527173945-0.0002562670357399922j),(-0.052393891546486285-0.0002068253997183606j),(0.9995426185982116-0.03024158735632196j)
(0.9894409611743201+0j),(0.9983550699921816+0.02507993424947987j),(0.9914489939469233+0.028488675111968j),(1.0133488848802805+0.01826398641556176j),(1.006477376381056+0.014790557587531136j),(1.0101152006656355+0.025066968184734174j),(-0.03045206299468052+0.04201884458073677j),(0.03133882884665077+0.033209738610913635j),(-0.09119989771163997-0.0016569531169617375j),(-0.010644209568519124-0.0002611785596017016j),(-0.05220638050224835-0.0002237754523404611j),(0.9995125874344011-0.03121838497085711j)
(1.006142737305553+0j),(1.0247328345685358+0.0018972707151035282j),(1.0149857692526987+0.011920206987837776j),(1.0337525406763204+0.012437511764005562j),(1.0278879440070139+0.01001302119281018j),(1.0317107621892245+0.01274581211167986j),(-0.030579361532685492-0.021911425242489187j),(0.034286219640934104+0.01795009211382093j),(-0.09073800734981094-0.006387975899430366j),(-0.02503247532976229-0.00022534041876498532j),(-0.048684870501591294-0.0001570840912913414j),(0.9995583197912862-0.029718097786042664j)
(0.9858717546546609+0j),(0.9896240303514072+0.02143707503676742j),(0.9850055081125901+0.021040718491294155j),(1.007301274279813+0.02502695086496602j),(1.002906032709686+0.018856905617073535j),(1.0046883804569022+0.023597152840716083j),(-0.013527172403240357+0.03823957639958546j),(0.04179794706478198+0.016594127205302813j),(-0.0931025816075767+0.035061534903012684j),(-0.024202959150702332-0.00016417838519408422j),(-0.05380486271113047-0.0001089253872640804j),(0.9995547023091386-0.029839522310006358j)
(0.9944415521811069+0j),(1.0040204041976186+0.006384339133122396j),(0.9918054153659662+0.0170659112451122j),(1.0120541364207476+0.019396286092086105j),(1.007429722479975+0.013928181595111618j),(1.007248374220993+0.016152962015068453j),(-0.01956508900930412-0.006239048608488538j),(0.03306352640608246+0.022008739441784306j),(-0.08262808880267995+0.028228317059103458j),(-0.013759072861330615-4.153817049192e-06j),(-0.03133430850170667-0.0001172212707964244j),(0.9997356519922448-0.022991871077430948j)
(1.0155381195310962+0j),(1.0168895256022272-0.005204393004036781j),(1.0189201396006933-0.026657255825864784j),(1.035481951583492-0.007941050489824774j),(1.0261419046231917-0.007986270939685807j),(1.0261756950043437-0.013106671347264594j),(0.007311789795703256+0.0017488031699763836j),(0.032947470636073346-0.033530385061597175j),(-0.07893111363336368-0.044281658752749795j),(0.013588522164887769-7.46051595579624e-05j),(-0.01807757853281377-7.80790308047081e-05j),(0.9999857945299147-0.00533017245267554j)
(0.9969393622031064+0j),(0.990654149965346+0.00011866495737905418j),(0.9923029838227333+0.00036274001900055093j),(1.0116195049241854+0.012663007428471568j),(1.005601968236012+0.007376393015473511j),(1.003398952183716+0.005280339895910412j),(0.024578819988309776+0.003605231229935733j),(0.031195516261385947-0.0012568920601427678j),(-0.08244154800687124+0.020269857595105835j),(-6.45542610287264e-05-0.0001300197043372973j),(-0.022792815355393365-0.00010771940473807071j),(0.9999507692347426-0.009922656239468348j)
(1.0171050812296547+0j),(1.021592688073458-0.0015803289647829193j),(1.0328688357247136-0.02715749198233223j),(1.0450235251316782-0.004905028573653748j),(1.0381614286100138-0.004062600889430619j),(1.042414923023477-0.00956381672557558j),(0.008428397273163144+0.010165542050464296j),(0.035529710513616565-0.04490104913689632j),(-0.07991536111902289-0.04191464148822634j),(-0.018805895705557317-7.69046032706867e-05j),(-0.04655701489614779+5.32426386860916e-05j),(0.9998709880058799-0.01606260701584605j)
(0.9837428438811379+0j),(0.980359480205442+0.01786005159160124j),(0.9682725167013557+0.026828739181007845j),(1.0021225465667067+0.024204880076375335j),(0.9957954675274362+0.017926590201822204j),(0.9941489062649969+0.02509019854409984j),(0.002767880812216424+0.031183184005499576j),(0.05314155552661142+0.037377524072871995j),(-0.09905865083658119+0.02669643428682561j),(-0.01059101427182114-5.0710628751344e-05j),(-0.052561341057775594+5.0132158929555e-06j),(0.9997381395872045-0.02288344936226102j)
(1.008149492707517+0j),(1.0203955932620148-0.0022471834416084436j),(0.9990540256042097+0.011454131228381962j),(1.0283457717423208+0.0020000803726011106j),(1.02008134105455+0.0020964609787881045j),(1.0210737245042958+0.00829122085290822j),(-0.022063745783377376-0.0262140940966963j),(0.04647396239770128+0.037006228763389534j),(-0.07613605546209207-0.041052850078615935j),(0.0031898602612338367-3.56719180718935e-05j),(-0.0416021629842928+2.4890618970798197e-05j),(0.9998759786726232-0.015748881657563708j)
(0.9995826559591553+0j),(1.0060540244494707+0.004341833129337599j),(0.9903731508814815-0.0023199139721596005j),(1.010615656907169+0.007474104716646558j),(1.0030845990167259+0.0029266432315798404j),(1.0133123769750676+0.006604383947617459j),(-0.01472967250325185+0.0025744020612270546j),(0.05680141114073199+0.00022254960214341678j),(-0.06496895191665154+0.006942748633969053j),(0.03131173569004043-2.24755990414005e-05j),(-0.06425842069323903-4.76762011656692e-05j),(0.9999430530905212-0.010671952773840867j)
(1.0011718207257714+0j),(1.008472076573432-0.010190082838850477j),(1.0015755674811235+0.005083748762225695j),(1.0141777768264646+0.016271504469129602j),(1.0086940243437563+0.009074973091372614j),(1.0217747016379792+0.010580569357554468j),(0.007506108107940417-0.044175551372603775j),(0.04217542962969424+0.0069872994828402285j),(-0.07089271738784235+0.0410351387688098j),(0.01815191127215451-1.8009090362009003e-05j),(-0.0717577365655741-0.000102039284582689j),(0.9999030301433639-0.013925886331547182j)
(1.0056532272606313+0j),(1.0162221594591252-0.007440568713495551j),(1.003957855132182-0.0022110774352338343j),(1.017760638917008+0.007080613532108218j),(1.009456713966432+0.001781332814671081j),(1.0226359728198058+0.00430916864203576j),(-0.010382066037863137-0.03381405633018653j),(0.04288314156814149+0.0019426534723655j),(-0.06877098013710847+0.010530748400498568j),(0.04006977097383859-5.90999256272998e-05j),(-0.06128199430923951-0.00016025142283771271j),(0.9999506466527509-0.009935001698300692j)
(1.012757967451638+0j),(1.0196504413932455-0.011230601979861818j),(1.0361655712487612-0.01026809896457325j),(1.0324605749749143+0.003510677592785583j),(1.0256802691472493+8.916254688105385e-05j),(1.0413048406949013-0.0010562876410483567j),(0.017306614116667462-0.030966648952465023j),(0.00723289635873086-0.024651899446397407j),(-0.06595954073150888+5.81189194323741e-05j),(0.018142047568562983-3.46443558558456e-05j),(-0.0581168543559173-5.82886973953447e-05j),(0.999912375578343-0.01323786860769707j)
(0.9939563547736441+0j),(0.9850168508410864+0.006071860622234435j),(0.9988966933923304+0.033338509857622114j),(1.0122154434384443+0.010836004755475451j),(1.002176753180306+0.007777280461859675j),(1.0118119478164407+0.021773488032743094j),(0.039687390279881586+0.009507051338280448j),(0.0012963103393037923+0.049183358108586775j),(-0.08115416841508778-0.019620185302973252j),(0.03164893825019453-3.3731900334114194e-05j),(-0.05691907229145314-0.00016006588100904152j),(0.9999131185017739-0.013181632981442589j)
(1.006287647600522+0j),(1.0052982589531783+0.0007934212470721624j),(1.0231657526505857+0.007522052482330209j),(1.0286679416450948+0.002469411860926199j),(1.0203820095409137+0.0015870546578683666j),(1.032562083922486+0.008228178674485725j),(0.02729525889414527+0.0031605392681812246j),(0.007378778392881222+0.007529158075178479j),(-0.07091342097684077-0.03171740839402338j),(0.014613226474482016-8.894779421807359e-05j),(-0.061829138451324435-0.0001631930218493198j),(0.9998901633042151-0.014820975928397569j)
(1.0035749491383628+0j),(1.0144531719363865-0.007453527367428832j),(1.016763306287614-0.001739756132014915j),(1.0149529790620313+0.012270994743077615j),(1.009791573368369+0.0055602873275782784j),(1.0236630230826715+0.004819641093554556j),(-0.0054286316002021-0.03363824304171301j),(0.013069772852392096-0.013097385968413845j),(-0.058765112717778324+0.03847036632249672j),(0.025587435503521352-6.07199973405671e-05j),(-0.04619427159698198-0.0001847261171083609j),(0.9999136411203277-0.01314192913877889j)
(1.004789365954349+0j),(1.0041949850952954+0.010677211292046924j),(1.0337798960293159-0.0005473899905891183j),(1.0274869482663833+0.000935132817915284j),(1.0170782582030744-0.0010990901924464841j),(1.0339465334006241+0.005040733021028078j),(0.017521950007907162+0.03712345754108313j),(-0.011845510372884638-0.019829676361349087j),(-0.07646401031613809-0.030360750719720102j),(0.03737494451354353+4.1230428091125005e-05j),(-0.05483629188004043-0.0001439146074665318j),(0.9998736163244377-0.015898156443156872j)
(0.9972006571712803+0j),(1.0061907480539094+0.004780245546144082j),(1.0226868344610234+0.021311135916540644j),(1.0166993409061231+0.017784459256608185j),(1.0073581096142645+0.010171279325583635j),(1.028233727969742+0.019161485371124755j),(0.0016837795094990593-0.007276465748045958j),(-0.010162125157205357+0.010881732086996682j),(-0.08688844372340623+0.0263336162057767j),(0.04351900938407141+3.89400488327276e-05j),(-0.06624718406428698-0.0001011404736610845j),(0.9997340961765814-0.02305942197874717j)
(1.0013351021708332+0j),(1.0106909098314782+0.0010401037106598902j),(1.0298464673562961+0.013562769808685454j),(1.0228802433863626+0.015607630963893646j),(1.0144044415277507+0.008825620813622079j),(1.0335424786216558+0.014432816290794934j),(0.005182983526432508-0.013084736474784385j),(-0.009898932141691848-0.0006853138180855964j),(-0.08635264327113563+0.02302206456753169j),(0.031120653403805848+0.0001365419957284445j),(-0.061918909577629-0.0001022763421580982j),(0.9997335563641677-0.023082813508179586j)
(1.0057315312587405+0j),(1.0192358008686444+0.00047437863353068285j),(1.049365595240665-0.006782519134923234j),(1.0269039457165658+0.01401972087860826j),(1.0212934820436173+0.006753212173286436j),(1.0475911732823866+0.006392447852177449j),(4.9394725684508404e-05-0.006901193991192564j),(-0.015289137459680685-0.04750984241338652j),(-0.06862953252373055+0.04198342904699548j),(0.023558068545575187+9.481213445679399e-05j),(-0.07569169527281147-0.0001053387400054695j),(0.9996943742310697-0.02472161262438302j)
(1.003995746489699+0j),(1.0169259459798012+0.01989646566562164j),(1.0457626937413689+0.0052998868744693626j),(1.0320432298562687+0.005672673742648245j),(1.023079973238662+0.0034600424097671703j),(1.048312961283492+0.012732827100325386j),(-0.017585721457407177+0.045737422155809844j),(-0.012255343442993328-0.023763958289006012j),(-0.07426177093107844-0.02231023667337065j),(0.025671931447973403+6.27677883583576e-05j),(-0.08415981646925652-1.8126421012740803e-05j),(0.9995464940479922-0.0301132236130096j)
(1.0212683115007266+0j),(1.0403147833697883-0.008932823292984955j),(1.0627895357329562-0.010956504554809572j),(1.045627903521825-0.004589613536497167j),(1.0370718845378106-0.005357192931696152j),(1.0623950501601296-0.0025651973033510023j),(-0.009580877756580833-0.032230888672947544j),(-0.01552604123143655-0.030783272801767642j),(-0.05733518609424733-0.033745797016634j),(0.03396568829738938+7.97101503732323e-05j),(-0.07060724576326523-4.7897031393731e-06j),(0.9998265694419987-0.01862340027610849j)
(0.9983920081759888+0j),(1.010116216136044+0.008761013019613309j),(1.0229544677788593+0.033807719907337754j),(1.011857069056228+0.007778200229498075j),(1.0048971196544323+0.005728567122853435j),(1.0300949432316164+0.023313614373529693j),(-0.010384120248506828-0.0031223896135821787j),(-0.021729837777243494+0.03780980924963568j),(-0.035212943048599066-0.013723824156118744j),(0.04526207219262824+4.1912451702388e-05j),(-0.07782138769679603+0.00011317434381071979j),(0.9998159429063741-0.019185419209337626j)
(0.9985565993167371+0j),(1.0072500353928902+0.006700942828706449j),(1.0329784238494313+0.025596611768674282j),(1.0142629819905566+0.011440999954580349j),(1.007627812877143+0.007243872748630968j),(1.0338025029263331+0.020133597498213782j),(0.004584486978557059-0.0007685652261741538j),(-0.0322785711791946+0.013987709253665647j),(-0.04637774889830632+0.007904450773944539j),(0.04120929941470041+0.0001034777504162089j),(-0.0741680848665636+7.30565171051303e-05j),(0.9997884377239548-0.02056890355594718j)
(1.0054732318570023+0j),(1.022066678694615+0.020038722591197364j),(1.0545755119103655+0.01892284590126664j),(1.0367586223807685+0.004541608674918254j),(1.0247710621039572+0.0028258332280038834j),(1.0537876903816215+0.01791904937381303j),(-0.022172981947600423+0.03742438125617211j),(-0.03455330331218316-0.0023201024230862545j),(-0.08417159453566397-0.0417871668738037j),(0.04501962581978802+5.07600195620068e-05j),(-0.08413311097810348+3.67688844786339e-05j),(0.9994572984165954-0.03294098726208078j)
(1.0143225655129366+0j),(1.037519634540222+0.019813923013194495j),(1.0754418103752306-0.0032881188368440984j),(1.0522461037634658-0.00034659248543303926j),(1.0406354306962784-0.001062858985884206j),(1.0732485072161215+0.00816739058500023j),(-0.035229963822670386+0.04468948066984968j),(-0.02677745771802672-0.044657095550144375j),(-0.08936394084081485-0.0499525741882957j),(0.0318722425254105+8.38491406883244e-05j),(-0.09806752860132155+5.57249221141018e-05j),(0.9992803186388246-0.03793210752237585j)
(0.9950662382803285+0j),(1.014991664553445+0.027654447465900053j),(1.0318908579996944+0.031729693188086903j),(1.0175922412316856+0.011586380643782255j),(1.0080711203908013+0.008232478285702869j),(1.0342322826673787+0.025913977632033586j),(-0.04792413253391339+0.04289755487036106j),(-0.02773899885697221+0.017259194927161048j),(-0.06638343865535998-0.01420214880976998j),(0.04496943762871091+6.82221687907386e-05j),(-0.07283251035642349-2.3096650674833e-06j),(0.9994502245332844-0.033154919399199165j)
(1.0082175114700533+0j),(1.0418216468260986+0.016627356362926313j),(1.0541052005300677+0.03298005257161143j),(1.0379120558796116+0.005013007253894732j),(1.0268225011979262+0.004299634523625653j),(1.0587676851876626+0.024251235527413324j),(-0.06638192034850536-2.0083033869582e-06j),(-0.0313367271780448+0.029189629604023125j),(-0.06933701696082165-0.047138489535604025j),(0.04652788380069772+0.0001202072768839459j),(-0.0908490111416152-2.31361059349511e-05j),(0.9992691902707229-0.03822414650052809j)
(1.019766776219063+0j),(1.0573786147136541+0.009920018773075998j),(1.0779715919757888-0.006491499995415964j),(1.0549972501354352+0.0005981713378664922j),(1.0447139703144714-0.0010500229529765283j),(1.0761845580845926+0.004734747939945595j),(-0.07091779169755803+0.0002642738922440344j),(-0.020782155121510822-0.042853103148008324j),(-0.08291415777960809-0.03440037101047143j),(0.029946385621062676+7.92392068765739e-05j),(-0.08414912424815942-5.16061265948814e-05j),(0.9992330072235119-0.03915861686853792j)
(1.0074663559831956+0j),(1.0491776942114466+0.010836473038194724j),(1.066484048204264+0.013253348932796215j),(1.0370089909961522+0.01828613451856762j),(1.0297266968082148+0.011133012659625227j),(1.0629777629819808+0.018154968578612134j),(-0.07984854601465773-0.018384709297057853j),(-0.03344307316099506-0.02462608249784324j),(-0.08156340262548652+0.032569702518434475j),(0.027589464172643643+0.00010047812524357911j),(-0.08043793318351787+2.3049799385068e-06j),(0.9989769597316-0.04522205131801561j)
(1.0103048046548513+0j),(1.0434475152327558+0.01968963516909161j),(1.0560127438516382+0.010354808925785063j),(1.0367698015395173+7.632300650597906e-05j),(1.0238836729300724-0.0018439490005251664j),(1.0589090117380546+0.013489136678797342j),(-0.07534593334762499+0.02183503026820229j),(-0.019197905582560643-0.010256470863344917j),(-0.07066526074356969-0.04327436586784033j),(0.07109437825873967+0.0001135430456176364j),(-0.09027597498477663+2.9262479845130002e-05j),(0.9994634521796915-0.03275374416846922j)
(1.0092199271806603+0j),(1.0369145904340988+0.019790843098738433j),(1.0501951602448345-0.0030469308284088305j),(1.0273651724243162-0.004236237391436025j),(1.0136580216143016-0.007119938574125768j),(1.0461754335499707+0.0042684828770683785j),(-0.07209248757673697+0.035236005847453435j),(-0.025250391611071447-0.031561219816284486j),(-0.06088826524550376-0.03663021870933679j),(0.0947407997698092+8.01047327094218e-05j),(-0.06191374686546018+5.66467078204789e-05j),(0.9997628450769455-0.02177736447900938j)
(1.0006344260324012+0j),(1.0353279137280038+0.025000941345277337j),(1.0435850994283942+0.028657196868312335j),(1.0210163377761066+0.008305768901981075j),(1.0109705288821822+0.004940743597091184j),(1.0402452464272698+0.0220466556043036j),(-0.0893858802185734+0.02206342389074638j),(-0.04097799040959305+0.012481425079359973j),(-0.05716940802098848-0.0160753733862459j),(0.06135425742868246+0.00014510350590631272j),(-0.057603425156415713+0.00010313185789952251j),(0.999400970936575-0.034607792345527535j)
(1.0063031110994272+0j),(1.0378898541938766+0.027351685003677285j),(1.0492897791229903+0.010776843129740083j),(1.0290292407225847-0.000998904279033126j),(1.019272887962762-0.00121721821566465j),(1.0422715869362542+0.010886875101797385j),(-0.08939219681485588+0.04485462711336672j),(-0.03613902543297896-0.012270647141697368j),(-0.05379318117747339-0.04436947865903528j),(0.04617139133497536+0.0002010601499200138j),(-0.03914375391097981+2.7415493818186298e-05j),(0.999506320539501-0.031418389544795165j)
(0.9982252412320766+0j),(1.0229616854674193+0.014553839218939352j),(1.0177545653429334+0.02510576540392343j),(1.0063741692952586+0.006385163297123482j),(0.9972554033029569+0.002406162127128809j),(1.0184800191934837+0.016717451458017302j),(-0.06722801384677662+0.002059154926039227j),(-0.022614567032907196+0.024429712460236296j),(-0.04088262566455676-0.005261393542023463j),(0.07142313269639332+0.00013578432001951952j),(-0.035585420176977064+0.0001149730083978833j),(0.9998318227754938-0.018339197513351176j)
(1.009120398805851+0j),(1.0234894800576755-0.00370788140454147j),(1.0346116471970397+0.007045762626072021j),(1.0163669319781286-0.003598467315462192j),(1.0055421411549978-0.006538905174837617j),(1.033296015218081+0.004483217622779679j),(-0.01648562191317188-0.024685016057062442j),(-0.02695839611486196+0.0033669498226117016j),(-0.03423470002583143-0.022078867974520973j),(0.09262602573459491+0.0001168431348196925j),(-0.053112685156071364+0.0001146323996744075j),(0.999985455111307-0.005393474374858968j)
(1.0064283442539914+0j),(1.0245993093970074-0.002296851284968796j),(1.0327069546197893+0.02635346198529015j),(1.0195757887637285+0.003534255568801522j),(1.0094134097086656+0.0005454959285212216j),(1.0366718814983171+0.016094119467098565j),(-0.02015129792466152-0.03633488688509287j),(-0.026757006865596396+0.033480669563640854j),(-0.04620471629633229-0.01963803832818056j),(0.07272749366753097+4.44407732028812e-05j),(-0.06661885293694224+0.0001235390932848033j),(0.9998842882172857-0.015212171975488756j)
(1.008005478663224+0j),(1.023407535407651-0.00785218105603999j),(1.009566944789248+0.012940384111749654j),(1.0117164342770595-0.003775792416316789j),(1.001460361643686-0.005697817231827228j),(1.0178929723933796+0.005216305318127113j),(-0.029243086762390985-0.04432246260396721j),(0.0019918731676971733+0.03280795764021848j),(-0.03482155447939263-0.029139444823274213j),(0.0800091686246583+0.0001361491738005408j),(-0.034579269965963375+0.0001406846675636271j),(0.999998929745603-0.001463047384243977j)
(1.0016756389889867+0j),(1.0099507872476727-0.00863438180933053j),(1.0047186646426318-0.005197725384178571j),(1.0009741103653913+0.006441161730833441j),(0.9942568786989133-0.0006348530779487525j),(1.0128863300606492+0.0013849123061487j),(-0.007985843251704918-0.03315581833269262j),(0.016303204253001236-0.011405374907626595j),(-0.034743438028273003+0.03530155812233568j),(0.0692644316713382+0.0001470959510478499j),(-0.046855016013440096+0.0001081919832620121j),(0.9999999892496353-0.0001466312695020623j)
(1.0079384423744941+0j),(1.0091989791505254+0.005839202440129997j),(1.0349788373941833-0.01650603825170081j),(1.0202559595451155-0.005789603228085182j),(1.0113057586227165-0.007631478196741428j),(1.0329880133093254-0.004343181320493162j),(0.009745811630908251+0.02994737870737325j),(-0.010134077503312206-0.04309432672444312j),(-0.04195351866359656-0.024010275229397863j),(0.05877591598228506+0.0001418987107367705j),(-0.05445299187013546+0.0001181706617775873j),(0.9999844648110194-0.005574059258664214j)
(1.019230022296769+0j),(1.0337450762414728-0.007634613692372191j),(1.0562648387000277-0.013055322296617993j),(1.044593505367363-0.0029393937808711024j),(1.0348459297856654-0.00469227732921284j),(1.0592856332121867-0.002373536598857451j),(0.0009735150396029768-0.023401264017889067j),(-0.003773823336098024-0.0334746979251464j),(-0.07083421761427064-0.02988689571675222j),(0.03710406224870137+0.0001620003647133963j),(-0.07654077756160459+0.0001169628245276954j),(0.9998402093155389-0.017876124743898106j)
(1.0067078603760198+0j),(1.0227300675700426-0.004253433488794724j),(1.023991455735656+0.030642494250733777j),(1.0235979509824111+0.004736180394681771j),(1.0151398897732826+0.0034654799882639508j),(1.0343314145257851+0.01812687397420025j),(-0.013465074322353133-0.04303233888402883j),(-0.009880727200315013+0.04926125701611445j),(-0.05161020112527182-0.028371148607015926j),(0.039657850782178566+0.0001536607337397148j),(-0.06434667755964389+0.0001354829710833006j),(0.9998438920569727-0.01766894214051062j)
(0.9873403087680046+0j),(0.9985894030296545+0.0173092595527022j),(1.0030714149012334+0.04500880222063503j),(0.997948681864271+0.01793728534128579j),(0.9879144637696157+0.011104306190146405j),(1.0107609252690128+0.030830002318057794j),(-0.023812190119931454+0.011037747372678808j),(-0.02042942868975576+0.04953456478082345j),(-0.06331629022403056+0.015631017460857738j),(0.07019662324621667+5.2752794649042795e-05j),(-0.06220371993240177+0.0002141826356276334j),(0.9997811737295281-0.02091900227083409j)
(0.9927667851951633+0j),(1.0024778505939844+0.015433739210315047j),(1.0117653505447046+0.01430801507921619j),(1.003648061510754+0.013452076921278552j),(0.9924606550601958+0.0051941454895396j),(1.0126404722938949+0.014563887488372885j),(-0.024520429060455054+0.02472994920982445j),(-0.012367921342995372-0.0016636121530698702j),(-0.0758966710097453+0.02418905193859593j),(0.0765203761433126+4.3292729163474004e-05j),(-0.04221115823713623+0.0001641116491024474j),(0.9998681275476131-0.0162396894807135j)
(1.0051485372501097+0j),(1.023648685891059+0.0025999414354522955j),(1.0374892192190444+0.005245968707460007j),(1.0210938335048034+0.008509919660933368j),(1.009696153069167+0.0013670681852157884j),(1.037029596282196+0.008724132838174541j),(-0.026555910590538183-0.012620228608825135j),(-0.018428089406812502-0.014338345958962606j),(-0.07442741184418437+0.0135737878411447j),(0.07697580324318606-6.0072114323659e-06j),(-0.05985481534719794+0.0001986003353106773j),(0.9998278169876227-0.018556302912082722j)
(1.0145080175174528+0j),(1.0385030829074375+0.002146459582756017j),(1.0420368189705573-0.0003875494155756861j),(1.0349529222886686-0.003500698015061335j),(1.0215488641077286-0.005938107683592292j),(1.0486875377481952+0.00382732856025855j),(-0.04389190944680087-0.014092039173348496j),(0.000690259670576614-0.007508160600103978j),(-0.07251790834958265-0.04018633983449857j),(0.0772902562592119+2.65577906043855e-05j),(-0.0714182104652285+0.00016917157308767692j),(0.999834146774802-0.018212054884160493j)
(1.0185957211501022+0j),(1.0444045009550562+0.0076499616862857394j),(1.055656149273885-0.01797705765978265j),(1.0419660364659868-0.008622104652602318j),(1.0292457179127166-0.009749958439765167j),(1.0599926837374964-0.003395257521289926j),(-0.05180703218516717+0.011744466732472873j),(0.0032741858665337343-0.04441108795443094j),(-0.06656070040397052-0.04946111866548655j),(0.07078101342258518+1.70152218577586e-05j),(-0.08265655742368692+0.0001125622047868901j),(0.9997919343292825-0.020398236446116547j)
(1.000211958064275+0j),(1.0213931569865191+0.02295623395510533j),(1.0349904118012583+0.005493510953908483j),(1.0202316181903304+0.007801075597755336j),(1.0080631250274747+0.0019386443443090674j),(1.0410416878607116+0.014241924731841434j),(-0.05096892151008672+0.04182404143650993j),(-0.0023039861158869156-0.02304187755650378j),(-0.07559084165376907-0.002293145910037808j),(0.07669247223357437+6.908684041300351e-05j),(-0.09133289870882194+0.0001064393699133758j),(0.9996332539520707-0.027080575939127913j)
(1.0165079101182912+0j),(1.04594295674616-0.001270911346784986j),(1.0464965734865703-0.016440921284169772j),(1.0335624186510837-0.0018215719800275866j),(1.0241969592552718-0.005357047445237751j),(1.0489153579507988-0.0037917486525848917j),(-0.06008650835978817-0.02263237902983323j),(0.003792928944583292-0.0393012558560028j),(-0.05675192003139141-0.010249825807022326j),(0.05714423884253043+0.0001556987857352737j),(-0.05674743703440427+0.0001412649638922237j),(0.9998314125480717-0.018361549012205807j)
(1.0040782278960434+0j),(1.0267394353760926+0.018231940427012414j),(1.033172121781925+0.007691019174940753j),(1.026481882537144+0.005181646730624285j),(1.0167272031700263+0.002320354915830577j),(1.0375926287968933+0.011625987545289443j),(-0.05514092375384274+0.026508095633622372j),(-0.002522084039717698-0.008915893057427801j),(-0.07159103602829044-0.01952537393533555j),(0.04009183792922069+0.0001379324258900322j),(-0.0595572354064706+0.0001667740561276281j),(0.9996153073158176-0.02773512898660407j)
(0.9883102004340758+0j),(0.9973243811691889+0.015110301596068517j),(0.9922205968549869+0.03287890593907409j),(1.002632409613451+0.02036123592851619j),(0.9956113938545491+0.014089685759182598j),(1.003768678201233+0.024702458411677872j),(-0.02295372615155689+0.011279951511861796j),(0.008120307828671944+0.03806706278872987j),(-0.07639103120092168+0.02428063106265066j),(0.021969167777276026+0.00016162794281737868j),(-0.039531741962939244+7.3884666749459e-05j),(0.9997367985694254-0.022941961253478818j)
(0.9963179689605343+0j),(1.0102337441876281+0.004011068670491412j),(1.0066475424423549+0.014168504003546266j),(1.0112465314213583+0.01897459895495905j),(1.0060846256214266+0.011995079072524822j),(1.0130411747109478+0.013930091471712062j),(-0.025687340092201964-0.014382127230896656j),(0.008804783005001407+0.008059631459229123j),(-0.07477802113992296+0.04024660822504467j),(0.009043971314279323+0.0001619946472249775j),(-0.027719645565944938+4.1142564669876206e-05j),(0.9997580584632275-0.02199601186210014j)
(1.0070877599790353+0j),(1.0228066925656147+0.010759749636950828j),(1.0102458585924272-0.012515233807760382j),(1.0269965660583134+0.0010973967208310377j),(1.0190012378029065-0.000513100846973618j),(1.020989958361409-0.001524908162772775j),(-0.04788410385713014+0.020673139901311557j),(0.038584517881972924-0.02059452210601381j),(-0.07785880604609803-0.023021468274300703j),(0.007550257165354218+0.0001392509174510522j),(-0.023014597935415815+7.223371365139359e-05j),(0.9998297068703023-0.01845419355174909j)
(0.9908510962028034+0j),(1.0062929053842902+5.3571924987706905e-05j),(0.9649747745564036+0.023381892475012055j),(0.9971499355488022+0.02207219340970444j),(0.9910229796738038+0.013803424351960388j),(0.9872378955278293+0.017182529810972343j),(-0.04628332884385773-0.03879605439267056j),(0.05050859102547582+0.04688677267061164j),(-0.08057387580932425+0.04677014695100616j),(0.018472473063044927+0.0001702233622765136j),(-0.01358610639923817+9.7626437966782e-05j),(0.9998904689754746-0.014800339590884079j)
(1.0140852087300338+0j),(1.0308811172818433+5.2434416982346384e-05j),(1.0062543792970209-0.022604151814077097j),(1.0330365838238411-0.004435028792106136j),(1.0254795151933-0.004467435433321254j),(1.0215203340280996-0.009419238158954691j),(-0.04803885529280802-0.005714365572280187j),(0.05812447708769217-0.02151610385666015j),(-0.07530162065420959-0.036034805095089315j),(-0.0021690264025721806+8.60328129478824e-05j),(-0.013646287745002605+0.00011842736423240049j),(0.9999174527787262-0.012848643060797617j)
(1.0061087034357423+0j),(1.0088065379790752-0.0017262216188009072j),(1.0037275706482356-0.020002046643033115j),(1.0234725803625129+0.0052981202055404075j),(1.017034801385204+0.0014760957424796585j),(1.0125393662693323-0.006417705841925164j),(-0.002188189928954936+0.0014501298459196263j),(0.0404254423863103-0.030488917711293095j),(-0.0847686303983831+0.005296891857543308j),(-0.005257037704644665+0.0001864295149394361j),(-0.009482959425906044+5.7377966128800405e-05j),(0.9999439796183711-0.010584782707952935j)
(1.0059223311384107+0j),(1.0134543629789876+0.007441619353171515j),(1.0078584756494253-0.0035444189631778063j),(1.02876821323693+0.002534248403349332j),(1.02007136466506+0.0013556041816367218j),(1.0144194380308544+0.00035997686891226145j),(-0.021500093509341688+0.016209331253024352j),(0.024620730271943166-0.0031880764280820344j),(-0.09270178198723145-0.030861149730182676j),(-0.0037519387744866625+0.0001505501083688029j),(-0.0009614738275785384+7.36715919608511e-05j),(0.9998533568001275-0.017124978701207463j)
(1.0078354479496414+0j),(1.0217815920310587+0.002065705927055383j),(1.0254232438728068-0.01164553629547667j),(1.0307198892022955+0.008091034395055664j),(1.0230040600054462+0.003426382635177788j),(1.021031436614641-0.003290242047439952j),(-0.02885172995174747-0.0013293197088884768j),(0.0017076456790611784-0.030946356621743106j),(-0.09769339868355692+0.006931772946341517j),(-0.0006710662702933978+0.00013003233071741548j),(0.01169916815872023+0.0001316007794885439j),(0.9997895548957872-0.02051452951650795j)
(0.9893336516888208+0j),(0.9960062048761681+0.023504681576882534j),(0.9788029555720701+0.03093701555335517j),(1.0128515007147365+0.01629845957795912j),(1.0022545199968742+0.01253195602348951j),(0.9887323417358538+0.01946163660434253j),(-0.03891190736114639+0.03862134865465733j),(0.019037283565857693+0.04782417604547789j),(-0.12029130406545004-0.016633610641026024j),(-0.0024009372620106477+9.551311848221509e-05j),(0.017196098303531866-1.5924506582973502e-05j),(0.9996694958974904-0.025707955423512556j)
(1.0233116152190795+0j),(1.0496474514305094-0.011960611817707158j),(1.037905406773907-0.0303365132615607j),(1.0511105110867316-0.0007251871221060671j),(1.0421829560704483-0.003405046896482536j),(1.0344502302071665-0.016806019539760728j),(-0.056868345464441306-0.04358470545940617j),(0.017883947524638132-0.04552192426518114j),(-0.11071549411310287-0.01776656146761654j),(-0.010802430733618855+8.195110492278029e-05j),(0.031449190476664945+3.91102737480319e-05j),(0.9997991428374313-0.02004180584522181j)
(1.0131527816468595+0j),(1.0381746390991555+0.003911402115398667j),(1.0182972909807784-0.01804575166173927j),(1.0357537339485496+0.0008226739299132319j),(1.0278966982350275-0.0009651051134893909j),(1.0192279197600354-0.00858572060606751j),(-0.0739388184901006-0.00517353903102785j),(0.025188039722397557-0.026524054973110098j),(-0.09244277832312303-0.021011130125084394j),(-0.00851779810704692+0.0001149887337535308j),(0.02790908056090252+5.01038806438186e-05j),(0.999782569494057-0.02085218779555522j)
(1.0129579617439612+0j),(1.0398555256869895+0.003890796782420371j),(1.0309360906692306-0.021490518361124682j),(1.0396469770315548+0.006565802320164148j),(1.0318786740687298+0.002280456080593393j),(1.0291775086980977-0.0073804448109877595j),(-0.06928797009523789-0.005244576402674717j),(0.01753910422362988-0.045619871180603j),(-0.10553616957418228+0.003060872687033701j),(-0.010072016384504216+0.00011536275012979171j),(0.013081111065934252+2.69530842790408e-05j),(0.9996346967849663-0.02702726370960212j)
(1.022486993813855+0j),(1.0534186531833845-0.006544857865498691j),(1.0352289954094511-0.0272004304689571j),(1.0509228925330012-0.0010919655251567374j),(1.0425107398728444-0.0027931425588822354j),(1.0388651066709451-0.012955675587960387j),(-0.07314218106436471-0.0353316988857058j),(0.032556027573286614-0.039616950903600526j),(-0.1028289711139625-0.02484765395110325j),(-0.01307636920959041+6.51609514502874e-05j),(0.00799114647521838+7.65200489293305e-05j),(0.9997135587851036-0.02393324844694593j)
(0.9789576997309225+0j),(0.9896089001173175+0.02989454224541357j),(0.9604523713376362+0.021277779650687813j),(0.9877538397525082+0.024609617956445576j),(0.9813810589865516+0.016191277942239304j),(0.9717487778510762+0.019108517888385197j),(-0.06624506424197034+0.04974705225141697j),(0.034460790780237914+0.021942661818088814j),(-0.09044779784553464+0.04602938509309027j),(0.009842291954578674+0.0001040661291989089j),(0.014378785047485075+5.6760842111095204e-05j),(0.999755221758937-0.022124569278036577j)
(1.0061055001875465+0j),(1.017251880237423-0.0024094085841755973j),(0.9917483474625283-0.007123608482033444j),(1.0181865359846145+0.0024506962917169328j),(1.01194673096009+0.000429970296295705j),(1.0052878346006662-0.002470100914484052j),(-0.03292526147597792-0.017534414808103575j),(0.0460924636413023+0.003509368248806524j),(-0.0666850049767067-0.010726840127683955j),(0.002716306989526585+3.9714123935025294e-05j),(-0.0006152585223732787+4.36199927970541e-05j),(0.9999618199822174-0.008738339536277813j)
(0.9965435000246833+0j),(0.9973731575371247+0.015402302396244185j),(1.0062203907459801-0.01583854996897822j),(1.011783271345016+0.009900860655114413j),(1.0059151692449784+0.004461706685988118j),(1.004967317164018-0.0015811149728215785j),(-0.011827544713603332+0.04939608809578402j),(0.013793114589555105-0.04490845833644183j),(-0.07835861866099994+0.022971939874427128j),(0.003725676317960413+0.0001576978037732415j),(-0.0016738000519542205+7.9313084135089e-05j),(0.9998909360056883-0.014768753964651452j)
(0.9983604444965933+0j),(1.003761001250819+0.016885136468963176j),(1.0133291837944416+0.016331444570861973j),(1.024461973916376+0.009830211943982729j),(1.016845735749837+0.008245665927357915j),(1.0141367799883099+0.012383646036451177j),(-0.014109619170763959+0.035268887002328206j),(-0.004968701901525044+0.012738078404285489j),(-0.09272098218545302-0.02224304551042323j),(-0.013766868617641191+0.0002183923231299468j),(-0.005342974527502158+1.9234249346166797e-05j),(0.9996741562855733-0.025526089687361083j)
(1.0112462223793925+0j),(1.0160947128829405-0.003829468405871162j),(1.0274551801240122-0.00817950430762039j),(1.0353640564735223+0.0021729134695069267j),(1.0295733091390984+0.0014667635558534065j),(1.0219840910940021-0.00481152069147689j),(0.0031036116001211724-0.007649767677498801j),(-0.005660251680481454-0.0167322269108048j),(-0.08249326695862841-0.021617094359582707j),(-0.025833510314808884+0.0001573233067240015j),(0.018471622670463216+1.18476678734239e-05j),(0.9998755861114443-0.015773785160694664j)
(1.0008208500701479+0j),(1.0042928433383334+0.006287194288433333j),(1.0073188281589986+0.01532121968108935j),(1.0295842610903316+0.013000374435821967j),(1.022987236046356+0.011010013863348904j),(1.0102496582059939+0.010036744993395604j),(-0.0013650471141648357+0.006541375058553825j),(0.006285821591658662+0.020566506450815914j),(-0.10920040260333676-0.014093638185589669j),(-0.04059659893596022+8.50359639407606e-05j),(0.01311839440177624+4.3606217807711105e-05j),(0.9996842933286434-0.025125956141227222j)
(0.9814132644106327+0j),(0.9732742949514749+0.014977625234864931j),(0.9736850713647915+0.027287489666040794j),(1.0022174018135928+0.030728627461660545j),(0.995772725061188+0.021807298569403586j),(0.9803522615549328+0.020927352662776618j),(0.014468666055615153+0.028775320927873226j),(0.015789039752879357+0.028185717706095504j),(-0.12707772480895788+0.04969686276339505j),(-0.025760642438780217+1.06619018639152e-05j),(0.014566899937133799+4.3418998400905005e-06j),(0.9997223400458428-0.02356359083977051j)
(1.008085056612371+0j),(1.0128985866730793-0.008393583391060142j),(1.0152791095725395-0.007535457070704957j),(1.0352381342176384+0.01238335322551162j),(1.0267088613817807+0.006846304711879285j),(1.0155519293251116-0.002582634778600657j),(0.0055068647895412486-0.02515385736105135j),(0.014677670633827685-0.01374807033385008j),(-0.12690992555339886+0.010607395754997428j),(-0.019247372603848602+0.0001034468709616551j),(0.02015842863563925+1.44724167129101e-05j),(0.9998253654129542-0.018687928639968678j)
(0.9948399485121519+0j),(0.9934721817272757-0.00031682891413317905j),(0.9871059190355613+0.0006520543104812634j),(1.0145738055481197+0.021993180507756453j),(1.0071226881030169+0.013137113980175379j),(0.9950305819372486+0.005448254315898787j),(0.007974969211996311-0.005540819049881016j),(0.033517782612311815-0.00332031405981499j),(-0.12476103173949385+0.04590308573189654j),(-0.012008449350976011+4.6064252051349395e-05j),(0.010682951370950294+4.43822915471422e-05j),(0.9998575130983611-0.016880565771345283j)
(0.9868774612493848+0j),(0.9719631869217857+0.009917200106844807j),(0.9696559268473294+0.013002280626017874j),(1.0039041330532799+0.01981566408433008j),(0.9980777137513708+0.014161724256840265j),(0.9789225636498974+0.010981213860489777j),(0.029088936686982255+0.030507145230489897j),(0.030521090430499002+0.018972338597074444j),(-0.10680933080444645+0.023580863465152122j),(-0.02793914972254596+3.2109656415759003e-06j),(0.017855172270574322+7.90333316976304e-05j),(0.9999189279852791-0.012733320728313955j)
(0.9956085086140185+0j),(0.9873836501820342-0.0012588222914187795j),(0.9954647414320407-0.0044027616843427715j),(1.0169074418897903+0.021092709984709204j),(1.01240741745388+0.013698715014520791j),(0.996783545051762+0.0023214181310255875j),(0.030472093719507348+0.0033457447535156534j),(0.02006153509779846-0.01736551236129803j),(-0.1144145588483348+0.04663479732062379j),(-0.03960982082266503+7.89079116927151e-05j),(0.020348915728124077+4.8230194564244304e-05j),(0.9998662070247849-0.016357507446737283j)
(0.9933498032404455+0j),(0.9864444332510425+0.0027803477398974604j),(0.9880030843527758+0.017015955489197754j),(1.0189273306950646+0.022038118924787214j),(1.0128143929808497+0.016496284017379598j),(0.9958338401683005+0.012795909184252977j),(0.02602979736240482+0.0023215134629729663j),(0.0216097838886438+0.02362774876852364j),(-0.12370632572833981+0.02115472252525556j),(-0.04307012471467084+9.24209252443586e-05j),(0.011981912038939786+6.69069120872559e-05j),(0.9997710420662959-0.021397743938856812j)
(0.9953895193623011+0j),(0.9845929843746917-0.008665878325299064j),(0.9928748258502368+0.011374802440599997j),(1.0140877516416722+0.021305017943851187j),(1.0120425163458955+0.015814806174991456j),(0.9971911853030725+0.008740981552079504j),(0.04765231990910401-0.022965781272441522j),(0.01301936086570108+0.014176596318738256j),(-0.09167589350162156+0.04074954601805821j),(-0.0509533858744325+0.0001311012124199859j),(0.010463978493047293+0.0001438933322490876j),(0.9999008178165228-0.01408383931492952j)
(0.9876435187579369+0j),(0.9606763883637015-0.01677375657857214j),(0.9625544717798916+0.023315635426093835j),(0.9919061286425568+0.020698899033391276j),(0.9884364517385911+0.01384508556907317j),(0.9774147210384413+0.013591184683419475j),(0.08673908536746083-0.03847076331770327j),(0.02572133538660972+0.04711689451035441j),(-0.07066126341332128+0.046190961003976766j),(-0.0061787711322453375+0.0002248794248212181j),(-0.010189859580522632+0.0001886983844246417j),(0.9999903408643408+0.004395244932833199j)
(0.9952119810794203+0j),(0.9691589455965971-0.016194349693559974j),(0.9696742397679669+0.002868088786805191j),(0.9990504254059861+0.008958118737500085j),(0.9966403217391383+0.005776582192397452j),(0.9839679659994731+0.0017311939355582825j),(0.07975599707962538-0.025033461828908078j),(0.03754850606982322+0.02139562525341441j),(-0.05105158511186191+0.01805916684860569j),(-0.01510682464213174+0.0001917273333973398j),(-0.006787211367038316+0.00020819889650050262j),(0.9999601723743822+0.008924890195175027j)
(0.9798047022341367+0j),(0.9414020677120517-0.0015194270279294394j),(0.9465384596662605+0.019487912164268442j),(0.9763429041353546+0.014506191074602782j),(0.9743038847588695+0.010174782705159004j),(0.9597197045043608+0.011738364313571175j),(0.09123612081269679+0.01741607925405598j),(0.026649758120382706+0.038992289601917286j),(-0.0419298477993449+0.02981356869945328j),(-0.003335662840764817+0.0002506839325240568j),(-0.000716161616495955+0.0001905329905859625j),(0.9999216436986182+0.012518245206638539j)
(0.9928257796846198+0j),(0.9535306999162088-0.003124266181442496j),(0.9721022808967353-0.029499896527314513j),(0.9960572928090698+0.0035358632453676626j),(0.9912864276254876-0.0010464235632348922j),(0.9820111764376824-0.011172165169154516j),(0.09757832268596738+0.04215960014053174j),(0.04607478762082927-0.04279866578105654j),(-0.06051243083125263+0.02039110044186313j),(0.006182153582518009+0.00019934918466066982j),(-0.013796388977265575+0.0001883409684609644j),(0.9998832819472152+0.015278170128186823j)
(0.9892427751536406+0j),(0.9572409101972452-0.0010691024608839804j),(0.9811681725955373-0.007421476105675094j),(0.9991445872861623+0.015193450822639763j),(0.9958250663845031+0.00900785647438931j),(0.992689287953264+0.003683397021839493j),(0.09249669353799339+0.028812292231917048j),(0.034471315328815894-0.019784015013856588j),(-0.07077910322729497+0.0413523836001663j),(-0.011293735830602069+0.000233308008629907j),(-0.037701725040808334+0.00023296004794022071j),(0.9999997098634255+0.0007617565653397178j)
(0.9973468475472475+0j),(0.9757958198350408+0.006348124361383996j),(1.001797281078351-0.011017099719171811j),(1.0154059128172133+0.005837873670119211j),(1.0086787054960913+0.002841003730567546j),(1.0037153712406548-0.0014438022441891755j),(0.06028361993648921+0.046618000403595476j),(0.013615893288865404-0.02689659336673202j),(-0.08393671099596846-0.003976003850568041j),(-0.006421648427709839+0.00023188419574602688j),(-0.012278804021817894+0.0002244984273305739j),(0.9999854159856777-0.005400723650681572j)
(1.0071406176544049+0j),(0.9947548461931476+0.0007961112103574727j),(1.0241570002649525-0.017418923159147694j),(1.0263897685388672-0.0024804570540069796j),(1.0174698963696944-0.004133753223203283j),(1.0227178943692599-0.006519828377992069j),(0.04793754862329255+0.029324262347180143j),(0.0002443987172551032-0.03669570651313148j),(-0.07569410982487543-0.02654954698194089j),(0.020191249309574867+0.0001916903662546209j),(-0.02582760872878422+0.00019731692448405792j),(0.9999887656158188-0.004740109930265312j)
(0.989100095091473+0j),(0.9739981189406832-0.006485838233721057j),(0.9862374980893824+0.03243444776153446j),(0.9987768870588849+0.02024853345333987j),(0.9943235854932412+0.014198054444749465j),(0.9948745276071532+0.0201130571474077j),(0.06059837814454043-0.0230438429683436j),(-0.001929733669836829+0.046475178888428316j),(-0.06655920141004129+0.03439392905330287j),(0.0047341815037196+0.000125147424468513j),(-0.027390674522635022+0.00020331949284664168j),(0.9999753514763585-0.007021142338192489j)
(0.9989406566336341+0j),(0.9863364336483886+0.008015951089285376j),(1.0033417123046098+0.007612756378469181j),(1.0183292458583542+0.003150208150600395j),(1.009137773987746+0.0019151712955360564j),(1.0103409020982852+0.007031494152320365j),(0.03928866257379302+0.033941824686618674j),(0.00966347294202262+0.009690492204163228j),(-0.0810447859996482-0.03231207127657628j),(0.013837967589721301+8.528811457388739e-05j),(-0.029092463355247497+8.65756413664333e-05j),(0.9999591460328795-0.009039151796177258j)
(1.0059216658461287+0j),(1.0008352537239504-0.01404933925690376j),(1.015758843126347-0.02044787036912476j),(1.0207329106890914+0.010463105154637593j),(1.0144174896909754+0.003104901496465943j),(1.0184449391630126-0.006346142254491491j),(0.03993363836190997-0.02493793973776485j),(0.017672763478167895-0.040905290454165195j),(-0.08468411001462496+0.03920976807008479j),(0.012772078354003288+1.72823152440946e-05j),(-0.02354045443266805+7.33303589809102e-05j),(0.9999828811755265-0.005851269596663966j)
(0.9927790947627441+0j),(0.9816822923428703+0.003475269626849294j),(0.9726656117549266+0.023505531221415292j),(1.0080407486090637+0.010921763233478972j),(0.9967439799450171+0.0067753938633903395j),(0.9903746195672253+0.014280524392824344j),(0.028473039118548683+0.005659812773175169j),(0.03256483625807215+0.04964687244658899j),(-0.10255135727660143-0.015455371049380488j),(0.02626772314222734-2.1040361742554997e-06j),(-0.01681787882300992+0.00012091825263354861j),(0.999976624229616-0.0068374698786450175j)
(0.9917527431435958+0j),(0.9827733822487632-0.002207417691920355j),(0.9729683883796812+0.002637281555259878j),(1.002879328870558+0.018621448066659357j),(0.9945696861089526+0.009752538150434201j),(0.984107701553783+0.005152530377756821j),(0.02270876425468549-0.004911799106008374j),(0.0379624233959093+0.007393326631256201j),(-0.10760373279384441+0.041993212096189635j),(0.01459815571736212-8.96395056074282e-05j),(0.006412178190201527+0.00010718135193847831j),(0.9999827097018763-0.0058805014491079026j)
(1.0060195786479935+0j),(0.9987618425757088-0.011469065864385907j),(0.99870120572709-0.020370572429346385j),(1.0232755861914213+0.006961092331761721j),(1.0123326805594508+0.00016299179992822945j),(1.0031213842855642-0.00980584464132205j),(0.029544141839220984-0.015812695953149554j),(0.03164289232313993-0.02564707873809799j),(-0.11839917613300976+0.011733861377997222j),(0.021445580873004546-0.0001172167935812348j),(0.013954513845883315+9.33489961941544e-05j),(0.9999964993166415-0.002646007267988058j)
(0.988545265641489+0j),(0.983511985790583+0.004772599332545539j),(0.9680695511782683+0.0021415754443297073j),(0.998891119057719+0.020921205350557418j),(0.9900820640343051+0.010880426270781422j),(0.978217881443656+0.0058903244391533835j),(0.0018104930148880568+0.009400487567579418j),(0.03988794472020089+0.0029511462263052267j),(-0.11351416456787093+0.04996217248378382j),(0.01914388610452956-0.00017650163228605681j),(0.01581633372115211+8.42690606892321e-05j),(0.9999634402377511-0.008550917370768j)
(1.0242307251961462+0j),(1.0267292934541368-0.023004804714112124j),(1.033714036413914-0.0339416454741186j),(1.052611293894071-0.004754789914978388j),(1.0388014670129986-0.008179548630579894j),(1.0326260669057932-0.02058345414141654j),(0.022852103494034003-0.046224402496400925j),(0.019051456298307533-0.04256543250958923j),(-0.13471769798917466-0.03373184805099282j),(0.020539938292646682-6.49947834636998e-05j),(0.015483760249837787+9.00619064265171e-05j),(0.9999824502559872-0.00592445609588844j)
(0.9929850546354437+0j),(0.9724531953045334+0.006015147490702397j),(0.9888154346141106+0.02686659315832155j),(1.0154863620451702+0.010387001262219019j),(1.0019394183077555+0.006568544390064876j),(0.9914784219449626+0.013240718341306225j),(0.05695987450370254+0.025166025971753114j),(-0.006937719627331784+0.0441933545836718j),(-0.12584553358074366-0.029715593407020704j),(0.023222090083811264-0.0001202510483447892j),(0.011334395604538151+2.64337855345022e-05j),(0.9999649918877064-0.00836749658017853j)
(1.0058795655271375+0j),(0.9939518233700574-0.018012154397881366j),(0.9990910178555545-0.0014456286744781984j),(1.0208300070636565+0.005270860101650188j),(1.0107482312161806+0.000623283898929977j),(1.0046791525249994-0.002593345773863974j),(0.053025593812701506-0.038172540590721164j),(0.01599833709803417+0.010889019600068281j),(-0.09748285592257405-0.004420207017604937j),(0.02362300847802233-0.0001497322414020289j),(0.0021424040046816276+4.75876432035039e-05j),(0.9999994739240201+0.0010257444531069477j)
(0.9939549257309102+0j),(0.9737298633384628+0.005533717116194431j),(0.9877739728380672+0.011268984409192058j),(1.0093430367578768+0.006712944765815813j),(0.9995576187926177+0.0036584051900853984j),(0.9936276141071179+0.007312739465538803j),(0.05359739220362424+0.03047786266539999j),(0.009641282903961868+0.019186840812508776j),(-0.09004212850372-0.01811949304206901j),(0.01875882161303051-5.0330326822526095e-05j),(-0.006361455564073271+0.00018339179639954032j),(0.9999946753026703-0.003263336683073743j)
(0.9897359835898372+0j),(0.971484978128657+0.0136630953367498j),(0.9924743577380895+0.012292849409798157j),(1.0109714839208013+0.014566784246352753j),(0.9980162918735974+0.007672443973283484j),(0.996616794954846+0.011615688201576628j),(0.04664847660887038+0.04971841920970277j),(0.0058587490486087385+0.00684527210501139j),(-0.12541921693218908+0.0018531825835929252j),(0.03343290912456525-7.961714209418281e-05j),(-0.015094840327981923+0.0001449565224933968j),(0.9999312268811894-0.011727809167927997j)
(0.9922506799926775+0j),(0.9773422203451503+0.0036881820111965245j),(0.9990162733493225+0.011384282504064407j),(1.0134972786366008+0.018837632781378958j),(1.0019231899041388+0.010153418685561173j),(1.0027836192137953+0.011392144284999036j),(0.05232068160545978+0.018302885110882773j),(0.003874438573945026+0.004061834279463931j),(-0.12657424305375273+0.024751532488963637j),(0.02802736934895114-0.0001393646420919728j),(-0.020263980953746+9.96492876382589e-05j),(0.999916339246348-0.012935010946347828j)
(0.9897013953614202+0j),(0.9649035257705588-0.006168787013512888j),(0.983136597669602+0.0061381706611797005j),(0.9977057421465342+0.01653498886318375j),(0.986684290495558+0.006475741399063384j),(0.9846319261302304+0.005286425540665094j),(0.07407217767921467+0.001491286878147605j),(0.0030066538985908855+0.004462604905798947j),(-0.10453501430016054+0.04059742514422391j),(0.05169560229099281-0.0001098164947224719j),(-0.0007176719465747872+9.871043928810761e-05j),(0.9999926624931204+0.003830791030625987j)
(1.0006323527768428+0j),(0.9729199737486373-0.00023769239714657007j),(0.983291038792842-0.009711682574191454j),(1.0175888543416027-0.002865071705320306j),(1.0026187185966584-0.005473306844545822j),(0.9869547232122702-0.007788937926571923j),(0.06595628791868+0.03421047640627237j),(0.022686158030818398+0.000296882006656908j),(-0.12097442142245866-0.04600661132704344j),(0.03806129187106353-0.000121469373057833j),(0.0259872113161684+0.0001110137928868373j),(0.9999726384738864+0.007397452505699148j)
(1.0198816429126787+0j),(1.0132973223688826-0.015367819701102502j),(1.0305600655094471-0.03282714760706992j),(1.0519969871942085-0.0026240641275833616j),(1.0409841287892945-0.004545884116681823j),(1.0299309461700703-0.017930461032958974j),(0.044361057257415015-0.014774236058868285j),(0.02120036001778258-0.04681405548876919j),(-0.13252428692653823-0.03556016480181485j),(-0.01622753789871992-0.00010337370181589819j),(0.01213461862746991+0.0001038186712273767j),(0.9999563485574056-0.009343499330579201j)
(1.0007602270061653+0j),(0.9987330249276526-0.0008023857708460864j),(1.0162047254906585-0.01015700577813126j),(1.0290589717138134+0.020301699909504402j),(1.0200874382779943+0.011110844965138448j),(1.0142863546993566+0.0007068177271175398j),(0.023313620353310735+0.0038828985860277928j),(0.009780373083052516-0.03548080239865949j),(-0.1419948862149849+0.042188979184839805j),(-0.011459550231349038-0.0001186828466995261j),(0.003963088912528887+0.0001255861226196798j),(0.9997610546593808-0.02185940498647309j)
(0.9983213945410088+0j),(0.9896226438851138+0.008831395258322819j),(1.0171517338371816+0.02303090384797777j),(1.034787089860056+0.015712141035909146j),(1.0242934932121137+0.012480782075881389j),(1.011971758146286+0.01355109335722151j),(0.03808826008297305+0.025493590963230017j),(-0.022546710386841903+0.022311572370647636j),(-0.1440654095783427-0.022097436165664616j),(-0.030228840429789496-0.00016592630747583488j),(0.01760242578502235+0.00013850538899880092j),(0.9996382391566256-0.02689592563643877j)
(1.0023345461582183+0j),(0.9899144801607097-0.0011069063213248861j),(1.0278653005908371-0.0038854397027415066j),(1.0352536002347315+0.015911678767195316j),(1.0237833304613877+0.008499916172489018j),(1.016763631857496+0.0006773712766509582j),(0.056807175562054585+0.015017285039718864j),(-0.02190870230373889-0.02808465424303607j),(-0.15240900674648078+0.013515206431046645j),(-0.005539252766974609-9.36482439636079e-05j),(0.01685577751519307+8.62919215789029e-05j),(0.9998131653547161-0.01932962450186389j)
(0.9920077141193655+0j),(0.9732642842972358+0.003337687404179537j),(1.0182699525077488+0.020341724642908267j),(1.0243268957137874+0.025832110187134008j),(1.0127746596687708+0.016314700963706665j),(1.0101579130969836+0.015609643771314142j),(0.07583068111372075+0.01943043731747309j),(-0.03239977973894895+0.002783180615279058j),(-0.1567362191664516+0.03148687040684076j),(0.0008287148646082532-0.0001699567330249149j),(-0.003393654070594243+7.925909539530881e-05j),(0.9997411363993242-0.02275214695337498j)
(0.9987394066624413+0j),(0.9846525321218376-0.0023202941412701354j),(1.0238084160150829+0.005167200156122287j),(1.0328891644631013+0.022157816584530074j),(1.0186156866651475+0.011694322435642232j),(1.016312258056071+0.006983426278891347j),(0.06637828010736356+0.007034105006797162j),(-0.02024998639410726-0.01572477065097567j),(-0.17494586957773214+0.027915401800189532j),(0.01618334124039656-0.0001540335137978097j),(0.0005709208641031305+5.92692545967591e-05j),(0.9997811692922289-0.020919214341447147j)
(1.0078914849536806+0j),(0.9915965582189861-0.005556104596241264j),(1.0339695321560336-0.013558977084159634j),(1.037700222059513+0.005866643576199091j),(1.0233387812677797-0.0002418445520168324j),(1.0226346152936108-0.006348855134695332j),(0.06985973756571334+0.0140855058861869j),(-0.023674116743369417-0.03712461841164465j),(-0.14299152668461243-0.011467640312680672j),(0.02920962590265631-0.0002066516273159913j),(0.005720860139481649+4.5471180279632604e-05j),(0.9999527253865139-0.009723527759157809j)
(0.9857018746579943+0j),(0.9654963696954529+0.012169209760235538j),(1.0080628283201578+0.022980904721656377j),(1.0133356779031137+0.027117679909957837j),(1.00186219938331+0.016888865898998937j),(0.9971167651334996+0.01713252399318347j),(0.06416575699077492+0.04283258283731706j),(-0.036751803708178495+0.00281170118345485j),(-0.14982233292495145+0.03811737917291201j),(0.00988986972951436-0.00018593120034769782j),(0.011225679522896463+2.28730388506783e-05j),(0.9997770891117255-0.02111331540248849j)
(1.0106345557901073+0j),(0.9931694205203657-0.027060113789545325j),(1.0303073331383297-0.024998192391620336j),(1.0303997037195385+0.009352771436398427j),(1.0189973626559934-0.00012646963486992138j),(1.013504587478027-0.015472763894549288j),(0.08363190099090312-0.043608375123818974j),(-0.02730410174945373-0.04955452484114075j),(-0.12934371774230707+0.035101071029446915j),(0.03001788381479446-0.00019740669628012892j),(0.03478438552923072-3.55251629876218e-05j),(0.9999988443657284+0.0015202852389539633j)
(0.9979364698071718+0j),(0.971960612093051-0.012607547453196357j),(1.0107934061973411+0.01741955008305401j),(1.016002758014545+0.011537202594979954j),(1.0043806443234327+0.0052311508876016445j),(0.9977684638363423+0.005216660052756249j),(0.09422512291398948-0.014768159934548464j),(-0.04572909387472286+0.020186050479883522j),(-0.11302657969492585+0.003157450770612101j),(0.030885361654308618-0.000162872313366968j),(0.027903206376558003-8.79411719457102e-05j),(0.99999994797657-0.00032256295075556936j)
(1.0113409441929035+0j),(0.9942399855597889-0.025432201694708105j),(1.039429473217442-0.0019186689742046376j),(1.028019103707259+0.0023365259330167475j),(1.0203846822839893-0.001213922736578363j),(1.0216809209876179-0.006058436781872423j),(0.09000746049368821-0.0475860679887064j),(-0.05535067195519522-0.010529565796555132j),(-0.07377187903910648-0.002919789998728163j),(0.018872273373851164-0.0002292001443706774j),(0.015070262473726361-0.0001338943179907085j),(0.9999981861271754+0.0019046633191011739j)
(0.9831483726705942+0j),(0.9507965147086762+0.005205488366164199j),(1.0062342796268622+0.039091728176909715j),(0.9972066902391253+0.020176318900872573j),(0.9899132294114037+0.01363798859825732j),(0.9899016069893656+0.020891782723994928j),(0.10119774486909139+0.02966968308925827j),(-0.07167984350357118+0.030750090344205405j),(-0.0822088042077971+0.02497666852877316j),(0.01912945071271778-0.0001505187752430976j),(0.007922405410941673-0.00019982471322363098j),(0.9999804656860074-0.006250459694752931j)
(0.9984595002798938+0j),(0.9793949740179866-0.021567542576216805j),(1.0176464031503953+0.018704995480570946j),(1.0054873116101357+0.012571867235451135j),(0.9974223550766959+0.004928629865337148j),(0.9982136770311825+0.004485723735869662j),(0.08390814493989583-0.048563697696006394j),(-0.06742218316715051+0.017508649211974626j),(-0.07202601440621183+0.032999123834254955j),(0.045306884776482266-0.0001550145132266048j),(0.030128669400769033-0.00021867477650684968j),(0.9999883781941732+0.004821148886660928j)
(0.9917407392021756+0j),(0.9711021537423999+0.005681342519915949j),(1.0326172515927379-4.4846742884070446e-05j),(1.0017237081335548+0.012863704090956768j),(0.9918116875727604+0.003166317878696622j),(1.001918773591141+0.001181022817874627j),(0.06780613166931526+0.04186130570360909j),(-0.0850493351135533-0.04446682627034329j),(-0.08090429420005972+0.04347690635148367j),(0.06517965365450595-0.0001857772593711467j),(0.021875245146766142-0.0002477238872384132j),(0.999997425258787-0.0022692456448860413j)
(1.0206297265749509+0j),(1.0122423575895767-0.02471019084251591j),(1.0601661497725385-0.00870504555469007j),(1.0416276930926402-0.007680207250203783j),(1.0313501846749458-0.008490790598064304j),(1.0325006438165116-0.013471043242788682j),(0.06700955304336549-0.0462988394835599j),(-0.07991112443454886-0.020653962909610298j),(-0.07735304519607743-0.04153797802269892j),(0.030323849857799363-0.00020835753905668012j),(0.0395193303877054-0.0002640998573137305j),(0.9999998163054317+0.0006061263093692045j)
(0.9991271796506174+0j),(0.9799439560592811-0.0002789122451656315j),(1.029145815290842+0.030188602596760823j),(1.0132058996612319+0.0004376867212193307j),(1.0048405013866382+0.00047331439414030255j),(1.004447052980086+0.008787843694899518j),(0.06987370062242788+0.012527405813193641j),(-0.09325342181232188+0.03138860890475511j),(-0.05340740421725209-0.040048113613780176j),(0.028818328443882615-0.0001135431472952214j),(0.034428586192084554-0.0002506507910970996j),(0.9999985629163626-0.001695336311659954j)
(1.0103764749244002+0j),(1.0095023234666785-0.01870936283251549j),(1.0670646576160687-0.001811998303428378j),(1.0231630845898536+0.00644022654406548j),(1.0164913414588344-0.0002287516120643953j),(1.0335674454997328-0.003990974384421455j),(0.050786371172755085-0.043239024716130746j),(-0.10503712505429595-0.039261345096321086j),(-0.05255351693017864+0.03182124659524166j),(0.04896056430390441-0.0001097390919180643j),(0.0136372037499003-0.0002347645527253942j),(0.9999842595267282-0.005610766327437876j)
(1.0046944674848963+0j),(1.0008471063677677-0.010007940890430741j),(1.0646610224471766+0.003438135720718273j),(1.017805534192061+0.00989405539541746j),(1.0115282359373194+0.0026347321514679327j),(1.0326533546172014+0.0017480881683855057j),(0.05509885920889605-0.018161881902290546j),(-0.10577796490131225-0.04010221158631566j),(-0.05092262717409064+0.03895787398032541j),(0.049402921164161694-2.6776414541734302e-05j),(-0.003989169564961605-0.0002108516161241565j),(0.9999605095989713-0.00888702664368163j)
(1.0105300516545406+0j),(1.0030724897969376-0.005487047268907069j),(1.07207815129322+0.021943116992828027j),(1.0356665043688575-0.0008609036237485279j),(1.0251904697562253-0.001524115072642063j),(1.047145871173883+0.008855631282496428j),(0.07038631686562612-0.005614529609121419j),(-0.10910958824205381+0.003130358560210724j),(-0.06351291372136364-0.044044563497721685j),(0.04617099942531637-2.63283336950864e-05j),(-0.02813543839225424-0.0002209808819041985j),(0.9999151366281392-0.013027645294891924j)
(0.9941544412513783+0j),(0.9899131695024834-0.0003427452946471472j),(1.0443092268523633+0.035448111319995736j),(1.017229206461377+0.02424699103246248j),(1.010798705331901+0.016166247206094154j),(1.0283806614269693+0.023349986894364044j),(0.05564392062391191-0.010994152149710444j),(-0.07969575013710456+0.011677517452262578j),(-0.08586889065065012+0.043983378638494525j),(0.016954230708177108-8.94227291093065e-05j),(-0.03446422221383114-0.00018590435757717872j),(0.999696650302016-0.02462940062057385j)
(0.9918872632810649+0j),(0.9888720421708773+0.003530854181812163j),(1.0369163970554987+0.04186411017749717j),(1.0171045960658696+0.026207387030150638j),(1.0092343377454511+0.017878246186082233j),(1.024866090926831+0.027254272741210128j),(0.04749220417963889-0.00564546794588162j),(-0.0713711461813228+0.024555873307152365j),(-0.09960674774258216+0.0388707327731378j),(0.018177753710424016-0.00012550042882365458j),(-0.0349590278718083-0.00015543156466035651j),(0.9996197104818049-0.027575975345809706j)
(0.9876002179486598+0j),(0.9861031033117068+0.01689019567567615j),(1.0338934004988032+0.04857062212592575j),(1.0142881363616063+0.025659895202780385j),(1.0072779566767331+0.01925979370847782j),(1.0190582955674685+0.031009924640461685j),(0.028679985773099867+0.027404203032355648j),(-0.07945609226333891+0.02958367079215699j),(-0.09376240323229441+0.02478899393356994j),(0.0044812391800721765-0.0001450582347605989j),(-0.021775887048487964-0.0001376664000869762j),(0.9994693785118489-0.03257240269213318j)
(1.0057226294373174+0j),(1.0121543403211608+0.011667975838696179j),(1.0747411791921124+0.031180372484816588j),(1.0516156153901477+0.01541570074847492j),(1.0430934426853338+0.01361266355230943j),(1.0629676058792599+0.0236774259539017j),(0.03362892902491971+0.020876277114482058j),(-0.07329345326554806+0.002411312033147475j),(-0.113814515140878-0.026137624429175502j),(-0.023972807789195142-0.00010507845743944761j),(-0.06684783354012608-0.0001220357195853566j),(0.9990159138036-0.04435317313516717j)
(1.0045527289463383+0j),(1.0199944550369504+0.003326397566308626j),(1.0757110943772985+0.026030373304269844j),(1.0464512331842173+0.025648767209542345j),(1.0399792040530078+0.01880644222981997j),(1.0645116041007903+0.023796498265754078j),(0.018864033655229026-0.01425814849925186j),(-0.06617472100467967-0.013527146822629631j),(-0.11597310153168117+0.032372221271488616j),(-0.020277986465018993-8.75903995021626e-05j),(-0.07385027089287335-0.0001149983534345061j),(0.9988885200127938-0.04713517356126306j)
(0.9929829049664556+0j),(1.0049925299040383+0.02695656919945278j),(1.0671914262373359+0.05037458064849955j),(1.039942734537851+0.029045204872433856j),(1.0357915126186643+0.0258495668131041j),(1.0579283365503402+0.039867020878821456j),(0.01063422387360906+0.044119462997508935j),(-0.07625407237750556+0.013796821617514575j),(-0.10490208513331431+0.008434997313811778j),(-0.054659561258390735-0.0001140158247420136j),(-0.08432282883450358-6.830851341645949e-05j),(0.9982700532012614-0.05879541548072176j)
(1.0129399110258182+0j),(1.0373799065794767+0.0056446223320325535j),(1.1030643081996965+0.017836739327109143j),(1.0660049420143096+0.021968109418293986j),(1.065190816025439+0.020189668564974336j),(1.0889961566830129+0.02116922007819359j),(0.00554478738129254-0.009014579330061005j),(-0.07306277281263047-0.03653987194477902j),(-0.09778992227034408+0.012148021879401618j),(-0.090849659713306-0.0001328857163062593j),(-0.08663580641674304-0.00010929824902176841j),(0.9981587900351507-0.06065500701148923j)
(0.9980429539418757+0j),(1.005412434570807+0.012027079138415168j),(1.078145649762054+0.06293202089379413j),(1.0445841897211556+0.026468022021163624j),(1.0412470186912053+0.025095030342460554j),(1.0652445949221188+0.0421395869639066j),(0.04602015851618937+0.0031937731377536882j),(-0.10575570379879876+0.039540791210140896j),(-0.08976715414431849-0.004708337780382635j),(-0.05684846986132473-0.0001169011519886131j),(-0.08637300632784448-0.00013690971405500572j),(0.998544240201328-0.05393885761445584j)
(1.0143128019061167+0j),(1.0341823703920774-0.007396182908279672j),(1.1074584270923087+0.011406044420742507j),(1.0603428843686662+0.023837168277233613j),(1.0615252933659647+0.019791571660246754j),(1.088050066589135+0.016495746708813763j),(0.030745634841121666-0.039303083847969635j),(-0.08690052185853356-0.049943557532481746j),(-0.08149119692491437+0.04467073146746749j),(-0.08145253008533916-0.0001002088737126258j),(-0.08209993078279985-0.000134949553658547j),(0.9986259356196325-0.05240458670587387j)
(0.992378096733525+0j),(1.0049162815812949+0.011771377627455346j),(1.0717724041720031+0.06774547826208045j),(1.0315119721660837+0.033925746090394504j),(1.0302985477791+0.029383631543416305j),(1.056489139434672+0.04574030101906387j),(0.02953444109500804-0.008953454952332443j),(-0.11226785426007532+0.03926054196307504j),(-0.07731372589524123+0.03603522140654462j),(-0.04775367996416421-0.0001673504720298438j),(-0.07891641241300072-0.0001608547873552202j),(0.9985371910206717-0.05406919777975764j)
(1.013585663757124+0j),(1.030610564078245-0.0009308845779085646j),(1.1036473131441904+0.021103965368269497j),(1.0579092416315479+0.016491164177435205j),(1.0572313186125075+0.015507662669390854j),(1.0798525568964443+0.01753334343182997j),(0.026552599170972108-0.0197080201658637j),(-0.1049661129240874-0.027498847015753853j),(-0.07176245290265748+0.005278689858536098j),(-0.06781486986100083-0.0001919049558491146j),(-0.05803163258006859-6.98843235712768e-05j),(0.9988342147131362-0.04827226448378659j)
(1.0050103976245688+0j),(1.0195783724086858+0.010110059579980157j),(1.1067441258428394+0.02710000791353247j),(1.0465657588619353+0.022308930632387505j),(1.047614281406491+0.019640571359152585j),(1.0748063096148273+0.02326660001709321j),(0.027012894911463303+0.011717646736126831j),(-0.13222823647644974-0.03968956034401124j),(-0.06008953460222323+0.03026092122986012j),(-0.06396547210316939-0.0002120755416453619j),(-0.05772573414158864-7.446377105160231e-05j),(0.9986680627495841-0.05159554674574994j)
(1.0155755725670277+0j),(1.0421481224593803-0.0012644235403837965j),(1.117570458659006+0.016046955613119203j),(1.05963058146847+0.018441934708029656j),(1.0599608774800726+0.015997829043976793j),(1.0884225224752353+0.016033002878229674j),(0.004765130262408097-0.02808978086465956j),(-0.1194217817518653-0.047448334911987106j),(-0.06560833639750992+0.024758441346325946j),(-0.06357811383652508-0.00022867105718199921j),(-0.06014514837945026-0.00015116074077240222j),(0.998609539324236-0.05271610731680604j)
(1.0213333914228433+0j),(1.0431302801676023+0.001766589685620896j),(1.1075067203281015+0.00801994921954535j),(1.0693157935772666+0.005958160409964591j),(1.0682143733668634+0.00893539117255684j),(1.0851474730601625+0.008671980655891497j),(0.00437833369899964-0.007504051423878544j),(-0.08973101545581158-0.03771405681980788j),(-0.06940041593244917-0.03617811406420479j),(-0.08301472033268598-0.0002757034986469309j),(-0.04519497339606187-0.0001949961409544666j),(0.9988362013830756-0.04823113938761915j)
(1.019342358201495+0j),(1.046870725264625+0.004959558041495683j),(1.1043505418779433+0.018379819502066273j),(1.0696720089331944+0.009441634213484117j),(1.069093144122606+0.012686674384752903j),(1.0889090064926248+0.016330781129211387j),(-0.010302798664958972-0.011585004823562173j),(-0.07857513996051899-0.020161776863642417j),(-0.06983370461820544-0.0362024958143742j),(-0.09110525281083451-0.0002658444564800447j),(-0.06720937259535512-0.0001575831105903708j),(0.9984908249505778-0.054918780845121334j)
