V10_complex,V11_complex,V12_complex,V13_complex,V14_complex,V15_complex,V16_complex,V17_complex,V18_complex,V19_complex,V20_complex,V21_complex,V22_complex,V23_complex,V24_complex,V25_complex,V26_complex,V27_complex,V28_complex,V29_complex,V30_complex,V31_complex,V32_complex,V33_complex,V34_complex,V35_complex,V36_complex,V37_complex,V38_complex,V39_complex,V40_complex,V41_complex,V42_complex,V43_complex,V44_complex,V45_complex,V46_complex,V47_complex,V48_complex,V49_complex,V50_complex,V51_complex,V52_complex,V53_complex,V54_complex,V55_complex,V56_complex,V57_complex,V58_complex,V59_complex,V60_complex,V61_complex,V62_complex,V63_complex,V64_complex,V7_complex,V8_complex,V9_complex
1.036242997 + 0.021355647im,1.036355313 + 0.021500844im,1.039248809 + 0.023662943im,1.039413148 + 0.02389361im,1.046539608 + 0.031403817im,1.039093459 + 0.023544379im,1.026094943 + 0.015104045im,1.025372969 + 0.014491156im,1.001435343 + 0.000418111im,1.001144833 + 0.000162674im,1.011208935 + 0.005509087im,1.011639285 + 0.005834434im,1.018743357 + 0.009608373im,1.019173707 + 0.00993372im,1.026277779 + 0.013707659im,1.026492954 + 0.013870332im,1.032043361 + 0.018186228im,1.032044571 + 0.018187833im,1.036299155 + 0.021428245im,1.039304967 + 0.023735542im,1.046647789 + 0.031561885im,1.025883436 + 0.014912882im,1.000924876 - 3.615e-6im,1.000929658 + 0.0im,1.01142411 + 0.00567176im,1.018958532 + 0.009771046im,1.032042867 + 0.01818745im,1.026653675 + 0.01396079im,1.000929658 + 0.0im,1.000924876 - 3.615e-6im,1.000924876 - 3.615e-6im,1.02676911 + 0.015119371im,1.026697927 + 0.015249505im,1.040184071 + 0.02394836im,1.039304967 + 0.023735542im,1.032044571 + 0.018187833im,1.047386256 + 0.032089905im,1.046644785 + 0.031562117im,1.01142411 + 0.00567176im,1.01142411 + 0.00567176im,1.026492954 + 0.013870332im,1.018958532 + 0.009771046im,1.036299155 + 0.021428245im,1.029318711 + 0.01665402im,1.026990528 + 0.015170994im,1.0292573 + 0.017442008im,1.02690155 + 0.015333661im,1.04875087 + 0.033903282im,1.047570873 + 0.03222191im,1.046636964 + 0.031560288im,1.046644034 + 0.031562176im,1.044172264 + 0.025227783im,1.040403847 + 0.024001564im,1.032032023 + 0.018187989im,1.027766293 + 0.014235381im,1.026547407 + 0.013942548im,1.031988908 + 0.018114012im,1.032100729 + 0.018260431im
1.036157783 + 0.023677205im,1.036273085 + 0.023829734im,1.039261754 + 0.026115153im,1.039432668 + 0.026359634im,1.046917176 + 0.034367913im,1.039097634 + 0.025988775im,1.025449376 + 0.01702054im,1.024701615 + 0.016349899im,0.999813963 + 0.000463958im,0.999516745 + 0.00018177im,1.010068331 + 0.006267096im,1.010515929 + 0.006630636im,1.017964107 + 0.01092616im,1.018411704 + 0.0112897im,1.025859882 + 0.015585225im,1.026083681 + 0.015766995im,1.031820373 + 0.020327495im,1.031821616 + 0.020329182im,1.036215434 + 0.023753469im,1.039319405 + 0.026191418im,1.047030439 + 0.034536129im,1.025227605 + 0.016817896im,0.999287973 - 4.039e-6im,0.999292947 + 0.0im,1.01029213 + 0.006448866im,1.018187905 + 0.01110793im,1.031819912 + 0.020328795im,1.026251534 + 0.015872887im,0.999292947 + 0.0im,0.999287973 - 4.039e-6im,0.999287973 - 4.039e-6im,1.026173652 + 0.017040293im,1.026061146 + 0.017284763im,1.040236229 + 0.026415704im,1.039319405 + 0.026191418im,1.031821616 + 0.020329182im,1.047807837 + 0.035101071im,1.047027435 + 0.034536353im,1.01029213 + 0.006448866im,1.01029213 + 0.006448866im,1.026083681 + 0.015766995im,1.018187905 + 0.01110793im,1.036215434 + 0.023753469im,1.028895204 + 0.018685258im,1.026410163 + 0.017095893im,1.028534768 + 0.019973253im,1.026269532 + 0.01740148im,1.049237574 + 0.037031712im,1.048002187 + 0.035242306im,1.047019623 + 0.034534502im,1.047026684 + 0.034536409im,1.044394755 + 0.027760813im,1.040465435 + 0.026471776im,1.031809066 + 0.020329312im,1.02743249 + 0.016228041im,1.026139628 + 0.015842873im,1.031764426 + 0.020251617im,1.031879267 + 0.020405447im
1.036416841 + 0.022481997im,1.036527085 + 0.022641141im,1.039454675 + 0.025078583im,1.039611322 + 0.025341682im,1.046600411 + 0.034267541im,1.039302018 + 0.024947304im,1.026334167 + 0.015418023im,1.025608995 + 0.014777605im,1.001332514 + 0.000425909im,1.001036436 + 0.000164571im,1.011168634 + 0.00558123im,1.01160164 + 0.005910371im,1.018753779 + 0.009733895im,1.019186786 + 0.010063036im,1.026338925 + 0.01388656im,1.026555429 + 0.014051131im,1.032169455 + 0.018911275im,1.032170642 + 0.018913035im,1.036471963 + 0.022561569im,1.039509798 + 0.025158155im,1.046701936 + 0.034451067im,1.026126388 + 0.015207172im,1.000815122 - 3.657e-6im,1.000819933 + 0.0im,1.011385137 + 0.0057458im,1.018970283 + 0.009898465im,1.032168938 + 0.01891265im,1.026718514 + 0.014136513im,1.000819933 + 0.0im,1.000815122 - 3.657e-6im,1.000815122 - 3.657e-6im,1.027011612 + 0.015412025im,1.026969595 + 0.015475601im,1.040399251 + 0.025373281im,1.039509798 + 0.025158155im,1.032170642 + 0.018913035im,1.047451831 + 0.035102967im,1.046698931 + 0.034451292im,1.011385137 + 0.0057458im,1.011385137 + 0.0057458im,1.026555429 + 0.014051131im,1.018970283 + 0.009898465im,1.036471963 + 0.022561569im,1.029561459 + 0.016941129im,1.027232918 + 0.015463239im,1.02971447 + 0.017454457im,1.027180397 + 0.015542709im,1.048750717 + 0.037220322im,1.047639305 + 0.035265942im,1.046691116 + 0.034449441im,1.04669818 + 0.034451348im,1.044434462 + 0.02666685im,1.040621614 + 0.025427062im,1.032158096 + 0.018913182im,1.027836852 + 0.014376787im,1.026608847 + 0.014130319im,1.032116037 + 0.018832087im,1.032225764 + 0.018992607im
1.035553727 + 0.021953364im,1.035690556 + 0.02207028im,1.038900044 + 0.023567185im,1.03908554 + 0.023779597im,1.046651797 + 0.030994064im,1.038759672 + 0.023424094im,1.02581781 + 0.014402819im,1.025090128 + 0.013794635im,1.000903705 + 0.000402472im,1.000589001 + 0.000187302im,1.0101745 + 0.00666423im,1.010574004 + 0.007038834im,1.017340239 + 0.011610783im,1.017739743 + 0.011985387im,1.024505978 + 0.016557336im,1.02470573 + 0.016744638im,1.030889194 + 0.019750677im,1.030890677 + 0.019751967im,1.035622142 + 0.022011822im,1.038968459 + 0.023625643im,1.046768878 + 0.031148018im,1.025609023 + 0.01420127im,1.00038481 - 4.162e-6im,1.000389249 + 0.0im,1.010374252 + 0.006851532im,1.017539991 + 0.011798085im,1.030888971 + 0.019751581im,1.024838773 + 0.016873867im,1.000389249 + 0.0im,1.00038481 - 4.162e-6im,1.00038481 - 4.162e-6im,1.026470805 + 0.014400962im,1.026455916 + 0.014413488im,1.039850967 + 0.023839039im,1.038968459 + 0.023625643im,1.030890677 + 0.019751967im,1.047540274 + 0.031643414im,1.046765874 + 0.031148252im,1.010374252 + 0.006851532im,1.010374252 + 0.006851532im,1.02470573 + 0.016744638im,1.017539991 + 0.011798085im,1.035622142 + 0.022011822im,1.02895286 + 0.015890393im,1.02668625 + 0.014450885im,1.029281071 + 0.016192451im,1.026667639 + 0.014466543im,1.049007897 + 0.03340371im,1.047733123 + 0.031767263im,1.046758053 + 0.031146426im,1.046765123 + 0.03114831im,1.043854684 + 0.025122275im,1.040071594 + 0.023892387im,1.030878115 + 0.019752105im,1.025850084 + 0.01742659im,1.024772439 + 0.01680271im,1.030822486 + 0.019692605im,1.030959092 + 0.019810426im
1.034373863 + 0.02537778im,1.034489267 + 0.025540155im,1.037531691 + 0.028011713im,1.03768487 + 0.028296448im,1.044522514 + 0.038342593im,1.037382162 + 0.02785715im,1.024229352 + 0.016986654im,1.023505184 + 0.016285829im,0.99901183 + 0.000460854im,0.998711184 + 0.000189873im,1.008807619 + 0.006694903im,1.009230796 + 0.00707465im,1.016357691 + 0.011666436im,1.016780868 + 0.012046183im,1.023907763 + 0.016637969im,1.024119352 + 0.016827842im,1.029959446 + 0.021756567im,1.02996069 + 0.021758362im,1.034431565 + 0.025458968im,1.037589394 + 0.028092901im,1.04461799 + 0.038546141im,1.024022121 + 0.016750903im,0.998494894 - 4.219e-6im,0.998499596 + 0.0im,1.009019208 + 0.006884777im,1.01656928 + 0.011856309im,1.029958984 + 0.021757973im,1.024274944 + 0.016936917im,0.998499596 + 0.0im,0.998494894 - 4.219e-6im,0.998494894 - 4.219e-6im,1.024903574 + 0.016957796im,1.024886591 + 0.017064291im,1.038525225 + 0.028323869im,1.037589394 + 0.028092901im,1.02996069 + 0.021758362im,1.045373265 + 0.039296779im,1.044614979 + 0.038546353im,1.009019208 + 0.006884777im,1.009019208 + 0.006884777im,1.024119352 + 0.016827842im,1.01656928 + 0.011856309im,1.034431565 + 0.025458968im,1.027439625 + 0.018489455im,1.025123937 + 0.01700952im,1.02765524 + 0.019231831im,1.025102709 + 0.017142638im,1.046610866 + 0.041653622im,1.045562083 + 0.039484439im,1.044607157 + 0.038544468im,1.044614226 + 0.038546406im,1.04276928 + 0.02970625im,1.038759183 + 0.028381611im,1.029948117 + 0.021758475im,1.025387785 + 0.017331502im,1.024175347 + 0.01690864im,1.02990345 + 0.021675769im,1.030018392 + 0.02183955im
1.036565672 + 0.024476196im,1.036699761 + 0.024600733im,1.039897379 + 0.026256547im,1.040059431 + 0.026513871im,1.046799362 + 0.036110806im,1.039765817 + 0.02607203im,1.026980979 + 0.014535009im,1.026237821 + 0.013875651im,1.000949614 + 0.000407975im,1.000616154 + 0.000206878im,1.010614177 + 0.007455259im,1.011027181 + 0.007869015im,1.018084609 + 0.012985519im,1.018497614 + 0.013399275im,1.025555042 + 0.01851578im,1.025761544 + 0.018722657im,1.031919533 + 0.022042123im,1.031920985 + 0.022043498im,1.036632716 + 0.024538464im,1.039964424 + 0.026318816im,1.04689437 + 0.036305861im,1.026782372 + 0.014288224im,1.000405063 - 4.597e-6im,1.000409652 + 0.0im,1.010820679 + 0.007662137im,1.018291111 + 0.013192397im,1.031919281 + 0.022043108im,1.025902705 + 0.018867656im,1.000409652 + 0.0im,1.000405063 - 4.597e-6im,1.000405063 - 4.597e-6im,1.027671304 + 0.014495549im,1.027698075 + 0.014260416im,1.040906506 + 0.026550571im,1.039964424 + 0.026318816im,1.031920985 + 0.022043498im,1.047633872 + 0.037019506im,1.046891365 + 0.03630608im,1.010820679 + 0.007662137im,1.010820679 + 0.007662137im,1.025761544 + 0.018722657im,1.018291111 + 0.013192397im,1.036632716 + 0.024538464im,1.030230208 + 0.016036083im,1.027893538 + 0.014547381im,1.031058905 + 0.015248985im,1.027927 + 0.014253465im,1.04886163 + 0.039276296im,1.047818747 + 0.037197917im,1.046883556 + 0.036304216im,1.046890614 + 0.036306135im,1.045179167 + 0.027938696im,1.041142027 + 0.02660851im,1.031908436 + 0.022043607im,1.026988819 + 0.019501311im,1.025826885 + 0.018784536im,1.031854192 + 0.021980243im,1.031988029 + 0.022105766im
1.032869606 + 0.021732822im,1.033002768 + 0.021852974im,1.036159722 + 0.023430524im,1.036346826 + 0.023637622im,1.044037476 + 0.030452656im,1.036016176 + 0.023300057im,1.023097135 + 0.014881138im,1.022402315 + 0.014277924im,0.99959203 + 0.000408649im,0.999300757 + 0.000181052im,1.008404906 + 0.006467756im,1.008783336 + 0.006829859im,1.015209794 + 0.011267532im,1.015588225 + 0.011629636im,1.022014682 + 0.016067309im,1.022203898 + 0.016248361im,1.028282155 + 0.019413034im,1.028283596 + 0.01941436im,1.032936187 + 0.021792898im,1.036226303 + 0.023490599im,1.044157999 + 0.030599679im,1.022887008 + 0.014690596im,0.999107337 - 4.023e-6im,0.999111542 + 0.0im,1.008594121 + 0.006648807im,1.015399009 + 0.011448584im,1.028281886 + 0.019413974im,1.022328243 + 0.016369723im,0.999111542 + 0.0im,0.999107337 - 4.023e-6im,0.999107337 - 4.023e-6im,1.023694626 + 0.014879141im,1.023657556 + 0.015046976im,1.037087355 + 0.023699416im,1.036226303 + 0.023490599im,1.028283596 + 0.01941436im,1.044933535 + 0.031058716im,1.044154988 + 0.030599914im,1.008594121 + 0.006648807im,1.008594121 + 0.006648807im,1.022203898 + 0.016248361im,1.015399009 + 0.011448584im,1.032936187 + 0.021792898im,1.026019272 + 0.016279329im,1.023896531 + 0.014926277im,1.026033727 + 0.01725899im,1.023850193 + 0.015136071im,1.046438318 + 0.032735422im,1.045127419 + 0.031173476im,1.044147146 + 0.030598087im,1.044154235 + 0.030599973im,1.040993531 + 0.024954267im,1.037302619 + 0.02375162im,1.028271003 + 0.019414501im,1.023274401 + 0.016889793im,1.022268768 + 0.01630805im,1.028217284 + 0.019353344im,1.028350177 + 0.019474436im
1.03517683 + 0.018930723im,1.035308349 + 0.019043754im,1.038396703 + 0.020494921im,1.038593095 + 0.020674807im,1.046620806 + 0.026141023im,1.038246683 + 0.020384791im,1.025229913 + 0.013297206im,1.024527031 + 0.012753469im,1.001853259 + 0.000373541im,1.001565567 + 0.000159732im,1.010771558 + 0.005517912im,1.011161709 + 0.005837377im,1.017660055 + 0.009619621im,1.018050206 + 0.009939086im,1.024548553 + 0.01372133im,1.024743628 + 0.013881063im,1.030688424 + 0.0167955im,1.030689847 + 0.016796748im,1.03524259 + 0.018987239im,1.038462463 + 0.020551436im,1.046751438 + 0.026264393im,1.025014134 + 0.01313056im,1.001366157 - 3.55e-6im,1.001370492 + 0.0im,1.010966633 + 0.005677644im,1.017855131 + 0.009779353im,1.03068814 + 0.016796367im,1.024874652 + 0.013984661im,1.001370492 + 0.0im,1.001366157 - 3.55e-6im,1.001366157 - 3.55e-6im,1.025819171 + 0.013318579im,1.025754021 + 0.013440756im,1.039293933 + 0.020751842im,1.038462463 + 0.020551436im,1.030689847 + 0.016796748im,1.047533789 + 0.026602013im,1.046748435 + 0.026264641im,1.010966633 + 0.005677644im,1.010966633 + 0.005677644im,1.024743628 + 0.013881063im,1.017855131 + 0.009779353im,1.03524259 + 0.018987239im,1.028136312 + 0.014714533im,1.026020431 + 0.013365584im,1.028073723 + 0.01544845im,1.025938993 + 0.013518305im,1.049145956 + 0.027994302im,1.047729376 + 0.026686417im,1.046740604 + 0.026262851im,1.046747684 + 0.026264703im,1.043066326 + 0.021957873im,1.039501801 + 0.020801944im,1.030677283 + 0.016796921im,1.025831283 + 0.014387272im,1.02480768 + 0.013937197im,1.030624372 + 0.016739366im,1.030755607 + 0.016853263im
1.033934379 + 0.022668081im,1.034059327 + 0.022813599im,1.03719402 + 0.024915313im,1.037379288 + 0.025147403im,1.045296453 + 0.032599952im,1.037036796 + 0.024795102im,1.023583095 + 0.016328249im,1.022866642 + 0.015687483im,0.999323677 + 0.000443904im,0.999034989 + 0.000175124im,1.008697199 + 0.006118689im,1.009104287 + 0.006468936im,1.015924671 + 0.010664394im,1.016331759 + 0.011014642im,1.023152142 + 0.0152101im,1.023355686 + 0.015385223im,1.029382993 + 0.019584944im,1.029384344 + 0.019586552im,1.033996853 + 0.02274084im,1.037256494 + 0.024988072im,1.045419247 + 0.032759283im,1.023363397 + 0.016135279im,0.998826922 - 3.892e-6im,0.998831445 + 0.0im,1.008900743 + 0.006293813im,1.016128215 + 0.010839518im,1.029382635 + 0.019586166im,1.023498465 + 0.015487975im,0.998831445 + 0.0im,0.998826922 - 3.892e-6im,0.998826922 - 3.892e-6im,1.024225385 + 0.016339246im,1.024143317 + 0.016617541im,1.03813626 + 0.025204193im,1.037256494 + 0.024988072im,1.029384344 + 0.019586552im,1.0462247 + 0.033269379im,1.045416239 + 0.032759513im,1.008900743 + 0.006293813im,1.008900743 + 0.006293813im,1.023355686 + 0.015385223im,1.016128215 + 0.010839518im,1.033996853 + 0.02274084im,1.026703779 + 0.017842193im,1.024440882 + 0.016390238im,1.026403756 + 0.019298176im,1.024338297 + 0.016738107im,1.047762501 + 0.03509029im,1.046426063 + 0.033396902im,1.045408411 + 0.032757672im,1.045415487 + 0.03275957im,1.042126392 + 0.026499096im,1.038356201 + 0.025258224im,1.029371764 + 0.019586691im,1.024524072 + 0.015865983im,1.023416452 + 0.015457596im,1.029322228 + 0.019512571im,1.029446818 + 0.019659311im
1.036274213 + 0.014267012im,1.036401496 + 0.014359129im,1.03929949 + 0.015436062im,1.03949742 + 0.015570865im,1.047423945 + 0.019157807im,1.039156936 + 0.015350723im,1.026958069 + 0.010072595im,1.026284219 + 0.009640572im,1.004923423 + 0.000297804im,1.004647344 + 0.000126904im,1.013314037 + 0.004166946im,1.01368886 + 0.004420755im,1.019806526 + 0.007272549im,1.020181349 + 0.007526358im,1.026299015 + 0.010378152im,1.026486427 + 0.010505056im,1.032060489 + 0.012678224im,1.032061866 + 0.012679239im,1.036337855 + 0.014313071im,1.039363131 + 0.015482121im,1.047558234 + 0.019246551im,1.026751875 + 0.009941197im,1.004455767 - 2.82e-6im,1.004459932 + 0.0im,1.013501448 + 0.00429385im,1.019993938 + 0.007399453im,1.032060159 + 0.012678865im,1.026611904 + 0.010586276im,1.004459932 + 0.0im,1.004455767 - 2.82e-6im,1.004455767 - 2.82e-6im,1.027488159 + 0.010110605im,1.027450286 + 0.010102693im,1.040108485 + 0.015658036im,1.039363131 + 0.015482121im,1.032061866 + 0.012679239im,1.048301051 + 0.019424365im,1.047555234 + 0.019246819im,1.013501448 + 0.00429385im,1.013501448 + 0.00429385im,1.026486427 + 0.010505056im,1.019993938 + 0.007399453im,1.036337855 + 0.014313071im,1.029609975 + 0.011379388im,1.02767223 + 0.010152957im,1.029796199 + 0.011520645im,1.027624888 + 0.010143067im,1.049938892 + 0.020405912im,1.048486755 + 0.019468818im,1.047547397 + 0.019245083im,1.047554484 + 0.019246886im,1.043491426 + 0.016721907im,1.040294823 + 0.015702014im,1.032049318 + 0.012679462im,1.027498147 + 0.010864107im,1.026548361 + 0.010550741im,1.031998555 + 0.012632539im,1.032125507 + 0.012725298im
1.035875159 + 0.014066674im,1.036000926 + 0.014157472im,1.038863238 + 0.015217355im,1.039057055 + 0.015349069im,1.046783735 + 0.018835034im,1.038723527 + 0.015133915im,1.026739965 + 0.009962152im,1.026073843 + 0.009535806im,1.004904699 + 0.000294723im,1.00463049 + 0.000125246im,1.013193938 + 0.004110901im,1.013564343 + 0.004361393im,1.01960913 + 0.007174796im,1.019979535 + 0.007425289im,1.026024322 + 0.010238692im,1.026209525 + 0.010363938im,1.031713292 + 0.012502968im,1.031714651 + 0.012503969im,1.035938043 + 0.014112073im,1.038926121 + 0.015262754im,1.04691467 + 0.018921348im,1.026537371 + 0.009833313im,1.004441171 - 2.783e-6im,1.004445287 + 0.0im,1.01337914 + 0.004236147im,1.019794333 + 0.007300042im,1.031712944 + 0.012503595im,1.026333551 + 0.010444159im,1.004445287 + 0.0im,1.004441171 - 2.783e-6im,1.004441171 - 2.783e-6im,1.027268831 + 0.010001008im,1.02723736 + 0.009994889im,1.039665743 + 0.01543678im,1.038926121 + 0.015262754im,1.031714651 + 0.012503969im,1.047638663 + 0.019093765im,1.046911668 + 0.018921617im,1.01337914 + 0.004236147im,1.01337914 + 0.004236147im,1.026209525 + 0.010363938im,1.019794333 + 0.007300042im,1.035938043 + 0.014112073im,1.029377355 + 0.0112596im,1.027451697 + 0.010042932im,1.029588913 + 0.011415009im,1.027412357 + 0.010035283im,1.049235669 + 0.020048316im,1.047819661 + 0.01913687im,1.046903825 + 0.018919882im,1.046910918 + 0.018921684im,1.043022848 + 0.016489993im,1.039850648 + 0.015480286im,1.031702099 + 0.012504194im,1.027209449 + 0.010718423im,1.026270701 + 0.010408963im,1.031652116 + 0.012457943im,1.031777534 + 0.012549367im
1.03533331 + 0.016641518im,1.035446031 + 0.016757488im,1.038193427 + 0.018363303im,1.038363298 + 0.018541217im,1.045447802 + 0.023970329im,1.038050511 + 0.018265358im,1.026011838 + 0.011610908im,1.025343553 + 0.01111927im,1.003693785 + 0.000332748im,1.00342322 + 0.0001332im,1.012412261 + 0.004390911im,1.012800521 + 0.00465731im,1.019145727 + 0.007662754im,1.019533986 + 0.007929153im,1.025879192 + 0.010934596im,1.026073322 + 0.011067796im,1.031342622 + 0.014283402im,1.031343836 + 0.014284682im,1.035389671 + 0.016699503im,1.038249787 + 0.018421288im,1.045561313 + 0.024090258im,1.025812562 + 0.011454978im,1.003224776 - 2.96e-6im,1.00322909 + 0.0im,1.012606391 + 0.004524111im,1.019339856 + 0.007795953im,1.031342129 + 0.014284305im,1.026212798 + 0.011143387im,1.00322909 + 0.0im,1.003224776 - 2.96e-6im,1.003224776 - 2.96e-6im,1.026570002 + 0.011631999im,1.026543576 + 0.011642436im,1.039032876 + 0.018610041im,1.038249787 + 0.018421288im,1.031343836 + 0.014284682im,1.046262028 + 0.024440161im,1.045558307 + 0.024090512im,1.012606391 + 0.004524111im,1.012606391 + 0.004524111im,1.026073322 + 0.011067796im,1.019339856 + 0.007795953im,1.035389671 + 0.016699503im,1.028750023 + 0.012945786im,1.026759362 + 0.011676254im,1.02897708 + 0.013193529im,1.026726329 + 0.0116893im,1.04767031 + 0.025800467im,1.046437207 + 0.024527636im,1.045550463 + 0.024088736im,1.045557555 + 0.024090576im,1.042585758 + 0.019745932im,1.039228648 + 0.018657229im,1.03133128 + 0.014284886im,1.027173511 + 0.01136426im,1.026127975 + 0.011125405im,1.031287969 + 0.014225793im,1.031400196 + 0.014342667im
1.034436327 + 0.013556312im,1.034553531 + 0.01364106im,1.037221661 + 0.0146313im,1.037403186 + 0.014754837im,1.044658179 + 0.018034426im,1.037085711 + 0.014549572im,1.025574538 + 0.009562863im,1.024936886 + 0.00915347im,1.004694759 + 0.00028258im,1.004435882 + 0.000121983im,1.012769552 + 0.004004871im,1.013129987 + 0.004248837im,1.019012578 + 0.0069897im,1.019373013 + 0.007233666im,1.025255604 + 0.009974528im,1.025435821 + 0.010096511im,1.030556821 + 0.012095397im,1.030558085 + 0.01209633im,1.034494929 + 0.013598686im,1.037280263 + 0.014673675im,1.044781101 + 0.018115588im,1.025379985 + 0.009438761im,1.00425166 - 2.711e-6im,1.004255665 + 0.0im,1.01294977 + 0.004126854im,1.019192795 + 0.007111683im,1.030556376 + 0.012095957im,1.025559146 + 0.010176494im,1.004255665 + 0.0im,1.00425166 - 2.711e-6im,1.00425166 - 2.711e-6im,1.026066684 + 0.00959716im,1.02605763 + 0.009596348im,1.037996522 + 0.014843045im,1.037280263 + 0.014673675im,1.030558085 + 0.01209633im,1.045461192 + 0.018278013im,1.044778094 + 0.01811586im,1.01294977 + 0.004126854im,1.01294977 + 0.004126854im,1.025435821 + 0.010096511im,1.019192795 + 0.007111683im,1.034494929 + 0.013598686im,1.028045204 + 0.010781743im,1.026238359 + 0.00963676im,1.028332731 + 0.010975384im,1.026227041 + 0.009635745im,1.046961009 + 0.019175784im,1.045631215 + 0.018318619im,1.044770234 + 0.018114127im,1.044777342 + 0.018115928im,1.041247302 + 0.015866878im,1.038175587 + 0.014885388im,1.030545519 + 0.012096561im,1.026430446 + 0.010450494im,1.025492713 + 0.010138512im,1.030499929 + 0.012053396im,1.030616687 + 0.012138704im
1.034786956 + 0.013689863im,1.034904415 + 0.013774803im,1.037578384 + 0.014767338im,1.037760637 + 0.01489138im,1.045051223 + 0.018187663im,1.037439936 + 0.01468405im,1.025773628 + 0.009631081im,1.025130069 + 0.009217996im,1.004738495 + 0.000284582im,1.004478877 + 0.000123537im,1.012926642 + 0.004054627im,1.013292048 + 0.004301702im,1.019255177 + 0.007076589im,1.019620583 + 0.007323664im,1.025583711 + 0.010098551im,1.025766415 + 0.010222088im,1.030898961 + 0.012225566im,1.030900229 + 0.012226501im,1.034845685 + 0.013732333im,1.037637114 + 0.014809808im,1.045174747 + 0.018269235im,1.025576451 + 0.009505323im,1.004292113 - 2.745e-6im,1.004296173 + 0.0im,1.013109345 + 0.004178165im,1.01943788 + 0.007200126im,1.03089852 + 0.012226128im,1.025892098 + 0.010303529im,1.004296173 + 0.0im,1.004292113 - 2.745e-6im,1.004292113 - 2.745e-6im,1.026257642 + 0.00966228im,1.026263141 + 0.009664986im,1.038365094 + 0.014981678im,1.037637114 + 0.014809808im,1.030900229 + 0.012226501im,1.045858168 + 0.01843251im,1.04517174 + 0.018269506im,1.013109345 + 0.004178165im,1.013109345 + 0.004178165im,1.025766415 + 0.010222088im,1.01943788 + 0.007200126im,1.034845685 + 0.013732333im,1.028220466 + 0.010836827im,1.02642794 + 0.00970152im,1.028568644 + 0.011062329im,1.026434814 + 0.009704902im,1.047365288 + 0.01933481im,1.046029023 + 0.018473329im,1.045163883 + 0.018267773im,1.045170989 + 0.018269573im,1.041669163 + 0.016021007im,1.038547089 + 0.015024645im,1.030887667 + 0.01222673im,1.026779939 + 0.010582344im,1.025823435 + 0.010264185im,1.030841941 + 0.012183469im,1.030958958 + 0.012268971im
1.034744794 + 0.013655001im,1.034860318 + 0.01373844im,1.037489713 + 0.014712703im,1.037669321 + 0.014834815im,1.044860301 + 0.018082499im,1.037351463 + 0.014629522im,1.025755072 + 0.009612527im,1.025113267 + 0.009200797im,1.004749386 + 0.000284075im,1.004491243 + 0.000123938im,1.012977872 + 0.004065955im,1.013345014 + 0.004313832im,1.019335575 + 0.007096432im,1.019702717 + 0.007344309im,1.025693279 + 0.01012691im,1.025876849 + 0.010250848im,1.0309216 + 0.012217628im,1.030922845 + 0.012218547im,1.034802556 + 0.01369672im,1.037547475 + 0.014754422im,1.044982148 + 0.018162891im,1.02555906 + 0.009487626im,1.004303593 - 2.754e-6im,1.004307672 + 0.0im,1.013161443 + 0.004189894im,1.019519146 + 0.007220371im,1.030921137 + 0.012218174im,1.026004367 + 0.01033344im,1.004307672 + 0.0im,1.004303593 - 2.754e-6im,1.004303593 - 2.754e-6im,1.026235253 + 0.009643496im,1.026253887 + 0.009649047im,1.038272743 + 0.014925124im,1.037547475 + 0.014754422im,1.030922845 + 0.012218547im,1.045656215 + 0.018323626im,1.044979141 + 0.018163163im,1.013161443 + 0.004189894im,1.013161443 + 0.004189894im,1.025876849 + 0.010250848im,1.019519146 + 0.007220371im,1.034802556 + 0.01369672im,1.028183612 + 0.010809624im,1.026404301 + 0.009682463im,1.02858687 + 0.011062459im,1.026427594 + 0.009689402im,1.047142937 + 0.019212845im,1.045824732 + 0.018363809im,1.044971282 + 0.01816143im,1.044978389 + 0.01816323im,1.04156468 + 0.015958146im,1.03845406 + 0.0149678im,1.030910284 + 0.012218776im,1.026905106 + 0.010616101im,1.025932903 + 0.010292194im,1.030865547 + 0.012176282im,1.030980607 + 0.012260267im
1.030003245 + 0.011687052im,1.030104852 + 0.011759976im,1.032415038 + 0.012608075im,1.032568182 + 0.012711711im,1.038605012 + 0.015420852im,1.032298192 + 0.012538282im,1.022384694 + 0.008277956im,1.021831107 + 0.007924353im,1.004207907 + 0.000245003im,1.003982112 + 0.000105526im,1.011223011 + 0.003459509im,1.011536331 + 0.003670562im,1.016647554 + 0.006038079im,1.016960874 + 0.006249131im,1.022072097 + 0.008616649im,1.022228757 + 0.008722175im,1.026644137 + 0.010435667im,1.026645228 + 0.010436469im,1.030054049 + 0.011723514im,1.032465842 + 0.012644537im,1.038707353 + 0.015488026im,1.022217044 + 0.008171701im,1.003821971 - 2.345e-6im,1.003825452 + 0.0im,1.011379671 + 0.003565035im,1.016804214 + 0.006143605im,1.026643511 + 0.010436097im,1.022336331 + 0.008791612im,1.003825452 + 0.0im,1.003821971 - 2.345e-6im,1.003821971 - 2.345e-6im,1.022810966 + 0.008307855im,1.022820601 + 0.008310966im,1.033103605 + 0.012793232im,1.032465842 + 0.012644537im,1.026645228 + 0.010436469im,1.039273449 + 0.015621424im,1.038704328 + 0.015488306im,1.011379671 + 0.003565035im,1.011379671 + 0.003565035im,1.022228757 + 0.008722175im,1.016804214 + 0.006143605im,1.030054049 + 0.011723514im,1.024523027 + 0.009329765im,1.022959446 + 0.008341894im,1.024848259 + 0.00953526im,1.02297149 + 0.008345783im,1.040523223 + 0.016364419im,1.039414973 + 0.015654774im,1.038696417 + 0.015486582im,1.038703572 + 0.015488376im,1.035998843 + 0.013695098im,1.033263046 + 0.012830406im,1.026632614 + 0.01043672im,1.023095796 + 0.009028639im,1.022277844 + 0.008758265im,1.02659505 + 0.010399578im,1.026696031 + 0.010472931im
1.033375214 + 0.013041235im,1.033443256 + 0.013090062im,1.034990272 + 0.013657849im,1.035131057 + 0.013752248im,1.041428 + 0.016573659im,1.034837726 + 0.013562636im,1.023793664 + 0.008747462im,1.02320159 + 0.008366971im,1.004678312 + 0.000257874im,1.004481505 + 0.000134591im,1.013898341 + 0.00438324im,1.014306665 + 0.004652422im,1.020953843 + 0.007651468im,1.021362166 + 0.007920651im,1.028009344 + 0.010919697im,1.028213506 + 0.011054288im,1.031125799 + 0.012203456im,1.031126517 + 0.01220399im,1.033409235 + 0.013065648im,1.035024294 + 0.013682262im,1.041534764 + 0.016643645im,1.023607096 + 0.008627836im,1.004272806 - 2.991e-6im,1.004277343 + 0.0im,1.014102503 + 0.004517831im,1.021158004 + 0.007786059im,1.031124808 + 0.012203617im,1.028385355 + 0.011164839im,1.004277343 + 0.0im,1.004272806 - 2.991e-6im,1.004272806 - 2.991e-6im,1.024192231 + 0.008761405im,1.02422257 + 0.008769286im,1.035649494 + 0.013828014im,1.035024294 + 0.013682262im,1.031126517 + 0.01220399im,1.04212504 + 0.016782424im,1.041531747 + 0.016643921im,1.014102503 + 0.004517831im,1.014102503 + 0.004517831im,1.028213506 + 0.011054288im,1.021158004 + 0.007786059im,1.033409235 + 0.013065648im,1.025879534 + 0.00976642im,1.024338514 + 0.008794798im,1.026290935 + 0.010015699im,1.024376438 + 0.008804649im,1.043428436 + 0.017556398im,1.042272609 + 0.016817119im,1.04152386 + 0.016642194im,1.041530993 + 0.01664399im,1.038487703 + 0.014712051im,1.035805794 + 0.013864452im,1.031113958 + 0.012204219im,1.029597983 + 0.011541254im,1.028245819 + 0.011078328im,1.031093486 + 0.012179416im,1.031160538 + 0.012228403im
1.035977644 + 0.014156832im,1.036028486 + 0.014193131im,1.037183449 + 0.014613899im,1.037317837 + 0.014703699im,1.043746608 + 0.017595064im,1.037009726 + 0.014503243im,1.025211584 + 0.009303555im,1.024583848 + 0.008897743im,1.004997459 + 0.00027357im,1.00480945 + 0.000154587im,1.015661162 + 0.005028677im,1.016131868 + 0.00533785im,1.0237919 + 0.008778384im,1.024262606 + 0.009087557im,1.031922638 + 0.012528091im,1.032157991 + 0.012682678im,1.034298275 + 0.013535924im,1.034298802 + 0.013536319im,1.036003065 + 0.014174981im,1.03720887 + 0.014632049im,1.043855575 + 0.017666714im,1.02501244 + 0.009174749im,1.004568867 - 3.435e-6im,1.004574097 + 0.0im,1.015896515 + 0.005183263im,1.024027253 + 0.008932971im,1.0342971 + 0.013535945im,1.032369626 + 0.012819489im,1.004574097 + 0.0im,1.004568867 - 3.435e-6im,1.004568867 - 3.435e-6im,1.025643383 + 0.009319308im,1.025640028 + 0.009319216im,1.037843967 + 0.014780513im,1.03720887 + 0.014632049im,1.034298802 + 0.013536319im,1.044458318 + 0.017809343im,1.043852565 + 0.017666987im,1.015896515 + 0.005183263im,1.015896515 + 0.005183263im,1.032157991 + 0.012682678im,1.024027253 + 0.008932971im,1.036003065 + 0.014174981im,1.027462245 + 0.010404662im,1.025801119 + 0.009355448im,1.027748828 + 0.010591009im,1.025796924 + 0.009355333im,1.045788551 + 0.018601855im,1.044609004 + 0.017845im,1.043844697 + 0.017665256im,1.043851812 + 0.017667055im,1.040726964 + 0.015680416im,1.038002741 + 0.01481763im,1.034286282 + 0.013536532im,1.033864103 + 0.013287033im,1.032181709 + 0.012700453im,1.034274557 + 0.013518149im,1.034324223 + 0.013554469im
1.028502679 + 0.011020381im,1.028631548 + 0.011111762im,1.031555758 + 0.01216638im,1.031730011 + 0.012283793im,1.038204864 + 0.015171703im,1.031460252 + 0.012111991im,1.022013685 + 0.0081168im,1.021471079 + 0.007773452im,1.004010438 + 0.000241311im,1.003757933 + 8.8066e-5im,1.009658549 + 0.002909902im,1.00991321 + 0.003086034im,1.01407835 + 0.005077919im,1.014333011 + 0.005254051im,1.018498152 + 0.007245935im,1.018625482 + 0.007334001im,1.024250614 + 0.009463914im,1.024252007 + 0.009464921im,1.028567114 + 0.011066072im,1.031620193 + 0.012212071im,1.038314683 + 0.015243425im,1.021853744 + 0.00801672im,1.003627773 - 1.957e-6im,1.003630603 + 0.0im,1.009785879 + 0.002997968im,1.014205681 + 0.005165985im,1.024250286 + 0.00946455im,1.018690098 + 0.007376748im,1.003630603 + 0.0im,1.003627773 - 1.957e-6im,1.003627773 - 1.957e-6im,1.022473368 + 0.008157351im,1.022454696 + 0.008153677im,1.032248635 + 0.012356622im,1.031620193 + 0.012212071im,1.024252007 + 0.009464921im,1.038921344 + 0.015384993im,1.038311657 + 0.015243707im,1.009785879 + 0.002997968im,1.009785879 + 0.002997968im,1.018625482 + 0.007334001im,1.014205681 + 0.005165985im,1.028567114 + 0.011066072im,1.024260943 + 0.009219076im,1.022628274 + 0.008192509im,1.024475636 + 0.00936648im,1.022604934 + 0.008187916im,1.040261716 + 0.016177915im,1.039073009 + 0.015420385im,1.038303743 + 0.015241984im,1.038310901 + 0.015243777im,1.035102219 + 0.013236207im,1.032405745 + 0.01239276im,1.024239364 + 0.009465185im,1.019148014 + 0.007525341im,1.018688195 + 0.00737932im,1.0241879 + 0.009418595im,1.024316442 + 0.009510611im
1.037198754 + 0.014614851im,1.037260686 + 0.014657415im,1.038658905 + 0.015138622im,1.038806769 + 0.01523631im,1.045699491 + 0.018313592im,1.038481733 + 0.015025712im,1.026154474 + 0.009614373im,1.025500537 + 0.009193505im,1.005137438 + 0.000283182im,1.004934354 + 0.000157207im,1.015890588 + 0.005126637im,1.016365464 + 0.00544105im,1.024099276 + 0.008948883im,1.024574153 + 0.009263296im,1.032307964 + 0.012771129im,1.032545403 + 0.012928336im,1.035165477 + 0.013904219im,1.035166127 + 0.013904683im,1.03722972 + 0.014636133im,1.038689871 + 0.015159904im,1.045816389 + 0.018389998im,1.025946336 + 0.009480181im,1.00469164 - 3.493e-6im,1.004696916 + 0.0im,1.016128026 + 0.005283843im,1.024336714 + 0.00910609im,1.035164426 + 0.013904309im,1.032753576 + 0.013064635im,1.004696916 + 0.0im,1.00469164 - 3.493e-6im,1.00469164 - 3.493e-6im,1.026610904 + 0.009630374im,1.026583704 + 0.009624826im,1.039360403 + 0.015314444im,1.038689871 + 0.015159904im,1.035166127 + 0.013904683im,1.046462035 + 0.018540988im,1.045813384 + 0.018390268im,1.016128026 + 0.005283843im,1.016128026 + 0.005283843im,1.032545403 + 0.012928336im,1.024336714 + 0.00910609im,1.03722972 + 0.014636133im,1.028528784 + 0.010767123im,1.026777046 + 0.009667922im,1.028727835 + 0.010908904im,1.026743046 + 0.009660988im,1.047888297 + 0.01938564im,1.046623446 + 0.018578736im,1.045805532 + 0.018388535im,1.045812633 + 0.018390336im,1.042405 + 0.016254361im,1.039528036 + 0.015353079im,1.035153617 + 0.013904892im,1.034226476 + 0.013534863im,1.032574668 + 0.012949244im,1.035136212 + 0.013883311im,1.035197093 + 0.013925966im
1.030327591 + 0.011621613im,1.030409053 + 0.011679699im,1.032259215 + 0.012352439im,1.032402828 + 0.012448366im,1.038466075 + 0.015137472im,1.032130388 + 0.012274544im,1.022108626 + 0.007994031im,1.021562542 + 0.007647738im,1.004382029 + 0.000236846im,1.00418095 + 0.000112913im,1.012095904 + 0.003674848im,1.012439173 + 0.003900674im,1.018026199 + 0.006414981im,1.018369467 + 0.006640807im,1.023956493 + 0.009155114im,1.024128128 + 0.009268027im,1.02763734 + 0.010628853im,1.027638207 + 0.01062949im,1.030368322 + 0.011650656im,1.032299946 + 0.012381482im,1.038568957 + 0.015204357im,1.021939069 + 0.007887093im,1.004005502 - 2.509e-6im,1.004009316 + 0.0im,1.012267538 + 0.003787761im,1.018197833 + 0.006527894im,1.027636492 + 0.010629118im,1.024260746 + 0.009352269im,1.004009316 + 0.0im,1.004005502 - 2.509e-6im,1.004005502 - 2.509e-6im,1.022516069 + 0.008016767im,1.022495276 + 0.008012518im,1.032888626 + 0.012515541im,1.032299946 + 0.012381482im,1.027638207 + 0.01062949im,1.039136995 + 0.015335599im,1.038565932 + 0.015204638im,1.012267538 + 0.003787761im,1.012267538 + 0.003787761im,1.024128128 + 0.009268027im,1.018197833 + 0.006527894im,1.030368322 + 0.011650656im,1.024181967 + 0.009001463im,1.022660318 + 0.008049186im,1.024367331 + 0.009130171im,1.022634327 + 0.008043875im,1.040393016 + 0.016074911im,1.039279004 + 0.01536841im,1.03855802 + 0.015202916im,1.038565176 + 0.015204708im,1.035562119 + 0.01333326im,1.033035796 + 0.012549056im,1.027625606 + 0.010629738im,1.025194768 + 0.009636335im,1.024167144 + 0.009296697im,1.027598324 + 0.010600182im,1.027678938 + 0.010658532im
1.033672893 + 0.01309663im,1.033766927 + 0.013162597im,1.035896933 + 0.013918637im,1.036058633 + 0.01402645im,1.042819697 + 0.017038521im,1.035754009 + 0.013830851im,1.024519061 + 0.008983319im,1.023908485 + 0.008593968im,1.004707505 + 0.000265767im,1.004480367 + 0.000126687im,1.013223982 + 0.004145111im,1.013602563 + 0.004398485im,1.019774527 + 0.00723502im,1.020153108 + 0.007488394im,1.026325072 + 0.010324928im,1.026514362 + 0.010451616im,1.030575597 + 0.011980591im,1.030576604 + 0.011981316im,1.03371991 + 0.013129614im,1.03594395 + 0.013951621im,1.04293438 + 0.01711335im,1.02432912 + 0.008862549im,1.00428687 - 2.815e-6im,1.004291077 + 0.0im,1.013413273 + 0.004271798im,1.019963817 + 0.007361707im,1.030574895 + 0.011980943im,1.026658345 + 0.010545693im,1.004291077 + 0.0im,1.00428687 - 2.815e-6im,1.00428687 - 2.815e-6im,1.024975658 + 0.009008309im,1.02494603 + 0.009002088im,1.036614549 + 0.014105414im,1.03594395 + 0.013951621im,1.030576604 + 0.011981316im,1.043567654 + 0.017260894im,1.042931368 + 0.017113624im,1.013413273 + 0.004271798im,1.013413273 + 0.004271798im,1.026514362 + 0.010451616im,1.019963817 + 0.007361707im,1.03371991 + 0.013129614im,1.026841866 + 0.010113101im,1.025137292 + 0.009044749im,1.027021891 + 0.010243263im,1.025100257 + 0.009036973im,1.044966999 + 0.018088042im,1.043725972 + 0.01729778im,1.042923492 + 0.017111896im,1.042930615 + 0.017113693im,1.039659711 + 0.015041901im,1.036782199 + 0.014143862im,1.030564039 + 0.011981548im,1.027676753 + 0.010869763im,1.02655967 + 0.010484226im,1.03053029 + 0.011947981im,1.030623621 + 0.012014299im
1.029110291 + 0.01115476im,1.029216996 + 0.011229641im,1.031634145 + 0.012088028im,1.031795742 + 0.012195709im,1.0381739 + 0.015018005im,1.031523359 + 0.012022626im,1.021827755 + 0.007915241im,1.021288331 + 0.007574961im,1.004171908 + 0.000235247im,1.003946002 + 9.8588e-5im,1.010701386 + 0.003233544im,1.010993653 + 0.003430719im,1.01576216 + 0.00564363im,1.016054427 + 0.005840805im,1.020822934 + 0.008053715im,1.020969068 + 0.008152303im,1.025595452 + 0.009887648im,1.025596599 + 0.009888471im,1.029163644 + 0.011192201im,1.031687497 + 0.012125469im,1.038282144 + 0.015088245im,1.021663618 + 0.007812398im,1.003796621 - 2.191e-6im,1.003799868 + 0.0im,1.01084752 + 0.003332132im,1.015908294 + 0.005742217im,1.025594881 + 0.0098881im,1.021063568 + 0.008213822im,1.003799868 + 0.0im,1.003796621 - 2.191e-6im,1.003796621 - 2.191e-6im,1.022266727 + 0.007947094im,1.022215797 + 0.007935743im,1.03228588 + 0.012260778im,1.031687497 + 0.012125469im,1.025596599 + 0.009888471im,1.038879422 + 0.015225762im,1.038279119 + 0.015088527im,1.01084752 + 0.003332132im,1.01084752 + 0.003332132im,1.020969068 + 0.008152303im,1.015908294 + 0.005742217im,1.029163644 + 0.011192201im,1.02400886 + 0.008973711im,1.022417504 + 0.007980768im,1.024075694 + 0.009041045im,1.022353842 + 0.00796658im,1.040200458 + 0.016001982im,1.039028741 + 0.015260142im,1.038271204 + 0.015086805im,1.038278362 + 0.015088597im,1.035003757 + 0.013087538im,1.032435475 + 0.012294605im,1.025583973 + 0.00988873im,1.0217316 + 0.008425161im,1.021020701 + 0.008189372im,1.025543818 + 0.009850579im,1.025649952 + 0.009925912im
1.030838816 + 0.011840221im,1.030979575 + 0.011940408im,1.034175534 + 0.013099437im,1.034367594 + 0.013228885im,1.041540861 + 0.016422636im,1.034072097 + 0.01304124im,1.023810081 + 0.008724807im,1.023222748 + 0.00835471im,1.004361488 + 0.000259725im,1.004087655 + 9.3754e-5im,1.010414973 + 0.003090528im,1.010688267 + 0.003278035im,1.015154609 + 0.005393405im,1.015427903 + 0.005580913im,1.019894245 + 0.007696283im,1.020030892 + 0.007790036im,1.026191643 + 0.010129782im,1.026193169 + 0.010130887im,1.030909195 + 0.011890315im,1.034245913 + 0.01314953im,1.041662541 + 0.016501991im,1.023636265 + 0.008616518im,1.003947971 - 2.083e-6im,1.003951008 + 0.0im,1.01055162 + 0.003184282im,1.015291256 + 0.005487159im,1.026191452 + 0.010130515im,1.020098878 + 0.007834069im,1.003951008 + 0.0im,1.003947971 - 2.083e-6im,1.003947971 - 2.083e-6im,1.024317777 + 0.008770205im,1.024267423 + 0.008758982im,1.034917745 + 0.013303394im,1.034245913 + 0.01314953im,1.026193169 + 0.010130887im,1.042334211 + 0.016658377im,1.041659525 + 0.016502268im,1.01055162 + 0.003184282im,1.01055162 + 0.003184282im,1.020030892 + 0.007790036im,1.015291256 + 0.005487159im,1.030909195 + 0.011890315im,1.026284892 + 0.009934893im,1.024488155 + 0.008808627im,1.026391585 + 0.010027743im,1.024425213 + 0.008794598im,1.04381848 + 0.017535429im,1.042502129 + 0.016697474im,1.041651639 + 0.016500542im,1.041658771 + 0.016502337im,1.037968576 + 0.014240628im,1.035085703 + 0.01334186im,1.02618055 + 0.010131142im,1.020579101 + 0.00798476im,1.020099554 + 0.007839758im,1.026122982 + 0.010080061im,1.026263548 + 0.01018098im
1.038021985 + 0.015073961im,1.038094255 + 0.015124478im,1.039730316 + 0.01570207im,1.03989106 + 0.015809376im,1.047243688 + 0.019121763im,1.039553007 + 0.015589144im,1.026906612 + 0.010009142im,1.026231914 + 0.009572914im,1.005153325 + 0.000294524im,1.00493469 + 0.000158351im,1.015894668 + 0.005176135im,1.016369358 + 0.005492837im,1.024105813 + 0.009034802im,1.024580502 + 0.009351504im,1.032316958 + 0.012893469im,1.032554302 + 0.01305182im,1.035642934 + 0.014221281im,1.035643699 + 0.014221834im,1.03805812 + 0.01509922im,1.039766451 + 0.015727329im,1.047368298 + 0.01920381im,1.026693169 + 0.009870957im,1.004692071 - 3.519e-6im,1.004697345 + 0.0im,1.016132013 + 0.005334486im,1.024343158 + 0.009193153im,1.035641999 + 0.014221459im,1.032757212 + 0.013185287im,1.004697345 + 0.0im,1.004692071 - 3.519e-6im,1.004692071 - 3.519e-6im,1.02739361 + 0.01003121im,1.02735166 + 0.010021966im,1.040453004 + 0.015887762im,1.039766451 + 0.015727329im,1.035643699 + 0.014221834im,1.048057308 + 0.019367454im,1.047365298 + 0.019204078im,1.016132013 + 0.005334486im,1.016132013 + 0.005334486im,1.032554302 + 0.01305182im,1.024343158 + 0.009193153im,1.03805812 + 0.01509922im,1.029413052 + 0.011235399im,1.027568721 + 0.010071273im,1.029564982 + 0.011354302im,1.027516283 + 0.010059718im,1.049577477 + 0.020274827im,1.04822956 + 0.019408365im,1.047357459 + 0.019202342im,1.047364548 + 0.019204145im,1.043569607 + 0.016860302im,1.040624642 + 0.015927871im,1.035631195 + 0.014222038im,1.034193893 + 0.013647306im,1.032588737 + 0.013076703im,1.035608499 + 0.014196398im,1.035679834 + 0.014247092im
1.035754381 + 0.017237914im,1.035841489 + 0.017294487im,1.037790746 + 0.017908844im,1.037947144 + 0.01802656im,1.044735035 + 0.021833587im,1.037629969 + 0.017787614im,1.025375204 + 0.011520902im,1.024702409 + 0.011037665im,1.003088365 + 0.000329827im,1.002847743 + 0.00017522im,1.013317576 + 0.005993414im,1.013763355 + 0.006343855im,1.021153825 + 0.010450814im,1.021599604 + 0.010801255im,1.028990074 + 0.014908215im,1.029212964 + 0.015083436im,1.032919382 + 0.016329508im,1.032920312 + 0.016330128im,1.035797935 + 0.017266201im,1.0378343 + 0.017937131im,1.044847879 + 0.021923016im,1.025170874 + 0.011371385im,1.0026199 - 3.894e-6im,1.002624853 + 0.0im,1.013540465 + 0.006168634im,1.021376715 + 0.010626035im,1.032918608 + 0.016329748im,1.029394003 + 0.015230749im,1.002624853 + 0.0im,1.0026199 - 3.894e-6im,1.0026199 - 3.894e-6im,1.025934711 + 0.011547113im,1.025877739 + 0.011588826im,1.038576856 + 0.018112357im,1.0378343 + 0.017937131im,1.032920312 + 0.016330128im,1.045496497 + 0.022138428im,1.044844871 + 0.021923276im,1.013540465 + 0.006168634im,1.013540465 + 0.006168634im,1.029212964 + 0.015083436im,1.021376715 + 0.010626035im,1.035797935 + 0.017266201im,1.028135951 + 0.012863311im,1.02612567 + 0.011591044im,1.028187808 + 0.013220145im,1.026054455 + 0.011643186im,1.046881494 + 0.023138929im,1.045658652 + 0.022192281im,1.044837019 + 0.021921515im,1.044844119 + 0.021923341im,1.041947107 + 0.019172105im,1.038762495 + 0.018156163im,1.032907775 + 0.016330307im,1.030722737 + 0.015812009im,1.029254814 + 0.015111342im,1.032877532 + 0.016301601im,1.032963866 + 0.016358414im
1.030866105 + 0.019152938im,1.031042933 + 0.019243726im,1.034873353 + 0.020034781im,1.035074469 + 0.02020296im,1.042140253 + 0.0257914im,1.034787699 + 0.019904518im,1.023932306 + 0.011974198im,1.02327094 + 0.011452099im,1.000792584 + 0.000342568im,1.000446742 + 0.000174346im,1.007385532 + 0.006521374im,1.007662295 + 0.006870066im,1.012560264 + 0.011350321im,1.012837027 + 0.011699013im,1.017734996 + 0.016179269im,1.017873377 + 0.016353614im,1.025292215 + 0.017974087im,1.025294142 + 0.017975087im,1.030954519 + 0.019198332im,1.034961767 + 0.020080175im,1.042252955 + 0.025914185im,1.023758238 + 0.011798541im,1.000305286 - 3.874e-6im,1.000308361 + 0.0im,1.007523913 + 0.00669572im,1.012698645 + 0.011524667im,1.025292426 + 0.017974702im,1.017925061 + 0.016482952im,1.000308361 + 0.0im,1.000305286 - 3.874e-6im,1.000305286 - 3.874e-6im,1.024596881 + 0.011991289im,1.024586885 + 0.011860226im,1.035785771 + 0.020275619im,1.034961767 + 0.020080175im,1.025294142 + 0.017975087im,1.042954686 + 0.026278087im,1.042249939 + 0.025914434im,1.007523913 + 0.00669572im,1.007523913 + 0.00669572im,1.017873377 + 0.016353614im,1.012698645 + 0.011524667im,1.030954519 + 0.019198332im,1.027013889 + 0.013435802im,1.024806542 + 0.012039476im,1.027524855 + 0.013070424im,1.024794046 + 0.011875647im,1.044354884 + 0.027672539im,1.043130119 + 0.026369062im,1.042242074 + 0.025912638im,1.042249185 + 0.025914496im,1.039525356 + 0.021456217im,1.035991772 + 0.02032448im,1.025281512 + 0.017975246im,1.018449403 + 0.017171495im,1.017960075 + 0.016398623im,1.025205517 + 0.017929078im,1.025382556 + 0.018020481im
1.036541 + 0.014213034im,1.036659682 + 0.014299429im,1.039364518 + 0.015313109im,1.039557282 + 0.015444176im,1.047430074 + 0.018991846im,1.039217687 + 0.015225711im,1.0270269 + 0.009990502im,1.026354453 + 0.009561365im,1.005064715 + 0.000295663im,1.004797143 + 0.000129527im,1.013772182 + 0.004232318im,1.014160948 + 0.004491371im,1.02049627 + 0.00738746im,1.020885036 + 0.007646513im,1.027220357 + 0.010542601im,1.02741474 + 0.010672128im,1.032608192 + 0.012717721im,1.032609472 + 0.012718673im,1.036600341 + 0.014256231im,1.039423859 + 0.015356307im,1.047563497 + 0.019079716im,1.026820728 + 0.009859907im,1.004598441 - 2.878e-6im,1.00460276 + 0.0im,1.013966565 + 0.004361845im,1.020690653 + 0.007516986im,1.032607766 + 0.012718299im,1.027551488 + 0.010758831im,1.00460276 + 0.0im,1.004598441 - 2.878e-6im,1.004598441 - 2.878e-6im,1.027532875 + 0.010022994im,1.027535167 + 0.010024229im,1.040149364 + 0.01552539im,1.039423859 + 0.015356307im,1.032609472 + 0.012718673im,1.048301053 + 0.019255037im,1.047560497 + 0.019079984im,1.013966565 + 0.004361845im,1.013966565 + 0.004361845im,1.02741474 + 0.010672128im,1.020690653 + 0.007516986im,1.036600341 + 0.014256231im,1.02958591 + 0.011247793im,1.027710912 + 0.010063765im,1.029935967 + 0.011471521im,1.027713776 + 0.010065309im,1.049928221 + 0.020226692im,1.048485442 + 0.019298867im,1.047552659 + 0.019078249im,1.047559747 + 0.019080051im,1.043442938 + 0.016551016im,1.04033074 + 0.015567661im,1.032596931 + 0.012718896im,1.028514321 + 0.011050768im,1.027472376 + 0.010714952im,1.032550556 + 0.012674897im,1.032668814 + 0.01276187im
1.034534047 + 0.013443328im,1.03463662 + 0.013516855im,1.036968304 + 0.014371304im,1.037143928 + 0.014489638im,1.044477926 + 0.017778884im,1.036823538 + 0.014283499im,1.025227857 + 0.009284674im,1.024598214 + 0.008882686im,1.004802082 + 0.0002746im,1.004562819 + 0.000126856im,1.01334145 + 0.004146874im,1.013721656 + 0.004400586im,1.019918336 + 0.007238246im,1.020298542 + 0.007491957im,1.026495223 + 0.010329617im,1.026685326 + 0.010456473im,1.031143669 + 0.012182545im,1.031144771 + 0.012183354im,1.034585334 + 0.013480091im,1.03701959 + 0.014408067im,1.044602263 + 0.017860455im,1.025031805 + 0.009160105im,1.004368492 - 2.819e-6im,1.004372716 + 0.0im,1.013531553 + 0.00427373im,1.020108439 + 0.007365101im,1.031143062 + 0.01218298im,1.026825851 + 0.010546939im,1.004372716 + 0.0im,1.004368492 - 2.819e-6im,1.004368492 - 2.819e-6im,1.02567099 + 0.009305469im,1.025694605 + 0.009311405im,1.037694768 + 0.014564408im,1.03701959 + 0.014408067im,1.031144771 + 0.012183354im,1.0452893 + 0.018022412im,1.044599255 + 0.017860727im,1.013531553 + 0.00427373im,1.013531553 + 0.00427373im,1.026685326 + 0.010456473im,1.020108439 + 0.007365101im,1.034585334 + 0.013480091im,1.027514704 + 0.010401626im,1.025830786 + 0.00934181im,1.027923239 + 0.010649929im,1.025860305 + 0.00934923im,1.046806032 + 0.018924282im,1.045461059 + 0.018062901im,1.044591393 + 0.017858996im,1.044598503 + 0.017860795im,1.040760214 + 0.015514209im,1.037863562 + 0.014603494im,1.031132212 + 0.012183583im,1.027817553 + 0.010855132im,1.026734904 + 0.010492863im,1.031094091 + 0.012146155im,1.031196057 + 0.012220117im
1.032070203 + 0.012370597im,1.032180503 + 0.012450222im,1.034690779 + 0.013379656im,1.034865664 + 0.013497858im,1.041926839 + 0.016656706im,1.034563471 + 0.013304532im,1.023780396 + 0.008705692im,1.023189035 + 0.008330237im,1.004527413 + 0.000258058im,1.004288254 + 0.000110704im,1.011955645 + 0.003617822im,1.012287753 + 0.003839229im,1.017700029 + 0.006314842im,1.018032137 + 0.006536249im,1.023444413 + 0.009011862im,1.023610467 + 0.009122565im,1.028420208 + 0.01099935im,1.028421395 + 0.011000227im,1.032125353 + 0.012410409im,1.034745928 + 0.013419468im,1.042046574 + 0.016735096im,1.023597938 + 0.008590755im,1.00411851 - 2.46e-6im,1.0041222 + 0.0im,1.012121699 + 0.003728525im,1.017866083 + 0.006425545im,1.028419682 + 0.010999854im,1.023723084 + 0.009193829im,1.0041222 + 0.0im,1.00411851 - 2.46e-6im,1.00411851 - 2.46e-6im,1.024223221 + 0.008732816im,1.024213622 + 0.008730921im,1.03539283 + 0.013568957im,1.034745928 + 0.013419468im,1.028421395 + 0.011000227im,1.042708041 + 0.016890324im,1.042043559 + 0.016735372im,1.012121699 + 0.003728525im,1.012121699 + 0.003728525im,1.023610467 + 0.009122565im,1.017866083 + 0.006425545im,1.032125353 + 0.012410409im,1.026026977 + 0.009804691im,1.024379542 + 0.008768331im,1.026284283 + 0.00997292im,1.024367543 + 0.008765963im,1.044168848 + 0.017756954im,1.042873407 + 0.016929131im,1.042035676 + 0.016733644im,1.042042805 + 0.016735441im,1.038330001 + 0.014477569im,1.035554556 + 0.013606329im,1.028408803 + 0.011000471im,1.024515786 + 0.009433413im,1.023663903 + 0.009162006im,1.028366771 + 0.01095991im,1.028476545 + 0.011040039im
1.032343032 + 0.012549795im,1.032447647 + 0.012624089im,1.034822077 + 0.013482347im,1.034991811 + 0.013596245im,1.041915735 + 0.016687421im,1.034688126 + 0.013401535im,1.023675023 + 0.008673182im,1.023081929 + 0.008295838im,1.004513411 + 0.000256815im,1.004282739 + 0.000115653im,1.012245196 + 0.003787214im,1.012589863 + 0.00401852im,1.018210421 + 0.00661021im,1.018555088 + 0.006841516im,1.024175646 + 0.009433206im,1.024347979 + 0.009548859im,1.028890415 + 0.011283166im,1.02889154 + 0.011283983im,1.032395339 + 0.012586942im,1.034874385 + 0.013519494im,1.042033161 + 0.016764172im,1.023488765 + 0.008555224im,1.004106575 - 2.57e-6im,1.004110405 + 0.0im,1.012417529 + 0.003902867im,1.018382754 + 0.006725863im,1.028889827 + 0.01128361im,1.024469718 + 0.009627737im,1.004110405 + 0.0im,1.004106575 - 2.57e-6im,1.004106575 - 2.57e-6im,1.024089383 + 0.008690845im,1.024096342 + 0.008692818im,1.035539021 + 0.013672585im,1.034874385 + 0.013519494im,1.02889154 + 0.011283983im,1.042681726 + 0.016915839im,1.042030146 + 0.016764448im,1.012417529 + 0.003902867im,1.012417529 + 0.003902867im,1.024347979 + 0.009548859im,1.018382754 + 0.006725863im,1.032395339 + 0.012586942im,1.025822831 + 0.009717836im,1.024239538 + 0.00872475im,1.0261406 + 0.009915821im,1.024248236 + 0.008727216im,1.044114442 + 0.017764294im,1.042843867 + 0.016953755im,1.042022263 + 0.01676272im,1.042029392 + 0.016764517im,1.03855688 + 0.014603819im,1.03570518 + 0.013710858im,1.028878953 + 0.011284224im,1.025329688 + 0.009897763im,1.024398574 + 0.009585633im,1.028839821 + 0.011246392im,1.028943847 + 0.01132113im
1.029705507 + 0.011575613im,1.029812929 + 0.011651414im,1.032248501 + 0.012523467im,1.03241331 + 0.012634084im,1.038964944 + 0.015564141im,1.032130295 + 0.012452443im,1.021964767 + 0.008085617im,1.021413982 + 0.00773492im,1.004120517 + 0.000239487im,1.003896004 + 0.000102829im,1.010882698 + 0.003382154im,1.011184696 + 0.003587811im,1.016116481 + 0.005902629im,1.016418478 + 0.006108287im,1.021350263 + 0.008423104im,1.021501261 + 0.008525933im,1.026163926 + 0.010288466im,1.026165082 + 0.0102893im,1.029759218 + 0.011613514im,1.032302212 + 0.012561367im,1.039076042 + 0.015636858im,1.021792849 + 0.007976693im,1.003741649 - 2.285e-6im,1.003745005 + 0.0im,1.011033697 + 0.003484983im,1.016267479 + 0.006005458im,1.026163364 + 0.010288928im,1.021600267 + 0.008591234im,1.003745005 + 0.0im,1.003741649 - 2.285e-6im,1.003741649 - 2.285e-6im,1.02234327 + 0.008101176im,1.022376242 + 0.008109255im,1.032930629 + 0.012706225im,1.032302212 + 0.012561367im,1.026165082 + 0.0102893im,1.039689988 + 0.015780788im,1.039073018 + 0.015637138im,1.011033697 + 0.003484983im,1.011033697 + 0.003484983im,1.021501261 + 0.008525933im,1.016267479 + 0.006005458im,1.029759218 + 0.011613514im,1.023931642 + 0.009042946im,1.022480875 + 0.008132297im,1.0243386 + 0.009285191im,1.02252209 + 0.008142395im,1.04104596 + 0.016584811im,1.039843475 + 0.015816771im,1.03906511 + 0.015635414im,1.039072262 + 0.015637208im,1.035783995 + 0.013587219im,1.033087734 + 0.01274244im,1.026152462 + 0.010289553im,1.02230156 + 0.008817731im,1.021553255 + 0.008563461im,1.026111933 + 0.010250938im,1.026218792 + 0.010327201im
1.028162669 + 0.010911309im,1.028258305 + 0.010979863im,1.030432301 + 0.011776513im,1.030563875 + 0.011866254im,1.035508663 + 0.014109532im,1.030327367 + 0.011714008im,1.021295113 + 0.007833977im,1.020775627 + 0.007502799im,1.004033512 + 0.000232211im,1.003816341 + 9.8365e-5im,1.010577708 + 0.003222843im,1.010870334 + 0.003419574im,1.015643063 + 0.005625088im,1.015935689 + 0.005821818im,1.020708419 + 0.008027332im,1.020854732 + 0.008125697im,1.02500158 + 0.009735813im,1.025002604 + 0.009736566im,1.028210487 + 0.010945586im,1.030480119 + 0.011810789im,1.03559242 + 0.014164996im,1.021142362 + 0.007737196im,1.003666777 - 2.186e-6im,1.003670028 + 0.0im,1.010724021 + 0.003321209im,1.015789376 + 0.005723453im,1.025000884 + 0.009736194im,1.020954946 + 0.008190157im,1.003670028 + 0.0im,1.003666777 - 2.186e-6im,1.003666777 - 2.186e-6im,1.021715144 + 0.007867448im,1.021742332 + 0.007873843im,1.031121077 + 0.011958578im,1.030480119 + 0.011810789im,1.025002604 + 0.009736566im,1.036057065 + 0.014276288im,1.035589387 + 0.014165281im,1.010724021 + 0.003321209im,1.010724021 + 0.003321209im,1.020854732 + 0.008125697im,1.015789376 + 0.005723453im,1.028210487 + 0.010945586im,1.023367329 + 0.008849698im,1.021858339 + 0.007900011im,1.023760073 + 0.009084354im,1.021892325 + 0.007908005im,1.037081513 + 0.014890421im,1.036173226 + 0.014304111im,1.03558145 + 0.014163562im,1.035588628 + 0.014165353im,1.034031372 + 0.012857335im,1.031281316 + 0.011995525im,1.02498997 + 0.009736826im,1.02166208 + 0.008409613im,1.02090083 + 0.008159602im,1.024955481 + 0.009701907im,1.025050422 + 0.009770843im
1.0276638 + 0.010573333im,1.027757839 + 0.010639969im,1.029891474 + 0.011408664im,1.030022936 + 0.011496616im,1.034997187 + 0.013689696im,1.02978863 + 0.011348147im,1.02093672 + 0.007601389im,1.020427619 + 0.007279595im,1.004038702 + 0.000225833im,1.003825869 + 9.5634e-5im,1.010440062 + 0.003126874im,1.010726507 + 0.003318143im,1.015395349 + 0.005457841im,1.015681795 + 0.00564911im,1.020350637 + 0.007788809im,1.020493859 + 0.007884443im,1.024561306 + 0.009438834im,1.024562313 + 0.009439567im,1.027710819 + 0.010606651im,1.029938494 + 0.011441982im,1.035081629 + 0.01374433im,1.020786856 + 0.007507553im,1.003679464 - 2.125e-6im,1.003682647 + 0.0im,1.010583285 + 0.003222508im,1.015538572 + 0.005553476im,1.024560592 + 0.009439195im,1.020591783 + 0.007947131im,1.003682647 + 0.0im,1.003679464 - 2.125e-6im,1.003679464 - 2.125e-6im,1.021351531 + 0.007634888im,1.021368819 + 0.007639021im,1.030555073 + 0.01158315im,1.029938494 + 0.011441982im,1.024562313 + 0.009439567im,1.035547983 + 0.013850824im,1.035078594 + 0.013744616im,1.010583285 + 0.003222508im,1.010583285 + 0.003222508im,1.020493859 + 0.007884443im,1.015538572 + 0.005553476im,1.027710819 + 0.010606651im,1.022981412 + 0.008599891im,1.0214927 + 0.007666722im,1.02332728 + 0.008809283im,1.021514309 + 0.007671889im,1.036580106 + 0.0144548im,1.035664571 + 0.013877448im,1.035070653 + 0.013742899im,1.035077836 + 0.013744688im,1.033355011 + 0.012443109im,1.030709218 + 0.011618442im,1.024549674 + 0.00943983im,1.021282254 + 0.008159781im,1.020539159 + 0.00791739im,1.024516007 + 0.009405888im,1.024609333 + 0.009472885im
1.025240668 + 0.009771575im,1.025337836 + 0.009841185im,1.027546426 + 0.010649789im,1.027698868 + 0.010752936im,1.033826657 + 0.013511445im,1.027446826 + 0.010591049im,1.018687565 + 0.006845399im,1.018218076 + 0.006547114im,1.003554056 + 0.000202875im,1.003359567 + 8.3913e-5im,1.00909594 + 0.002754395im,1.009344058 + 0.002922221im,1.013393262 + 0.004807267im,1.01364138 + 0.004975093im,1.017690584 + 0.006860139im,1.017814643 + 0.006944052im,1.022029272 + 0.008578424im,1.022030313 + 0.008579189im,1.025289252 + 0.00980638im,1.02759501 + 0.010684594im,1.033930514 + 0.013579787im,1.01853938 + 0.006751854im,1.003232752 - 1.865e-6im,1.003235509 + 0.0im,1.009219999 + 0.002838308im,1.013517321 + 0.00489118im,1.022028588 + 0.008578818im,1.017891843 + 0.006993531im,1.003235509 + 0.0im,1.003232752 - 1.865e-6im,1.003232752 - 1.865e-6im,1.019007403 + 0.006858057im,1.019019927 + 0.006860954im,1.028104626 + 0.010801619im,1.02759501 + 0.010684594im,1.022030313 + 0.008579189im,1.034505248 + 0.013715927im,1.033927476 + 0.013580074im,1.009219999 + 0.002838308im,1.009219999 + 0.002838308im,1.017814643 + 0.006944052im,1.013517321 + 0.00489118im,1.025289252 + 0.00980638im,1.02035764 + 0.007659954im,1.019124409 + 0.006884608im,1.020636454 + 0.00782925im,1.019140064 + 0.006888229im,1.035773562 + 0.014471944im,1.034648932 + 0.013749962im,1.033919526 + 0.013578356im,1.033926717 + 0.013580146im,1.03041872 + 0.011513994im,1.02823203 + 0.010830875im,1.022017643 + 0.008579464im,1.018436287 + 0.007161526im,1.017861502 + 0.006978485im,1.021982413 + 0.00854399im,1.022078897 + 0.008613994im
1.023058319 + 0.008764955im,1.023140339 + 0.008822491im,1.024998193 + 0.009481892im,1.025115548 + 0.009559035im,1.029604103 + 0.011487386im,1.024913779 + 0.009432888im,1.017511984 + 0.006337987im,1.017086622 + 0.006070073im,1.00340429 + 0.000188403im,1.003223864 + 7.8259e-5im,1.008624352 + 0.00256068im,1.008858179 + 0.002717198im,1.012670288 + 0.004469496im,1.012904115 + 0.004626013im,1.016716224 + 0.006378311im,1.016833137 + 0.00645657im,1.02035677 + 0.007791571im,1.020357643 + 0.007792202im,1.023099329 + 0.008793723im,1.025039203 + 0.00951066im,1.029680448 + 0.011535761im,1.017386559 + 0.006260215im,1.003104353 - 1.739e-6im,1.003106951 + 0.0im,1.008741265 + 0.002638939im,1.012787201 + 0.004547754im,1.020355915 + 0.007791832im,1.016910769 + 0.00650643im,1.003106951 + 0.0im,1.003104353 - 1.739e-6im,1.003104353 - 1.739e-6im,1.017852287 + 0.006366489im,1.017877489 + 0.006372227im,1.025533309 + 0.009624041im,1.025039203 + 0.00951066im,1.020357643 + 0.007792202im,1.030100748 + 0.011627475im,1.029677398 + 0.011536055im,1.008741265 + 0.002638939im,1.008741265 + 0.002638939im,1.016833137 + 0.00645657im,1.012787201 + 0.004547754im,1.023099329 + 0.008793723im,1.019195307 + 0.007166291im,1.017968719 + 0.006393057im,1.019528281 + 0.00736346im,1.018000221 + 0.00640023im,1.031034145 + 0.012161639im,1.030205822 + 0.011650404im,1.029669411 + 0.011534346im,1.029676636 + 0.011536129im,1.027777003 + 0.010314351im,1.025656836 + 0.009652386im,1.020344953 + 0.007792487im,1.017458433 + 0.006675992im,1.016872419 + 0.006484968im,1.020317489 + 0.007763173im,1.020398653 + 0.00782097im
1.029538903 + 0.018486921im,1.029671439 + 0.018602378im,1.03279184 + 0.020094188im,1.032997112 + 0.020322228im,1.041873413 + 0.02822209im,1.032672118 + 0.019964599im,1.021076418 + 0.011511054im,1.020469457 + 0.010998394im,1.000877662 + 0.000322062im,1.000611598 + 0.000147665im,1.007920775 + 0.005293706im,1.008223854 + 0.005589037im,1.013383273 + 0.009221536im,1.013686352 + 0.009516867im,1.018845771 + 0.013149367im,1.01899731 + 0.013297032im,1.025004102 + 0.016292275im,1.025005536 + 0.016293549im,1.029605171 + 0.018544649im,1.032858108 + 0.020151916im,1.042012417 + 0.028392403im,1.020890428 + 0.011323738im,1.000456691 - 3.281e-6im,1.000460059 + 0.0im,1.008072315 + 0.005441372im,1.013534812 + 0.009369202im,1.025003819 + 0.016293166im,1.019084298 + 0.013387352im,1.000460059 + 0.0im,1.000456691 - 3.281e-6im,1.000456691 - 3.281e-6im,1.021500571 + 0.011465956im,1.02154702 + 0.011416421im,1.033481858 + 0.02030161im,1.032858108 + 0.020151916im,1.025005536 + 0.016293549im,1.042907618 + 0.028925174im,1.0420094 + 0.028392645im,1.008072315 + 0.005441372im,1.008072315 + 0.005441372im,1.01899731 + 0.013297032im,1.013534812 + 0.009369202im,1.029605171 + 0.018544649im,1.023257029 + 0.012523077im,1.021653106 + 0.011501511im,1.023822847 + 0.012534541im,1.021711169 + 0.011439592im,1.044642409 + 0.030867521im,1.043131418 + 0.029058367im,1.042001538 + 0.02839083im,1.042008646 + 0.028392706im,1.03631204 + 0.021203361im,1.033637796 + 0.020339033im,1.024992902 + 0.016293728im,1.019755206 + 0.013783619im,1.019061861 + 0.013354377im,1.024939551 + 0.016234929im,1.025071804 + 0.016351277im
1.032430681 + 0.012900642im,1.032562627 + 0.012996947im,1.035571077 + 0.014128745im,1.035798899 + 0.014284948im,1.045361535 + 0.018666365im,1.035437197 + 0.01404887im,1.023607756 + 0.008897056im,1.022997592 + 0.00850419im,1.00424895 + 0.000262447im,1.003998648 + 0.000107624im,1.011248181 + 0.003549988im,1.011561242 + 0.003765236im,1.016678559 + 0.00619514im,1.016991621 + 0.006410389im,1.022108938 + 0.008840293im,1.022265468 + 0.008947917im,1.028056446 + 0.01123117im,1.028057874 + 0.011232232im,1.032496654 + 0.012948795im,1.035637049 + 0.014176898im,1.045523385 + 0.018774415im,1.023407903 + 0.008769028im,1.003838639 - 2.392e-6im,1.003842118 + 0.0im,1.011404712 + 0.003657612im,1.01683509 + 0.006302765im,1.02805616 + 0.011231859im,1.02235774 + 0.009007762im,1.003842118 + 0.0im,1.003838639 - 2.392e-6im,1.003838639 - 2.392e-6im,1.023970956 + 0.008900337im,1.024000639 + 0.008906719im,1.036208931 + 0.014312195im,1.035637049 + 0.014176898im,1.028057874 + 0.011232232im,1.0464198 + 0.018993632im,1.045520379 + 0.018774684im,1.011404712 + 0.003657612im,1.011404712 + 0.003657612im,1.022265468 + 0.008947917im,1.01683509 + 0.006302765im,1.032496654 + 0.012948795im,1.025591787 + 0.009876079im,1.02411172 + 0.008933164im,1.025990848 + 0.010112416im,1.024148823 + 0.008941142im,1.048392834 + 0.020189195im,1.046643904 + 0.019048436im,1.045512526 + 0.018772948im,1.045519628 + 0.018774752im,1.038804421 + 0.015129962im,1.036351901 + 0.014346019im,1.028045278 + 0.011232473im,1.023009649 + 0.00921278im,1.022329727 + 0.008995696im,1.027992187 + 0.011183391im,1.028123847 + 0.011280384im
1.032516213 + 0.012972663im,1.032648749 + 0.013069536im,1.035671389 + 0.014209007im,1.035905501 + 0.01436973im,1.045824338 + 0.018925907im,1.035535564 + 0.014127742im,1.02357143 + 0.00890538im,1.022959467 + 0.008510754im,1.004228542 + 0.000262522im,1.003979151 + 0.00010812im,1.011251151 + 0.003568078im,1.01156513 + 0.003784317im,1.016698307 + 0.00622664im,1.017012286 + 0.00644288im,1.022145463 + 0.008885203im,1.022302452 + 0.008993323im,1.028121363 + 0.011291916im,1.028122798 + 0.011292984im,1.032582481 + 0.0130211im,1.035737657 + 0.014257444im,1.045992182 + 0.019038193im,1.023369337 + 0.008775678im,1.003818672 - 2.403e-6im,1.003822161 + 0.0im,1.011408141 + 0.003676197im,1.016855297 + 0.00633476im,1.028121084 + 0.011292611im,1.022394888 + 0.009053378im,1.003822161 + 0.0im,1.003818672 - 2.403e-6im,1.003818672 - 2.403e-6im,1.023920868 + 0.008904648im,1.023959115 + 0.008912973im,1.036290497 + 0.014388189im,1.035737657 + 0.014257444im,1.028122798 + 0.011292984im,1.046922065 + 0.019266579im,1.045989178 + 0.019038462im,1.011408141 + 0.003676197im,1.011408141 + 0.003676197im,1.022302452 + 0.008993323im,1.016855297 + 0.00633476im,1.032582481 + 0.0130211im,1.025508178 + 0.009861507im,1.02405875 + 0.008936891im,1.025939045 + 0.010113709im,1.024106559 + 0.008947297im,1.048968022 + 0.020509127im,1.047154536 + 0.019323676im,1.045981329 + 0.019036724im,1.045988427 + 0.019038529im,1.038799581 + 0.015178508im,1.036428706 + 0.014420875im,1.028110202 + 0.011293225im,1.023048128 + 0.009259389im,1.022367007 + 0.009041386im,1.028056809 + 0.011243852im,1.028189066 + 0.011341421im
1.026753256 + 0.018229186im,1.026882771 + 0.018347299im,1.029959865 + 0.019905366im,1.03017972 + 0.020115102im,1.039746887 + 0.026829422im,1.029824428 + 0.019799779im,1.017661452 + 0.012685507im,1.017079257 + 0.012173905im,0.998957595 + 0.000343798im,0.99872412 + 0.000142178im,1.005736166 + 0.005101067im,1.006026759 + 0.005385422im,1.010976439 + 0.008885815im,1.011267031 + 0.00917017im,1.016216711 + 0.012670563im,1.016362007 + 0.012812741im,1.022281994 + 0.01593833im,1.022283395 + 0.015939633im,1.026818013 + 0.018288242im,1.030024622 + 0.019964422im,1.039901985 + 0.026980101im,1.017461258 + 0.012520863im,0.998575594 - 3.16e-6im,0.998578823 + 0.0im,1.005881462 + 0.005243245im,1.011121735 + 0.009027993im,1.022281673 + 0.01593925im,1.016444268 + 0.012896245im,0.998578823 + 0.0im,0.998575594 - 3.16e-6im,0.998575594 - 3.16e-6im,1.018041186 + 0.012658996im,1.017983079 + 0.012900131im,1.030630506 + 0.020111984im,1.030024622 + 0.019964422im,1.022283395 + 0.015939633im,1.040837089 + 0.027399683im,1.039898962 + 0.026980348im,1.005881462 + 0.005243245im,1.005881462 + 0.005243245im,1.016362007 + 0.012812741im,1.011121735 + 0.009027993im,1.026818013 + 0.018288242im,1.019707687 + 0.013672976im,1.018186168 + 0.012693529im,1.019428119 + 0.014899356im,1.018113534 + 0.012994949im,1.042751989 + 0.029102071im,1.041070865 + 0.027504579im,1.039891081 + 0.02697854im,1.039898206 + 0.02698041im,1.033378892 + 0.020997861im,1.030781977 + 0.020148874im,1.022270727 + 0.015939817im,1.017075545 + 0.01325956im,1.016425043 + 0.012871414im,1.022218958 + 0.015879657im,1.022348152 + 0.01599869im
1.031770728 + 0.01250231im,1.031893825 + 0.012591044im,1.034694664 + 0.013625837im,1.034906286 + 0.013768398im,1.043756083 + 0.017724602im,1.034565216 + 0.013549135im,1.023270994 + 0.008694614im,1.022676815 + 0.008314301im,1.004260503 + 0.000256864im,1.004017716 + 0.000107107im,1.01127954 + 0.003525383im,1.011593356 + 0.003739598im,1.01671935 + 0.006152499im,1.017033166 + 0.006366713im,1.02215916 + 0.008779614im,1.022316068 + 0.008886721im,1.027698227 + 0.010975578im,1.027699557 + 0.010976555im,1.031832276 + 0.012546677im,1.034756213 + 0.013670204im,1.043906157 + 0.017822797im,1.023079997 + 0.008573545im,1.003857321 - 2.38e-6im,1.003860808 + 0.0im,1.011436448 + 0.003632491im,1.016876258 + 0.006259606im,1.027697842 + 0.010976182im,1.022413142 + 0.008949834im,1.003860808 + 0.0im,1.003857321 - 2.38e-6im,1.003857321 - 2.38e-6im,1.02364177 + 0.008704945im,1.023683885 + 0.008714428im,1.03531998 + 0.013803974im,1.034756213 + 0.013670204im,1.027699557 + 0.010976555im,1.04473436 + 0.018017178im,1.043903147 + 0.017823069im,1.011436448 + 0.003632491im,1.011436448 + 0.003632491im,1.022316068 + 0.008886721im,1.016876258 + 0.006259606im,1.031832276 + 0.012546677im,1.025258524 + 0.009679682im,1.023782213 + 0.008737795im,1.025710822 + 0.009944993im,1.023834857 + 0.008749649im,1.046563378 + 0.019102321im,1.044941411 + 0.018065773im,1.043895279 + 0.017821337im,1.043902394 + 0.017823137im,1.037878512 + 0.014611949im,1.035460922 + 0.013837416im,1.027686956 + 0.0109768im,1.023099237 + 0.009166444im,1.022375902 + 0.008930715im,1.027638393 + 0.010931584im,1.027761105 + 0.011020922im
1.034121631 + 0.013493339im,1.03423831 + 0.013578127im,1.036896705 + 0.014571878im,1.037076562 + 0.014695091im,1.044253597 + 0.017968391im,1.036767169 + 0.014494101im,1.025648218 + 0.009660913im,1.025014725 + 0.009252717im,1.004650204 + 0.000285336im,1.004386722 + 0.000120972im,1.012628426 + 0.003975348im,1.012984776 + 0.004217292im,1.01880245 + 0.006938028im,1.0191588 + 0.007179972im,1.024976473 + 0.009900708im,1.025154648 + 0.01002168im,1.030256331 + 0.012027378im,1.030257589 + 0.012028312im,1.034179971 + 0.013535733im,1.036955045 + 0.014614272im,1.044375113 + 0.018049211im,1.025460342 + 0.009540742im,1.004204588 - 2.688e-6im,1.004208547 + 0.0im,1.012806601 + 0.00409632im,1.018980625 + 0.007059im,1.030255879 + 0.012027938im,1.025276194 + 0.010100632im,1.004208547 + 0.0im,1.004204588 - 2.688e-6im,1.004204588 - 2.688e-6im,1.026160739 + 0.009704494im,1.026175889 + 0.009707786im,1.037640964 + 0.0147767im,1.036955045 + 0.014614272im,1.030257589 + 0.012028312im,1.045048405 + 0.018212374im,1.044372105 + 0.018049482im,1.012806601 + 0.00409632im,1.012806601 + 0.00409632im,1.025154648 + 0.01002168im,1.018980625 + 0.007059im,1.034179971 + 0.013535733im,1.028176518 + 0.010919535im,1.026335838 + 0.009745432im,1.028577476 + 0.011166289im,1.026354776 + 0.009749547im,1.046531454 + 0.019106803im,1.045216727 + 0.018253165im,1.044364241 + 0.018047749im,1.044371352 + 0.01804955im,1.040753963 + 0.015758233im,1.037812443 + 0.014817307im,1.030245019 + 0.012028543im,1.026135125 + 0.010371417im,1.025211278 + 0.010063701im,1.030199701 + 0.011985358im,1.030315929 + 0.012070706im
1.034162673 + 0.013466756im,1.034279386 + 0.013551194im,1.03693658 + 0.014538119im,1.03712525 + 0.014666228im,1.044815161 + 0.018134891im,1.036802256 + 0.014457541im,1.025402814 + 0.009524778im,1.024769699 + 0.009117946im,1.00464624 + 0.000281346im,1.004388354 + 0.000121004im,1.012647207 + 0.003974im,1.013004369 + 0.004216009im,1.018834147 + 0.00693577im,1.019191309 + 0.007177779im,1.025021087 + 0.009897541im,1.025199668 + 0.010018545im,1.030299075 + 0.012010746im,1.030300334 + 0.012011676im,1.03422103 + 0.013508975im,1.036994936 + 0.014580338im,1.044945474 + 0.018220782im,1.025210133 + 0.009401981im,1.004205805 - 2.689e-6im,1.004209774 + 0.0im,1.012825788 + 0.004095004im,1.019012728 + 0.007056775im,1.030298624 + 0.012011302im,1.025321602 + 0.010097704im,1.004209774 + 0.0im,1.004205805 - 2.689e-6im,1.004205805 - 2.689e-6im,1.025880468 + 0.009558384im,1.025900701 + 0.009563062im,1.037658965 + 0.014737521im,1.036994936 + 0.014580338im,1.030300334 + 0.012011676im,1.04566603 + 0.018392313im,1.044942467 + 0.018221053im,1.012825788 + 0.004095004im,1.012825788 + 0.004095004im,1.025199668 + 0.010018545im,1.019012728 + 0.007056775im,1.03422103 + 0.013508975im,1.027810047 + 0.010720276im,1.026048051 + 0.009597485im,1.028218608 + 0.010970173im,1.026073343 + 0.009603332im,1.047255505 + 0.019342172im,1.045846169 + 0.018435196im,1.044934608 + 0.01821932im,1.044941715 + 0.018221121im,1.04067264 + 0.015687448im,1.037824973 + 0.014776816im,1.030287765 + 0.012011907im,1.026183206 + 0.010369084im,1.025256314 + 0.01006039im,1.030242428 + 0.011968901im,1.030358691 + 0.012053895im
1.025641179 + 0.020237011im,1.025772061 + 0.020335492im,1.028771786 + 0.021514139im,1.028952896 + 0.021724113im,1.036501784 + 0.029312525im,1.028668096 + 0.021372609im,1.017947565 + 0.012588576im,1.01737454 + 0.012050319im,0.998342833 + 0.00034366im,0.998080728 + 0.000172247im,1.005019028 + 0.006429551im,1.005296441 + 0.006774045im,1.010194064 + 0.011190965im,1.010471477 + 0.011535459im,1.0153691 + 0.015952379im,1.015507806 + 0.016124626im,1.021279979 + 0.01849936im,1.021281395 + 0.018500445im,1.02570662 + 0.020286252im,1.028837227 + 0.021563379im,1.036617453 + 0.029473259im,1.017778433 + 0.012397806im,0.99793894 - 3.828e-6im,0.997942022 + 0.0im,1.005157734 + 0.006601798im,1.01033277 + 0.011363212im,1.021279673 + 0.018500057im,1.015582794 + 0.016248021im,0.997942022 + 0.0im,0.99793894 - 3.828e-6im,0.99793894 - 3.828e-6im,1.018436092 + 0.012554037im,1.018416647 + 0.0125599im,1.029493412 + 0.021724164im,1.028837227 + 0.021563379im,1.021281395 + 0.018500445im,1.037393522 + 0.030001059im,1.036614419 + 0.029473499im,1.005157734 + 0.006601798im,1.005157734 + 0.006601798im,1.015507806 + 0.016124626im,1.01033277 + 0.011363212im,1.02570662 + 0.020286252im,1.020326382 + 0.013702626im,1.018600507 + 0.012593094im,1.020543091 + 0.013908392im,1.0185762 + 0.012600423im,1.038847967 + 0.031842132im,1.037587539 + 0.030133009im,1.036606519 + 0.029471666im,1.036613661 + 0.029473559im,1.032469644 + 0.022688079im,1.029657458 + 0.02176436im,1.021268715 + 0.018500597im,1.016236799 + 0.016862263im,1.015571525 + 0.016173479im,1.02121626 + 0.018450507im,1.021346836 + 0.018549686im
1.02899561 + 0.011457271im,1.0290981 + 0.011531461im,1.031431696 + 0.012398923im,1.031604912 + 0.012516645im,1.038804576 + 0.015775772im,1.031313436 + 0.012327776im,1.021283251 + 0.007976768im,1.020745819 + 0.007630919im,1.003933037 + 0.000235347im,1.003717888 + 0.000101652im,1.010632388 + 0.003342228im,1.010931301 + 0.003545533im,1.015812125 + 0.005832998im,1.016111038 + 0.006036303im,1.020991862 + 0.008323769im,1.021141318 + 0.008425421im,1.025602538 + 0.010177519im,1.025603638 + 0.010178335im,1.029046855 + 0.011494366im,1.031482941 + 0.012436018im,1.038926548 + 0.015856398im,1.021113746 + 0.007868526im,1.00356511 - 2.259e-6im,1.003568431 + 0.0im,1.010781845 + 0.003443881im,1.015961582 + 0.005934651im,1.02560192 + 0.010177963im,1.021241249 + 0.008490351im,1.003568431 + 0.0im,1.00356511 - 2.259e-6im,1.00356511 - 2.259e-6im,1.02165828 + 0.007995986im,1.021659508 + 0.007996361im,1.032026211 + 0.012564491im,1.031482941 + 0.012436018im,1.025603638 + 0.010178335im,1.039601566 + 0.016017965im,1.038923524 + 0.015856678im,1.010781845 + 0.003443881im,1.010781845 + 0.003443881im,1.021141318 + 0.008425421im,1.015961582 + 0.005934651im,1.029046855 + 0.011494366im,1.023225326 + 0.008941101im,1.021794413 + 0.008027852im,1.023490735 + 0.009110345im,1.021795948 + 0.00802832im,1.04108993 + 0.016909884im,1.03977032 + 0.016058357im,1.038915615 + 0.015854952im,1.038922767 + 0.015856747im,1.034491871 + 0.013341086im,1.032162029 + 0.012596609im,1.025591012 + 0.010178589im,1.021947462 + 0.00871309im,1.021190845 + 0.008462144im,1.025553011 + 0.010140796im,1.025654883 + 0.01021543im
1.03384484 + 0.01354841im,1.033970801 + 0.013640734im,1.036844826 + 0.014728535im,1.037068562 + 0.014882471im,1.046570456 + 0.019258513im,1.036700849 + 0.014641356im,1.024444284 + 0.009265522im,1.023812605 + 0.008856767im,1.004397045 + 0.000272805im,1.00414751 + 0.000117391im,1.012081719 + 0.003867837im,1.012424475 + 0.004102619im,1.018025093 + 0.006749993im,1.018367849 + 0.006984774im,1.023968467 + 0.009632149im,1.024139845 + 0.009749539im,1.029666104 + 0.011943957im,1.029667465 + 0.011944975im,1.03390782 + 0.013594572im,1.036907806 + 0.014774697im,1.046731212 + 0.019366287im,1.024237327 + 0.009132181im,1.003972323 - 2.609e-6im,1.003976132 + 0.0im,1.012253097 + 0.003985228im,1.018196471 + 0.006867384im,1.029665754 + 0.011944601im,1.024249954 + 0.009821142im,1.003976132 + 0.0im,1.003972323 - 2.609e-6im,1.003972323 - 2.609e-6im,1.024827515 + 0.009270574im,1.024843872 + 0.009274409im,1.037508626 + 0.014917599im,1.036907806 + 0.014774697im,1.029667465 + 0.011944975im,1.047622318 + 0.019586041im,1.046728209 + 0.019366554im,1.012253097 + 0.003985228im,1.012253097 + 0.003985228im,1.024139845 + 0.009749539im,1.018196471 + 0.006867384im,1.03390782 + 0.013594572im,1.026525697 + 0.010295696im,1.024975062 + 0.009305173im,1.026878867 + 0.010513023im,1.024995508 + 0.009309966im,1.049582287 + 0.020778899im,1.047845094 + 0.019640979im,1.046720366 + 0.019364816im,1.046727459 + 0.019366621im,1.040235197 + 0.015780253im,1.037658831 + 0.014953325im,1.029654888 + 0.011945207im,1.025028196 + 0.010066925im,1.024201115 + 0.009795328im,1.029604834 + 0.011898169im,1.029730446 + 0.011991137im
1.032948182 + 0.015771301im,1.033060433 + 0.015875832im,1.035738749 + 0.017267213im,1.035934412 + 0.017431813im,1.044342947 + 0.022232865im,1.0355895 + 0.017178343im,1.023350794 + 0.011370546im,1.022714698 + 0.010904758im,1.002723753 + 0.000321758im,1.002480227 + 0.000130287im,1.010990723 + 0.004340112im,1.011356972 + 0.004600686im,1.017364381 + 0.007572327im,1.017730631 + 0.007832901im,1.02373804 + 0.010804543im,1.023921164 + 0.01093483im,1.029056626 + 0.013726012im,1.029057835 + 0.013727165im,1.033004307 + 0.015823567im,1.035794875 + 0.017319478im,1.044482484 + 0.0223452im,1.023145419 + 0.011229411im,1.002293032 - 2.895e-6im,1.002297102 + 0.0im,1.011173847 + 0.004470399im,1.017547506 + 0.007702614im,1.029056124 + 0.013726788im,1.024049875 + 0.011013228im,1.002297102 + 0.0im,1.002293032 - 2.895e-6im,1.002293032 - 2.895e-6im,1.023822607 + 0.011391724im,1.023765433 + 0.011519708im,1.036467539 + 0.017483286im,1.035794875 + 0.017319478im,1.029057835 + 0.013727165im,1.045286642 + 0.022619415im,1.044479475 + 0.022345459im,1.011173847 + 0.004470399im,1.011173847 + 0.004470399im,1.023921164 + 0.01093483im,1.017547506 + 0.007702614im,1.033004307 + 0.015823567im,1.025767573 + 0.012578914im,1.023991904 + 0.011432302im,1.02567318 + 0.013312446im,1.023920436 + 0.011592282im,1.0469984 + 0.02387688im,1.045487682 + 0.022687969im,1.04447162 + 0.022343695im,1.044478723 + 0.022345524im,1.039518862 + 0.018466724im,1.036635706 + 0.017524238im,1.029045251 + 0.013727376im,1.024950788 + 0.011268796im,1.023975579 + 0.010986718im,1.029002212 + 0.013674123im,1.029113961 + 0.01377943im
1.031912187 + 0.012791805im,1.032019668 + 0.012870298im,1.034470526 + 0.01379309im,1.034635722 + 0.01390676im,1.041221028 + 0.016924842im,1.034348694 + 0.013719188im,1.023950577 + 0.009157086im,1.02335773 + 0.008771698im,1.004271644 + 0.00026968im,1.004026387 + 0.000115217im,1.011816727 + 0.003795734im,1.012153282 + 0.004026168im,1.017652345 + 0.00662418im,1.0179889 + 0.006854614im,1.023487963 + 0.009452626im,1.02365624 + 0.009567843im,1.028348694 + 0.011430645im,1.02834985 + 0.011431509im,1.031965928 + 0.012831052im,1.034524267 + 0.013832337im,1.041332483 + 0.016999266im,1.023775004 + 0.009043938im,1.00385437 - 2.56e-6im,1.00385811 + 0.0im,1.011985004 + 0.003910951im,1.017820622 + 0.006739397im,1.028348136 + 0.011431136im,1.023772491 + 0.009644187im,1.00385811 + 0.0im,1.00385437 - 2.56e-6im,1.00385437 - 2.56e-6im,1.024431406 + 0.009200448im,1.024449141 + 0.009205131im,1.0351737 + 0.013989006im,1.034524267 + 0.013832337im,1.02834985 + 0.011431509im,1.04195076 + 0.01715021im,1.041329466 + 0.016999541im,1.011985004 + 0.003910951im,1.011985004 + 0.003910951im,1.02365624 + 0.009567843im,1.017820622 + 0.006739397im,1.031965928 + 0.012831052im,1.026317503 + 0.010348641im,1.024595507 + 0.009239575im,1.026707205 + 0.010593094im,1.024617675 + 0.009245429im,1.043311795 + 0.017974209im,1.04210533 + 0.017187946im,1.041321577 + 0.016997811im,1.041328711 + 0.01699961im,1.03812014 + 0.014931638im,1.035336058 + 0.014028173im,1.028337257 + 0.011431748im,1.024595388 + 0.009908155im,1.023708267 + 0.009606717im,1.028296667 + 0.011391772im,1.02840359 + 0.011470756im
1.03313936 + 0.013329218im,1.033251859 + 0.013411576im,1.035818204 + 0.014381232im,1.03600483 + 0.014509655im,1.043709722 + 0.018050039im,1.035677376 + 0.014295071im,1.024002798 + 0.009156344im,1.023388662 + 0.008757139im,1.004313937 + 0.000269205im,1.00407576 + 0.000119744im,1.01217654 + 0.003944186im,1.012526527 + 0.004183675im,1.018244724 + 0.00688328im,1.018594711 + 0.007122769im,1.024312909 + 0.009822375im,1.024487902 + 0.009942119im,1.029407974 + 0.011898994im,1.029409186 + 0.0118999im,1.03319561 + 0.013370397im,1.035874453 + 0.01442241im,1.043840099 + 0.018137284im,1.023805721 + 0.009029005im,1.003896878 - 2.661e-6im,1.003900766 + 0.0im,1.012351533 + 0.00406393im,1.018419718 + 0.007003025im,1.029407475 + 0.011899527im,1.024608358 + 0.010021058im,1.003900766 + 0.0im,1.003896878 - 2.661e-6im,1.003896878 - 2.661e-6im,1.024483561 + 0.009190208im,1.024338424 + 0.009155756im,1.036551839 + 0.014585554im,1.035874453 + 0.01442241im,1.029409186 + 0.0118999im,1.044563122 + 0.01831473im,1.043837089 + 0.018137555im,1.012351533 + 0.00406393im,1.012351533 + 0.00406393im,1.024487902 + 0.009942119im,1.018419718 + 0.007003025im,1.03319561 + 0.013370397im,1.026431675 + 0.0103746im,1.024653021 + 0.009230509im,1.026123489 + 0.010250262im,1.0244716 + 0.009187444im,1.04615404 + 0.019280546im,1.044743878 + 0.018359092im,1.043829222 + 0.018135821im,1.043836336 + 0.018137623im,1.039625191 + 0.015567514im,1.036721186 + 0.01462634im,1.029396606 + 0.011900133im,1.025460743 + 0.010293581im,1.02454244 + 0.009982924im,1.029353436 + 0.011858188im,1.029465436 + 0.011941079im
1.032127599 + 0.018998317im,1.032270044 + 0.019109164im,1.035554068 + 0.020461436im,1.035758163 + 0.020613301im,1.043675002 + 0.024623144im,1.035432322 + 0.020387812im,1.023963642 + 0.015122027im,1.023275638 + 0.01457177im,0.999980363 + 0.000417635im,0.999666907 + 0.000160873im,1.008152901 + 0.005683308im,1.008508166 + 0.006005053im,1.01449828 + 0.009903243im,1.014853545 + 0.010224988im,1.020843658 + 0.014123178im,1.021021291 + 0.01428405im,1.027353492 + 0.017005786im,1.027355037 + 0.017007009im,1.032198821 + 0.019053741im,1.03562529 + 0.020516859im,1.043807875 + 0.024719586im,1.023770674 + 0.01499298im,0.999485327 - 3.575e-6im,0.999489274 + 0.0im,1.008330534 + 0.005844181im,1.014675912 + 0.010064116im,1.027353324 + 0.017006626im,1.021129414 + 0.014389883im,0.999489274 + 0.0im,0.999485327 - 3.575e-6im,0.999485327 - 3.575e-6im,1.024487986 + 0.015168425im,1.024866587 + 0.015629414im,1.036350746 + 0.02069655im,1.03562529 + 0.020516859im,1.027355037 + 0.017007009im,1.044556811 + 0.024933904im,1.043804863 + 0.024719838im,1.008330534 + 0.005844181im,1.008330534 + 0.005844181im,1.021021291 + 0.01428405im,1.014675912 + 0.010064116im,1.032198821 + 0.019053741im,1.026544656 + 0.016436902im,1.024667314 + 0.015212287im,1.028091913 + 0.019246329im,1.025140565 + 0.015788523im,1.046181845 + 0.026007093im,1.044744045 + 0.024987484im,1.043797008 + 0.024718054im,1.04380411 + 0.024719901im,1.039640517 + 0.021771149im,1.03653211 + 0.020741473im,1.027342432 + 0.01700718im,1.021952639 + 0.014843919im,1.021090801 + 0.014339091im,1.027283983 + 0.016950746im,1.027426259 + 0.017062432im
1.037501022 + 0.018001564im,1.037603206 + 0.018154496im,1.040345276 + 0.020516538im,1.040492835 + 0.020757883im,1.047052402 + 0.028731839im,1.040209687 + 0.02041003im,1.028614283 + 0.012195536im,1.027924954 + 0.011658868im,1.004762838 + 0.00035095im,1.004471312 + 0.000123491im,1.013912772 + 0.003893242im,1.014325837 + 0.004140224im,1.020990397 + 0.006801225im,1.021403461 + 0.007048207im,1.028068021 + 0.009709208im,1.028274553 + 0.009832699im,1.033523343 + 0.014541957im,1.03352444 + 0.014543648im,1.037552114 + 0.01807803im,1.040396368 + 0.020593004im,1.047148869 + 0.028896718im,1.028427602 + 0.012012562im,1.004260191 - 2.744e-6im,1.00426478 + 0.0im,1.014119305 + 0.004016733im,1.021196929 + 0.006924716im,1.033522737 + 0.014543272im,1.028431697 + 0.009880101im,1.00426478 + 0.0im,1.004260191 - 2.744e-6im,1.004260191 - 2.744e-6im,1.029206747 + 0.012199832im,1.029327807 + 0.012075032im,1.041176741 + 0.020785629im,1.040396368 + 0.020593004im,1.03352444 + 0.014543648im,1.047846243 + 0.029473873im,1.047145866 + 0.028896958im,1.014119305 + 0.004016733im,1.014119305 + 0.004016733im,1.028274553 + 0.009832699im,1.021196929 + 0.006924716im,1.037552114 + 0.01807803im,1.031444025 + 0.013567378im,1.029401533 + 0.012246649im,1.032524893 + 0.013373231im,1.029552858 + 0.012090649im,1.049075988 + 0.031373572im,1.048020586 + 0.029618162im,1.047138044 + 0.02889515im,1.047145116 + 0.028897018im,1.044715773 + 0.021938489im,1.041371834 + 0.020833786im,1.03351191 + 0.014543849im,1.029451359 + 0.009902836im,1.028323942 + 0.009908789im,1.033473955 + 0.014465868im,1.033575532 + 0.014620114im
1.034839599 + 0.020113301im,1.034989772 + 0.020207439im,1.03833242 + 0.021202266im,1.038530691 + 0.02137613im,1.046190173 + 0.027088834im,1.038216157 + 0.021073754im,1.026433774 + 0.013296248im,1.025719733 + 0.012738347im,1.001537589 + 0.000378237im,1.001202283 + 0.000183689im,1.010077767 + 0.006619905im,1.010444388 + 0.006987283im,1.016709436 + 0.011530494im,1.017076057 + 0.011897872im,1.023341105 + 0.016441083im,1.023524415 + 0.016624772im,1.029977616 + 0.018641021im,1.029979247 + 0.018642058im,1.034914685 + 0.02016037im,1.038407507 + 0.021249336im,1.046313356 + 0.027215629im,1.026242424 + 0.013120667im,1.001014898 - 4.082e-6im,1.001018972 + 0.0im,1.010261077 + 0.006803594im,1.016892746 + 0.011714183im,1.029977539 + 0.018641674im,1.023634347 + 0.016761776im,1.001018972 + 0.0im,1.001014898 - 4.082e-6im,1.001014898 - 4.082e-6im,1.027049971 + 0.013315102im,1.027240583 + 0.01331128im,1.039198621 + 0.021444587im,1.038407507 + 0.021249336im,1.029979247 + 0.018642058im,1.047068119 + 0.027580469im,1.046310351 + 0.027215874im,1.010261077 + 0.006803594im,1.010261077 + 0.006803594im,1.023524415 + 0.016624772im,1.016892746 + 0.011714183im,1.034914685 + 0.02016037im,1.029368463 + 0.014733556im,1.027251858 + 0.01336371im,1.030641161 + 0.015191724im,1.027490123 + 0.013358933im,1.04859407 + 0.029016961im,1.04725681 + 0.027671678im,1.04630252 + 0.027214076im,1.0463096 + 0.027215935im,1.042786371 + 0.022613197im,1.039396399 + 0.0214934im,1.029966674 + 0.018642209im,1.024520195 + 0.017399448im,1.023597794 + 0.016671457im,1.029904238 + 0.018594336im,1.030054333 + 0.018689128im
1.033710437 + 0.026321379im,1.033854111 + 0.026442771im,1.037216923 + 0.027988515im,1.037430138 + 0.028222416im,1.046457872 + 0.036256386im,1.037047665 + 0.027820563im,1.022138371 + 0.01762286im,1.02138396 + 0.016914853im,0.996945611 + 0.000474293im,0.99664538 + 0.000227996im,1.006866065 + 0.008344245im,1.007282972 + 0.008800237im,1.014497573 + 0.014529354im,1.01491448 + 0.014985345im,1.022129081 + 0.020714463im,1.022337535 + 0.020942458im,1.028822911 + 0.024046489im,1.02882447 + 0.024047829im,1.033782274 + 0.026382075im,1.03728876 + 0.028049211im,1.04659925 + 0.036429592im,1.021897276 + 0.017394212im,0.996432294 - 5.067e-6im,0.996436927 + 0.0im,1.007074519 + 0.008572241im,1.014706027 + 0.01475735im,1.028822762 + 0.024047435im,1.022475859 + 0.021110152im,0.996436927 + 0.0im,0.996432294 - 5.067e-6im,0.996432294 - 5.067e-6im,1.022855196 + 0.017627947im,1.022553151 + 0.017836212im,1.03823833 + 0.028289005im,1.03728876 + 0.028049211im,1.02882447 + 0.024047829im,1.047509648 + 0.036971424im,1.046596244 + 0.036429811im,1.007074519 + 0.008572241im,1.007074519 + 0.008572241im,1.022337535 + 0.020942458im,1.014706027 + 0.01475735im,1.033782274 + 0.026382075im,1.025602298 + 0.019320164im,1.023094676 + 0.01768638im,1.024410705 + 0.02022292im,1.022717119 + 0.017946712im,1.049273879 + 0.038946781im,1.047737247 + 0.037106881im,1.046588433 + 0.036427945im,1.046595493 + 0.036429865im,1.042542856 + 0.029716783im,1.038475722 + 0.028348953im,1.028811883 + 0.024047914im,1.023582692 + 0.021884409im,1.022407664 + 0.02100276im,1.028752782 + 0.023986187im,1.028896307 + 0.024108525im
1.035651309 + 0.024168064im,1.035772504 + 0.024305355im,1.038792744 + 0.026270848im,1.038964784 + 0.026516991im,1.046431611 + 0.035036228im,1.038638863 + 0.026119686im,1.02523435 + 0.016167381im,1.024495058 + 0.015499799im,0.999790366 + 0.00044343im,0.999486459 + 0.000195504im,1.009808937 + 0.006905222im,1.010241145 + 0.007296231im,1.0175276 + 0.012032502im,1.017959808 + 0.012423511im,1.025246263 + 0.017159782im,1.025462367 + 0.017355286im,1.031265691 + 0.021284144im,1.031267 + 0.021285661im,1.035711907 + 0.02423671im,1.038853341 + 0.026339493im,1.046543054 + 0.035213726im,1.025019872 + 0.015947574im,0.999265552 - 4.345e-6im,0.999270355 + 0.0im,1.010025041 + 0.007100726im,1.017743704 + 0.012228006im,1.031265295 + 0.021285273im,1.025619579 + 0.017482533im,0.999270355 + 0.0im,0.999265552 - 4.345e-6im,0.999265552 - 4.345e-6im,1.025921143 + 0.016168496im,1.02586515 + 0.016239895im,1.039759357 + 0.026569017im,1.038853341 + 0.026339493im,1.031267 + 0.021285661im,1.047327319 + 0.035822856im,1.046540048 + 0.035213948im,1.010025041 + 0.007100726im,1.010025041 + 0.007100726im,1.025462367 + 0.017355286im,1.017743704 + 0.012228006im,1.035711907 + 0.02423671im,1.028504771 + 0.017763784im,1.02614646 + 0.016223726im,1.028589121 + 0.018308039im,1.02607647 + 0.016312976im,1.048740265 + 0.03786402im,1.047523386 + 0.035975138im,1.046532234 + 0.035212091im,1.046539297 + 0.035214003im,1.043866202 + 0.027934672im,1.039985861 + 0.026626398im,1.031254443 + 0.021285779im,1.026772303 + 0.017983232im,1.02552126 + 0.017423544im,1.031206799 + 0.021215887im,1.031327597 + 0.021354307im
1.033096293 + 0.025903289im,1.033213774 + 0.026052167im,1.036224551 + 0.028256882im,1.036404399 + 0.02852906im,1.044560276 + 0.038045879im,1.036051594 + 0.028093288im,1.021565931 + 0.017310891im,1.020846843 + 0.01660488im,0.997557601 + 0.000463457im,0.997286802 + 0.000203445im,1.007486329 + 0.007272636im,1.007910095 + 0.007679526im,1.015109762 + 0.012669543im,1.015533528 + 0.013076433im,1.022733194 + 0.01806645im,1.022945077 + 0.018269895im,1.02872612 + 0.022670981im,1.028727388 + 0.022672626im,1.033155033 + 0.025977728im,1.036283291 + 0.028331321im,1.044681384 + 0.038243618im,1.021334234 + 0.017072858im,0.99707021 - 4.521e-6im,0.997074919 + 0.0im,1.007698212 + 0.007476081im,1.015321645 + 0.012872988im,1.028725679 + 0.022672235im,1.023099929 + 0.018399293im,0.997074919 + 0.0im,0.99707021 - 4.521e-6im,0.99707021 - 4.521e-6im,1.022295709 + 0.017306768im,1.021879635 + 0.017449006im,1.037220714 + 0.028568455im,1.036283291 + 0.028331321im,1.028727388 + 0.022672626im,1.04554122 + 0.038927151im,1.044678373 + 0.038243832im,1.007698212 + 0.007476081im,1.007698212 + 0.007476081im,1.022945077 + 0.018269895im,1.015321645 + 0.012872988im,1.033155033 + 0.025977728im,1.025053704 + 0.019003115im,1.022536078 + 0.017365246im,1.023414078 + 0.019464952im,1.022015985 + 0.017543043im,1.047078525 + 0.041202456im,1.045756179 + 0.039098034im,1.044670551 + 0.038241949im,1.04467762 + 0.038243885im,1.04147004 + 0.029979851im,1.03745507 + 0.028627738im,1.0287148 + 0.022672727im,1.024242094 + 0.018916791im,1.023002109 + 0.018343943im,1.028669088 + 0.022596933im,1.028786128 + 0.022747065im
1.033328627 + 0.032704685im,1.033458144 + 0.032891396im,1.036896188 + 0.035750127im,1.037045327 + 0.036106727im,1.043801748 + 0.049433866im,1.036763009 + 0.035550697im,1.023618163 + 0.021538794im,1.022840168 + 0.020667695im,0.994981173 + 0.000572821im,0.994624832 + 0.00024717im,1.005407587 + 0.009093704im,1.005845293 + 0.009588045im,1.013456649 + 0.015832657im,1.013894354 + 0.016326998im,1.021505711 + 0.02257161im,1.021724564 + 0.02281878im,1.028340635 + 0.028516766im,1.028342036 + 0.028518831im,1.033393385 + 0.032798041im,1.036960946 + 0.035843482im,1.043886129 + 0.049697111im,1.023420225 + 0.021246009im,0.994401116 - 5.493e-6im,0.994405979 + 0.0im,1.00562644 + 0.009340875im,1.013675502 + 0.016079827im,1.02834033 + 0.02851843im,1.021880364 + 0.022972996im,0.994405979 + 0.0im,0.994401116 - 5.493e-6im,0.994401116 - 5.493e-6im,1.024471629 + 0.021506741im,1.024527145 + 0.021638707im,1.037951455 + 0.036102426im,1.036960946 + 0.035843482im,1.028342036 + 0.028518831im,1.044688267 + 0.05073098im,1.043883115 + 0.049697291im,1.00562644 + 0.009340875im,1.00562644 + 0.009340875im,1.021724564 + 0.02281878im,1.013675502 + 0.016079827im,1.033393385 + 0.032798041im,1.027482607 + 0.02337714im,1.02473448 + 0.021571924im,1.028082504 + 0.024382962im,1.024803876 + 0.021736881im,1.045825034 + 0.053798384im,1.044888802 + 0.050989448im,1.043875311 + 0.049695322im,1.043882361 + 0.049697336im,1.04243859 + 0.037632453im,1.038199082 + 0.036167162im,1.028329445 + 0.028518861im,1.023069449 + 0.023637517im,1.021787616 + 0.022911734im,1.028277583 + 0.028423811im,1.028406795 + 0.028612187im
1.033851928 + 0.027425905im,1.033980681 + 0.027585717im,1.037262722 + 0.029938433im,1.037459725 + 0.030207301im,1.046155258 + 0.03915706im,1.037092579 + 0.029796232im,1.022592518 + 0.01989297im,1.021827693 + 0.019136464im,0.996320392 + 0.000529638im,0.996015629 + 0.000214238im,1.006652625 + 0.007675067im,1.007093905 + 0.008103543im,1.014602373 + 0.01337001im,1.015043652 + 0.013798486im,1.02255212 + 0.019064953im,1.02277276 + 0.019279191im,1.029087659 + 0.023976134im,1.029089052 + 0.023977901im,1.033916305 + 0.027505811im,1.037327098 + 0.030018339im,1.046287884 + 0.039346021im,1.022357998 + 0.019670863im,0.995790086 - 4.761e-6im,0.995794989 + 0.0im,1.006873265 + 0.007889305im,1.014823012 + 0.013584248im,1.029087345 + 0.023977507im,1.02293073 + 0.019413917im,0.995794989 + 0.0im,0.995790086 - 4.761e-6im,0.995790086 - 4.761e-6im,1.023347136 + 0.019914063im,1.023186593 + 0.020339126im,1.03824821 + 0.030252932im,1.037327098 + 0.030018339im,1.029089052 + 0.023977901im,1.047184772 + 0.039971987im,1.046284878 + 0.039346231im,1.006873265 + 0.007889305im,1.006873265 + 0.007889305im,1.02277276 + 0.019279191im,1.014823012 + 0.013584248im,1.033916305 + 0.027505811im,1.026181901 + 0.021667184im,1.02359442 + 0.019974863im,1.025402589 + 0.023753619im,1.023393741 + 0.020506191im,1.048853638 + 0.042137827im,1.047408994 + 0.040128478im,1.04627707 + 0.039344344im,1.046284126 + 0.039346284im,1.042423061 + 0.031647092im,1.038478488 + 0.030311581im,1.029076469 + 0.023977986im,1.024100422 + 0.019958134im,1.022835429 + 0.019358703im,1.02902499 + 0.023896622im,1.029153428 + 0.024057807im
1.032064149 + 0.02845619im,1.03223598 + 0.028560729im,1.036043984 + 0.029638794im,1.036284034 + 0.029825568im,1.045661395 + 0.035684884im,1.035888498 + 0.029490911im,1.021208042 + 0.020825333im,1.02041454 + 0.020065437im,0.993836459 + 0.000553917im,0.993491819 + 0.000262162im,1.003711526 + 0.009840439im,1.004117428 + 0.010364763im,1.011331338 + 0.0171259im,1.01173724 + 0.017650223im,1.01895115 + 0.02441136im,1.019154101 + 0.024673522im,1.026524905 + 0.026859433im,1.026526776 + 0.026860585im,1.032150065 + 0.028508459im,1.036129899 + 0.029691063im,1.045815531 + 0.035819389im,1.020966641 + 0.02062518im,0.993284358 - 5.826e-6im,0.993288868 + 0.0im,1.003914477 + 0.010102601im,1.011534289 + 0.017388061im,1.026525066 + 0.026860186im,1.019272847 + 0.024883814im,0.993288868 + 0.0im,0.993284358 - 5.826e-6im,0.993284358 - 5.826e-6im,1.022004433 + 0.020882507im,1.021889062 + 0.021465508im,1.037089568 + 0.029936147im,1.036129899 + 0.029691063im,1.026526776 + 0.026860585im,1.046720283 + 0.03616866im,1.045812523 + 0.035819609im,1.003914477 + 0.010102601im,1.003914477 + 0.010102601im,1.019154101 + 0.024673522im,1.011534289 + 0.017388061im,1.032150065 + 0.028508459im,1.024976461 + 0.022728598im,1.022263881 + 0.020946838im,1.024241289 + 0.025616947im,1.022119668 + 0.02167559im,1.04861558 + 0.037680603im,1.046946471 + 0.036255977im,1.045804705 + 0.035817747im,1.045811771 + 0.035819664im,1.041438952 + 0.031391763im,1.037329486 + 0.029997418im,1.026514163 + 0.026860635im,1.02033323 + 0.025945658im,1.019238306 + 0.024725391im,1.0264407 + 0.026807563im,1.026612692 + 0.026912855im
1.033238638 + 0.030204787im,1.033378433 + 0.030347437im,1.036779539 + 0.032316663im,1.036983099 + 0.032606385im,1.045985828 + 0.043118271im,1.036604036 + 0.032116674im,1.021096335 + 0.019665828im,1.020324268 + 0.018867019im,0.995013511 + 0.000521892im,0.994709146 + 0.000252152im,1.00546749 + 0.009315746im,1.005902427 + 0.00982005im,1.013496552 + 0.016217881im,1.01393149 + 0.016722185im,1.021525615 + 0.023120016im,1.021743084 + 0.023372168im,1.028298273 + 0.027312784im,1.028299789 + 0.02731436im,1.033308536 + 0.030276112im,1.036849437 + 0.032387988im,1.04611949 + 0.043336669im,1.020850934 + 0.019394514im,0.994486845 - 5.603e-6im,0.994491677 + 0.0im,1.005684959 + 0.009567898im,1.013714021 + 0.016470033im,1.028298082 + 0.027313961im,1.021892362 + 0.023553394im,0.994491677 + 0.0im,0.994486845 - 5.603e-6im,0.994486845 - 5.603e-6im,1.02191424 + 0.019656224im,1.021450426 + 0.019818279im,1.037856873 + 0.032647559im,1.036849437 + 0.032387988im,1.028299789 + 0.02731436im,1.047068403 + 0.044091805im,1.046116483 + 0.043336867im,1.005684959 + 0.009567898im,1.005684959 + 0.009567898im,1.021743084 + 0.023372168im,1.013714021 + 0.016470033im,1.033308536 + 0.030276112im,1.024961292 + 0.021541651im,1.022180067 + 0.019721651im,1.023124781 + 0.022071628im,1.021600299 + 0.01992422im,1.048764375 + 0.046604712im,1.047305632 + 0.044280589im,1.046108682 + 0.04333495im,1.046115731 + 0.043336917im,1.042421974 + 0.034186193im,1.038108732 + 0.032712451im,1.028287197 + 0.027314405im,1.023087268 + 0.024390477im,1.021811274 + 0.023443093im,1.028230083 + 0.027241859im,1.028369686 + 0.027385685im
1.033186117 + 0.030029777im,1.033327947 + 0.030181628im,1.036816031 + 0.032314597im,1.037012916 + 0.032614197im,1.045650318 + 0.043473561im,1.036651494 + 0.032119461im,1.02168001 + 0.019596543im,1.020911685 + 0.018798631im,0.995348178 + 0.000521419im,0.995032318 + 0.000244438im,1.005523249 + 0.00902089im,1.005947839 + 0.009509767im,1.013353202 + 0.015704909im,1.013777792 + 0.016193786im,1.021183155 + 0.022388928im,1.02139545 + 0.022633366im,1.028120198 + 0.02689866im,1.028121735 + 0.026900338im,1.033257032 + 0.030105702im,1.036886945 + 0.032390522im,1.045776289 + 0.043697236im,1.021444559 + 0.019325482im,0.994815305 - 5.432e-6im,0.994820023 + 0.0im,1.005735544 + 0.009265328im,1.013565497 + 0.015949347im,1.028120028 + 0.026899939im,1.021538538 + 0.022802279im,0.994820023 + 0.0im,0.994815305 - 5.432e-6im,0.994815305 - 5.432e-6im,1.02249555 + 0.019583901im,1.022127542 + 0.019724767im,1.03788737 + 0.032647959im,1.036886945 + 0.032390522im,1.028121735 + 0.026900338im,1.04669952 + 0.044488219im,1.045773281 + 0.043697433im,1.005735544 + 0.009265328im,1.005735544 + 0.009265328im,1.02139545 + 0.022633366im,1.013565497 + 0.015949347im,1.033257032 + 0.030105702im,1.025507572 + 0.021446683im,1.022758298 + 0.019648506im,1.024134442 + 0.021988503im,1.022298288 + 0.019824588im,1.048307345 + 0.047067331im,1.046930328 + 0.044685965im,1.045765478 + 0.043695512im,1.045772529 + 0.043697483im,1.042420807 + 0.034174371im,1.038137476 + 0.032712318im,1.028109141 + 0.026900388im,1.02267592 + 0.023575915im,1.021464657 + 0.022708893im,1.02805099 + 0.026823134im,1.02819265 + 0.026976264im
1.034180275 + 0.025099789im,1.034313044 + 0.025223445im,1.037481001 + 0.026869497im,1.037676946 + 0.027115385im,1.046166877 + 0.035829776im,1.037316945 + 0.02669636im,1.022925158 + 0.016067857im,1.022192326 + 0.01539118im,0.998456352 + 0.000436975im,0.998165689 + 0.000213143im,1.008231651 + 0.007718679im,1.008645903 + 0.008144964im,1.015751288 + 0.013442989im,1.01616554 + 0.013869274im,1.023270925 + 0.0191673im,1.023478051 + 0.019380442im,1.029577272 + 0.022680142im,1.02957871 + 0.022681507im,1.034246659 + 0.025161617im,1.037547385 + 0.026931325im,1.046296438 + 0.036013836im,1.022694718 + 0.015832892im,0.99795396 - 4.737e-6im,0.997958563 + 0.0im,1.008438777 + 0.007931821im,1.015958414 + 0.013656132im,1.029577003 + 0.022681116im,1.023620499 + 0.019532148im,0.997958563 + 0.0im,0.99795396 - 4.737e-6im,0.99795396 - 4.737e-6im,1.023655103 + 0.01606424im,1.023276095 + 0.016082312im,1.038472406 + 0.027162898im,1.037547385 + 0.026931325im,1.02957871 + 0.022681507im,1.0471718 + 0.036622945im,1.046293432 + 0.036014056im,1.008438777 + 0.007931821im,1.008438777 + 0.007931821im,1.023478051 + 0.019380442im,1.015958414 + 0.013656132im,1.034246659 + 0.025161617im,1.026412285 + 0.017751509im,1.0238952 + 0.016122077im,1.025092075 + 0.017680525im,1.023421439 + 0.016144667im,1.048801989 + 0.038732435im,1.047390641 + 0.036775223im,1.046285617 + 0.036012193im,1.04629268 + 0.036014111im,1.04266633 + 0.028544425im,1.038703661 + 0.027220791im,1.029566132 + 0.022681608im,1.024725467 + 0.020203824im,1.023542728 + 0.019441879im,1.029512595 + 0.022618705im,1.029645094 + 0.022743335im
1.031222621 + 0.032735147im,1.03137867 + 0.0328841im,1.035121116 + 0.034887318im,1.035328705 + 0.035168743im,1.044014763 + 0.045104659im,1.034966788 + 0.03470542im,1.020288104 + 0.022944135im,1.01949383 + 0.022078992im,0.992183525 + 0.000602684im,0.99183748 + 0.000273779im,1.002478343 + 0.010281601im,1.002900711 + 0.01082916im,1.010411909 + 0.017893505im,1.010834277 + 0.018441064im,1.018345475 + 0.025505408im,1.018556659 + 0.025779188im,1.025785295 + 0.02979126im,1.025786991 + 0.029792906im,1.031300646 + 0.032809624im,1.03519914 + 0.034961795im,1.044144328 + 0.045311608im,1.020055752 + 0.02268776im,0.991621603 - 6.084e-6im,0.991626296 + 0.0im,1.002689527 + 0.010555381im,1.010623093 + 0.018167284im,1.025785281 + 0.029792501im,1.018691529 + 0.025978895im,0.991626296 + 0.0im,0.991621603 - 6.084e-6im,0.991621603 - 6.084e-6im,1.021091242 + 0.022944545im,1.021052751 + 0.02346624im,1.036202366 + 0.035221189im,1.03519914 + 0.034961795im,1.025786991 + 0.029792906im,1.045056591 + 0.046022465im,1.044141315 + 0.045311801im,1.002689527 + 0.010555381im,1.002689527 + 0.010555381im,1.018556659 + 0.025779188im,1.010623093 + 0.018167284im,1.031300646 + 0.032809624im,1.024056646 + 0.024786632im,1.021350114 + 0.023008742im,1.023749594 + 0.027481661im,1.021302001 + 0.02366086im,1.046698401 + 0.048402277im,1.045284656 + 0.046200179im,1.044133504 + 0.045309864im,1.044140562 + 0.045311849im,1.04074808 + 0.036757589im,1.036453172 + 0.035286038im,1.025774369 + 0.029792919im,1.019830871 + 0.026950575im,1.018632973 + 0.025853259im,1.025708981 + 0.029717188im,1.025865015 + 0.029867382im
1.033208338 + 0.029745104im,1.03333787 + 0.029881692im,1.036512492 + 0.031789987im,1.036693624 + 0.032093663im,1.04491862 + 0.043659987im,1.036343315 + 0.031566921im,1.021278105 + 0.017941438im,1.020532164 + 0.017165015im,0.996110524 + 0.000479521im,0.995817745 + 0.000249388im,1.00643186 + 0.009217869im,1.006860768 + 0.009716645im,1.014353084 + 0.016047338im,1.014781992 + 0.016546114im,1.022274308 + 0.022876806im,1.022488763 + 0.023126195im,1.028597449 + 0.026943426im,1.028598851 + 0.026944935im,1.033273104 + 0.029813398im,1.036577258 + 0.031858282im,1.045034986 + 0.043895368im,1.021044162 + 0.017650078im,0.995598525 - 5.542e-6im,0.995603291 + 0.0im,1.006646314 + 0.009467257im,1.014567538 + 0.016296726im,1.028597144 + 0.026944536im,1.022640158 + 0.023307687im,0.995603291 + 0.0im,0.995598525 - 5.542e-6im,0.995598525 - 5.542e-6im,1.022082415 + 0.017902552im,1.021553791 + 0.017810563im,1.037587884 + 0.032116857im,1.036577258 + 0.031858282im,1.028598851 + 0.026944935im,1.04593439 + 0.044753853im,1.045031975 + 0.043895565im,1.006646314 + 0.009467257im,1.006646314 + 0.009467257im,1.022488763 + 0.023126195im,1.014567538 + 0.016296726im,1.033273104 + 0.029813398im,1.02506076 + 0.019733996im,1.022341978 + 0.01796567im,1.023214857 + 0.0190002im,1.021681198 + 0.017850684im,1.047434735 + 0.047476044im,1.046159242 + 0.044968474im,1.045024168 + 0.043893641im,1.045031223 + 0.043895614im,1.042168054 + 0.033651967im,1.037840541 + 0.0321815im,1.028586262 + 0.026944984im,1.023848181 + 0.024142848im,1.022551822 + 0.02319409im,1.02853439 + 0.026875531im,1.028663616 + 0.027013229im
1.034210386 + 0.028184315im,1.034338403 + 0.028313343im,1.037444537 + 0.030086245im,1.037635485 + 0.03036541im,1.046247308 + 0.040734933im,1.037268324 + 0.029880845im,1.022050648 + 0.017460606im,1.02129879 + 0.016716273im,0.996962839 + 0.000469089im,0.996675551 + 0.000239877im,1.007435315 + 0.008778034im,1.007874257 + 0.009257788im,1.015469385 + 0.015284722im,1.015908327 + 0.015764476im,1.023503455 + 0.02179141im,1.023722926 + 0.022031287im,1.029698316 + 0.025580328im,1.029699701 + 0.025581752im,1.034274395 + 0.028248829im,1.037508546 + 0.030150758im,1.046374247 + 0.040949585im,1.021810425 + 0.017190693im,0.996451203 - 5.331e-6im,0.99645608 + 0.0im,1.007654786 + 0.009017911im,1.015688856 + 0.015524599im,1.029697995 + 0.025581356im,1.023880094 + 0.022207046im,0.99645608 + 0.0im,0.996451203 - 5.331e-6im,0.996451203 - 5.331e-6im,1.022824671 + 0.017434583im,1.022331943 + 0.017418477im,1.038489483 + 0.030397477im,1.037508546 + 0.030150758im,1.029699701 + 0.025581752im,1.047287241 + 0.041698899im,1.046371241 + 0.04094979im,1.007654786 + 0.009017911im,1.007654786 + 0.009017911im,1.023722926 + 0.022031287im,1.015688856 + 0.015524599im,1.034274395 + 0.028248829im,1.025736914 + 0.019215132im,1.023078232 + 0.017495556im,1.023956135 + 0.018866836im,1.022462323 + 0.017475424im,1.048901931 + 0.044170962im,1.047515489 + 0.041886227im,1.046363437 + 0.040947891im,1.046370489 + 0.040949842im,1.042936538 + 0.031867816im,1.038734718 + 0.030459157im,1.029687126 + 0.025581818im,1.025113156 + 0.022998286im,1.023785229 + 0.022095405im,1.029636013 + 0.02551621im,1.02976371 + 0.025646266im
1.033084761 + 0.031452913im,1.033236552 + 0.031600633im,1.036891778 + 0.033602885im,1.037092015 + 0.033894155im,1.045588884 + 0.04443308im,1.036747572 + 0.033415835im,1.022687427 + 0.021305646im,1.021893147 + 0.02047195im,0.994314238 + 0.000566961im,0.993958147 + 0.000262125im,1.004611324 + 0.00976933im,1.00503802 + 0.010293581im,1.012557909 + 0.017004549im,1.012984605 + 0.017528799im,1.020504494 + 0.024239768im,1.020717842 + 0.024501893im,1.027774473 + 0.02851104im,1.027776121 + 0.028512672im,1.033160656 + 0.031526773im,1.036967673 + 0.033676745im,1.045713226 + 0.04465049im,1.022467326 + 0.021044736im,0.993740058 - 5.825e-6im,0.993744799 + 0.0im,1.004824672 + 0.010031455im,1.012771257 + 0.017266674im,1.027774414 + 0.02851227im,1.020857003 + 0.02469056im,0.993744799 + 0.0im,0.993740058 - 5.825e-6im,0.993740058 - 5.825e-6im,1.023622081 + 0.021320601im,1.023388711 + 0.021584573im,1.03791966 + 0.033921817im,1.036967673 + 0.033676745im,1.027776121 + 0.028512672im,1.046619126 + 0.045416254im,1.045710218 + 0.044650685im,1.004824672 + 0.010031455im,1.004824672 + 0.010031455im,1.020717842 + 0.024501893im,1.012771257 + 0.017266674im,1.033160656 + 0.031526773im,1.026939602 + 0.023342177im,1.02391077 + 0.021389568im,1.026094731 + 0.024642771im,1.023619057 + 0.021719533im,1.048204554 + 0.047922219im,1.046845601 + 0.045607695im,1.045702417 + 0.044648757im,1.045709466 + 0.044650733im,1.042233568 + 0.035374783im,1.038157657 + 0.033983085im,1.027763523 + 0.028512701im,1.022003689 + 0.025589004im,1.02079203 + 0.024575351im,1.027700285 + 0.028437581im,1.027852017 + 0.028586532im
1.030558704 + 0.031039218im,1.030682004 + 0.031197844im,1.033854408 + 0.033556768im,1.034052808 + 0.033848877im,1.043172417 + 0.044035399im,1.033658285 + 0.03337746im,1.017595775 + 0.021714444im,1.016846784 + 0.020886265im,0.992724499 + 0.000564045im,0.992459726 + 0.000248092im,1.003360044 + 0.009115199im,1.00380309 + 0.009611382im,1.011497432 + 0.015870517im,1.011940478 + 0.0163667im,1.01963482 + 0.022625835im,1.019856344 + 0.022873927im,1.025954175 + 0.027581167im,1.025955507 + 0.02758292im,1.030620354 + 0.031118531im,1.033916058 + 0.033636081im,1.043309168 + 0.044248195im,1.017338003 + 0.021455823im,0.99223328 - 5.513e-6im,0.992238203 + 0.0im,1.003581567 + 0.009363291im,1.011718955 + 0.016118609im,1.025953796 + 0.027582519im,1.020017928 + 0.023043106im,0.992238203 + 0.0im,0.99223328 - 5.513e-6im,0.99223328 - 5.513e-6im,1.017965519 + 0.021611999im,1.018248967 + 0.022305521im,1.034929542 + 0.033897964im,1.033916058 + 0.033636081im,1.025955507 + 0.02758292im,1.044262791 + 0.044973464im,1.043306152 + 0.044248391im,1.003581567 + 0.009363291im,1.003581567 + 0.009363291im,1.019856344 + 0.022873927im,1.011718955 + 0.016118609im,1.030620354 + 0.031118531im,1.019762014 + 0.022730071im,1.018122398 + 0.021651043im,1.02054841 + 0.026477378im,1.018476709 + 0.022517945im,1.045992412 + 0.047418686im,1.044501197 + 0.045154781im,1.043298333 + 0.044246461im,1.043305399 + 0.04424844im,1.039521792 + 0.035449318im,1.035182913 + 0.033963435im,1.025942886 + 0.027582961im,1.021266501 + 0.023787614im,1.019916283 + 0.022952839im,1.025894236 + 0.027502255im,1.026017157 + 0.027662233im
1.032769911 + 0.029757145im,1.032901902 + 0.029898766im,1.036149639 + 0.031889548im,1.036350132 + 0.03215723im,1.045213227 + 0.041513127im,1.03596177 + 0.031707922im,1.020162243 + 0.020343194im,1.019393428 + 0.019549016im,0.994473183 + 0.000536225im,0.994186768 + 0.000248211im,1.005173153 + 0.009106607im,1.005620287 + 0.009603028im,1.013375383 + 0.015856014im,1.013822518 + 0.016352435im,1.021577613 + 0.022605421im,1.02180118 + 0.022853632im,1.028053096 + 0.026834808im,1.028054525 + 0.026836372im,1.032835907 + 0.029827955im,1.036215634 + 0.031960359im,1.045347725 + 0.041709999im,1.019908378 + 0.020090757im,0.993958232 - 5.516e-6im,0.9939632 + 0.0im,1.00539672 + 0.009354818im,1.01359895 + 0.016104225im,1.028052817 + 0.026835974im,1.02196046 + 0.023031431im,0.9939632 + 0.0im,0.993958232 - 5.516e-6im,0.993958232 - 5.516e-6im,1.020650192 + 0.020272997im,1.020793037 + 0.020773715im,1.037243072 + 0.032223413im,1.036215634 + 0.031960359im,1.028054525 + 0.026836372im,1.046265676 + 0.042368112im,1.045344716 + 0.041710202im,1.00539672 + 0.009354818im,1.00539672 + 0.009354818im,1.02180118 + 0.022853632im,1.01359895 + 0.016104225im,1.032835907 + 0.029827955im,1.022776306 + 0.021587297im,1.020835646 + 0.020318557im,1.023195291 + 0.024308322im,1.021014202 + 0.020944454im,1.047960637 + 0.044626421im,1.046495163 + 0.04253264im,1.045336906 + 0.041708295im,1.045343964 + 0.041710253im,1.041899371 + 0.033784883im,1.037499932 + 0.032289177im,1.02804193 + 0.026836423im,1.023209554 + 0.023831374im,1.021865469 + 0.022924044im,1.027988808 + 0.026764396im,1.02812052 + 0.026907183im
1.034503994 + 0.027833492im,1.034614494 + 0.028006173im,1.037618148 + 0.030698935im,1.037792481 + 0.030996606im,1.045956633 + 0.041256122im,1.037440139 + 0.030545081im,1.022852053 + 0.019660119im,1.022094512 + 0.018892231im,0.996881147 + 0.000523055im,0.996593294 + 0.00020878im,1.007638036 + 0.007370675im,1.008100615 + 0.007788234im,1.015896903 + 0.01284369im,1.016359482 + 0.013261249im,1.02415577 + 0.018316705im,1.02438706 + 0.018525484im,1.030147586 + 0.023890341im,1.030148776 + 0.023892251im,1.034559244 + 0.027919833im,1.037673398 + 0.030785275im,1.046075716 + 0.041467452im,1.022618794 + 0.019419925im,0.996356865 - 4.64e-6im,0.996362005 + 0.0im,1.007869325 + 0.007579455im,1.016128192 + 0.01305247im,1.03014707 + 0.023891858im,1.024564805 + 0.018648317im,0.996362005 + 0.0im,0.996356865 - 4.64e-6im,0.996356865 - 4.64e-6im,1.023495557 + 0.019632652im,1.023498654 + 0.020016145im,1.038612006 + 0.03102435im,1.037673398 + 0.030785275im,1.030148776 + 0.023892251im,1.046948447 + 0.042214663im,1.046072709 + 0.041467657im,1.007869325 + 0.007579455im,1.007869325 + 0.007579455im,1.02438706 + 0.018525484im,1.016128192 + 0.01305247im,1.034559244 + 0.027919833im,1.026011132 + 0.02117775im,1.023714747 + 0.019685834im,1.025986679 + 0.023229832im,1.023718619 + 0.0201652im,1.048468705 + 0.04465149im,1.04716663 + 0.042401466im,1.046064904 + 0.041465753im,1.046071957 + 0.041467708im,1.04286615 + 0.03244511im,1.038846658 + 0.031084119im,1.030136206 + 0.023892337im,1.02583314 + 0.019088465im,1.024440604 + 0.018611432im,1.030094042 + 0.023804393im,1.030204026 + 0.023978591im
1.034368888 + 0.027950642im,1.034484995 + 0.028116227im,1.037557646 + 0.030644938im,1.037721991 + 0.030945644im,1.045259777 + 0.041665981im,1.037399975 + 0.030478773im,1.023677621 + 0.018972527im,1.022925826 + 0.018210112im,0.997318878 + 0.000508705im,0.997010766 + 0.000213893im,1.007744007 + 0.007644515im,1.008190012 + 0.0080723im,1.015766417 + 0.013317445im,1.016212422 + 0.01374523im,1.023788827 + 0.018990375im,1.024011829 + 0.019204268im,1.02991084 + 0.024245968im,1.029912092 + 0.0242478im,1.034426942 + 0.028033434im,1.0376157 + 0.03072773im,1.045366068 + 0.041883895im,1.023461896 + 0.018723569im,0.996782808 - 4.753e-6im,0.996787764 + 0.0im,1.007967009 + 0.007858407im,1.015989419 + 0.013531337im,1.029910387 + 0.024247406im,1.024178483 + 0.019335761im,0.996787764 + 0.0im,0.996782808 - 4.753e-6im,0.996782808 - 4.753e-6im,1.024433401 + 0.018959631im,1.024340284 + 0.019146998im,1.03854349 + 0.030963846im,1.0376157 + 0.03072773im,1.029912092 + 0.0242478im,1.046192552 + 0.042680974im,1.045363059 + 0.041884098im,1.007967009 + 0.007858407im,1.007967009 + 0.007858407im,1.024011829 + 0.019204268im,1.015989419 + 0.013531337im,1.034426942 + 0.028033434im,1.027220456 + 0.02067277im,1.024676277 + 0.019018646im,1.027028569 + 0.021730993im,1.024559881 + 0.019252855im,1.047565102 + 0.045202004im,1.046399173 + 0.042880243im,1.04535525 + 0.04188219im,1.045362307 + 0.041884149im,1.042748674 + 0.032367287im,1.038775438 + 0.031022875im,1.029899519 + 0.024247882im,1.025394801 + 0.0198462im,1.024068178 + 0.019286666im,1.029854492 + 0.02416357im,1.029970146 + 0.024330592im
1.035882325 + 0.021243375im,1.036002177 + 0.021369411im,1.038937744 + 0.023128548im,1.039102877 + 0.023358735im,1.046148525 + 0.031380101im,1.038813421 + 0.022994253im,1.02722514 + 0.013989152im,1.026513983 + 0.013393418im,1.002050295 + 0.000394581im,1.001731123 + 0.000172776im,1.011364094 + 0.006020579im,1.011770533 + 0.006366131im,1.018570278 + 0.010493992im,1.018976717 + 0.010839544im,1.025776461 + 0.014967404im,1.025979681 + 0.01514018im,1.031618609 + 0.018660622im,1.031619903 + 0.018662014im,1.035942251 + 0.021306393im,1.03899767 + 0.023191566im,1.046253733 + 0.03154727im,1.027040891 + 0.013791839im,1.001523387 - 3.839e-6im,1.001527903 + 0.0im,1.011567314 + 0.006193355im,1.018773497 + 0.010666768im,1.031618198 + 0.01866163im,1.02612468 + 0.015250322im,1.001527903 + 0.0im,1.001523387 - 3.839e-6im,1.001523387 - 3.839e-6im,1.028072397 + 0.014032401im,1.027856324 + 0.013893069im,1.039765396 + 0.023381742im,1.03899767 + 0.023191566im,1.031619903 + 0.018662014im,1.046993646 + 0.032120529im,1.046250727 + 0.031547503im,1.011567314 + 0.006193355im,1.011567314 + 0.006193355im,1.025979681 + 0.01514018im,1.018773497 + 0.010666768im,1.035942251 + 0.021306393im,1.031041735 + 0.015819969im,1.028330274 + 0.014092542im,1.030699221 + 0.015231256im,1.028060182 + 0.013918376im,1.048327754 + 0.034042868im,1.047178624 + 0.032263844im,1.046242903 + 0.031545673im,1.046249976 + 0.031547561im,1.043246847 + 0.024519027im,1.039957328 + 0.023429287im,1.03160735 + 0.018662164im,1.027175861 + 0.015668895im,1.026037902 + 0.015202814im,1.031560388 + 0.018597988im,1.031679829 + 0.018725031im
1.033636693 + 0.01506825im,1.033750951 + 0.015146416im,1.036328593 + 0.016027337im,1.036534465 + 0.016158232im,1.045258626 + 0.019785201im,1.036159495 + 0.015924893im,1.022798148 + 0.01027552im,1.022156973 + 0.009836983im,1.003002738 + 0.000293878im,1.002780324 + 0.000140935im,1.011579907 + 0.004759995im,1.011956602 + 0.005041865im,1.018168073 + 0.008302377im,1.018544768 + 0.008584247im,1.024756239 + 0.01184476im,1.024944586 + 0.011985695im,1.029888235 + 0.013767198im,1.029889466 + 0.013768058im,1.033693822 + 0.015107333im,1.036385722 + 0.01606642im,1.045407368 + 0.019877013im,1.02257192 + 0.010133993im,1.002587791 - 3.132e-6im,1.002591976 + 0.0im,1.011768255 + 0.00490093im,1.01835642 + 0.008443312im,1.029887756 + 0.013767682im,1.025077514 + 0.012087924im,1.002591976 + 0.0im,1.002587791 - 3.132e-6im,1.002587791 - 3.132e-6im,1.022946572 + 0.010220405im,1.023286521 + 0.010434592im,1.037127068 + 0.016244216im,1.036385722 + 0.01606642im,1.029889466 + 0.013768058im,1.046219372 + 0.020045178im,1.045404362 + 0.019877279im,1.011768255 + 0.00490093im,1.011768255 + 0.00490093im,1.024944586 + 0.011985695im,1.01835642 + 0.008443312im,1.033693822 + 0.015107333im,1.024026027 + 0.01086667im,1.023040235 + 0.010242008im,1.02552575 + 0.012377317im,1.023465171 + 0.010509741im,1.048029437 + 0.021055647im,1.046422373 + 0.020087219im,1.04539651 + 0.019875534im,1.045403611 + 0.019877346im,1.040490861 + 0.017315423im,1.037312404 + 0.016288665im,1.029876892 + 0.013768268im,1.026043276 + 0.012479169im,1.025000005 + 0.012024401im,1.029832816 + 0.013728492im,1.029946595 + 0.013807141im
1.03412852 + 0.018746499im,1.034224652 + 0.018876195im,1.036729729 + 0.020829515im,1.03688794 + 0.021053404im,1.044127529 + 0.02859871im,1.036572688 + 0.020705143im,1.023934414 + 0.012314019im,1.023282199 + 0.011777005im,1.002459084 + 0.00034462im,1.002217057 + 0.000142789im,1.011541032 + 0.004757096im,1.011942274 + 0.005042675im,1.018523903 + 0.008299832im,1.018925146 + 0.008585411im,1.025506775 + 0.011842569im,1.025707396 + 0.011985358im,1.030493207 + 0.015883887im,1.030494238 + 0.01588532im,1.034176586 + 0.018811347im,1.036777796 + 0.020894363im,1.044237674 + 0.028757751im,1.023729306 + 0.012124799im,1.002011977 - 3.173e-6im,1.002016436 + 0.0im,1.011741653 + 0.004899885im,1.018724525 + 0.008442622im,1.030492529 + 0.01588494im,1.025861659 + 0.012063679im,1.002016436 + 0.0im,1.002011977 - 3.173e-6im,1.002011977 - 3.173e-6im,1.024279322 + 0.012253191im,1.02451032 + 0.012311323im,1.037566579 + 0.021086283im,1.036777796 + 0.020894363im,1.030494238 + 0.01588532im,1.044986442 + 0.029286921im,1.044234663 + 0.028757992im,1.011741653 + 0.004899885im,1.011741653 + 0.004899885im,1.025707396 + 0.011985358im,1.018724525 + 0.008442622im,1.034176586 + 0.018811347im,1.0258625 + 0.013206727im,1.024416827 + 0.01228529im,1.02712664 + 0.013918521im,1.024705574 + 0.012357954im,1.046374757 + 0.031110773im,1.045173634 + 0.029419214im,1.044226819 + 0.028756178im,1.04423391 + 0.028758052im,1.041144692 + 0.022238724im,1.037763775 + 0.021134263im,1.030481671 + 0.015885504im,1.026915442 + 0.012276332im,1.025753754 + 0.012049826im,1.030446849 + 0.015819419im,1.030542304 + 0.015950167im
1.03408263 + 0.020274846im,1.034195242 + 0.020396283im,1.036969351 + 0.022106305im,1.037150091 + 0.02231063im,1.045020157 + 0.028909948im,1.036814517 + 0.02198884im,1.023947403 + 0.014242033im,1.02325939 + 0.013666821im,1.000876825 + 0.000393356im,1.000607666 + 0.000165299im,1.010189709 + 0.005701332im,1.010596104 + 0.006031929im,1.017359899 + 0.009939717im,1.017766295 + 0.010270314im,1.024530089 + 0.014178103im,1.024733287 + 0.014343401im,1.030053754 + 0.017764756im,1.030054967 + 0.017766096im,1.034138936 + 0.020335564im,1.037025658 + 0.022167023im,1.04514459 + 0.029053555im,1.023736262 + 0.01406385im,1.000399953 - 3.673e-6im,1.000404469 + 0.0im,1.010392906 + 0.00586663im,1.017563097 + 0.010105016im,1.030053259 + 0.017765713im,1.024881886 + 0.014448365im,1.000404469 + 0.0im,1.000399953 - 3.673e-6im,1.000399953 - 3.673e-6im,1.024504343 + 0.014238504im,1.024501787 + 0.014433758im,1.037814807 + 0.02236016im,1.037025658 + 0.022167023im,1.030054967 + 0.017766096im,1.045931997 + 0.029491112im,1.045141582 + 0.029053795im,1.010392906 + 0.00586663im,1.010392906 + 0.00586663im,1.024733287 + 0.014343401im,1.017563097 + 0.010105016im,1.034138936 + 0.020335564im,1.026719879 + 0.015555636im,1.024696364 + 0.014282168im,1.026843605 + 0.016688955im,1.024693168 + 0.014526234im,1.047481209 + 0.031125506im,1.046128848 + 0.029600501im,1.045133745 + 0.029051981im,1.04514083 + 0.029053855im,1.041394199 + 0.023518341im,1.038012094 + 0.022408444im,1.030042395 + 0.017766258im,1.025946023 + 0.014829947im,1.024787885 + 0.014403737im,1.029999155 + 0.01770442im,1.030111273 + 0.017826815im
1.035328179 + 0.016619225im,1.035420511 + 0.016756497im,1.037893397 + 0.018873476im,1.038049811 + 0.019071876im,1.045044308 + 0.02505377im,1.037739369 + 0.018791113im,1.025693883 + 0.012409241im,1.025034134 + 0.011905483im,1.003662597 + 0.000350131im,1.003413081 + 0.000118303im,1.012775633 + 0.00367875im,1.013186578 + 0.003915357im,1.019795439 + 0.006428613im,1.020206384 + 0.00666522im,1.026815245 + 0.009178477im,1.027020717 + 0.00929678im,1.031740893 + 0.01351845im,1.03174188 + 0.013519967im,1.035374345 + 0.016687861im,1.037939563 + 0.018942112im,1.045154556 + 0.025183533im,1.025493689 + 0.012258242im,1.003203042 - 2.629e-6im,1.003207608 + 0.0im,1.012981106 + 0.003797053im,1.020000912 + 0.006546917im,1.031740173 + 0.013519592im,1.027181731 + 0.009346823im,1.003207608 + 0.0im,1.003203042 - 2.629e-6im,1.003203042 - 2.629e-6im,1.026257016 + 0.012436073im,1.026208135 + 0.012559299im,1.038689298 + 0.019122266im,1.037939563 + 0.018942112im,1.03174188 + 0.013519967im,1.045856611 + 0.025582405im,1.045151548 + 0.025183784im,1.012981106 + 0.003797053im,1.012981106 + 0.003797053im,1.027020717 + 0.00929678im,1.020000912 + 0.006546917im,1.035374345 + 0.016687861im,1.028454548 + 0.013758309im,1.026447848 + 0.012480531im,1.028446254 + 0.014503506im,1.026386746 + 0.012634563im,1.047231333 + 0.027060487im,1.046032125 + 0.025682122im,1.045143704 + 0.025181999im,1.045150796 + 0.025183847im,1.042091042 + 0.020207195im,1.038876732 + 0.019167305im,1.031729329 + 0.01352018im,1.028228949 + 0.009378941im,1.027065176 + 0.009365041im,1.031696434 + 0.013450189im,1.031788046 + 0.013588603im
1.035698225 + 0.024748325im,1.03583584 + 0.024870528im,1.039088041 + 0.026463555im,1.039265256 + 0.026722363im,1.046743037 + 0.036346072im,1.038955003 + 0.026279325im,1.026008818 + 0.014848158im,1.025269945 + 0.014184154im,1.000252818 + 0.000413986im,0.999922756 + 0.000210831im,1.009778829 + 0.007651112im,1.01018376 + 0.008072774im,1.017140988 + 0.013324737im,1.017545918 + 0.013746398im,1.024503146 + 0.018998362im,1.024705612 + 0.019209192im,1.030972144 + 0.02240533im,1.030973635 + 0.022406679im,1.035767033 + 0.024809427im,1.039156849 + 0.026524657im,1.046851444 + 0.036543778im,1.025806972 + 0.014602825im,0.999715792 - 4.685e-6im,0.999720291 + 0.0im,1.009981295 + 0.007861943im,1.017343453 + 0.013535568im,1.030971931 + 0.022406289im,1.024840974 + 0.019359312im,0.999720291 + 0.0im,0.999715792 - 4.685e-6im,0.999715792 - 4.685e-6im,1.026689872 + 0.014813434im,1.026693034 + 0.014622636im,1.040053116 + 0.026746521im,1.039156849 + 0.026524657im,1.030973635 + 0.022406679im,1.047654774 + 0.037247616im,1.04684844 + 0.036543996im,1.009981295 + 0.007861943im,1.009981295 + 0.007861943im,1.024705612 + 0.019209192im,1.017343453 + 0.013535568im,1.035767033 + 0.024809427im,1.029226689 + 0.016358118im,1.026910597 + 0.014866087im,1.029889486 + 0.015748982im,1.02691455 + 0.014627588im,1.049042094 + 0.039528928im,1.047855606 + 0.037423576im,1.04684063 + 0.03654213im,1.046847689 + 0.036544051im,1.044117523 + 0.028073506im,1.040277183 + 0.026801986im,1.030961075 + 0.022406784im,1.025900877 + 0.020033259im,1.024772714 + 0.019269904im,1.030905041 + 0.022344618im,1.031042443 + 0.022467781im
1.036313189 + 0.017662339im,1.036417727 + 0.017794305im,1.039094144 + 0.019746449im,1.0392793 + 0.019903701im,1.047152625 + 0.023637386im,1.038914027 + 0.01968687im,1.02535954 + 0.014947432im,1.024645645 + 0.014406683im,1.001950479 + 0.000412168im,1.001695636 + 0.000135819im,1.011853936 + 0.004318095im,1.012297416 + 0.004589733im,1.01946798 + 0.007541928im,1.01991146 + 0.007813566im,1.027082025 + 0.010765761im,1.027303764 + 0.01090158im,1.032428294 + 0.014800249im,1.032429418 + 0.014801707im,1.036365458 + 0.017728322im,1.039146413 + 0.019812432im,1.047285513 + 0.023728655im,1.025127154 + 0.01482187im,1.001468969 - 3.018e-6im,1.001473896 + 0.0im,1.012075676 + 0.004453914im,1.01968972 + 0.007677747im,1.032427712 + 0.01480133im,1.02747494 + 0.010971793im,1.001473896 + 0.0im,1.001468969 - 3.018e-6im,1.001468969 - 3.018e-6im,1.0260651 + 0.015040894im,1.025763032 + 0.015488732im,1.039982491 + 0.02001361im,1.039146413 + 0.019812432im,1.032429418 + 0.014801707im,1.048026169 + 0.023919961im,1.047282511 + 0.02372891im,1.012075676 + 0.004453914im,1.012075676 + 0.004453914im,1.027303764 + 0.01090158im,1.01968972 + 0.007677747im,1.036365458 + 0.017728322im,1.028764823 + 0.016667203im,1.026299586 + 0.015095651im,1.027280343 + 0.018668818im,1.025922001 + 0.015655448im,1.049648731 + 0.024932059im,1.048211333 + 0.023967787im,1.04727468 + 0.02372714im,1.047281761 + 0.023728973im,1.043775904 + 0.02122476im,1.040191511 + 0.020063905im,1.032416875 + 0.014801905im,1.028616517 + 0.011107799im,1.027354328 + 0.010967186im,1.03237773 + 0.014734644im,1.032481687 + 0.01486769im
1.034861726 + 0.018532091im,1.034969987 + 0.018646329im,1.037623704 + 0.020242756im,1.037799444 + 0.020435757im,1.045452669 + 0.026646909im,1.03746112 + 0.02012209im,1.024298279 + 0.012444617im,1.023623625 + 0.011914104im,1.002319182 + 0.000349338im,1.002068327 + 0.000152536im,1.011539338 + 0.005160298im,1.011944504 + 0.00546537im,1.018629923 + 0.009000261im,1.019035089 + 0.009305333im,1.025720508 + 0.012840224im,1.025923091 + 0.01299276im,1.031007425 + 0.0161883im,1.03100859 + 0.016189561im,1.034915856 + 0.01858921im,1.037677834 + 0.020299875im,1.045574278 + 0.02678279im,1.024081565 + 0.012266831im,1.001861243 - 3.39e-6im,1.001865745 + 0.0im,1.011741921 + 0.005312834im,1.018832506 + 0.009152797im,1.031006882 + 0.016189181im,1.02607325 + 0.013088557im,1.001865745 + 0.0im,1.001861243 - 3.39e-6im,1.001861243 - 3.39e-6im,1.024624242 + 0.012394829im,1.02489285 + 0.012527746im,1.038500641 + 0.020499561im,1.037677834 + 0.020299875im,1.03100859 + 0.016189561im,1.046336685 + 0.027190553im,1.045571271 + 0.026783037im,1.011741921 + 0.005312834im,1.011741921 + 0.005312834im,1.025923091 + 0.01299276im,1.018832506 + 0.009152797im,1.034915856 + 0.01858921im,1.026184965 + 0.013339747im,1.024759911 + 0.012426829im,1.02753066 + 0.014441303im,1.025095672 + 0.012592974im,1.047848646 + 0.028735133im,1.046527286 + 0.027292493im,1.045563433 + 0.026781241im,1.04557052 + 0.026783098im,1.042233263 + 0.021699345im,1.038706342 + 0.020549483im,1.030996029 + 0.016189742im,1.027131499 + 0.013412664im,1.025975514 + 0.013049498im,1.030955001 + 0.016131561im,1.03106272 + 0.01624668im
1.034659559 + 0.021439213im,1.034765912 + 0.021556457im,1.037399268 + 0.023219909im,1.037560734 + 0.023455543im,1.044855086 + 0.031975859im,1.037236473 + 0.023052853im,1.023701242 + 0.012798293im,1.023021193 + 0.012211891im,1.001409538 + 0.000356765im,1.001156105 + 0.000178182im,1.01094387 + 0.006232484im,1.011355997 + 0.006588849im,1.018265007 + 0.010862474im,1.018677134 + 0.011218839im,1.025586145 + 0.015492464im,1.025792209 + 0.015670646im,1.030835381 + 0.018997934im,1.030836525 + 0.018999228im,1.034712735 + 0.021497835im,1.037452445 + 0.023278531im,1.044963375 + 0.032152871im,1.02348527 + 0.012572616im,1.000945462 - 3.96e-6im,1.000950041 + 0.0im,1.011149933 + 0.006410667im,1.018471071 + 0.011040656im,1.030834818 + 0.018998843im,1.025946802 + 0.015790591im,1.000950041 + 0.0im,1.000945462 - 3.96e-6im,1.000945462 - 3.96e-6im,1.023892682 + 0.01267182im,1.024398122 + 0.012673923im,1.038340226 + 0.02349622im,1.037452445 + 0.023278531im,1.030836525 + 0.018999228im,1.045732845 + 0.032764915im,1.044960365 + 0.032153102im,1.011149933 + 0.006410667im,1.011149933 + 0.006410667im,1.025792209 + 0.015670646im,1.018471071 + 0.011040656im,1.034712735 + 0.021497835im,1.025061258 + 0.013390896im,1.023994535 + 0.012696621im,1.027594954 + 0.014128315im,1.024626335 + 0.01269925im,1.047108323 + 0.034801923im,1.045925212 + 0.032917926im,1.044952533 + 0.032151265im,1.044959613 + 0.03215316im,1.042366852 + 0.024801067im,1.038562172 + 0.023550642im,1.030823962 + 0.018999374im,1.027071718 + 0.016251921im,1.025843679 + 0.015728883im,1.030783911 + 0.018939697im,1.030889701 + 0.01905785im
1.033598711 + 0.027000077im,1.033722887 + 0.027159565im,1.036916442 + 0.029530223im,1.037057059 + 0.02981911im,1.043038123 + 0.040308967im,1.036790204 + 0.029364396im,1.024567645 + 0.017804081im,1.023837136 + 0.017070961im,0.998149132 + 0.000482942im,0.997816629 + 0.000207334im,1.007760121 + 0.007483974im,1.008170365 + 0.007898641im,1.0151893 + 0.013035093im,1.015599543 + 0.013449761im,1.022618479 + 0.018586212im,1.022823601 + 0.018793546im,1.028963456 + 0.023524786im,1.028964798 + 0.02352655im,1.033660799 + 0.027079821im,1.03697853 + 0.029609967im,1.043116652 + 0.040518111im,1.024379318 + 0.01755851im,0.997606949 - 4.607e-6im,0.997611507 + 0.0im,1.007965243 + 0.007691308im,1.015394422 + 0.013242427im,1.02896309 + 0.023526157im,1.022968342 + 0.018921529im,0.997611507 + 0.0im,0.997606949 - 4.607e-6im,0.997606949 - 4.607e-6im,1.02540418 + 0.017801701im,1.025317004 + 0.017820725im,1.037929631 + 0.029849378im,1.03697853 + 0.029609967im,1.028964798 + 0.02352655im,1.043805624 + 0.041320929im,1.043113636 + 0.040518318im,1.007965243 + 0.007691308im,1.007965243 + 0.007691308im,1.022823601 + 0.018793546im,1.015394422 + 0.013242427im,1.033660799 + 0.027079821im,1.028350181 + 0.019590759im,1.025660395 + 0.017862498im,1.028412614 + 0.019889416im,1.025551425 + 0.017886279im,1.044845958 + 0.043752435im,1.043977867 + 0.041521634im,1.043105807 + 0.040516414im,1.043112882 + 0.040518369im,1.042241355 + 0.031275903im,1.038167406 + 0.029909231im,1.028952213 + 0.023526641im,1.024047622 + 0.019447353im,1.022883981 + 0.018872897im,1.028903075 + 0.023445435im,1.029026886 + 0.023606294im
1.033255884 + 0.026867037im,1.033358206 + 0.027029059im,1.036150711 + 0.029562729im,1.036303757 + 0.0298556im,1.043554623 + 0.040290555im,1.035975472 + 0.029394005im,1.021673463 + 0.017937907im,1.020956115 + 0.017205475im,0.997421801 + 0.000478176im,0.997157557 + 0.000203435im,1.007769707 + 0.007206041im,1.00821326 + 0.007612912im,1.015704189 + 0.012555928im,1.016147742 + 0.012962799im,1.023638671 + 0.017905815im,1.023860448 + 0.01810925im,1.029205933 + 0.023157086im,1.029207032 + 0.023158877im,1.033307045 + 0.026948048im,1.036201871 + 0.02964374im,1.043656509 + 0.040502415im,1.021447064 + 0.017688173im,0.996930852 - 4.521e-6im,0.99693578 + 0.0im,1.007991483 + 0.007409477im,1.015925965 + 0.012759363im,1.029205324 + 0.023158485im,1.024032771 + 0.018232067im,0.99693578 + 0.0im,0.996930852 - 4.521e-6im,0.996930852 - 4.521e-6im,1.022078123 + 0.017841969im,1.022367105 + 0.018143582im,1.037174181 + 0.029889108im,1.036201871 + 0.02964374im,1.029207032 + 0.023158877im,1.044453666 + 0.041279681im,1.043653494 + 0.040502622im,1.007991483 + 0.007409477im,1.007991483 + 0.007409477im,1.023860448 + 0.01810925im,1.015925965 + 0.012759363im,1.033307045 + 0.026948048im,1.023888045 + 0.018956199im,1.022235888 + 0.017880418im,1.025168704 + 0.020893363im,1.022597115 + 0.018257434im,1.045771154 + 0.043731454im,1.044652955 + 0.041473997im,1.04364567 + 0.04050072im,1.043652741 + 0.040502674im,1.041581849 + 0.0313503im,1.037417259 + 0.02995045im,1.02919445 + 0.023158973im,1.025268615 + 0.018681135im,1.023909901 + 0.018189868im,1.029156479 + 0.023076468im,1.029258193 + 0.023239888im
1.036194095 + 0.026107051im,1.036310438 + 0.026269727im,1.039372258 + 0.028742056im,1.039536493 + 0.029015939im,1.046844949 + 0.038384298im,1.039212461 + 0.028599364im,1.025584175 + 0.0184504im,1.02481726 + 0.017722404im,0.998740206 + 0.000499535im,0.9984258 + 0.000199388im,1.009330594 + 0.006981907im,1.009789476 + 0.007380684im,1.017486977 + 0.012168344im,1.017945859 + 0.012567121im,1.02564336 + 0.017354781im,1.025872801 + 0.017554169im,1.031751431 + 0.02248458im,1.031752686 + 0.022486379im,1.036252267 + 0.026188389im,1.03943043 + 0.028823394im,1.046951011 + 0.038576843im,1.025366205 + 0.018226369im,0.998191261 - 4.431e-6im,0.99819636 + 0.0im,1.009560035 + 0.007181295im,1.017716418 + 0.012367732im,1.031750983 + 0.022485989im,1.026045773 + 0.017672609im,0.99819636 + 0.0im,0.998191261 - 4.431e-6im,0.998191261 - 4.431e-6im,1.026353337 + 0.018465219im,1.026301077 + 0.018698481im,1.040368109 + 0.029050839im,1.03943043 + 0.028823394im,1.031752686 + 0.022486379im,1.047735604 + 0.039261529im,1.046948007 + 0.038577056im,1.009560035 + 0.007181295im,1.009560035 + 0.007181295im,1.025872801 + 0.017554169im,1.017716418 + 0.012367732im,1.036252267 + 0.026188389im,1.029186241 + 0.020202774im,1.02660012 + 0.018524931im,1.029136702 + 0.021526609im,1.026534795 + 0.018816509im,1.04909262 + 0.041483107im,1.047931752 + 0.0394327im,1.046940202 + 0.038575175im,1.046947256 + 0.038577109im,1.044621884 + 0.030417573im,1.040602529 + 0.0291077im,1.031740135 + 0.022486483im,1.027278234 + 0.018094391im,1.025929269 + 0.017635117im,1.031694963 + 0.022403632im,1.031810858 + 0.022567717im
1.035294949 + 0.023629707im,1.035416106 + 0.023761103im,1.038404622 + 0.025615004im,1.038587049 + 0.025852286im,1.0465586 + 0.033966858im,1.03826149 + 0.025478289im,1.025584656 + 0.01636697im,1.024848703 + 0.015710648im,0.999795678 + 0.000449604im,0.99948224 + 0.000193741im,1.00970718 + 0.006843665im,1.010135277 + 0.007231148im,1.017352882 + 0.011925212im,1.017780979 + 0.012312695im,1.024998583 + 0.017006759im,1.025212632 + 0.0172005im,1.030954767 + 0.020908552im,1.030956075 + 0.020910004im,1.035355528 + 0.023695405im,1.0384652 + 0.025680702im,1.046680448 + 0.034138442im,1.025380946 + 0.016164557im,0.999263435 - 4.305e-6im,0.999268192 + 0.0im,1.009921229 + 0.007037407im,1.01756693 + 0.012118954im,1.03095437 + 0.020909616im,1.025367807 + 0.017328932im,0.999268192 + 0.0im,0.999263435 - 4.305e-6im,0.999263435 - 4.305e-6im,1.026324362 + 0.016390613im,1.026302855 + 0.016527004im,1.039253787 + 0.025880237im,1.0384652 + 0.025680702im,1.030956075 + 0.020910004im,1.047501433 + 0.034704523im,1.046677443 + 0.034138667im,1.009921229 + 0.007037407im,1.009921229 + 0.007037407im,1.025212632 + 0.0172005im,1.01756693 + 0.012118954im,1.035355528 + 0.023695405im,1.029034039 + 0.018044319im,1.026560216 + 0.016447127im,1.029221867 + 0.018941174im,1.026533333 + 0.016617615im,1.04903425 + 0.036670593im,1.047706679 + 0.034846043im,1.046669627 + 0.034136819im,1.046676692 + 0.034138724im,1.04282842 + 0.027067782im,1.039450933 + 0.025930121im,1.030943514 + 0.020910127im,1.026510307 + 0.017840105im,1.025271505 + 0.01726581im,1.030895893 + 0.020843242im,1.031016654 + 0.020975702im
1.034222971 + 0.028626053im,1.034337576 + 0.028797419im,1.037412144 + 0.031443644im,1.037554144 + 0.031752571im,1.043985109 + 0.042942223im,1.037257488 + 0.031266746im,1.023620037 + 0.018996805im,1.022871054 + 0.018220374im,0.997221969 + 0.000509044im,0.996912027 + 0.000216316im,1.007625761 + 0.007753749im,1.008070053 + 0.00818638im,1.015632689 + 0.013506921im,1.016076981 + 0.013939553im,1.023639617 + 0.019260094im,1.023861763 + 0.01947641im,1.029762946 + 0.024750194im,1.029764181 + 0.02475209im,1.034280273 + 0.028711736im,1.037469446 + 0.031529327im,1.044069807 + 0.043165468im,1.023408079 + 0.018734224im,0.996684944 - 4.807e-6im,0.996689881 + 0.0im,1.007847907 + 0.007970065im,1.015854835 + 0.013723237im,1.029762475 + 0.024751695im,1.024028313 + 0.019607437im,0.996689881 + 0.0im,0.996684944 - 4.807e-6im,0.996684944 - 4.807e-6im,1.024350249 + 0.018964292im,1.024315468 + 0.019097236im,1.038491146 + 0.031787637im,1.037469446 + 0.031529327im,1.029764181 + 0.02475209im,1.04480891 + 0.04402103im,1.044066794 + 0.043165667im,1.007847907 + 0.007970065im,1.007847907 + 0.007970065im,1.023861763 + 0.01947641im,1.015854835 + 0.013723237im,1.034280273 + 0.028711736im,1.027052009 + 0.020629234im,1.024585792 + 0.019021809im,1.02718104 + 0.02149618im,1.024542315 + 0.019187989im,1.045929198 + 0.046615934im,1.044993686 + 0.044234921im,1.044058977 + 0.043163746im,1.04406604 + 0.043165717im,1.043122545 + 0.033325261im,1.038746571 + 0.031852215im,1.029751606 + 0.024752166im,1.025243229 + 0.020115258im,1.02391736 + 0.019561698im,1.029707349 + 0.024664906im,1.029821484 + 0.024837772im
1.032239357 + 0.031804063im,1.03237296 + 0.031964033im,1.035747793 + 0.03429424im,1.035915611 + 0.034596207im,1.043206718 + 0.04557878im,1.035589369 + 0.03410281im,1.021163753 + 0.021472901im,1.020391207 + 0.020629201im,0.993927797 + 0.000566602im,0.993604185 + 0.000255747im,1.004444007 + 0.009460124im,1.004881697 + 0.009971619im,1.012533336 + 0.016468826im,1.012971027 + 0.01698032im,1.020622665 + 0.023477527im,1.020841511 + 0.023733275im,1.02733977 + 0.028386434im,1.027341216 + 0.028388202im,1.032306159 + 0.031884048im,1.035814595 + 0.034374225im,1.043307735 + 0.045800761im,1.020938528 + 0.021201486im,0.993380477 - 5.683e-6im,0.99338534 + 0.0im,1.004662852 + 0.009715871im,1.012752181 + 0.016724573im,1.027339508 + 0.028387801im,1.020995262 + 0.023909439im,0.99338534 + 0.0im,0.993380477 - 5.683e-6im,0.993380477 - 5.683e-6im,1.02195523 + 0.021452854im,1.021838085 + 0.021768434im,1.036872035 + 0.034641701im,1.035814595 + 0.034374225im,1.027341216 + 0.028388202im,1.044117336 + 0.046624427im,1.043304719 + 0.045800953im,1.004662852 + 0.009715871im,1.004662852 + 0.009715871im,1.020841511 + 0.023733275im,1.012752181 + 0.016724573im,1.032306159 + 0.031884048im,1.024867594 + 0.02325916im,1.022209406 + 0.021515696im,1.024432526 + 0.024899181im,1.022062975 + 0.021910171im,1.045429673 + 0.049196185im,1.044319737 + 0.046830344im,1.043296903 + 0.045799011im,1.043303965 + 0.045801001im,1.041665403 + 0.036233713im,1.037136395 + 0.03470857im,1.027328613 + 0.028388233im,1.022208544 + 0.024708777im,1.020906604 + 0.023812858im,1.027274676 + 0.02830685im,1.027408018 + 0.028468187im
1.037051681 + 0.023009194im,1.037146945 + 0.023158127im,1.039736773 + 0.025480778im,1.039872081 + 0.02574482im,1.046173853 + 0.035111992im,1.039594576 + 0.025340126im,1.027553464 + 0.015427255im,1.026827274 + 0.014779547im,1.001745322 + 0.000428699im,1.001442059 + 0.000175022im,1.012124992 + 0.005950534im,1.012581052 + 0.006300578im,1.020121946 + 0.01037741im,1.020578005 + 0.010727453im,1.028118899 + 0.014804286im,1.028346929 + 0.014979307im,1.033295485 + 0.019608023im,1.033296505 + 0.019609669im,1.037099313 + 0.023083661im,1.039784405 + 0.025555245im,1.046261529 + 0.035301566im,1.027363635 + 0.015212135im,1.001208962 - 3.889e-6im,1.001214029 + 0.0im,1.012353022 + 0.006125556im,1.020349975 + 0.010552432im,1.033294803 + 0.019609284im,1.028529029 + 0.015080247im,1.001214029 + 0.0im,1.001208962 - 3.889e-6im,1.001208962 - 3.889e-6im,1.028317562 + 0.015441601im,1.02830021 + 0.015390937im,1.040611246 + 0.025758441im,1.039784405 + 0.025555245im,1.033296505 + 0.019609669im,1.046959621 + 0.036002659im,1.046258523 + 0.035301788im,1.012353022 + 0.006125556im,1.012353022 + 0.006125556im,1.028346929 + 0.014979307im,1.020349975 + 0.010552432im,1.037099313 + 0.023083661im,1.031056531 + 0.017116509im,1.028556044 + 0.015498968im,1.031491043 + 0.01715518im,1.028534354 + 0.015435638im,1.048098054 + 0.038198437im,1.047134144 + 0.036177933im,1.046250706 + 0.03529993im,1.046257771 + 0.035301844im,1.044361318 + 0.026975792im,1.040817956 + 0.02580924im,1.033283973 + 0.019609808im,1.029787066 + 0.01538208im,1.028392859 + 0.015053389im,1.033249555 + 0.019533941im,1.033344137 + 0.019684136im
1.029387811 + 0.031777558im,1.029554911 + 0.031887988im,1.033304231 + 0.03310266im,1.033468568 + 0.033375762im,1.039644996 + 0.044312909im,1.033194971 + 0.032863467im,1.02031136 + 0.018720304im,1.019577666 + 0.017918523im,0.993811829 + 0.000501041im,0.993451318 + 0.000284925im,1.002717868 + 0.010990008im,1.00307077 + 0.011559858im,1.009611865 + 0.019116387im,1.009964767 + 0.019686236im,1.016505861 + 0.027242766im,1.016682312 + 0.027527691im,1.023934995 + 0.029982226im,1.023936813 + 0.029983444im,1.029471361 + 0.031832773im,1.033387781 + 0.033157875im,1.039725784 + 0.044530796im,1.02011855 + 0.018425896im,0.993270946 - 6.332e-6im,0.993274867 + 0.0im,1.002894319 + 0.011274933im,1.009788316 + 0.019401312im,1.0239351 + 0.029983038im,1.016776926 + 0.027757806im,0.993274867 + 0.0im,0.993270946 - 6.332e-6im,0.993270946 - 6.332e-6im,1.02106798 + 0.018656523im,1.021059221 + 0.018581036im,1.034469237 + 0.033428308im,1.033387781 + 0.033157875im,1.023936813 + 0.029983444im,1.040438889 + 0.045368847im,1.039722758 + 0.044530992im,1.002894319 + 0.011274933im,1.002894319 + 0.011274933im,1.016682312 + 0.027527691im,1.009788316 + 0.019401312im,1.029471361 + 0.031832773im,1.023791779 + 0.020330516im,1.021305337 + 0.018714179im,1.024293096 + 0.020264162im,1.021294389 + 0.018619821im,1.041510327 + 0.047902479im,1.040617166 + 0.045578359im,1.039714912 + 0.044529051im,1.039722001 + 0.044531041im,1.039372518 + 0.035042077im,1.034739601 + 0.033495917im,1.023924169 + 0.029983454im,1.017725753 + 0.028978434im,1.016764149 + 0.0275825im,1.023853157 + 0.029927417im,1.024020363 + 0.03003866im
1.031400724 + 0.028924118im,1.031514831 + 0.029098131im,1.034593878 + 0.031797161im,1.034745281 + 0.032077149im,1.041432367 + 0.041569056im,1.034423771 + 0.031650877im,1.020222442 + 0.021083995im,1.019486111 + 0.020292357im,0.994694958 + 0.000553527im,0.994409546 + 0.000216919im,1.004991668 + 0.007801271im,1.005429456 + 0.00823511im,1.01289919 + 0.01358877im,1.013336978 + 0.014022608im,1.020806711 + 0.019376269im,1.021025605 + 0.019593188im,1.026934542 + 0.024971313im,1.026935772 + 0.024973238im,1.031457778 + 0.029011125im,1.034650931 + 0.031884167im,1.041526716 + 0.041762038im,1.019995281 + 0.020850705im,0.994185788 - 4.82e-6im,0.994190652 + 0.0im,1.005210562 + 0.008018191im,1.013118084 + 0.013805689im,1.026934061 + 0.024972841im,1.021189156 + 0.019723497im,0.994190652 + 0.0im,0.994185788 - 4.82e-6im,0.994185788 - 4.82e-6im,1.020963497 + 0.021088645im,1.020804132 + 0.021603158im,1.035699891 + 0.032144143im,1.034650931 + 0.031884167im,1.026935772 + 0.024973238im,1.042259971 + 0.042467542im,1.041523696 + 0.041762241im,1.005210562 + 0.008018191im,1.005210562 + 0.008018191im,1.021025605 + 0.019593188im,1.013118084 + 0.013805689im,1.031457778 + 0.029011125im,1.023738419 + 0.022804323im,1.021205551 + 0.02114813im,1.022848197 + 0.025300114im,1.021006345 + 0.021791272im,1.043478942 + 0.044700232im,1.042443285 + 0.042643918im,1.041515858 + 0.041760326im,1.041522941 + 0.041762292im,1.040456621 + 0.033698654im,1.035962131 + 0.032209137im,1.026923163 + 0.02497331im,1.022384927 + 0.020231997im,1.021080948 + 0.019679798im,1.026879199 + 0.024884703im,1.026992825 + 0.025060244im
1.032470372 + 0.030252437im,1.032620908 + 0.030373047im,1.036109713 + 0.031867868im,1.036318882 + 0.032121265im,1.045117722 + 0.041280551im,1.03596632 + 0.031687733im,1.022159659 + 0.020663911im,1.02137756 + 0.019866638im,0.994349392 + 0.0005509im,0.994002339 + 0.000266979im,1.004618417 + 0.009987806im,1.005041777 + 0.010521764im,1.012535479 + 0.017383524im,1.01295884 + 0.017917482im,1.020452542 + 0.024779242im,1.020664222 + 0.025046221im,1.027398969 + 0.028050847im,1.027400604 + 0.028052178im,1.03254564 + 0.030312742im,1.036184982 + 0.031928173im,1.045251622 + 0.041473642im,1.021940998 + 0.020423471im,0.993785955 - 5.933e-6im,0.993790659 + 0.0im,1.004830097 + 0.010254785im,1.01274716 + 0.017650503im,1.027398896 + 0.028051777im,1.020802343 + 0.025253296im,0.993790659 + 0.0im,0.993785955 - 5.933e-6im,0.993785955 - 5.933e-6im,1.023015942 + 0.020685794im,1.022908125 + 0.021011913im,1.037069663 + 0.032148828im,1.036184982 + 0.031928173im,1.027400604 + 0.028052178im,1.046160827 + 0.042115919im,1.045248613 + 0.041473846im,1.004830097 + 0.010254785im,1.004830097 + 0.010254785im,1.020664222 + 0.025046221im,1.01274716 + 0.017650503im,1.03254564 + 0.030312742im,1.026098611 + 0.022584847im,1.023284678 + 0.020751374im,1.025722544 + 0.024301174im,1.023149907 + 0.021159023im,1.04784682 + 0.044329899im,1.046388128 + 0.042276488im,1.045240802 + 0.041471941im,1.04524786 + 0.041473898im,1.04108097 + 0.033466323im,1.037290833 + 0.032203991im,1.027388001 + 0.028052213im,1.021973389 + 0.026263688im,1.020737782 + 0.025106125im,1.02732541 + 0.027990943im,1.027475872 + 0.028112483im
1.034838829 + 0.025906881im,1.034963477 + 0.026031577im,1.037982911 + 0.027740071im,1.038168205 + 0.027980611im,1.046256166 + 0.036438281im,1.037843241 + 0.027592358im,1.025192727 + 0.018055721im,1.024435911 + 0.017349554im,0.998167703 + 0.000491201im,0.997837921 + 0.000220703im,1.008497677 + 0.007954528im,1.008937974 + 0.008395935im,1.016462507 + 0.013855106im,1.016902804 + 0.014296513im,1.024427338 + 0.019755683im,1.024647486 + 0.019976387im,1.030452599 + 0.023397312im,1.030453947 + 0.023398689im,1.034901153 + 0.025969229im,1.038045235 + 0.027802419im,1.046379135 + 0.036616474im,1.024990733 + 0.01784566im,0.997612881 - 4.905e-6im,0.997617773 + 0.0im,1.008717825 + 0.008175232im,1.016682656 + 0.014075809im,1.030452241 + 0.023398297im,1.024807016 + 0.020135135im,0.997617773 + 0.0im,0.997612881 - 4.905e-6im,0.997612881 - 4.905e-6im,1.026047586 + 0.01810043im,1.025962851 + 0.018293797im,1.03882524 + 0.027993447im,1.038045235 + 0.027802419im,1.030453947 + 0.023398689im,1.047215752 + 0.037210127im,1.04637613 + 0.036616692im,1.008717825 + 0.008175232im,1.008717825 + 0.008175232im,1.024647486 + 0.019976387im,1.016682656 + 0.014075809im,1.034901153 + 0.025969229im,1.029081533 + 0.019957753im,1.0263118 + 0.018164122im,1.028962356 + 0.021079118im,1.02620588 + 0.018405831im,1.04876515 + 0.039253677im,1.047424907 + 0.03735854im,1.046368317 + 0.036614825im,1.046375378 + 0.036616747im,1.042363112 + 0.029138808im,1.039020241 + 0.028041204im,1.03044138 + 0.023398782im,1.026025959 + 0.020820595im,1.024708104 + 0.020038342im,1.030391981 + 0.023335357im,1.03051627 + 0.023461037im
1.033711908 + 0.029177284im,1.0338271 + 0.02929488im,1.036629901 + 0.030918526im,1.036806774 + 0.031194098im,1.045027914 + 0.041742376im,1.036506117 + 0.030738156im,1.024711536 + 0.019461659im,1.023952981 + 0.018691229im,0.996525744 + 0.00052559im,0.996180539 + 0.000255185im,1.007353777 + 0.009382015im,1.007807634 + 0.009892384im,1.015694625 + 0.016334852im,1.016148481 + 0.016845222im,1.024035472 + 0.02328769im,1.024262401 + 0.023542875im,1.02964064 + 0.02679281im,1.029641882 + 0.026794108im,1.033769504 + 0.029236082im,1.036687496 + 0.030977325im,1.045147192 + 0.041959149im,1.024530157 + 0.01922249im,0.995948568 - 5.671e-6im,0.995953611 + 0.0im,1.007580705 + 0.009637199im,1.015921553 + 0.016590037im,1.029640177 + 0.02679371im,1.024433438 + 0.023739659im,0.995953611 + 0.0im,0.995948568 - 5.671e-6im,0.995948568 - 5.671e-6im,1.025660885 + 0.019493935im,1.025629109 + 0.01961161im,1.037350298 + 0.031145359im,1.036687496 + 0.030977325im,1.029641882 + 0.026794108im,1.04602956 + 0.042730233im,1.045144182 + 0.041959351im,1.007580705 + 0.009637199im,1.007580705 + 0.009637199im,1.024262401 + 0.023542875im,1.015921553 + 0.016590037im,1.033769504 + 0.029236082im,1.02890805 + 0.02147756im,1.025943567 + 0.019561797im,1.029159767 + 0.022333382im,1.025903847 + 0.01970889im,1.047554879 + 0.045231221im,1.046250152 + 0.042923004im,1.045136372 + 0.041957442im,1.04514343 + 0.041959402im,1.040354646 + 0.032144986im,1.037515999 + 0.031187367im,1.029629307 + 0.026794159im,1.025784479 + 0.024633745im,1.024318291 + 0.023601275im,1.029584749 + 0.02673441im,1.029699478 + 0.026852906im
1.033777533 + 0.029140067im,1.033946203 + 0.029224494im,1.037588455 + 0.029937871im,1.03781052 + 0.030136357im,1.046498642 + 0.03729776im,1.037450086 + 0.029751789im,1.023530956 + 0.01941465im,1.022728144 + 0.018655464im,0.995181922 + 0.00052464im,0.994815494 + 0.000281271im,1.005416823 + 0.010615989im,1.005834892 + 0.011178531im,1.013318183 + 0.018473626im,1.013736253 + 0.019036168im,1.021219544 + 0.026331263im,1.021428579 + 0.026612534im,1.02847719 + 0.028075667im,1.028479027 + 0.028076597im,1.033861868 + 0.02918228im,1.03767279 + 0.029980085im,1.046636372 + 0.037454031im,1.023308252 + 0.019186355im,0.994601814 - 6.25e-6im,0.994606459 + 0.0im,1.005625857 + 0.01089726im,1.013527218 + 0.018754897im,1.02847732 + 0.028076196im,1.021554985 + 0.026851993im,0.994606459 + 0.0im,0.994601814 - 6.25e-6im,0.994601814 - 6.25e-6im,1.024380697 + 0.019442516im,1.024311778 + 0.019699289im,1.038609321 + 0.030215056im,1.03767279 + 0.029980085im,1.028479027 + 0.028076597im,1.047503277 + 0.037926477im,1.046633367 + 0.037454247im,1.005625857 + 0.01089726im,1.005625857 + 0.01089726im,1.021428579 + 0.026612534im,1.013527218 + 0.018754897im,1.033861868 + 0.02918228im,1.027461788 + 0.021319869im,1.024648809 + 0.019506556im,1.027348319 + 0.02275746im,1.024562659 + 0.019827522im,1.049215872 + 0.039703735im,1.047720003 + 0.038044589im,1.046625558 + 0.037452374im,1.046632616 + 0.037454301im,1.042855256 + 0.031616158im,1.038843453 + 0.030273798im,1.028466437 + 0.028076632im,1.022709697 + 0.028075742im,1.021511207 + 0.026654347im,1.028394562 + 0.028033854im,1.028563361 + 0.02811881im
1.034563997 + 0.022123223im,1.034655636 + 0.022232595im,1.036968576 + 0.023824223im,1.037142316 + 0.024041848im,1.045363967 + 0.03164302im,1.036834686 + 0.023707528im,1.025713264 + 0.016055246im,1.025008419 + 0.015437512im,1.000299883 + 0.000442136im,1.00000443 + 0.000189792im,1.010646797 + 0.006603801im,1.011096174 + 0.006983386im,1.018608434 + 0.011510921im,1.019057811 + 0.011890506im,1.026570071 + 0.016418041im,1.026794759 + 0.016607834im,1.031206041 + 0.019788789im,1.031207021 + 0.019789995im,1.034609817 + 0.022177909im,1.037014395 + 0.023878909im,1.045491888 + 0.031805958im,1.025533554 + 0.015883865im,0.999774748 - 4.218e-6im,0.999779741 + 0.0im,1.010871486 + 0.006793593im,1.018833123 + 0.011700713im,1.031205316 + 0.01978961im,1.026975334 + 0.016743326im,0.999779741 + 0.0im,0.999774748 - 4.218e-6im,0.999774748 - 4.218e-6im,1.026545838 + 0.016121266im,1.026499498 + 0.016312086im,1.037549916 + 0.02400224im,1.037014395 + 0.023878909im,1.031207021 + 0.019789995im,1.046325937 + 0.032323823im,1.04548888 + 0.03180619im,1.010871486 + 0.006793593im,1.010871486 + 0.006793593im,1.026794759 + 0.016607834im,1.018833123 + 0.011700713im,1.034609817 + 0.022177909im,1.029458508 + 0.017879636im,1.026798909 + 0.016180616im,1.029500267 + 0.019017684im,1.026740984 + 0.016419141im,1.047926098 + 0.034184723im,1.04653445 + 0.032453289im,1.045481051 + 0.031804357im,1.045488128 + 0.031806248im,1.039981517 + 0.024752475im,1.037683796 + 0.024033073im,1.031194463 + 0.019790132im,1.028281647 + 0.017254575im,1.026838873 + 0.016662134im,1.031161927 + 0.019734489im,1.03125284 + 0.019844682im
1.033996986 + 0.028991776im,1.034117814 + 0.029136091im,1.037168046 + 0.031236695im,1.037342354 + 0.031509797im,1.045140731 + 0.041259387im,1.037011837 + 0.03106855im,1.023315829 + 0.020034556im,1.02254709 + 0.019253663im,0.99609553 + 0.000535297im,0.995776579 + 0.000238218im,1.006885067 + 0.008649484im,1.007341261 + 0.00912592im,1.015182546 + 0.015063284im,1.01563874 + 0.01553972im,1.023480026 + 0.021477084im,1.023708123 + 0.021715303im,1.02956862 + 0.025910844im,1.029569925 + 0.025912438im,1.0340574 + 0.029063934im,1.037228459 + 0.031308853im,1.045254626 + 0.041460331im,1.023099207 + 0.019794253im,0.995543413 - 5.294e-6im,0.995548482 + 0.0im,1.007113164 + 0.008887702im,1.015410643 + 0.015301502im,1.029568219 + 0.025912042im,1.023877512 + 0.02188176im,0.995548482 + 0.0im,0.995543413 - 5.294e-6im,0.995543413 - 5.294e-6im,1.024155652 + 0.020045927im,1.024017639 + 0.020336719im,1.038133192 + 0.031541664im,1.037228459 + 0.031308853im,1.029569925 + 0.025912438im,1.046087568 + 0.042169737im,1.045251616 + 0.041460535im,1.007113164 + 0.008887702im,1.007113164 + 0.008887702im,1.023708123 + 0.021715303im,1.015410643 + 0.015301502im,1.0340574 + 0.029063934im,1.027191447 + 0.021893198im,1.024419763 + 0.020108845im,1.026709802 + 0.023400958im,1.024247247 + 0.020472336im,1.047541322 + 0.044486551im,1.046295803 + 0.042347088im,1.045243805 + 0.04145863im,1.045250864 + 0.041460586im,1.042233002 + 0.032922065im,1.038359375 + 0.031599866im,1.029557348 + 0.0259125im,1.025168293 + 0.022596998im,1.023766831 + 0.021787064im,1.029509912 + 0.025839083im,1.029630339 + 0.025984596im
1.033751787 + 0.027229004im,1.033851277 + 0.027366916im,1.036463246 + 0.029458368im,1.036598858 + 0.029736205im,1.042969329 + 0.04014925im,1.036325821 + 0.029285402im,1.024196766 + 0.017910956im,1.023472507 + 0.01717971im,0.997983611 + 0.000484401im,0.99767609 + 0.000221527im,1.008526143 + 0.00796007im,1.008975299 + 0.008403124im,1.016634159 + 0.013865625im,1.017083316 + 0.014308679im,1.024742176 + 0.01977118im,1.024966754 + 0.019992707im,1.029961735 + 0.024164446im,1.029962803 + 0.02416597im,1.033801532 + 0.02729796im,1.03651299 + 0.029527324im,1.043055196 + 0.040358131im,1.024009596 + 0.017669034im,0.997446522 - 4.923e-6im,0.997451512 + 0.0im,1.008750721 + 0.008181597im,1.016858737 + 0.014087152im,1.029961097 + 0.024165576im,1.025143293 + 0.020145671im,0.997451512 + 0.0im,0.997446522 - 4.923e-6im,0.997446522 - 4.923e-6im,1.025023972 + 0.017907829im,1.02494901 + 0.017966085im,1.037348639 + 0.029737312im,1.03651299 + 0.029527324im,1.029962803 + 0.02416597im,1.043776362 + 0.04114796im,1.043052181 + 0.040358338im,1.008750721 + 0.008181597im,1.008750721 + 0.008181597im,1.024966754 + 0.019992707im,1.016858737 + 0.014087152im,1.033801532 + 0.02729796im,1.027941751 + 0.019672645im,1.025277566 + 0.017967527im,1.028009446 + 0.020163433im,1.025183863 + 0.018040348im,1.044903213 + 0.043572656im,1.043956653 + 0.041345418im,1.043044351 + 0.040356436im,1.043051427 + 0.04035839im,1.041137097 + 0.030989001im,1.037557551 + 0.029789808im,1.029950231 + 0.024166053im,1.02645447 + 0.020768243im,1.025014793 + 0.020061269im,1.029913696 + 0.024095884im,1.030012548 + 0.024234926im
1.035824882 + 0.026872524im,1.035962376 + 0.027030855im,1.039402344 + 0.029309508im,1.039560469 + 0.029558231im,1.045781757 + 0.037842541im,1.03923551 + 0.029153071im,1.024562271 + 0.018534586im,1.023782124 + 0.017794009im,0.99787972 + 0.000500279im,0.99756004 + 0.000211303im,1.008150602 + 0.007554006im,1.008590596 + 0.007976612im,1.016066287 + 0.013159696im,1.016506281 + 0.013582302im,1.023981972 + 0.018765386im,1.024201969 + 0.018976689im,1.030830059 + 0.023529537im,1.030831549 + 0.023531288im,1.035893629 + 0.02695169im,1.039471091 + 0.029388673im,1.045871135 + 0.038012098im,1.02432669 + 0.018298984im,0.997335154 - 4.696e-6im,0.997340042 + 0.0im,1.008370599 + 0.007765309im,1.016286284 + 0.013370999im,1.030829845 + 0.023530895im,1.024354924 + 0.019109219im,0.997340042 + 0.0im,0.997335154 - 4.696e-6im,0.997335154 - 4.696e-6im,1.025257933 + 0.018518415im,1.025202693 + 0.018778998im,1.040660373 + 0.02968777im,1.039471091 + 0.029388673im,1.030831549 + 0.023531288im,1.046544545 + 0.038621492im,1.045868127 + 0.038012312im,1.008370599 + 0.007765309im,1.008370599 + 0.007765309im,1.024201969 + 0.018976689im,1.016286284 + 0.013370999im,1.035893629 + 0.02695169im,1.027936381 + 0.020139238im,1.025490744 + 0.018573272im,1.027814981 + 0.021565793im,1.025421694 + 0.018899001im,1.047692949 + 0.040580081im,1.046712897 + 0.038773841im,1.045860314 + 0.038010433im,1.045867375 + 0.038012366im,1.046051963 + 0.031470292im,1.040957694 + 0.029762544im,1.030818987 + 0.023531379im,1.025490939 + 0.019648621im,1.024269011 + 0.019055462im,1.030763017 + 0.023450764im,1.030900296 + 0.023610453im
1.033744532 + 0.016803836im,1.033833887 + 0.016894253im,1.036003809 + 0.018138502im,1.036171364 + 0.018288088im,1.043622665 + 0.022807026im,1.03586022 + 0.018053978im,1.024637992 + 0.012710946im,1.023987341 + 0.012220565im,1.002446247 + 0.00035735im,1.002195544 + 0.000148434im,1.01182671 + 0.004955003im,1.01224087 + 0.005251871im,1.01903934 + 0.008644743im,1.0194535 + 0.008941611im,1.02625197 + 0.012334483im,1.02645905 + 0.012482917im,1.030592485 + 0.014976391im,1.03059344 + 0.014977387im,1.033789209 + 0.016849045im,1.036048486 + 0.018183711im,1.043745543 + 0.022911403im,1.024449725 + 0.012581213im,1.001983862 - 3.299e-6im,1.001988464 + 0.0im,1.01203379 + 0.005103437im,1.01924642 + 0.008793177im,1.030591732 + 0.014977009im,1.026623161 + 0.01258652im,1.001988464 + 0.0im,1.001983862 - 3.299e-6im,1.001983862 - 3.299e-6im,1.025280048 + 0.012770753im,1.025209731 + 0.012976368im,1.036651355 + 0.018320013im,1.036048486 + 0.018183711im,1.03059344 + 0.014977387im,1.044462839 + 0.023177092im,1.043742532 + 0.022911661im,1.01203379 + 0.005103437im,1.01203379 + 0.005103437im,1.02645905 + 0.012482917im,1.01924642 + 0.008793177im,1.033789209 + 0.016849045im,1.02767438 + 0.014196899im,1.025487629 + 0.012818138im,1.02750145 + 0.015316747im,1.025399733 + 0.013075156im,1.045973869 + 0.024349027im,1.044642163 + 0.023243514im,1.043734673 + 0.022909891im,1.043741779 + 0.022911726im,1.039389618 + 0.019152874im,1.036802073 + 0.018354088im,1.030580874 + 0.014977583im,1.027777913 + 0.012934189im,1.026502019 + 0.012527747im,1.030549516 + 0.014931561im,1.030638117 + 0.015022596im
1.036191855 + 0.020131278im,1.036310888 + 0.020243208im,1.039156706 + 0.021739194im,1.039327854 + 0.021925145im,1.04639814 + 0.02790705im,1.039007731 + 0.021618893im,1.026299333 + 0.013952196im,1.025581681 + 0.013380591im,1.001873371 + 0.000391518im,1.001579469 + 0.000171946im,1.011513853 + 0.005935884im,1.01193501 + 0.006279775im,1.018947516 + 0.010348438im,1.019368673 + 0.010692329im,1.026381179 + 0.014760992im,1.026591757 + 0.014932937im,1.032057041 + 0.017932456im,1.032058326 + 0.017933691im,1.036251372 + 0.020187243im,1.039216222 + 0.021795159im,1.046509772 + 0.028037035im,1.026090841 + 0.01377593im,1.001364211 - 3.821e-6im,1.001368891 + 0.0im,1.011724431 + 0.00610783im,1.019158094 + 0.010520384im,1.032056621 + 0.017933308im,1.026744524 + 0.015049301im,1.001368891 + 0.0im,1.001364211 - 3.821e-6im,1.001364211 - 3.821e-6im,1.026927895 + 0.013968019im,1.026943039 + 0.014073128im,1.040075956 + 0.021997661im,1.039216222 + 0.021795159im,1.032058326 + 0.017933691im,1.047218335 + 0.028434673im,1.046506768 + 0.028037278im,1.011724431 + 0.00610783im,1.011724431 + 0.00610783im,1.026591757 + 0.014932937im,1.019158094 + 0.010520384im,1.036251372 + 0.020187243im,1.029340619 + 0.015408879im,1.027137159 + 0.014016041im,1.029686352 + 0.016167224im,1.027156088 + 0.014147427im,1.048609501 + 0.029914696im,1.047395475 + 0.028534082im,1.046498939 + 0.028035475im,1.046506016 + 0.028037339im,1.043978169 + 0.023222907im,1.040290889 + 0.022048287im,1.032045778 + 0.01793385im,1.027852553 + 0.015492218im,1.026649569 + 0.01498852im,1.03199923 + 0.017876873im,1.032117843 + 0.017989656im
1.03641067 + 0.021591431im,1.036543774 + 0.021694371im,1.039609094 + 0.022945872im,1.039782156 + 0.023146226im,1.046740791 + 0.030180545im,1.039475571 + 0.022795278im,1.026996863 + 0.01367134im,1.026266661 + 0.013077783im,1.001715734 + 0.000387215im,1.001394228 + 0.00019249im,1.011195187 + 0.006856875im,1.011603357 + 0.007241855im,1.018521681 + 0.011946126im,1.018929852 + 0.012331107im,1.025848176 + 0.017035378im,1.026052261 + 0.017227869im,1.031954429 + 0.019747203im,1.03195587 + 0.019748338im,1.036477222 + 0.021642901im,1.039675646 + 0.022997342im,1.0468473 + 0.030329428im,1.026796788 + 0.013469275im,1.001185607 - 4.278e-6im,1.001190143 + 0.0im,1.011399272 + 0.007049365im,1.018725767 + 0.012138617im,1.031954165 + 0.019747953im,1.026191499 + 0.017369275im,1.001190143 + 0.0im,1.001185607 - 4.278e-6im,1.001185607 - 4.278e-6im,1.02766199 + 0.013666419im,1.027703668 + 0.013582321im,1.040555887 + 0.02320451im,1.039675646 + 0.022997342im,1.03195587 + 0.019748338im,1.04756354 + 0.030819316im,1.046844296 + 0.030329664im,1.011399272 + 0.007049365im,1.011399272 + 0.007049365im,1.026052261 + 0.017227869im,1.018725767 + 0.012138617im,1.036477222 + 0.021642901im,1.030157262 + 0.015151358im,1.02787829 + 0.013715705im,1.030864832 + 0.015072267im,1.027930389 + 0.013610583im,1.048903772 + 0.032525079im,1.047742599 + 0.030941788im,1.046836474 + 0.030327844im,1.046843545 + 0.030329723im,1.044551233 + 0.024458223im,1.040775947 + 0.023256303im,1.031943321 + 0.019748476im,1.027260126 + 0.017984614im,1.026117109 + 0.017278953im,1.031889581 + 0.019696119im,1.032022422 + 0.019799808im
1.035241742 + 0.023240691im,1.035383653 + 0.023357507im,1.038688976 + 0.024825786im,1.038888645 + 0.025015017im,1.046877743 + 0.030895368im,1.038532197 + 0.024700283im,1.024725115 + 0.016788864im,1.023967822 + 0.016141304im,0.998961221 + 0.000459163im,0.998646184 + 0.000201812im,1.00875034 + 0.007216403im,1.009170058 + 0.007620027im,1.016302403 + 0.012571503im,1.016722121 + 0.012975126im,1.023854466 + 0.017926603im,1.024064325 + 0.018128414im,1.030437417 + 0.021079036im,1.030438956 + 0.021080326im,1.035312697 + 0.023299099im,1.038759932 + 0.024884194im,1.047006457 + 0.03102619im,1.024497381 + 0.016604953im,0.998431662 - 4.485e-6im,0.998436325 + 0.0im,1.008960199 + 0.007418215im,1.016512262 + 0.012773315im,1.030437249 + 0.021079937im,1.024204934 + 0.018272206im,0.998436325 + 0.0im,0.998431662 - 4.485e-6im,0.998431662 - 4.485e-6im,1.025407321 + 0.016814652im,1.025379566 + 0.017152298im,1.039695016 + 0.025105908im,1.038759932 + 0.024884194im,1.030438956 + 0.021080326im,1.047792286 + 0.031400035im,1.047003454 + 0.031026424im,1.008960199 + 0.007418215im,1.008960199 + 0.007418215im,1.024064325 + 0.018128414im,1.016512262 + 0.012773315im,1.035312697 + 0.023299099im,1.028029241 + 0.018383726im,1.025634806 + 0.016867076im,1.027934198 + 0.020191136im,1.025600112 + 0.017289134im,1.049385559 + 0.032881316im,1.047988744 + 0.031493496im,1.046995634 + 0.031024599im,1.047002703 + 0.031026482im,1.043938744 + 0.026445295im,1.039928787 + 0.025161336im,1.030426388 + 0.021080447im,1.02528574 + 0.01889955im,1.024133575 + 0.018186434im,1.030368167 + 0.021021016im,1.030509911 + 0.021138734im
1.034214194 + 0.016716936im,1.034324505 + 0.016810734im,1.036909536 + 0.018008817im,1.037073281 + 0.018163054im,1.043787374 + 0.022962303im,1.036773748 + 0.017906779im,1.02524254 + 0.011555972im,1.024586368 + 0.011073003im,1.003104228 + 0.000330771im,1.002835492 + 0.000146776im,1.011835776 + 0.004983594im,1.01222022 + 0.005277147im,1.018573362 + 0.008691371im,1.018957806 + 0.008984924im,1.025310947 + 0.012399148im,1.025503169 + 0.012545924im,1.030457175 + 0.014953853im,1.030458362 + 0.014954887im,1.034269349 + 0.016763835im,1.036964691 + 0.018055716im,1.043895964 + 0.023069641im,1.025051597 + 0.011407036im,1.002638999 - 3.262e-6im,1.00264327 + 0.0im,1.012027998 + 0.00513037im,1.018765584 + 0.008838147im,1.030456654 + 0.014954509im,1.025641945 + 0.01264618im,1.00264327 + 0.0im,1.002638999 - 3.262e-6im,1.002638999 - 3.262e-6im,1.025771988 + 0.011567215im,1.025848464 + 0.011627634im,1.037718419 + 0.018227512im,1.036964691 + 0.018055716im,1.030458362 + 0.014954887im,1.044554526 + 0.023371508im,1.043892953 + 0.023069899im,1.012027998 + 0.00513037im,1.012027998 + 0.00513037im,1.025503169 + 0.012545924im,1.018765584 + 0.008838147im,1.034269349 + 0.016763835im,1.027853615 + 0.012791261im,1.025952086 + 0.01160726im,1.028481847 + 0.013377523im,1.02604768 + 0.011682784im,1.045898347 + 0.024585631im,1.044719167 + 0.023446975im,1.043885095 + 0.023068127im,1.0438922 + 0.023069963im,1.041141422 + 0.019275186im,1.037906851 + 0.018270461im,1.030445795 + 0.014955083im,1.026639438 + 0.013015899im,1.025556616 + 0.012592445im,1.030403728 + 0.014907333im,1.030513517 + 0.015001786im
