S64_complex,S57_complex,S55_complex,S53_complex,S61_complex,V7_complex,V8_complex,V9_complex,V10_complex,V11_complex,V12_complex,V13_complex,V14_complex,V15_complex,V16_complex,V17_complex,V18_complex,V19_complex,V20_complex,V21_complex,V22_complex,V23_complex,V24_complex,V25_complex,V26_complex,V27_complex,V28_complex,V29_complex,V30_complex,V31_complex,V32_complex,V33_complex,V34_complex,V35_complex,V36_complex,V37_complex,V38_complex,V39_complex,V40_complex,V41_complex,V42_complex,V43_complex,V44_complex,V45_complex,V46_complex,V47_complex,V48_complex,V49_complex,V50_complex,V51_complex,V52_complex,V53_complex,V54_complex,V55_complex,V56_complex,V57_complex,V58_complex,V59_complex,V60_complex,V61_complex,V62_complex,V63_complex,V64_complex
(-0.0448156593117759-0.0028426571410087j),(-0.0444315530517720+0.0174399896300930j),(-0.0448745371463590+0.0072686589810309j),(-0.0469117332873323-0.0000708942356323j),(-0.0473384155725050-0.0000485197370703j),(1.0265474070000000+0.0139425480000000j),(1.0319889080000000+0.0181140120000000j),(1.0321007289999999+0.0182604310000000j),(1.0362429970000000+0.0213556470000000j),(1.0363553130000001+0.0215008440000000j),(1.0392488090000001+0.0236629430000000j),(1.0394131480000000+0.0238936100000000j),(1.0465396080000000+0.0314038170000000j),(1.0390934590000001+0.0235443790000000j),(1.0260949429999999+0.0151040450000000j),(1.0253729690000000+0.0144911560000000j),(1.0014353430000000+0.0004181110000000j),(1.0011448329999999+0.0001626740000000j),(1.0112089350000000+0.0055090870000000j),(1.0116392850000000+0.0058344340000000j),(1.0187433570000000+0.0096083730000000j),(1.0191737070000000+0.0099337200000000j),(1.0262777789999999+0.0137076590000000j),(1.0264929540000001+0.0138703320000000j),(1.0320433609999999+0.0181862280000000j),(1.0320445709999999+0.0181878330000000j),(1.0362991550000000+0.0214282450000000j),(1.0393049670000001+0.0237355420000000j),(1.0466477890000001+0.0315618850000000j),(1.0258834360000000+0.0149128820000000j),(1.0009248760000000-0.0000036150000000j),(1.0009296580000000+0.0000000000000000j),(1.0114241100000001+0.0056717600000000j),(1.0189585320000001+0.0097710460000000j),(1.0320428669999999+0.0181874500000000j),(1.0266536749999999+0.0139607900000000j),(1.0009296580000000+0.0000000000000000j),(1.0009248760000000-0.0000036150000000j),(1.0009248760000000-0.0000036150000000j),(1.0267691100000000+0.0151193710000000j),(1.0266979270000001+0.0152495050000000j),(1.0401840710000001+0.0239483600000000j),(1.0393049670000001+0.0237355420000000j),(1.0320445709999999+0.0181878330000000j),(1.0473862560000000+0.0320899050000000j),(1.0466447850000000+0.0315621170000000j),(1.0114241100000001+0.0056717600000000j),(1.0114241100000001+0.0056717600000000j),(1.0264929540000001+0.0138703320000000j),(1.0189585320000001+0.0097710460000000j),(1.0362991550000000+0.0214282450000000j),(1.0293187109999999+0.0166540200000000j),(1.0269905280000000+0.0151709940000000j),(1.0292573000000000+0.0174420080000000j),(1.0269015500000001+0.0153336610000000j),(1.0487508699999999+0.0339032820000000j),(1.0475708730000000+0.0322219100000000j),(1.0466369639999999+0.0315602880000000j),(1.0466440340000001+0.0315621760000000j),(1.0441722640000000+0.0252277830000000j),(1.0404038470000001+0.0240015640000000j),(1.0320320230000000+0.0181879890000000j),(1.0277662930000000+0.0142353810000000j)
(-0.0483029455020051-0.0007303680122565j),(-0.0469726855475382+0.0186941459373074j),(-0.0473735738455369+0.0134566035638386j),(-0.0501121350392300-0.0000829391910437j),(-0.0494120336144615-0.0000512825214351j),(1.0261396279999999+0.0158428730000000j),(1.0317644260000001+0.0202516170000000j),(1.0318792670000001+0.0204054470000000j),(1.0361577829999999+0.0236772050000000j),(1.0362730849999999+0.0238297340000000j),(1.0392617540000000+0.0261151530000000j),(1.0394326679999999+0.0263596340000000j),(1.0469171760000000+0.0343679130000000j),(1.0390976340000000+0.0259887750000000j),(1.0254493760000001+0.0170205400000000j),(1.0247016149999999+0.0163498990000000j),(0.9998139630000000+0.0004639580000000j),(0.9995167450000000+0.0001817700000000j),(1.0100683310000000+0.0062670960000000j),(1.0105159290000001+0.0066306360000000j),(1.0179641070000001+0.0109261600000000j),(1.0184117040000000+0.0112897000000000j),(1.0258598820000000+0.0155852250000000j),(1.0260836810000000+0.0157669950000000j),(1.0318203730000000+0.0203274950000000j),(1.0318216160000000+0.0203291820000000j),(1.0362154340000000+0.0237534690000000j),(1.0393194050000001+0.0261914180000000j),(1.0470304390000000+0.0345361290000000j),(1.0252276050000000+0.0168178960000000j),(0.9992879730000001-0.0000040390000000j),(0.9992929470000000+0.0000000000000000j),(1.0102921300000001+0.0064488660000000j),(1.0181879050000000+0.0111079300000000j),(1.0318199120000000+0.0203287950000000j),(1.0262515340000000+0.0158728870000000j),(0.9992929470000000+0.0000000000000000j),(0.9992879730000001-0.0000040390000000j),(0.9992879730000001-0.0000040390000000j),(1.0261736520000000+0.0170402930000000j),(1.0260611460000000+0.0172847630000000j),(1.0402362290000000+0.0264157040000000j),(1.0393194050000001+0.0261914180000000j),(1.0318216160000000+0.0203291820000000j),(1.0478078369999999+0.0351010710000000j),(1.0470274350000000+0.0345363530000000j),(1.0102921300000001+0.0064488660000000j),(1.0102921300000001+0.0064488660000000j),(1.0260836810000000+0.0157669950000000j),(1.0181879050000000+0.0111079300000000j),(1.0362154340000000+0.0237534690000000j),(1.0288952039999999+0.0186852580000000j),(1.0264101630000000+0.0170958930000000j),(1.0285347680000001+0.0199732530000000j),(1.0262695319999999+0.0174014800000000j),(1.0492375740000000+0.0370317120000000j),(1.0480021870000000+0.0352423060000000j),(1.0470196230000000+0.0345345020000000j),(1.0470266840000000+0.0345364090000000j),(1.0443947549999999+0.0277608130000000j),(1.0404654350000000+0.0264717760000000j),(1.0318090660000001+0.0203293120000000j),(1.0274324900000000+0.0162280410000000j)
(-0.0446278199186839-0.0041989038512377j),(-0.0466842127864410+0.0234645778678557j),(-0.0455300778515031+0.0035066190008093j),(-0.0468810800391079-0.0001606500740635j),(-0.0479067881545463-0.0001248672101343j),(1.0266088470000001+0.0141303190000000j),(1.0321160370000000+0.0188320870000000j),(1.0322257640000001+0.0189926070000000j),(1.0364168410000001+0.0224819970000000j),(1.0365270849999999+0.0226411410000000j),(1.0394546750000000+0.0250785830000000j),(1.0396113220000001+0.0253416820000000j),(1.0466004110000000+0.0342675410000000j),(1.0393020180000001+0.0249473040000000j),(1.0263341669999999+0.0154180230000000j),(1.0256089950000000+0.0147776050000000j),(1.0013325140000000+0.0004259090000000j),(1.0010364359999999+0.0001645710000000j),(1.0111686339999999+0.0055812300000000j),(1.0116016400000001+0.0059103710000000j),(1.0187537790000001+0.0097338950000000j),(1.0191867859999999+0.0100630360000000j),(1.0263389249999999+0.0138865600000000j),(1.0265554290000001+0.0140511310000000j),(1.0321694550000000+0.0189112750000000j),(1.0321706420000001+0.0189130350000000j),(1.0364719630000001+0.0225615690000000j),(1.0395097980000001+0.0251581550000000j),(1.0467019360000001+0.0344510670000000j),(1.0261263880000000+0.0152071720000000j),(1.0008151219999999-0.0000036570000000j),(1.0008199330000001+0.0000000000000000j),(1.0113851370000000+0.0057458000000000j),(1.0189702830000000+0.0098984650000000j),(1.0321689380000001+0.0189126500000000j),(1.0267185139999999+0.0141365130000000j),(1.0008199330000001+0.0000000000000000j),(1.0008151219999999-0.0000036570000000j),(1.0008151219999999-0.0000036570000000j),(1.0270116119999999+0.0154120250000000j),(1.0269695950000000+0.0154756010000000j),(1.0403992510000000+0.0253732810000000j),(1.0395097980000001+0.0251581550000000j),(1.0321706420000001+0.0189130350000000j),(1.0474518310000001+0.0351029670000000j),(1.0466989310000001+0.0344512920000000j),(1.0113851370000000+0.0057458000000000j),(1.0113851370000000+0.0057458000000000j),(1.0265554290000001+0.0140511310000000j),(1.0189702830000000+0.0098984650000000j),(1.0364719630000001+0.0225615690000000j),(1.0295614590000000+0.0169411290000000j),(1.0272329179999999+0.0154632390000000j),(1.0297144700000000+0.0174544570000000j),(1.0271803970000000+0.0155427090000000j),(1.0487507170000001+0.0372203220000000j),(1.0476393049999999+0.0352659420000000j),(1.0466911160000001+0.0344494410000000j),(1.0466981799999999+0.0344513480000000j),(1.0444344619999999+0.0266668500000000j),(1.0406216140000000+0.0254270620000000j),(1.0321580960000001+0.0189131820000000j),(1.0278368520000001+0.0143767870000000j)
(-0.0442521710356466+0.0085904990840944j),(-0.0456946473088775+0.0153793975306083j),(-0.0450294447533290+0.0006941151488877j),(-0.0456150851901556-0.0000969303126641j),(-0.0475040902106739-0.0000567867670560j),(1.0247724389999999+0.0168027100000000j),(1.0308224859999999+0.0196926050000000j),(1.0309590920000000+0.0198104260000000j),(1.0355537269999999+0.0219533640000000j),(1.0356905560000000+0.0220702800000000j),(1.0389000440000000+0.0235671850000000j),(1.0390855400000001+0.0237795970000000j),(1.0466517970000000+0.0309940640000000j),(1.0387596720000001+0.0234240940000000j),(1.0258178099999999+0.0144028190000000j),(1.0250901280000000+0.0137946350000000j),(1.0009037050000000+0.0004024720000000j),(1.0005890010000000+0.0001873020000000j),(1.0101745000000000+0.0066642300000000j),(1.0105740040000000+0.0070388340000000j),(1.0173402389999999+0.0116107830000000j),(1.0177397429999999+0.0119853870000000j),(1.0245059780000001+0.0165573360000000j),(1.0247057300000000+0.0167446380000000j),(1.0308891940000000+0.0197506770000000j),(1.0308906769999999+0.0197519670000000j),(1.0356221420000000+0.0220118220000000j),(1.0389684589999999+0.0236256430000000j),(1.0467688780000000+0.0311480180000000j),(1.0256090229999999+0.0142012700000000j),(1.0003848099999999-0.0000041620000000j),(1.0003892489999999+0.0000000000000000j),(1.0103742520000001+0.0068515320000000j),(1.0175399910000000+0.0117980850000000j),(1.0308889710000000+0.0197515810000000j),(1.0248387729999999+0.0168738670000000j),(1.0003892489999999+0.0000000000000000j),(1.0003848099999999-0.0000041620000000j),(1.0003848099999999-0.0000041620000000j),(1.0264708050000000+0.0144009620000000j),(1.0264559160000000+0.0144134880000000j),(1.0398509670000000+0.0238390390000000j),(1.0389684589999999+0.0236256430000000j),(1.0308906769999999+0.0197519670000000j),(1.0475402739999999+0.0316434140000000j),(1.0467658740000001+0.0311482520000000j),(1.0103742520000001+0.0068515320000000j),(1.0103742520000001+0.0068515320000000j),(1.0247057300000000+0.0167446380000000j),(1.0175399910000000+0.0117980850000000j),(1.0356221420000000+0.0220118220000000j),(1.0289528600000000+0.0158903930000000j),(1.0266862500000000+0.0144508850000000j),(1.0292810710000000+0.0161924510000000j),(1.0266676390000000+0.0144665430000000j),(1.0490078970000001+0.0334037100000000j),(1.0477331230000000+0.0317672630000000j),(1.0467580530000000+0.0311464260000000j),(1.0467651229999999+0.0311483100000000j),(1.0438546840000000+0.0251222750000000j),(1.0400715940000000+0.0238923870000000j),(1.0308781149999999+0.0197521050000000j),(1.0258500840000000+0.0174265900000000j)
(-0.0461372621937747+0.0014947455905240j),(-0.0482731059705037+0.0281646677400677j),(-0.0470469066299351+0.0054195113631099j),(-0.0466206294515193-0.0000854489093155j),(-0.0503859409035215-0.0000451236755664j),(1.0241753469999999+0.0169086400000000j),(1.0299034499999999+0.0216757690000000j),(1.0300183919999999+0.0218395500000000j),(1.0343738629999999+0.0253777800000000j),(1.0344892670000001+0.0255401550000000j),(1.0375316910000001+0.0280117130000000j),(1.0376848700000001+0.0282964480000000j),(1.0445225140000001+0.0383425930000000j),(1.0373821620000001+0.0278571500000000j),(1.0242293520000001+0.0169866540000000j),(1.0235051840000000+0.0162858290000000j),(0.9990118300000000+0.0004608540000000j),(0.9987111840000000+0.0001898730000000j),(1.0088076189999999+0.0066949030000000j),(1.0092307960000000+0.0070746500000000j),(1.0163576910000001+0.0116664360000000j),(1.0167808679999999+0.0120461830000000j),(1.0239077630000000+0.0166379690000000j),(1.0241193520000000+0.0168278420000000j),(1.0299594459999999+0.0217565670000000j),(1.0299606900000000+0.0217583620000000j),(1.0344315650000000+0.0254589680000000j),(1.0375893940000001+0.0280929010000000j),(1.0446179900000001+0.0385461410000000j),(1.0240221210000000+0.0167509030000000j),(0.9984948940000000-0.0000042190000000j),(0.9984995960000000+0.0000000000000000j),(1.0090192080000000+0.0068847770000000j),(1.0165692799999999+0.0118563090000000j),(1.0299589840000001+0.0217579730000000j),(1.0242749440000001+0.0169369170000000j),(0.9984995960000000+0.0000000000000000j),(0.9984948940000000-0.0000042190000000j),(0.9984948940000000-0.0000042190000000j),(1.0249035740000001+0.0169577960000000j),(1.0248865910000000+0.0170642910000000j),(1.0385252250000001+0.0283238690000000j),(1.0375893940000001+0.0280929010000000j),(1.0299606900000000+0.0217583620000000j),(1.0453732650000001+0.0392967790000000j),(1.0446149790000001+0.0385463530000000j),(1.0090192080000000+0.0068847770000000j),(1.0090192080000000+0.0068847770000000j),(1.0241193520000000+0.0168278420000000j),(1.0165692799999999+0.0118563090000000j),(1.0344315650000000+0.0254589680000000j),(1.0274396250000000+0.0184894550000000j),(1.0251239370000000+0.0170095200000000j),(1.0276552400000001+0.0192318310000000j),(1.0251027090000000+0.0171426380000000j),(1.0466108660000000+0.0416536220000000j),(1.0455620830000001+0.0394844390000000j),(1.0446071570000000+0.0385444680000000j),(1.0446142260000000+0.0385464060000000j),(1.0427692799999999+0.0297062500000000j),(1.0387591830000000+0.0283816110000000j),(1.0299481170000000+0.0217584750000000j),(1.0253877849999999+0.0173315020000000j)
(-0.0480773073531260+0.0106345367836436j),(-0.0470179849712240+0.0266586163981571j),(-0.0457509307380898-0.0121477774603673j),(-0.0471264993645896-0.0000384241745416j),(-0.0508278315316123+0.0000052671948680j),(1.0258268850000001+0.0187845360000000j),(1.0318541919999999+0.0219802430000000j),(1.0319880290000001+0.0221057660000000j),(1.0365656720000000+0.0244761960000000j),(1.0366997609999999+0.0246007330000000j),(1.0398973789999999+0.0262565470000000j),(1.0400594310000000+0.0265138710000000j),(1.0467993620000000+0.0361108060000000j),(1.0397658169999999+0.0260720300000000j),(1.0269809790000000+0.0145350090000000j),(1.0262378210000001+0.0138756510000000j),(1.0009496140000000+0.0004079750000000j),(1.0006161540000000+0.0002068780000000j),(1.0106141769999999+0.0074552590000000j),(1.0110271810000000+0.0078690150000000j),(1.0180846090000000+0.0129855190000000j),(1.0184976139999999+0.0133992750000000j),(1.0255550419999999+0.0185157800000000j),(1.0257615440000001+0.0187226570000000j),(1.0319195329999999+0.0220421230000000j),(1.0319209850000000+0.0220434980000000j),(1.0366327160000000+0.0245384640000000j),(1.0399644240000001+0.0263188160000000j),(1.0468943700000000+0.0363058610000000j),(1.0267823720000000+0.0142882240000000j),(1.0004050630000001-0.0000045970000000j),(1.0004096520000001+0.0000000000000000j),(1.0108206790000001+0.0076621370000000j),(1.0182911109999999+0.0131923970000000j),(1.0319192810000000+0.0220431080000000j),(1.0259027050000000+0.0188676560000000j),(1.0004096520000001+0.0000000000000000j),(1.0004050630000001-0.0000045970000000j),(1.0004050630000001-0.0000045970000000j),(1.0276713040000001+0.0144955490000000j),(1.0276980750000000+0.0142604160000000j),(1.0409065060000000+0.0265505710000000j),(1.0399644240000001+0.0263188160000000j),(1.0319209850000000+0.0220434980000000j),(1.0476338720000000+0.0370195060000000j),(1.0468913650000000+0.0363060800000000j),(1.0108206790000001+0.0076621370000000j),(1.0108206790000001+0.0076621370000000j),(1.0257615440000001+0.0187226570000000j),(1.0182911109999999+0.0131923970000000j),(1.0366327160000000+0.0245384640000000j),(1.0302302080000001+0.0160360830000000j),(1.0278935380000001+0.0145473810000000j),(1.0310589050000001+0.0152489850000000j),(1.0279270000000000+0.0142534650000000j),(1.0488616300000000+0.0392762960000000j),(1.0478187470000000+0.0371979170000000j),(1.0468835560000000+0.0363042160000000j),(1.0468906140000001+0.0363061350000000j),(1.0451791669999999+0.0279386960000000j),(1.0411420270000000+0.0266085100000000j),(1.0319084359999999+0.0220436070000000j),(1.0269888190000001+0.0195013110000000j)
(-0.0413281001522304+0.0081465980788673j),(-0.0453200976496307+0.0134640694354158j),(-0.0427663656091395+0.0087581300458474j),(-0.0426429986088392-0.0000383831475846j),(-0.0462295524301970-0.0000199832590621j),(1.0222687680000000+0.0163080500000000j),(1.0282172839999999+0.0193533440000000j),(1.0283501770000001+0.0194744360000000j),(1.0328696060000000+0.0217328220000000j),(1.0330027680000000+0.0218529740000000j),(1.0361597220000001+0.0234305240000000j),(1.0363468259999999+0.0236376220000000j),(1.0440374760000000+0.0304526560000000j),(1.0360161760000000+0.0233000570000000j),(1.0230971350000000+0.0148811380000000j),(1.0224023149999999+0.0142779240000000j),(0.9995920300000000+0.0004086490000000j),(0.9993007570000000+0.0001810520000000j),(1.0084049060000000+0.0064677560000000j),(1.0087833360000000+0.0068298590000000j),(1.0152097940000000+0.0112675320000000j),(1.0155882249999999+0.0116296360000000j),(1.0220146820000000+0.0160673090000000j),(1.0222038980000001+0.0162483610000000j),(1.0282821550000001+0.0194130340000000j),(1.0282835960000001+0.0194143600000000j),(1.0329361870000000+0.0217928980000000j),(1.0362263030000001+0.0234905990000000j),(1.0441579990000001+0.0305996790000000j),(1.0228870080000001+0.0146905960000000j),(0.9991073370000000-0.0000040230000000j),(0.9991115420000000+0.0000000000000000j),(1.0085941210000000+0.0066488070000000j),(1.0153990090000000+0.0114485840000000j),(1.0282818860000000+0.0194139740000000j),(1.0223282430000000+0.0163697230000000j),(0.9991115420000000+0.0000000000000000j),(0.9991073370000000-0.0000040230000000j),(0.9991073370000000-0.0000040230000000j),(1.0236946259999999+0.0148791410000000j),(1.0236575560000001+0.0150469760000000j),(1.0370873549999999+0.0236994160000000j),(1.0362263030000001+0.0234905990000000j),(1.0282835960000001+0.0194143600000000j),(1.0449335350000000+0.0310587160000000j),(1.0441549880000001+0.0305999140000000j),(1.0085941210000000+0.0066488070000000j),(1.0085941210000000+0.0066488070000000j),(1.0222038980000001+0.0162483610000000j),(1.0153990090000000+0.0114485840000000j),(1.0329361870000000+0.0217928980000000j),(1.0260192720000001+0.0162793290000000j),(1.0238965310000001+0.0149262770000000j),(1.0260337270000000+0.0172589900000000j),(1.0238501929999999+0.0151360710000000j),(1.0464383180000001+0.0327354220000000j),(1.0451274189999999+0.0311734760000000j),(1.0441471460000000+0.0305980870000000j),(1.0441542349999999+0.0305999730000000j),(1.0409935310000000+0.0249542670000000j),(1.0373026190000001+0.0237516200000000j),(1.0282710030000000+0.0194145010000000j),(1.0232744009999999+0.0168897930000000j)
(-0.0404184375946028+0.0037649392342217j),(-0.0441924576724742+0.0074195120836472j),(-0.0407549992253648+0.0068942987165736j),(-0.0425943563837057+0.0000317216290143j),(-0.0447120361804905+0.0000483731121036j),(1.0248076800000001+0.0139371970000000j),(1.0306243719999999+0.0167393660000000j),(1.0307556069999999+0.0168532630000000j),(1.0351768299999999+0.0189307230000000j),(1.0353083489999999+0.0190437540000000j),(1.0383967030000001+0.0204949210000000j),(1.0385930950000000+0.0206748070000000j),(1.0466208060000000+0.0261410230000000j),(1.0382466829999999+0.0203847910000000j),(1.0252299130000000+0.0132972060000000j),(1.0245270310000001+0.0127534690000000j),(1.0018532590000000+0.0003735410000000j),(1.0015655670000001+0.0001597320000000j),(1.0107715580000001+0.0055179120000000j),(1.0111617090000000+0.0058373770000000j),(1.0176600549999999+0.0096196210000000j),(1.0180502060000001+0.0099390860000000j),(1.0245485530000000+0.0137213300000000j),(1.0247436280000000+0.0138810630000000j),(1.0306884240000000+0.0167955000000000j),(1.0306898470000001+0.0167967480000000j),(1.0352425900000000+0.0189872390000000j),(1.0384624629999999+0.0205514360000000j),(1.0467514380000000+0.0262643930000000j),(1.0250141340000001+0.0131305600000000j),(1.0013661570000001-0.0000035500000000j),(1.0013704919999999+0.0000000000000000j),(1.0109666330000000+0.0056776440000000j),(1.0178551309999999+0.0097793530000000j),(1.0306881400000001+0.0167963670000000j),(1.0248746520000001+0.0139846610000000j),(1.0013704919999999+0.0000000000000000j),(1.0013661570000001-0.0000035500000000j),(1.0013661570000001-0.0000035500000000j),(1.0258191710000000+0.0133185790000000j),(1.0257540210000000+0.0134407560000000j),(1.0392939329999999+0.0207518420000000j),(1.0384624629999999+0.0205514360000000j),(1.0306898470000001+0.0167967480000000j),(1.0475337890000000+0.0266020130000000j),(1.0467484350000000+0.0262646410000000j),(1.0109666330000000+0.0056776440000000j),(1.0109666330000000+0.0056776440000000j),(1.0247436280000000+0.0138810630000000j),(1.0178551309999999+0.0097793530000000j),(1.0352425900000000+0.0189872390000000j),(1.0281363120000000+0.0147145330000000j),(1.0260204310000001+0.0133655840000000j),(1.0280737230000001+0.0154484500000000j),(1.0259389930000000+0.0135183050000000j),(1.0491459560000000+0.0279943020000000j),(1.0477293759999999+0.0266864170000000j),(1.0467406040000000+0.0262628510000000j),(1.0467476840000001+0.0262647030000000j),(1.0430663259999999+0.0219578730000000j),(1.0395018009999999+0.0208019440000000j),(1.0306772829999999+0.0167969210000000j),(1.0258312830000000+0.0143872720000000j)
(-0.0426512677519696+0.0019710368386443j),(-0.0475918771848246+0.0155965028821107j),(-0.0447659522489424+0.0148656422600821j),(-0.0455774133720016+0.0000268566409744j),(-0.0473215854953298+0.0000511553768881j),(1.0234164520000000+0.0154575960000000j),(1.0293222280000001+0.0195125710000000j),(1.0294468180000000+0.0196593110000000j),(1.0339343790000000+0.0226680810000000j),(1.0340593270000000+0.0228135990000000j),(1.0371940200000000+0.0249153130000000j),(1.0373792879999999+0.0251474030000000j),(1.0452964530000000+0.0325999520000000j),(1.0370367960000000+0.0247951020000000j),(1.0235830950000000+0.0163282490000000j),(1.0228666420000001+0.0156874830000000j),(0.9993236770000000+0.0004439040000000j),(0.9990349890000000+0.0001751240000000j),(1.0086971990000000+0.0061186890000000j),(1.0091042870000000+0.0064689360000000j),(1.0159246710000001+0.0106643940000000j),(1.0163317590000001+0.0110146420000000j),(1.0231521420000000+0.0152101000000000j),(1.0233556859999999+0.0153852230000000j),(1.0293829930000000+0.0195849440000000j),(1.0293843439999999+0.0195865520000000j),(1.0339968530000001+0.0227408400000000j),(1.0372564940000000+0.0249880720000000j),(1.0454192470000001+0.0327592830000000j),(1.0233633970000000+0.0161352790000000j),(0.9988269220000000-0.0000038920000000j),(0.9988314450000000+0.0000000000000000j),(1.0089007430000001+0.0062938130000000j),(1.0161282149999999+0.0108395180000000j),(1.0293826349999999+0.0195861660000000j),(1.0234984650000001+0.0154879750000000j),(0.9988314450000000+0.0000000000000000j),(0.9988269220000000-0.0000038920000000j),(0.9988269220000000-0.0000038920000000j),(1.0242253850000000+0.0163392460000000j),(1.0241433170000001+0.0166175410000000j),(1.0381362599999999+0.0252041930000000j),(1.0372564940000000+0.0249880720000000j),(1.0293843439999999+0.0195865520000000j),(1.0462247000000000+0.0332693790000000j),(1.0454162389999999+0.0327595130000000j),(1.0089007430000001+0.0062938130000000j),(1.0089007430000001+0.0062938130000000j),(1.0233556859999999+0.0153852230000000j),(1.0161282149999999+0.0108395180000000j),(1.0339968530000001+0.0227408400000000j),(1.0267037790000000+0.0178421930000000j),(1.0244408819999999+0.0163902380000000j),(1.0264037559999999+0.0192981760000000j),(1.0243382969999999+0.0167381070000000j),(1.0477625010000000+0.0350902900000000j),(1.0464260630000000+0.0333969020000000j),(1.0454084109999999+0.0327576720000000j),(1.0454154870000001+0.0327595700000000j),(1.0421263919999999+0.0264990960000000j),(1.0383562010000000+0.0252582240000000j),(1.0293717640000000+0.0195866910000000j),(1.0245240720000000+0.0158659830000000j)
(-0.0363826356752502+0.0000640431686815j),(-0.0401915417928155+0.0000457594622108j),(-0.0369919574660372+0.0000617241330466j),(-0.0389810699980127+0.0000278005079605j),(-0.0400484241154066+0.0000546775244267j),(1.0265483609999999+0.0105507410000000j),(1.0319985549999999+0.0126325390000000j),(1.0321255069999999+0.0127252980000000j),(1.0362742130000000+0.0142670120000000j),(1.0364014960000001+0.0143591290000000j),(1.0392994900000001+0.0154360620000000j),(1.0394974200000000+0.0155708650000000j),(1.0474239450000000+0.0191578070000000j),(1.0391569359999999+0.0153507230000000j),(1.0269580690000000+0.0100725950000000j),(1.0262842190000001+0.0096405720000000j),(1.0049234229999999+0.0002978040000000j),(1.0046473440000001+0.0001269040000000j),(1.0133140370000000+0.0041669460000000j),(1.0136888600000000+0.0044207550000000j),(1.0198065260000000+0.0072725490000000j),(1.0201813490000000+0.0075263580000000j),(1.0262990150000000+0.0103781520000000j),(1.0264864270000000+0.0105050560000000j),(1.0320604890000000+0.0126782240000000j),(1.0320618660000000+0.0126792390000000j),(1.0363378550000000+0.0143130710000000j),(1.0393631310000000+0.0154821210000000j),(1.0475582340000000+0.0192465510000000j),(1.0267518750000000+0.0099411970000000j),(1.0044557670000001-0.0000028200000000j),(1.0044599320000001+0.0000000000000000j),(1.0135014480000000+0.0042938500000000j),(1.0199939380000000+0.0073994530000000j),(1.0320601590000000+0.0126788650000000j),(1.0266119039999999+0.0105862760000000j),(1.0044599320000001+0.0000000000000000j),(1.0044557670000001-0.0000028200000000j),(1.0044557670000001-0.0000028200000000j),(1.0274881590000000+0.0101106050000000j),(1.0274502860000001+0.0101026930000000j),(1.0401084850000000+0.0156580360000000j),(1.0393631310000000+0.0154821210000000j),(1.0320618660000000+0.0126792390000000j),(1.0483010509999999+0.0194243650000000j),(1.0475552340000001+0.0192468190000000j),(1.0135014480000000+0.0042938500000000j),(1.0135014480000000+0.0042938500000000j),(1.0264864270000000+0.0105050560000000j),(1.0199939380000000+0.0073994530000000j),(1.0363378550000000+0.0143130710000000j),(1.0296099750000001+0.0113793880000000j),(1.0276722300000001+0.0101529570000000j),(1.0297961990000000+0.0115206450000000j),(1.0276248880000001+0.0101430670000000j),(1.0499388919999999+0.0204059120000000j),(1.0484867550000001+0.0194688180000000j),(1.0475473970000000+0.0192450830000000j),(1.0475544840000000+0.0192468860000000j),(1.0434914260000001+0.0167219070000000j),(1.0402948230000000+0.0157020140000000j),(1.0320493180000001+0.0126794620000000j),(1.0274981470000000+0.0108641070000000j)
(-0.0359440208162306+0.0000561365990528j),(-0.0391357184264779+0.0000118362050252j),(-0.0370647408787166+0.0000512388291385j),(-0.0387099493572835+0.0000016799811640j),(-0.0397160396667093+0.0000354867976745j),(1.0262707010000001+0.0104089630000000j),(1.0316521160000001+0.0124579430000000j),(1.0317775339999999+0.0125493670000000j),(1.0358751589999999+0.0140666740000000j),(1.0360009260000000+0.0141574720000000j),(1.0388632380000000+0.0152173550000000j),(1.0390570550000000+0.0153490690000000j),(1.0467837350000000+0.0188350340000000j),(1.0387235269999999+0.0151339150000000j),(1.0267399650000000+0.0099621520000000j),(1.0260738430000000+0.0095358060000000j),(1.0049046989999999+0.0002947230000000j),(1.0046304900000000+0.0001252460000000j),(1.0131939379999999+0.0041109010000000j),(1.0135643430000001+0.0043613930000000j),(1.0196091300000001+0.0071747960000000j),(1.0199795350000000+0.0074252890000000j),(1.0260243220000000+0.0102386920000000j),(1.0262095250000001+0.0103639380000000j),(1.0317132920000001+0.0125029680000000j),(1.0317146509999999+0.0125039690000000j),(1.0359380430000000+0.0141120730000000j),(1.0389261210000000+0.0152627540000000j),(1.0469146700000000+0.0189213480000000j),(1.0265373710000001+0.0098333130000000j),(1.0044411710000001-0.0000027830000000j),(1.0044452870000000+0.0000000000000000j),(1.0133791400000001+0.0042361470000000j),(1.0197943330000001+0.0073000420000000j),(1.0317129439999999+0.0125035950000000j),(1.0263335510000000+0.0104441590000000j),(1.0044452870000000+0.0000000000000000j),(1.0044411710000001-0.0000027830000000j),(1.0044411710000001-0.0000027830000000j),(1.0272688310000000+0.0100010080000000j),(1.0272373600000000+0.0099948890000000j),(1.0396657430000000+0.0154367800000000j),(1.0389261210000000+0.0152627540000000j),(1.0317146509999999+0.0125039690000000j),(1.0476386630000001+0.0190937650000000j),(1.0469116679999999+0.0189216170000000j),(1.0133791400000001+0.0042361470000000j),(1.0133791400000001+0.0042361470000000j),(1.0262095250000001+0.0103639380000000j),(1.0197943330000001+0.0073000420000000j),(1.0359380430000000+0.0141120730000000j),(1.0293773550000000+0.0112596000000000j),(1.0274516970000001+0.0100429320000000j),(1.0295889130000000+0.0114150090000000j),(1.0274123570000000+0.0100352830000000j),(1.0492356690000000+0.0200483160000000j),(1.0478196609999999+0.0191368700000000j),(1.0469038250000000+0.0189198820000000j),(1.0469109180000000+0.0189216840000000j),(1.0430228479999999+0.0164899930000000j),(1.0398506480000000+0.0154802860000000j),(1.0317020990000001+0.0125041940000000j),(1.0272094490000001+0.0107184230000000j)
(-0.0384907067877320-0.0029519015899415j),(-0.0401003183571108+0.0091409151468049j),(-0.0389028149575315+0.0009268494352391j),(-0.0401002432398046+0.0001050892081736j),(-0.0420890654702136+0.0001347959577643j),(1.0261279750000001+0.0111254050000000j),(1.0312879690000001+0.0142257930000000j),(1.0314001960000001+0.0143426670000000j),(1.0353333100000000+0.0166415180000000j),(1.0354460310000000+0.0167574880000000j),(1.0381934269999999+0.0183633030000000j),(1.0383632979999999+0.0185412170000000j),(1.0454478020000000+0.0239703290000000j),(1.0380505110000000+0.0182653580000000j),(1.0260118380000001+0.0116109080000000j),(1.0253435529999999+0.0111192700000000j),(1.0036937850000001+0.0003327480000000j),(1.0034232199999999+0.0001332000000000j),(1.0124122609999999+0.0043909110000000j),(1.0128005210000000+0.0046573100000000j),(1.0191457269999999+0.0076627540000000j),(1.0195339859999999+0.0079291530000000j),(1.0258791920000001+0.0109345960000000j),(1.0260733220000000+0.0110677960000000j),(1.0313426219999999+0.0142834020000000j),(1.0313438360000000+0.0142846820000000j),(1.0353896709999999+0.0166995030000000j),(1.0382497870000000+0.0184212880000000j),(1.0455613130000001+0.0240902580000000j),(1.0258125620000000+0.0114549780000000j),(1.0032247759999999-0.0000029600000000j),(1.0032290900000000+0.0000000000000000j),(1.0126063910000001+0.0045241110000000j),(1.0193398560000000+0.0077959530000000j),(1.0313421290000000+0.0142843050000000j),(1.0262127980000000+0.0111433870000000j),(1.0032290900000000+0.0000000000000000j),(1.0032247759999999-0.0000029600000000j),(1.0032247759999999-0.0000029600000000j),(1.0265700019999999+0.0116319990000000j),(1.0265435759999999+0.0116424360000000j),(1.0390328760000000+0.0186100410000000j),(1.0382497870000000+0.0184212880000000j),(1.0313438360000000+0.0142846820000000j),(1.0462620279999999+0.0244401610000000j),(1.0455583070000001+0.0240905120000000j),(1.0126063910000001+0.0045241110000000j),(1.0126063910000001+0.0045241110000000j),(1.0260733220000000+0.0110677960000000j),(1.0193398560000000+0.0077959530000000j),(1.0353896709999999+0.0166995030000000j),(1.0287500230000000+0.0129457860000000j),(1.0267593620000000+0.0116762540000000j),(1.0289770800000000+0.0131935290000000j),(1.0267263289999999+0.0116893000000000j),(1.0476703100000000+0.0258004670000000j),(1.0464372070000001+0.0245276360000000j),(1.0455504630000001+0.0240887360000000j),(1.0455575550000000+0.0240905760000000j),(1.0425857580000000+0.0197459320000000j),(1.0392286479999999+0.0186572290000000j),(1.0313312800000001+0.0142848860000000j),(1.0271735110000000+0.0113642600000000j)
(-0.0357417978828190+0.0001087892531713j),(-0.0366878900558683+0.0000637680805663j),(-0.0358510998323825+0.0001230755527920j),(-0.0363049957521317+0.0000664706224861j),(-0.0384056813570043+0.0000990162034866j),(1.0254927130000000+0.0101385120000000j),(1.0304999290000001+0.0120533960000000j),(1.0306166870000000+0.0121387040000000j),(1.0344363270000001+0.0135563120000000j),(1.0345535310000000+0.0136410600000000j),(1.0372216610000000+0.0146313000000000j),(1.0374031859999999+0.0147548370000000j),(1.0446581790000000+0.0180344260000000j),(1.0370857110000000+0.0145495720000000j),(1.0255745380000001+0.0095628630000000j),(1.0249368860000001+0.0091534700000000j),(1.0046947589999999+0.0002825800000000j),(1.0044358819999999+0.0001219830000000j),(1.0127695520000000+0.0040048710000000j),(1.0131299869999999+0.0042488370000000j),(1.0190125779999999+0.0069897000000000j),(1.0193730130000000+0.0072336660000000j),(1.0252556040000000+0.0099745280000000j),(1.0254358210000001+0.0100965110000000j),(1.0305568210000000+0.0120953970000000j),(1.0305580850000000+0.0120963300000000j),(1.0344949290000001+0.0135986860000000j),(1.0372802630000000+0.0146736750000000j),(1.0447811010000001+0.0181155880000000j),(1.0253799850000000+0.0094387610000000j),(1.0042516600000000-0.0000027110000000j),(1.0042556650000001+0.0000000000000000j),(1.0129497700000001+0.0041268540000000j),(1.0191927949999999+0.0071116830000000j),(1.0305563760000001+0.0120959570000000j),(1.0255591460000000+0.0101764940000000j),(1.0042556650000001+0.0000000000000000j),(1.0042516600000000-0.0000027110000000j),(1.0042516600000000-0.0000027110000000j),(1.0260666839999999+0.0095971600000000j),(1.0260576299999999+0.0095963480000000j),(1.0379965220000000+0.0148430450000000j),(1.0372802630000000+0.0146736750000000j),(1.0305580850000000+0.0120963300000000j),(1.0454611920000001+0.0182780130000000j),(1.0447780940000000+0.0181158600000000j),(1.0129497700000001+0.0041268540000000j),(1.0129497700000001+0.0041268540000000j),(1.0254358210000001+0.0100965110000000j),(1.0191927949999999+0.0071116830000000j),(1.0344949290000001+0.0135986860000000j),(1.0280452040000001+0.0107817430000000j),(1.0262383589999999+0.0096367600000000j),(1.0283327310000001+0.0109753840000000j),(1.0262270410000001+0.0096357450000000j),(1.0469610090000001+0.0191757840000000j),(1.0456312150000000+0.0183186190000000j),(1.0447702340000000+0.0181141270000000j),(1.0447773419999999+0.0181159280000000j),(1.0412473019999999+0.0158668780000000j),(1.0381755870000000+0.0148853880000000j),(1.0305455189999999+0.0120965610000000j),(1.0264304460000000+0.0104504940000000j)
(-0.0364282967627022+0.0000918768160499j),(-0.0368825716436797+0.0000615919649611j),(-0.0363377141011499+0.0001203707615560j),(-0.0360179976291176+0.0000554575093771j),(-0.0390468488342335+0.0000812959038712j),(1.0258234350000000+0.0102641850000000j),(1.0308419410000000+0.0121834690000000j),(1.0309589580000000+0.0122689710000000j),(1.0347869560000000+0.0136898630000000j),(1.0349044150000000+0.0137748030000000j),(1.0375783839999999+0.0147673380000000j),(1.0377606370000001+0.0148913800000000j),(1.0450512230000000+0.0181876630000000j),(1.0374399360000000+0.0146840500000000j),(1.0257736280000000+0.0096310810000000j),(1.0251300690000000+0.0092179960000000j),(1.0047384950000000+0.0002845820000000j),(1.0044788769999999+0.0001235370000000j),(1.0129266420000000+0.0040546270000000j),(1.0132920480000001+0.0043017020000000j),(1.0192551770000000+0.0070765890000000j),(1.0196205830000000+0.0073236640000000j),(1.0255837109999999+0.0100985510000000j),(1.0257664150000001+0.0102220880000000j),(1.0308989609999999+0.0122255660000000j),(1.0309002290000000+0.0122265010000000j),(1.0348456850000001+0.0137323330000000j),(1.0376371140000000+0.0148098080000000j),(1.0451747469999999+0.0182692350000000j),(1.0255764510000001+0.0095053230000000j),(1.0042921130000000-0.0000027450000000j),(1.0042961730000000+0.0000000000000000j),(1.0131093449999999+0.0041781650000000j),(1.0194378799999999+0.0072001260000000j),(1.0308985200000000+0.0122261280000000j),(1.0258920979999999+0.0103035290000000j),(1.0042961730000000+0.0000000000000000j),(1.0042921130000000-0.0000027450000000j),(1.0042921130000000-0.0000027450000000j),(1.0262576420000000+0.0096622800000000j),(1.0262631410000000+0.0096649860000000j),(1.0383650940000000+0.0149816780000000j),(1.0376371140000000+0.0148098080000000j),(1.0309002290000000+0.0122265010000000j),(1.0458581680000001+0.0184325100000000j),(1.0451717400000000+0.0182695060000000j),(1.0131093449999999+0.0041781650000000j),(1.0131093449999999+0.0041781650000000j),(1.0257664150000001+0.0102220880000000j),(1.0194378799999999+0.0072001260000000j),(1.0348456850000001+0.0137323330000000j),(1.0282204660000001+0.0108368270000000j),(1.0264279400000000+0.0097015200000000j),(1.0285686439999999+0.0110623290000000j),(1.0264348139999999+0.0097049020000000j),(1.0473652879999999+0.0193348100000000j),(1.0460290230000000+0.0184733290000000j),(1.0451638830000001+0.0182677730000000j),(1.0451709890000001+0.0182695730000000j),(1.0416691629999999+0.0160210070000000j),(1.0385470889999999+0.0150246450000000j),(1.0308876670000000+0.0122267300000000j),(1.0267799390000001+0.0105823440000000j)
(-0.0369596170026680+0.0000843878430799j),(-0.0363662492198111+0.0000491916405272j),(-0.0367674219139012+0.0001150375712957j),(-0.0357531832284817+0.0000591798855610j),(-0.0388911595234789+0.0000564678059257j),(1.0259329030000000+0.0102921940000000j),(1.0308655470000001+0.0121762820000000j),(1.0309806070000000+0.0122602670000000j),(1.0347447940000001+0.0136550010000000j),(1.0348603180000000+0.0137384400000000j),(1.0374897130000000+0.0147127030000000j),(1.0376693210000001+0.0148348150000000j),(1.0448603009999999+0.0180824990000000j),(1.0373514630000000+0.0146295220000000j),(1.0257550719999999+0.0096125270000000j),(1.0251132670000001+0.0092007970000000j),(1.0047493860000001+0.0002840750000000j),(1.0044912429999999+0.0001239380000000j),(1.0129778720000000+0.0040659550000000j),(1.0133450140000000+0.0043138320000000j),(1.0193355749999999+0.0070964320000000j),(1.0197027169999999+0.0073443090000000j),(1.0256932790000000+0.0101269100000000j),(1.0258768490000001+0.0102508480000000j),(1.0309216000000001+0.0122176280000000j),(1.0309228450000001+0.0122185470000000j),(1.0348025560000000+0.0136967200000000j),(1.0375474750000000+0.0147544220000000j),(1.0449821480000001+0.0181628910000000j),(1.0255590600000000+0.0094876260000000j),(1.0043035929999999-0.0000027540000000j),(1.0043076719999999+0.0000000000000000j),(1.0131614430000000+0.0041898940000000j),(1.0195191459999999+0.0072203710000000j),(1.0309211370000000+0.0122181740000000j),(1.0260043670000001+0.0103334400000000j),(1.0043076719999999+0.0000000000000000j),(1.0043035929999999-0.0000027540000000j),(1.0043035929999999-0.0000027540000000j),(1.0262352530000001+0.0096434960000000j),(1.0262538870000000+0.0096490470000000j),(1.0382727430000001+0.0149251240000000j),(1.0375474750000000+0.0147544220000000j),(1.0309228450000001+0.0122185470000000j),(1.0456562149999999+0.0183236260000000j),(1.0449791410000000+0.0181631630000000j),(1.0131614430000000+0.0041898940000000j),(1.0131614430000000+0.0041898940000000j),(1.0258768490000001+0.0102508480000000j),(1.0195191459999999+0.0072203710000000j),(1.0348025560000000+0.0136967200000000j),(1.0281836120000001+0.0108096240000000j),(1.0264043009999999+0.0096824630000000j),(1.0285868700000000+0.0110624590000000j),(1.0264275940000001+0.0096894020000000j),(1.0471429370000001+0.0192128450000000j),(1.0458247320000000+0.0183638090000000j),(1.0449712819999999+0.0181614300000000j),(1.0449783890000000+0.0181632300000000j),(1.0415646800000000+0.0159581460000000j),(1.0384540600000001+0.0149678000000000j),(1.0309102840000000+0.0122187760000000j),(1.0269051060000001+0.0106161010000000j)
(-0.0310315990476730+0.0000694034760628j),(-0.0303276109920593+0.0000398484729102j),(-0.0318101721255685+0.0000981090747784j),(-0.0312822695498986+0.0000582339920592j),(-0.0339984085178766+0.0000494711809114j),(1.0222778440000000+0.0087582650000000j),(1.0265950500000001+0.0103995780000000j),(1.0266960310000000+0.0104729310000000j),(1.0300032450000001+0.0116870520000000j),(1.0301048520000000+0.0117599760000000j),(1.0324150379999999+0.0126080750000000j),(1.0325681819999999+0.0127117110000000j),(1.0386050120000001+0.0154208520000000j),(1.0322981920000001+0.0125382820000000j),(1.0223846940000001+0.0082779560000000j),(1.0218311069999999+0.0079243530000000j),(1.0042079070000001+0.0002450030000000j),(1.0039821120000001+0.0001055260000000j),(1.0112230110000000+0.0034595090000000j),(1.0115363310000001+0.0036705620000000j),(1.0166475540000000+0.0060380790000000j),(1.0169608740000000+0.0062491310000000j),(1.0220720969999999+0.0086166490000000j),(1.0222287569999999+0.0087221750000000j),(1.0266441369999999+0.0104356670000000j),(1.0266452280000000+0.0104364690000000j),(1.0300540490000001+0.0117235140000000j),(1.0324658419999999+0.0126445370000000j),(1.0387073529999999+0.0154880260000000j),(1.0222170440000000+0.0081717010000000j),(1.0038219710000000-0.0000023450000000j),(1.0038254520000001+0.0000000000000000j),(1.0113796710000000+0.0035650350000000j),(1.0168042140000000+0.0061436050000000j),(1.0266435110000001+0.0104360970000000j),(1.0223363310000000+0.0087916120000000j),(1.0038254520000001+0.0000000000000000j),(1.0038219710000000-0.0000023450000000j),(1.0038219710000000-0.0000023450000000j),(1.0228109660000000+0.0083078550000000j),(1.0228206010000001+0.0083109660000000j),(1.0331036050000000+0.0127932320000000j),(1.0324658419999999+0.0126445370000000j),(1.0266452280000000+0.0104364690000000j),(1.0392734490000000+0.0156214240000000j),(1.0387043279999999+0.0154883060000000j),(1.0113796710000000+0.0035650350000000j),(1.0113796710000000+0.0035650350000000j),(1.0222287569999999+0.0087221750000000j),(1.0168042140000000+0.0061436050000000j),(1.0300540490000001+0.0117235140000000j),(1.0245230270000001+0.0093297650000000j),(1.0229594460000000+0.0083418940000000j),(1.0248482590000001+0.0095352600000000j),(1.0229714900000000+0.0083457830000000j),(1.0405232230000001+0.0163644190000000j),(1.0394149730000000+0.0156547740000000j),(1.0386964169999999+0.0154865820000000j),(1.0387035720000000+0.0154883760000000j),(1.0359988430000000+0.0136950980000000j),(1.0332630460000001+0.0128304060000000j),(1.0266326139999999+0.0104367200000000j),(1.0230957960000000+0.0090286390000000j)
(-0.0498400312016540-0.0000839460246584j),(-0.0317081132347932-0.0000093179303786j),(-0.0324776189962637+0.0000570761806621j),(-0.0308538571593817+0.0000161071351091j),(-0.0334090461848475+0.0000162730029331j),(1.0282458189999999+0.0110783280000000j),(1.0310934860000001+0.0121794160000000j),(1.0311605380000000+0.0122284030000000j),(1.0333752140000001+0.0130412350000000j),(1.0334432560000000+0.0130900620000000j),(1.0349902719999999+0.0136578490000000j),(1.0351310570000001+0.0137522480000000j),(1.0414280000000000+0.0165736590000000j),(1.0348377259999999+0.0135626360000000j),(1.0237936640000000+0.0087474620000000j),(1.0232015900000000+0.0083669710000000j),(1.0046783120000000+0.0002578740000000j),(1.0044815050000000+0.0001345910000000j),(1.0138983410000000+0.0043832400000000j),(1.0143066650000001+0.0046524220000000j),(1.0209538430000000+0.0076514680000000j),(1.0213621660000001+0.0079206510000000j),(1.0280093440000000+0.0109196970000000j),(1.0282135059999999+0.0110542880000000j),(1.0311257990000000+0.0122034560000000j),(1.0311265169999999+0.0122039900000000j),(1.0334092349999999+0.0130656480000000j),(1.0350242940000001+0.0136822620000000j),(1.0415347639999999+0.0166436450000000j),(1.0236070960000001+0.0086278360000000j),(1.0042728059999999-0.0000029910000000j),(1.0042773430000000+0.0000000000000000j),(1.0141025029999999+0.0045178310000000j),(1.0211580039999999+0.0077860590000000j),(1.0311248079999999+0.0122036170000000j),(1.0283853549999999+0.0111648390000000j),(1.0042773430000000+0.0000000000000000j),(1.0042728059999999-0.0000029910000000j),(1.0042728059999999-0.0000029910000000j),(1.0241922310000000+0.0087614050000000j),(1.0242225700000001+0.0087692860000000j),(1.0356494940000001+0.0138280140000000j),(1.0350242940000001+0.0136822620000000j),(1.0311265169999999+0.0122039900000000j),(1.0421250399999999+0.0167824240000000j),(1.0415317470000001+0.0166439210000000j),(1.0141025029999999+0.0045178310000000j),(1.0141025029999999+0.0045178310000000j),(1.0282135059999999+0.0110542880000000j),(1.0211580039999999+0.0077860590000000j),(1.0334092349999999+0.0130656480000000j),(1.0258795340000000+0.0097664200000000j),(1.0243385140000001+0.0087947980000000j),(1.0262909350000000+0.0100156990000000j),(1.0243764380000000+0.0088046490000000j),(1.0434284359999999+0.0175563980000000j),(1.0422726090000001+0.0168171190000000j),(1.0415238600000001+0.0166421940000000j),(1.0415309930000001+0.0166439900000000j),(1.0384877029999999+0.0147120510000000j),(1.0358057940000001+0.0138644520000000j),(1.0311139579999999+0.0122042190000000j),(1.0295979829999999+0.0115412540000000j)
(-0.0617227518056689-0.0000682751249825j),(-0.0324626180365197+0.0000061326348220j),(-0.0331668087070432+0.0000518759841639j),(-0.0333269702237216+0.0000239363883629j),(-0.0340163099310993+0.0000065458075505j),(1.0321817090000001+0.0127004530000000j),(1.0342745570000000+0.0135181490000000j),(1.0343242230000000+0.0135544690000000j),(1.0359776439999999+0.0141568320000000j),(1.0360284860000000+0.0141931310000000j),(1.0371834490000000+0.0146138990000000j),(1.0373178370000000+0.0147036990000000j),(1.0437466080000000+0.0175950640000000j),(1.0370097260000000+0.0145032430000000j),(1.0252115840000000+0.0093035550000000j),(1.0245838480000000+0.0088977430000000j),(1.0049974589999999+0.0002735700000000j),(1.0048094500000000+0.0001545870000000j),(1.0156611620000000+0.0050286770000000j),(1.0161318680000000+0.0053378500000000j),(1.0237919000000000+0.0087783840000000j),(1.0242626060000000+0.0090875570000000j),(1.0319226379999999+0.0125280910000000j),(1.0321579910000001+0.0126826780000000j),(1.0342982750000000+0.0135359240000000j),(1.0342988019999999+0.0135363190000000j),(1.0360030650000001+0.0141749810000000j),(1.0372088699999999+0.0146320490000000j),(1.0438555750000000+0.0176667140000000j),(1.0250124400000000+0.0091747490000000j),(1.0045688669999999-0.0000034350000000j),(1.0045740970000001+0.0000000000000000j),(1.0158965150000001+0.0051832630000000j),(1.0240272530000001+0.0089329710000000j),(1.0342971000000001+0.0135359450000000j),(1.0323696259999999+0.0128194890000000j),(1.0045740970000001+0.0000000000000000j),(1.0045688669999999-0.0000034350000000j),(1.0045688669999999-0.0000034350000000j),(1.0256433830000000+0.0093193080000000j),(1.0256400280000000+0.0093192160000000j),(1.0378439669999999+0.0147805130000000j),(1.0372088699999999+0.0146320490000000j),(1.0342988019999999+0.0135363190000000j),(1.0444583180000000+0.0178093430000000j),(1.0438525649999999+0.0176669870000000j),(1.0158965150000001+0.0051832630000000j),(1.0158965150000001+0.0051832630000000j),(1.0321579910000001+0.0126826780000000j),(1.0240272530000001+0.0089329710000000j),(1.0360030650000001+0.0141749810000000j),(1.0274622449999999+0.0104046620000000j),(1.0258011190000000+0.0093554480000000j),(1.0277488280000000+0.0105910090000000j),(1.0257969240000000+0.0093553330000000j),(1.0457885510000000+0.0186018550000000j),(1.0446090040000000+0.0178450000000000j),(1.0438446969999999+0.0176652560000000j),(1.0438518120000000+0.0176670550000000j),(1.0407269640000001+0.0156804160000000j),(1.0380027409999999+0.0148176300000000j),(1.0342862820000001+0.0135365320000000j),(1.0338641030000000+0.0132870330000000j)
(-0.0187027934486739+0.0002793804721264j),(-0.0324760132443584-0.0000221457254506j),(-0.0316418680958184+0.0000172528312741j),(-0.0326115193521220-0.0000066734208670j),(-0.0334492588112169-0.0000364114066224j),(1.0186881950000000+0.0073793200000000j),(1.0241879000000000+0.0094185950000000j),(1.0243164419999999+0.0095106110000000j),(1.0285026790000000+0.0110203810000000j),(1.0286315479999999+0.0111117620000000j),(1.0315557580000001+0.0121663800000000j),(1.0317300110000001+0.0122837930000000j),(1.0382048639999999+0.0151717030000000j),(1.0314602520000000+0.0121119910000000j),(1.0220136849999999+0.0081168000000000j),(1.0214710789999999+0.0077734520000000j),(1.0040104379999999+0.0002413110000000j),(1.0037579329999999+0.0000880660000000j),(1.0096585490000001+0.0029099020000000j),(1.0099132099999999+0.0030860340000000j),(1.0140783499999999+0.0050779190000000j),(1.0143330110000000+0.0052540510000000j),(1.0184981520000000+0.0072459350000000j),(1.0186254820000000+0.0073340010000000j),(1.0242506140000001+0.0094639140000000j),(1.0242520070000001+0.0094649210000000j),(1.0285671139999999+0.0110660720000000j),(1.0316201930000000+0.0122120710000000j),(1.0383146830000001+0.0152434250000000j),(1.0218537440000000+0.0080167200000000j),(1.0036277730000001-0.0000019570000000j),(1.0036306030000000+0.0000000000000000j),(1.0097858790000001+0.0029979680000000j),(1.0142056810000000+0.0051659850000000j),(1.0242502860000000+0.0094645500000000j),(1.0186900980000000+0.0073767480000000j),(1.0036306030000000+0.0000000000000000j),(1.0036277730000001-0.0000019570000000j),(1.0036277730000001-0.0000019570000000j),(1.0224733680000000+0.0081573510000000j),(1.0224546960000001+0.0081536770000000j),(1.0322486350000000+0.0123566220000000j),(1.0316201930000000+0.0122120710000000j),(1.0242520070000001+0.0094649210000000j),(1.0389213440000000+0.0153849930000000j),(1.0383116569999999+0.0152437070000000j),(1.0097858790000001+0.0029979680000000j),(1.0097858790000001+0.0029979680000000j),(1.0186254820000000+0.0073340010000000j),(1.0142056810000000+0.0051659850000000j),(1.0285671139999999+0.0110660720000000j),(1.0242609430000000+0.0092190760000000j),(1.0226282739999999+0.0081925090000000j),(1.0244756360000000+0.0093664800000000j),(1.0226049340000001+0.0081879160000000j),(1.0402617160000001+0.0161779150000000j),(1.0390730090000000+0.0154203850000000j),(1.0383037429999999+0.0152419840000000j),(1.0383109010000000+0.0152437770000000j),(1.0351022190000001+0.0132362070000000j),(1.0324057449999999+0.0123927600000000j),(1.0242393640000000+0.0094651850000000j),(1.0191480140000000+0.0075253410000000j)
(-0.0609646129622936+0.0002732613142074j),(-0.0348218407307708-0.0001097407271495j),(-0.0336920378700495-0.0000615461321820j),(-0.0351158464144231-0.0000908098544621j),(-0.0359461363206276-0.0001242902455063j),(1.0325746680000001+0.0129492440000000j),(1.0351362120000001+0.0138833110000000j),(1.0351970930000001+0.0139259660000000j),(1.0371987540000001+0.0146148510000000j),(1.0372606860000000+0.0146574150000000j),(1.0386589049999999+0.0151386220000000j),(1.0388067690000000+0.0152363100000000j),(1.0456994909999999+0.0183135920000000j),(1.0384817330000000+0.0150257120000000j),(1.0261544739999999+0.0096143730000000j),(1.0255005370000001+0.0091935050000000j),(1.0051374380000000+0.0002831820000000j),(1.0049343540000000+0.0001572070000000j),(1.0158905880000000+0.0051266370000000j),(1.0163654639999999+0.0054410500000000j),(1.0240992760000001+0.0089488830000000j),(1.0245741530000001+0.0092632960000000j),(1.0323079639999999+0.0127711290000000j),(1.0325454030000001+0.0129283360000000j),(1.0351654770000001+0.0139042190000000j),(1.0351661270000001+0.0139046830000000j),(1.0372297200000000+0.0146361330000000j),(1.0386898710000001+0.0151599040000000j),(1.0458163890000001+0.0183899980000000j),(1.0259463360000001+0.0094801810000000j),(1.0046916400000001-0.0000034930000000j),(1.0046969160000001+0.0000000000000000j),(1.0161280260000001+0.0052838430000000j),(1.0243367139999999+0.0091060900000000j),(1.0351644259999999+0.0139043090000000j),(1.0327535760000000+0.0130646350000000j),(1.0046969160000001+0.0000000000000000j),(1.0046916400000001-0.0000034930000000j),(1.0046916400000001-0.0000034930000000j),(1.0266109040000000+0.0096303740000000j),(1.0265837040000001+0.0096248260000000j),(1.0393604030000001+0.0153144440000000j),(1.0386898710000001+0.0151599040000000j),(1.0351661270000001+0.0139046830000000j),(1.0464620350000000+0.0185409880000000j),(1.0458133839999999+0.0183902680000000j),(1.0161280260000001+0.0052838430000000j),(1.0161280260000001+0.0052838430000000j),(1.0325454030000001+0.0129283360000000j),(1.0243367139999999+0.0091060900000000j),(1.0372297200000000+0.0146361330000000j),(1.0285287839999999+0.0107671230000000j),(1.0267770460000001+0.0096679220000000j),(1.0287278350000000+0.0109089040000000j),(1.0267430460000000+0.0096609880000000j),(1.0478882970000001+0.0193856400000000j),(1.0466234459999999+0.0185787360000000j),(1.0458055319999999+0.0183885350000000j),(1.0458126329999999+0.0183903360000000j),(1.0424050000000000+0.0162543610000000j),(1.0395280360000001+0.0153530790000000j),(1.0351536170000000+0.0139048920000000j),(1.0342264760000000+0.0135348630000000j)
(-0.0381563070454756-0.0002141621726242j),(-0.0303966131829751-0.0000842731603136j),(-0.0292675881036535-0.0000440870526920j),(-0.0303511890804698-0.0000639716866255j),(-0.0313311501914015-0.0001049294097849j),(1.0241671440000000+0.0092966970000000j),(1.0275983240000000+0.0106001820000000j),(1.0276789380000000+0.0106585320000000j),(1.0303275910000000+0.0116216130000000j),(1.0304090530000001+0.0116796990000000j),(1.0322592150000001+0.0123524390000000j),(1.0324028279999999+0.0124483660000000j),(1.0384660750000001+0.0151374720000000j),(1.0321303879999999+0.0122745440000000j),(1.0221086260000001+0.0079940310000000j),(1.0215625420000001+0.0076477380000000j),(1.0043820290000001+0.0002368460000000j),(1.0041809500000001+0.0001129130000000j),(1.0120959039999999+0.0036748480000000j),(1.0124391730000000+0.0039006740000000j),(1.0180261989999999+0.0064149810000000j),(1.0183694670000001+0.0066408070000000j),(1.0239564930000000+0.0091551140000000j),(1.0241281280000001+0.0092680270000000j),(1.0276373400000001+0.0106288530000000j),(1.0276382070000001+0.0106294900000000j),(1.0303683219999999+0.0116506560000000j),(1.0322999460000000+0.0123814820000000j),(1.0385689570000001+0.0152043570000000j),(1.0219390690000001+0.0078870930000000j),(1.0040055020000000-0.0000025090000000j),(1.0040093160000001+0.0000000000000000j),(1.0122675379999999+0.0037877610000000j),(1.0181978330000001+0.0065278940000000j),(1.0276364920000001+0.0106291180000000j),(1.0242607459999999+0.0093522690000000j),(1.0040093160000001+0.0000000000000000j),(1.0040055020000000-0.0000025090000000j),(1.0040055020000000-0.0000025090000000j),(1.0225160689999999+0.0080167670000000j),(1.0224952759999999+0.0080125180000000j),(1.0328886260000001+0.0125155410000000j),(1.0322999460000000+0.0123814820000000j),(1.0276382070000001+0.0106294900000000j),(1.0391369950000000+0.0153355990000000j),(1.0385659320000000+0.0152046380000000j),(1.0122675379999999+0.0037877610000000j),(1.0122675379999999+0.0037877610000000j),(1.0241281280000001+0.0092680270000000j),(1.0181978330000001+0.0065278940000000j),(1.0303683219999999+0.0116506560000000j),(1.0241819670000001+0.0090014630000000j),(1.0226603180000000+0.0080491860000000j),(1.0243673310000001+0.0091301710000000j),(1.0226343270000000+0.0080438750000000j),(1.0403930159999999+0.0160749110000000j),(1.0392790040000000+0.0153684100000000j),(1.0385580200000000+0.0152029160000000j),(1.0385651760000001+0.0152047080000000j),(1.0355621189999999+0.0133332600000000j),(1.0330357960000001+0.0125490560000000j),(1.0276256060000000+0.0106297380000000j),(1.0251947680000000+0.0096363350000000j)
(-0.0418716610266414+0.0002532151580203j),(-0.0340520579090724-0.0000949829604734j),(-0.0325510300116057-0.0000622369591580j),(-0.0341028419210868-0.0000850582273430j),(-0.0358455735410471-0.0001223633758021j),(1.0265596699999999+0.0104842260000000j),(1.0305302900000000+0.0119479810000000j),(1.0306236209999999+0.0120142990000000j),(1.0336728930000001+0.0130966300000000j),(1.0337669270000001+0.0131625970000000j),(1.0358969330000001+0.0139186370000000j),(1.0360586329999999+0.0140264500000000j),(1.0428196970000001+0.0170385210000000j),(1.0357540089999999+0.0138308510000000j),(1.0245190609999999+0.0089833190000000j),(1.0239084850000000+0.0085939680000000j),(1.0047075050000001+0.0002657670000000j),(1.0044803670000000+0.0001266870000000j),(1.0132239820000000+0.0041451110000000j),(1.0136025630000001+0.0043984850000000j),(1.0197745270000000+0.0072350200000000j),(1.0201531079999999+0.0074883940000000j),(1.0263250719999999+0.0103249280000000j),(1.0265143619999999+0.0104516160000000j),(1.0305755969999999+0.0119805910000000j),(1.0305766040000000+0.0119813160000000j),(1.0337199100000001+0.0131296140000000j),(1.0359439500000001+0.0139516210000000j),(1.0429343799999999+0.0171133500000000j),(1.0243291200000000+0.0088625490000000j),(1.0042868700000001-0.0000028150000000j),(1.0042910770000000+0.0000000000000000j),(1.0134132730000001+0.0042717980000000j),(1.0199638170000001+0.0073617070000000j),(1.0305748950000000+0.0119809430000000j),(1.0266583450000000+0.0105456930000000j),(1.0042910770000000+0.0000000000000000j),(1.0042868700000001-0.0000028150000000j),(1.0042868700000001-0.0000028150000000j),(1.0249756580000000+0.0090083090000000j),(1.0249460300000000+0.0090020880000000j),(1.0366145490000001+0.0141054140000000j),(1.0359439500000001+0.0139516210000000j),(1.0305766040000000+0.0119813160000000j),(1.0435676540000001+0.0172608940000000j),(1.0429313680000001+0.0171136240000000j),(1.0134132730000001+0.0042717980000000j),(1.0134132730000001+0.0042717980000000j),(1.0265143619999999+0.0104516160000000j),(1.0199638170000001+0.0073617070000000j),(1.0337199100000001+0.0131296140000000j),(1.0268418660000000+0.0101131010000000j),(1.0251372919999999+0.0090447490000000j),(1.0270218910000000+0.0102432630000000j),(1.0251002570000001+0.0090369730000000j),(1.0449669989999999+0.0180880420000000j),(1.0437259720000001+0.0172977800000000j),(1.0429234919999999+0.0171118960000000j),(1.0429306149999999+0.0171136930000000j),(1.0396597110000001+0.0150419010000000j),(1.0367821989999999+0.0141438620000000j),(1.0305640389999999+0.0119815480000000j),(1.0276767529999999+0.0108697630000000j)
(-0.0272918606476078+0.0001827557488277j),(-0.0319496336008075-0.0001108828503729j),(-0.0290340895511936-0.0000999593667055j),(-0.0317096089557443-0.0001084033917506j),(-0.0318190549043012-0.0001477941250332j),(1.0210207010000001+0.0081893720000000j),(1.0255438180000001+0.0098505790000000j),(1.0256499520000000+0.0099259120000000j),(1.0291102910000001+0.0111547600000000j),(1.0292169959999999+0.0112296410000000j),(1.0316341449999999+0.0120880280000000j),(1.0317957419999999+0.0121957090000000j),(1.0381739000000001+0.0150180050000000j),(1.0315233589999999+0.0120226260000000j),(1.0218277549999999+0.0079152410000000j),(1.0212883310000000+0.0075749610000000j),(1.0041719080000000+0.0002352470000000j),(1.0039460019999999+0.0000985880000000j),(1.0107013860000000+0.0032335440000000j),(1.0109936530000001+0.0034307190000000j),(1.0157621600000000+0.0056436300000000j),(1.0160544270000000+0.0058408050000000j),(1.0208229339999999+0.0080537150000000j),(1.0209690680000001+0.0081523030000000j),(1.0255954519999999+0.0098876480000000j),(1.0255965990000000+0.0098884710000000j),(1.0291636440000000+0.0111922010000000j),(1.0316874970000001+0.0121254690000000j),(1.0382821440000001+0.0150882450000000j),(1.0216636180000001+0.0078123980000000j),(1.0037966210000000-0.0000021910000000j),(1.0037998680000000+0.0000000000000000j),(1.0108475200000000+0.0033321320000000j),(1.0159082939999999+0.0057422170000000j),(1.0255948810000000+0.0098881000000000j),(1.0210635680000000+0.0082138220000000j),(1.0037998680000000+0.0000000000000000j),(1.0037966210000000-0.0000021910000000j),(1.0037966210000000-0.0000021910000000j),(1.0222667270000001+0.0079470940000000j),(1.0222157970000001+0.0079357430000000j),(1.0322858800000001+0.0122607780000000j),(1.0316874970000001+0.0121254690000000j),(1.0255965990000000+0.0098884710000000j),(1.0388794219999999+0.0152257620000000j),(1.0382791190000000+0.0150885270000000j),(1.0108475200000000+0.0033321320000000j),(1.0108475200000000+0.0033321320000000j),(1.0209690680000001+0.0081523030000000j),(1.0159082939999999+0.0057422170000000j),(1.0291636440000000+0.0111922010000000j),(1.0240088599999999+0.0089737110000000j),(1.0224175040000001+0.0079807680000000j),(1.0240756940000000+0.0090410450000000j),(1.0223538420000000+0.0079665800000000j),(1.0402004579999999+0.0160019820000000j),(1.0390287410000001+0.0152601420000000j),(1.0382712039999999+0.0150868050000000j),(1.0382783620000000+0.0150885970000000j),(1.0350037569999999+0.0130875380000000j),(1.0324354750000000+0.0122946050000000j),(1.0255839730000000+0.0098887300000000j),(1.0217316000000001+0.0084251610000000j)
(-0.0195826852014092+0.0000936609870164j),(-0.0360754927754512-0.0000875196312034j),(-0.0332789618858250-0.0000717621716472j),(-0.0359285430792194-0.0000814122992383j),(-0.0358502788763623-0.0001062671160125j),(1.0200995540000000+0.0078397580000000j),(1.0261229820000000+0.0100800610000000j),(1.0262635480000000+0.0101809800000000j),(1.0308388159999999+0.0118402210000000j),(1.0309795749999999+0.0119404080000000j),(1.0341755340000001+0.0130994370000000j),(1.0343675939999999+0.0132288850000000j),(1.0415408610000001+0.0164226360000000j),(1.0340720969999999+0.0130412400000000j),(1.0238100809999999+0.0087248070000000j),(1.0232227480000000+0.0083547100000000j),(1.0043614880000000+0.0002597250000000j),(1.0040876550000000+0.0000937540000000j),(1.0104149730000000+0.0030905280000000j),(1.0106882669999999+0.0032780350000000j),(1.0151546090000001+0.0053934050000000j),(1.0154279030000000+0.0055809130000000j),(1.0198942449999999+0.0076962830000000j),(1.0200308920000001+0.0077900360000000j),(1.0261916430000000+0.0101297820000000j),(1.0261931689999999+0.0101308870000000j),(1.0309091950000000+0.0118903150000000j),(1.0342459129999999+0.0131495300000000j),(1.0416625410000000+0.0165019910000000j),(1.0236362649999999+0.0086165180000000j),(1.0039479710000001-0.0000020830000000j),(1.0039510080000000+0.0000000000000000j),(1.0105516200000000+0.0031842820000000j),(1.0152912560000000+0.0054871590000000j),(1.0261914519999999+0.0101305150000000j),(1.0200988780000000+0.0078340690000000j),(1.0039510080000000+0.0000000000000000j),(1.0039479710000001-0.0000020830000000j),(1.0039479710000001-0.0000020830000000j),(1.0243177770000000+0.0087702050000000j),(1.0242674230000000+0.0087589820000000j),(1.0349177450000000+0.0133033940000000j),(1.0342459129999999+0.0131495300000000j),(1.0261931689999999+0.0101308870000000j),(1.0423342110000000+0.0166583770000000j),(1.0416595250000000+0.0165022680000000j),(1.0105516200000000+0.0031842820000000j),(1.0105516200000000+0.0031842820000000j),(1.0200308920000001+0.0077900360000000j),(1.0152912560000000+0.0054871590000000j),(1.0309091950000000+0.0118903150000000j),(1.0262848920000001+0.0099348930000000j),(1.0244881550000000+0.0088086270000000j),(1.0263915850000001+0.0100277430000000j),(1.0244252130000000+0.0087945980000000j),(1.0438184800000001+0.0175354290000000j),(1.0425021290000001+0.0166974740000000j),(1.0416516389999999+0.0165005420000000j),(1.0416587710000000+0.0165023370000000j),(1.0379685759999999+0.0142406280000000j),(1.0350857030000000+0.0133418600000000j),(1.0261805500000001+0.0101311420000000j),(1.0205791010000000+0.0079847600000000j)
(-0.0595033876502017+0.0003862015412306j),(-0.0372515535745943-0.0000191458044130j),(-0.0348551846430196+0.0000005098571320j),(-0.0370658537870522-0.0000141566248771j),(-0.0368727164515745-0.0000361000547886j),(1.0325887370000000+0.0130767030000000j),(1.0356084990000001+0.0141963980000000j),(1.0356798340000000+0.0142470920000000j),(1.0380219850000001+0.0150739610000000j),(1.0380942550000001+0.0151244780000000j),(1.0397303160000000+0.0157020700000000j),(1.0398910600000000+0.0158093760000000j),(1.0472436880000000+0.0191217630000000j),(1.0395530070000001+0.0155891440000000j),(1.0269066120000001+0.0100091420000000j),(1.0262319140000000+0.0095729140000000j),(1.0051533250000000+0.0002945240000000j),(1.0049346900000000+0.0001583510000000j),(1.0158946680000001+0.0051761350000000j),(1.0163693579999999+0.0054928370000000j),(1.0241058130000000+0.0090348020000000j),(1.0245805020000001+0.0093515040000000j),(1.0323169580000000+0.0128934690000000j),(1.0325543020000001+0.0130518200000000j),(1.0356429340000000+0.0142212810000000j),(1.0356436990000000+0.0142218340000000j),(1.0380581200000001+0.0150992200000000j),(1.0397664510000000+0.0157273290000000j),(1.0473682980000001+0.0192038100000000j),(1.0266931690000001+0.0098709570000000j),(1.0046920710000000-0.0000035190000000j),(1.0046973450000001+0.0000000000000000j),(1.0161320130000000+0.0053344860000000j),(1.0243431580000000+0.0091931530000000j),(1.0356419990000001+0.0142214590000000j),(1.0327572119999999+0.0131852870000000j),(1.0046973450000001+0.0000000000000000j),(1.0046920710000000-0.0000035190000000j),(1.0046920710000000-0.0000035190000000j),(1.0273936100000001+0.0100312100000000j),(1.0273516600000001+0.0100219660000000j),(1.0404530040000000+0.0158877620000000j),(1.0397664510000000+0.0157273290000000j),(1.0356436990000000+0.0142218340000000j),(1.0480573080000000+0.0193674540000000j),(1.0473652979999999+0.0192040780000000j),(1.0161320130000000+0.0053344860000000j),(1.0161320130000000+0.0053344860000000j),(1.0325543020000001+0.0130518200000000j),(1.0243431580000000+0.0091931530000000j),(1.0380581200000001+0.0150992200000000j),(1.0294130520000000+0.0112353990000000j),(1.0275687210000000+0.0100712730000000j),(1.0295649819999999+0.0113543020000000j),(1.0275162830000000+0.0100597180000000j),(1.0495774769999999+0.0202748270000000j),(1.0482295600000000+0.0194083650000000j),(1.0473574590000001+0.0192023420000000j),(1.0473645480000000+0.0192041450000000j),(1.0435696070000000+0.0168603020000000j),(1.0406246420000000+0.0159278710000000j),(1.0356311949999999+0.0142220380000000j),(1.0341938930000001+0.0136473060000000j)
(-0.0566773326406443+0.0060060542112963j),(-0.0357338471318118+0.0030146491927176j),(-0.0380088123477378+0.0027102080115873j),(-0.0403823865770501-0.0000311659088989j),(-0.0398403519182360-0.0000416394725583j),(1.0292548140000000+0.0151113420000000j),(1.0328775320000001+0.0163016010000000j),(1.0329638660000000+0.0163584140000000j),(1.0357543810000001+0.0172379140000000j),(1.0358414890000001+0.0172944870000000j),(1.0377907460000000+0.0179088440000000j),(1.0379471440000001+0.0180265600000000j),(1.0447350350000000+0.0218335870000000j),(1.0376299689999999+0.0177876140000000j),(1.0253752039999999+0.0115209020000000j),(1.0247024090000001+0.0110376650000000j),(1.0030883650000000+0.0003298270000000j),(1.0028477430000000+0.0001752200000000j),(1.0133175759999999+0.0059934140000000j),(1.0137633550000000+0.0063438550000000j),(1.0211538250000001+0.0104508140000000j),(1.0215996039999999+0.0108012550000000j),(1.0289900740000000+0.0149082150000000j),(1.0292129640000001+0.0150834360000000j),(1.0329193820000000+0.0163295080000000j),(1.0329203119999999+0.0163301280000000j),(1.0357979349999999+0.0172662010000000j),(1.0378343000000001+0.0179371310000000j),(1.0448478790000000+0.0219230160000000j),(1.0251708740000001+0.0113713850000000j),(1.0026199000000000-0.0000038940000000j),(1.0026248529999999+0.0000000000000000j),(1.0135404649999999+0.0061686340000000j),(1.0213767149999999+0.0106260350000000j),(1.0329186079999999+0.0163297480000000j),(1.0293940029999999+0.0152307490000000j),(1.0026248529999999+0.0000000000000000j),(1.0026199000000000-0.0000038940000000j),(1.0026199000000000-0.0000038940000000j),(1.0259347110000001+0.0115471130000000j),(1.0258777390000000+0.0115888260000000j),(1.0385768559999999+0.0181123570000000j),(1.0378343000000001+0.0179371310000000j),(1.0329203119999999+0.0163301280000000j),(1.0454964970000000+0.0221384280000000j),(1.0448448710000000+0.0219232760000000j),(1.0135404649999999+0.0061686340000000j),(1.0135404649999999+0.0061686340000000j),(1.0292129640000001+0.0150834360000000j),(1.0213767149999999+0.0106260350000000j),(1.0357979349999999+0.0172662010000000j),(1.0281359510000001+0.0128633110000000j),(1.0261256700000001+0.0115910440000000j),(1.0281878080000000+0.0132201450000000j),(1.0260544549999999+0.0116431860000000j),(1.0468814940000000+0.0231389290000000j),(1.0456586520000000+0.0221922810000000j),(1.0448370190000000+0.0219215150000000j),(1.0448441190000000+0.0219233410000000j),(1.0419471069999999+0.0191721050000000j),(1.0387624950000001+0.0181561630000000j),(1.0329077750000000+0.0163303070000000j),(1.0307227370000001+0.0158120090000000j)
(-0.0275142527211101+0.0192976725911602j),(-0.0402187781920318+0.0097366908419367j),(-0.0422877448457410-0.0065123869265188j),(-0.0442869422401875-0.0000689305181069j),(-0.0441213515882854-0.0000942970658641j),(1.0179600750000000+0.0163986230000000j),(1.0252055170000001+0.0179290780000000j),(1.0253825560000001+0.0180204810000000j),(1.0308661050000001+0.0191529380000000j),(1.0310429329999999+0.0192437260000000j),(1.0348733530000001+0.0200347810000000j),(1.0350744690000000+0.0202029600000000j),(1.0421402529999999+0.0257914000000000j),(1.0347876990000000+0.0199045180000000j),(1.0239323060000001+0.0119741980000000j),(1.0232709400000000+0.0114520990000000j),(1.0007925840000000+0.0003425680000000j),(1.0004467420000001+0.0001743460000000j),(1.0073855320000000+0.0065213740000000j),(1.0076622950000000+0.0068700660000000j),(1.0125602640000000+0.0113503210000000j),(1.0128370270000000+0.0116990130000000j),(1.0177349959999999+0.0161792690000000j),(1.0178733769999999+0.0163536140000000j),(1.0252922149999999+0.0179740870000000j),(1.0252941419999999+0.0179750870000000j),(1.0309545190000000+0.0191983320000000j),(1.0349617670000000+0.0200801750000000j),(1.0422529549999999+0.0259141850000000j),(1.0237582380000001+0.0117985410000000j),(1.0003052859999999-0.0000038740000000j),(1.0003083610000001+0.0000000000000000j),(1.0075239130000000+0.0066957200000000j),(1.0126986450000000+0.0115246670000000j),(1.0252924260000000+0.0179747020000000j),(1.0179250609999999+0.0164829520000000j),(1.0003083610000001+0.0000000000000000j),(1.0003052859999999-0.0000038740000000j),(1.0003052859999999-0.0000038740000000j),(1.0245968809999999+0.0119912890000000j),(1.0245868849999999+0.0118602260000000j),(1.0357857710000000+0.0202756190000000j),(1.0349617670000000+0.0200801750000000j),(1.0252941419999999+0.0179750870000000j),(1.0429546860000001+0.0262780870000000j),(1.0422499390000000+0.0259144340000000j),(1.0075239130000000+0.0066957200000000j),(1.0075239130000000+0.0066957200000000j),(1.0178733769999999+0.0163536140000000j),(1.0126986450000000+0.0115246670000000j),(1.0309545190000000+0.0191983320000000j),(1.0270138890000000+0.0134358020000000j),(1.0248065420000001+0.0120394760000000j),(1.0275248550000000+0.0130704240000000j),(1.0247940460000000+0.0118756470000000j),(1.0443548840000001+0.0276725390000000j),(1.0431301190000000+0.0263690620000000j),(1.0422420740000000+0.0259126380000000j),(1.0422491850000000+0.0259144960000000j),(1.0395253560000000+0.0214562170000000j),(1.0359917720000000+0.0203244800000000j),(1.0252815120000001+0.0179752460000000j),(1.0184494030000000+0.0171714950000000j)
(-0.0394504725920477-0.0003078930356208j),(-0.0398913365315377-0.0000108949695767j),(-0.0378358670723222+0.0000206991891486j),(-0.0376934463838376-0.0000069466495861j),(-0.0389543567202564-0.0000497097302049j),(1.0274723760000000+0.0107149520000000j),(1.0325505559999999+0.0126748970000000j),(1.0326688140000000+0.0127618700000000j),(1.0365409999999999+0.0142130340000000j),(1.0366596820000000+0.0142994290000000j),(1.0393645180000000+0.0153131090000000j),(1.0395572820000001+0.0154441760000000j),(1.0474300740000000+0.0189918460000000j),(1.0392176870000001+0.0152257110000000j),(1.0270269000000001+0.0099905020000000j),(1.0263544529999999+0.0095613650000000j),(1.0050647150000001+0.0002956630000000j),(1.0047971430000000+0.0001295270000000j),(1.0137721820000001+0.0042323180000000j),(1.0141609480000000+0.0044913710000000j),(1.0204962700000000+0.0073874600000000j),(1.0208850359999999+0.0076465130000000j),(1.0272203570000000+0.0105426010000000j),(1.0274147400000000+0.0106721280000000j),(1.0326081920000001+0.0127177210000000j),(1.0326094720000001+0.0127186730000000j),(1.0366003410000000+0.0142562310000000j),(1.0394238590000000+0.0153563070000000j),(1.0475634970000001+0.0190797160000000j),(1.0268207279999999+0.0098599070000000j),(1.0045984410000000-0.0000028780000000j),(1.0046027600000000+0.0000000000000000j),(1.0139665650000000+0.0043618450000000j),(1.0206906529999999+0.0075169860000000j),(1.0326077659999999+0.0127182990000000j),(1.0275514880000001+0.0107588310000000j),(1.0046027600000000+0.0000000000000000j),(1.0045984410000000-0.0000028780000000j),(1.0045984410000000-0.0000028780000000j),(1.0275328749999999+0.0100229940000000j),(1.0275351669999999+0.0100242290000000j),(1.0401493639999999+0.0155253900000000j),(1.0394238590000000+0.0153563070000000j),(1.0326094720000001+0.0127186730000000j),(1.0483010530000001+0.0192550370000000j),(1.0475604970000001+0.0190799840000000j),(1.0139665650000000+0.0043618450000000j),(1.0139665650000000+0.0043618450000000j),(1.0274147400000000+0.0106721280000000j),(1.0206906529999999+0.0075169860000000j),(1.0366003410000000+0.0142562310000000j),(1.0295859100000000+0.0112477930000000j),(1.0277109120000001+0.0100637650000000j),(1.0299359669999999+0.0114715210000000j),(1.0277137759999999+0.0100653090000000j),(1.0499282210000001+0.0202266920000000j),(1.0484854420000000+0.0192988670000000j),(1.0475526589999999+0.0190782490000000j),(1.0475597470000000+0.0190800510000000j),(1.0434429380000001+0.0165510160000000j),(1.0403307399999999+0.0155676610000000j),(1.0325969310000001+0.0127188960000000j),(1.0285143210000001+0.0110507680000000j)
(-0.0406932417116781-0.0000287961343989j),(-0.0370312427975079-0.0000353444881836j),(-0.0350190698677649-0.0000110799468137j),(-0.0337516300813237-0.0000300529237468j),(-0.0361464402047479-0.0000630669933935j),(1.0267349040000000+0.0104928630000000j),(1.0310940909999999+0.0121461550000000j),(1.0311960570000001+0.0122201170000000j),(1.0345340470000000+0.0134433280000000j),(1.0346366199999999+0.0135168550000000j),(1.0369683040000000+0.0143713040000000j),(1.0371439280000001+0.0144896380000000j),(1.0444779259999999+0.0177788840000000j),(1.0368235379999999+0.0142834990000000j),(1.0252278570000000+0.0092846740000000j),(1.0245982140000001+0.0088826860000000j),(1.0048020820000001+0.0002746000000000j),(1.0045628190000000+0.0001268560000000j),(1.0133414500000000+0.0041468740000000j),(1.0137216560000000+0.0044005860000000j),(1.0199183359999999+0.0072382460000000j),(1.0202985419999999+0.0074919570000000j),(1.0264952230000000+0.0103296170000000j),(1.0266853260000000+0.0104564730000000j),(1.0311436690000000+0.0121825450000000j),(1.0311447709999999+0.0121833540000000j),(1.0345853340000000+0.0134800910000000j),(1.0370195900000001+0.0144080670000000j),(1.0446022630000000+0.0178604550000000j),(1.0250318050000000+0.0091601050000000j),(1.0043684920000000-0.0000028190000000j),(1.0043727160000000+0.0000000000000000j),(1.0135315530000000+0.0042737300000000j),(1.0201084389999999+0.0073651010000000j),(1.0311430619999999+0.0121829800000000j),(1.0268258509999999+0.0105469390000000j),(1.0043727160000000+0.0000000000000000j),(1.0043684920000000-0.0000028190000000j),(1.0043684920000000-0.0000028190000000j),(1.0256709900000001+0.0093054690000000j),(1.0256946050000000+0.0093114050000000j),(1.0376947679999999+0.0145644080000000j),(1.0370195900000001+0.0144080670000000j),(1.0311447709999999+0.0121833540000000j),(1.0452893000000001+0.0180224120000000j),(1.0445992550000001+0.0178607270000000j),(1.0135315530000000+0.0042737300000000j),(1.0135315530000000+0.0042737300000000j),(1.0266853260000000+0.0104564730000000j),(1.0201084389999999+0.0073651010000000j),(1.0345853340000000+0.0134800910000000j),(1.0275147039999999+0.0104016260000000j),(1.0258307860000000+0.0093418100000000j),(1.0279232389999999+0.0106499290000000j),(1.0258603049999999+0.0093492300000000j),(1.0468060320000001+0.0189242820000000j),(1.0454610590000000+0.0180629010000000j),(1.0445913929999999+0.0178589960000000j),(1.0445985030000000+0.0178607950000000j),(1.0407602140000001+0.0155142090000000j),(1.0378635620000001+0.0146034940000000j),(1.0311322119999999+0.0121835830000000j),(1.0278175530000000+0.0108551320000000j)
(-0.0323443188961009-0.0002314374264630j),(-0.0355541031705498-0.0000315503459304j),(-0.0324733118119461-0.0000083686861972j),(-0.0329679439483878-0.0000177553931575j),(-0.0345477513045200-0.0000424972934885j),(1.0236639030000001+0.0091620060000000j),(1.0283667710000000+0.0109599100000000j),(1.0284765450000000+0.0110400390000000j),(1.0320702030000000+0.0123705970000000j),(1.0321805030000000+0.0124502220000000j),(1.0346907789999999+0.0133796560000000j),(1.0348656640000000+0.0134978580000000j),(1.0419268390000000+0.0166567060000000j),(1.0345634710000000+0.0133045320000000j),(1.0237803960000000+0.0087056920000000j),(1.0231890349999999+0.0083302370000000j),(1.0045274129999999+0.0002580580000000j),(1.0042882540000000+0.0001107040000000j),(1.0119556450000000+0.0036178220000000j),(1.0122877530000001+0.0038392290000000j),(1.0177000290000000+0.0063148420000000j),(1.0180321370000001+0.0065362490000000j),(1.0234444130000000+0.0090118620000000j),(1.0236104669999999+0.0091225650000000j),(1.0284202080000000+0.0109993500000000j),(1.0284213950000001+0.0110002270000000j),(1.0321253530000001+0.0124104090000000j),(1.0347459280000000+0.0134194680000000j),(1.0420465740000000+0.0167350960000000j),(1.0235979380000000+0.0085907550000000j),(1.0041185100000001-0.0000024600000000j),(1.0041222000000001+0.0000000000000000j),(1.0121216989999999+0.0037285250000000j),(1.0178660829999999+0.0064255450000000j),(1.0284196820000000+0.0109998540000000j),(1.0237230840000000+0.0091938290000000j),(1.0041222000000001+0.0000000000000000j),(1.0041185100000001-0.0000024600000000j),(1.0041185100000001-0.0000024600000000j),(1.0242232210000000+0.0087328160000000j),(1.0242136220000000+0.0087309210000000j),(1.0353928299999999+0.0135689570000000j),(1.0347459280000000+0.0134194680000000j),(1.0284213950000001+0.0110002270000000j),(1.0427080410000000+0.0168903240000000j),(1.0420435589999999+0.0167353720000000j),(1.0121216989999999+0.0037285250000000j),(1.0121216989999999+0.0037285250000000j),(1.0236104669999999+0.0091225650000000j),(1.0178660829999999+0.0064255450000000j),(1.0321253530000001+0.0124104090000000j),(1.0260269769999999+0.0098046910000000j),(1.0243795419999999+0.0087683310000000j),(1.0262842830000001+0.0099729200000000j),(1.0243675430000001+0.0087659630000000j),(1.0441688480000000+0.0177569540000000j),(1.0428734070000001+0.0169291310000000j),(1.0420356760000000+0.0167336440000000j),(1.0420428049999999+0.0167354410000000j),(1.0383300010000001+0.0144775690000000j),(1.0355545559999999+0.0136063290000000j),(1.0284088030000000+0.0110004710000000j),(1.0245157860000000+0.0094334130000000j)
(-0.0352341404525522+0.0001105105822601j),(-0.0348524236540276-0.0000583947789661j),(-0.0320328928650029-0.0000429428191523j),(-0.0316516476231299-0.0000563335084099j),(-0.0354968374783335-0.0000729837096111j),(1.0243985739999999+0.0095856330000000j),(1.0288398210000000+0.0112463920000000j),(1.0289438470000001+0.0113211300000000j),(1.0323430320000000+0.0125497950000000j),(1.0324476469999999+0.0126240890000000j),(1.0348220770000001+0.0134823470000000j),(1.0349918110000000+0.0135962450000000j),(1.0419157349999999+0.0166874210000000j),(1.0346881260000000+0.0134015350000000j),(1.0236750230000000+0.0086731820000000j),(1.0230819289999999+0.0082958380000000j),(1.0045134110000000+0.0002568150000000j),(1.0042827390000000+0.0001156530000000j),(1.0122451960000001+0.0037872140000000j),(1.0125898630000001+0.0040185200000000j),(1.0182104210000000+0.0066102100000000j),(1.0185550880000001+0.0068415160000000j),(1.0241756460000000+0.0094332060000000j),(1.0243479790000001+0.0095488590000000j),(1.0288904150000000+0.0112831660000000j),(1.0288915400000000+0.0112839830000000j),(1.0323953390000000+0.0125869420000000j),(1.0348743850000000+0.0135194940000000j),(1.0420331610000000+0.0167641720000000j),(1.0234887650000000+0.0085552240000000j),(1.0041065750000000-0.0000025700000000j),(1.0041104050000000+0.0000000000000000j),(1.0124175289999999+0.0039028670000000j),(1.0183827539999999+0.0067258630000000j),(1.0288898270000000+0.0112836100000000j),(1.0244697180000000+0.0096277370000000j),(1.0041104050000000+0.0000000000000000j),(1.0041065750000000-0.0000025700000000j),(1.0041065750000000-0.0000025700000000j),(1.0240893830000000+0.0086908450000000j),(1.0240963420000000+0.0086928180000000j),(1.0355390209999999+0.0136725850000000j),(1.0348743850000000+0.0135194940000000j),(1.0288915400000000+0.0112839830000000j),(1.0426817260000001+0.0169158390000000j),(1.0420301460000001+0.0167644480000000j),(1.0124175289999999+0.0039028670000000j),(1.0124175289999999+0.0039028670000000j),(1.0243479790000001+0.0095488590000000j),(1.0183827539999999+0.0067258630000000j),(1.0323953390000000+0.0125869420000000j),(1.0258228309999999+0.0097178360000000j),(1.0242395380000000+0.0087247500000000j),(1.0261406000000000+0.0099158210000000j),(1.0242482360000000+0.0087272160000000j),(1.0441144419999999+0.0177642940000000j),(1.0428438670000000+0.0169537550000000j),(1.0420222630000000+0.0167627200000000j),(1.0420293920000001+0.0167645170000000j),(1.0385568800000000+0.0146038190000000j),(1.0357051799999999+0.0137108580000000j),(1.0288789530000000+0.0112842240000000j),(1.0253296880000000+0.0098977630000000j)
(-0.0287202391523842+0.0003536581304734j),(-0.0328988774445307-0.0000012691956745j),(-0.0307087119957228-0.0000005374027049j),(-0.0289548910850703-0.0000231153862005j),(-0.0334737473094720-0.0000316880171254j),(1.0215532549999999+0.0085634610000000j),(1.0261119329999999+0.0102509380000000j),(1.0262187920000001+0.0103272010000000j),(1.0297055070000001+0.0115756130000000j),(1.0298129290000000+0.0116514140000000j),(1.0322485010000000+0.0125234670000000j),(1.0324133099999999+0.0126340840000000j),(1.0389649439999999+0.0155641410000000j),(1.0321302950000000+0.0124524430000000j),(1.0219647670000001+0.0080856170000000j),(1.0214139820000001+0.0077349200000000j),(1.0041205170000000+0.0002394870000000j),(1.0038960040000000+0.0001028290000000j),(1.0108826980000001+0.0033821540000000j),(1.0111846959999999+0.0035878110000000j),(1.0161164810000001+0.0059026290000000j),(1.0164184780000001+0.0061082870000000j),(1.0213502630000000+0.0084231040000000j),(1.0215012610000000+0.0085259330000000j),(1.0261639259999999+0.0102884660000000j),(1.0261650819999999+0.0102893000000000j),(1.0297592179999999+0.0116135140000000j),(1.0323022120000001+0.0125613670000000j),(1.0390760420000000+0.0156368580000000j),(1.0217928489999999+0.0079766930000000j),(1.0037416490000000-0.0000022850000000j),(1.0037450050000001+0.0000000000000000j),(1.0110336970000000+0.0034849830000000j),(1.0162674789999999+0.0060054580000000j),(1.0261633640000001+0.0102889280000000j),(1.0216002670000000+0.0085912340000000j),(1.0037450050000001+0.0000000000000000j),(1.0037416490000000-0.0000022850000000j),(1.0037416490000000-0.0000022850000000j),(1.0223432699999999+0.0081011760000000j),(1.0223762420000000+0.0081092550000000j),(1.0329306290000000+0.0127062250000000j),(1.0323022120000001+0.0125613670000000j),(1.0261650819999999+0.0102893000000000j),(1.0396899879999999+0.0157807880000000j),(1.0390730180000001+0.0156371380000000j),(1.0110336970000000+0.0034849830000000j),(1.0110336970000000+0.0034849830000000j),(1.0215012610000000+0.0085259330000000j),(1.0162674789999999+0.0060054580000000j),(1.0297592179999999+0.0116135140000000j),(1.0239316420000000+0.0090429460000000j),(1.0224808750000001+0.0081322970000000j),(1.0243386000000001+0.0092851910000000j),(1.0225220900000001+0.0081423950000000j),(1.0410459599999999+0.0165848110000000j),(1.0398434750000001+0.0158167710000000j),(1.0390651099999999+0.0156354140000000j),(1.0390722619999999+0.0156372080000000j),(1.0357839950000001+0.0135872190000000j),(1.0330877340000000+0.0127424400000000j),(1.0261524620000000+0.0102895530000000j),(1.0223015600000001+0.0088177310000000j)
(-0.0288384348912421+0.0000355657072383j),(-0.0248308161205245+0.0001576703805266j),(-0.0315670669248936+0.0000214273698285j),(-0.0301226597522549+0.0000171329298647j),(-0.0340841659270488-0.0000069739195159j),(1.0209008300000000+0.0081596020000000j),(1.0249554809999999+0.0097019070000000j),(1.0250504220000001+0.0097708430000000j),(1.0281626690000001+0.0109113090000000j),(1.0282583050000000+0.0109798630000000j),(1.0304323010000001+0.0117765130000000j),(1.0305638749999999+0.0118662540000000j),(1.0355086630000001+0.0141095320000000j),(1.0303273669999999+0.0117140080000000j),(1.0212951130000001+0.0078339770000000j),(1.0207756269999999+0.0075027990000000j),(1.0040335119999999+0.0002322110000000j),(1.0038163410000001+0.0000983650000000j),(1.0105777080000000+0.0032228430000000j),(1.0108703340000000+0.0034195740000000j),(1.0156430630000000+0.0056250880000000j),(1.0159356890000000+0.0058218180000000j),(1.0207084190000000+0.0080273320000000j),(1.0208547320000001+0.0081256970000000j),(1.0250015800000001+0.0097358130000000j),(1.0250026040000000+0.0097365660000000j),(1.0282104870000000+0.0109455860000000j),(1.0304801189999999+0.0118107890000000j),(1.0355924200000000+0.0141649960000000j),(1.0211423620000000+0.0077371960000000j),(1.0036667770000001-0.0000021860000000j),(1.0036700279999999+0.0000000000000000j),(1.0107240209999999+0.0033212090000000j),(1.0157893760000001+0.0057234530000000j),(1.0250008840000000+0.0097361940000000j),(1.0209549460000000+0.0081901570000000j),(1.0036700279999999+0.0000000000000000j),(1.0036667770000001-0.0000021860000000j),(1.0036667770000001-0.0000021860000000j),(1.0217151440000001+0.0078674480000000j),(1.0217423320000001+0.0078738430000000j),(1.0311210770000001+0.0119585780000000j),(1.0304801189999999+0.0118107890000000j),(1.0250026040000000+0.0097365660000000j),(1.0360570650000001+0.0142762880000000j),(1.0355893869999999+0.0141652810000000j),(1.0107240209999999+0.0033212090000000j),(1.0107240209999999+0.0033212090000000j),(1.0208547320000001+0.0081256970000000j),(1.0157893760000001+0.0057234530000000j),(1.0282104870000000+0.0109455860000000j),(1.0233673290000000+0.0088496980000000j),(1.0218583390000000+0.0079000110000000j),(1.0237600730000000+0.0090843540000000j),(1.0218923250000000+0.0079080050000000j),(1.0370815130000000+0.0148904210000000j),(1.0361732260000001+0.0143041110000000j),(1.0355814500000000+0.0141635620000000j),(1.0355886280000000+0.0141653530000000j),(1.0340313720000001+0.0128573350000000j),(1.0312813160000001+0.0119955250000000j),(1.0249899700000000+0.0097368260000000j),(1.0216620800000000+0.0084096130000000j)
(-0.0281295948308379-0.0000192955627667j),(-0.0248486545531768-0.0000949765134578j),(-0.0305943433659561-0.0000250072660421j),(-0.0296728666700138-0.0000296654279068j),(-0.0327545461708616-0.0000442569343206j),(1.0205391589999999+0.0079173900000000j),(1.0245160069999999+0.0094058880000000j),(1.0246093329999999+0.0094728850000000j),(1.0276638000000000+0.0105733330000000j),(1.0277578390000000+0.0106399690000000j),(1.0298914740000000+0.0114086640000000j),(1.0300229359999999+0.0114966160000000j),(1.0349971870000001+0.0136896960000000j),(1.0297886300000001+0.0113481470000000j),(1.0209367199999999+0.0076013890000000j),(1.0204276189999999+0.0072795950000000j),(1.0040387019999999+0.0002258330000000j),(1.0038258689999999+0.0000956340000000j),(1.0104400620000000+0.0031268740000000j),(1.0107265070000000+0.0033181430000000j),(1.0153953490000001+0.0054578410000000j),(1.0156817950000001+0.0056491100000000j),(1.0203506369999999+0.0077888090000000j),(1.0204938589999999+0.0078844430000000j),(1.0245613060000001+0.0094388340000000j),(1.0245623129999999+0.0094395670000000j),(1.0277108189999999+0.0106066510000000j),(1.0299384940000000+0.0114419820000000j),(1.0350816290000000+0.0137443300000000j),(1.0207868560000000+0.0075075530000000j),(1.0036794640000000-0.0000021250000000j),(1.0036826470000000+0.0000000000000000j),(1.0105832850000001+0.0032225080000000j),(1.0155385720000001+0.0055534760000000j),(1.0245605920000000+0.0094391950000000j),(1.0205917830000000+0.0079471310000000j),(1.0036826470000000+0.0000000000000000j),(1.0036794640000000-0.0000021250000000j),(1.0036794640000000-0.0000021250000000j),(1.0213515310000001+0.0076348880000000j),(1.0213688190000001+0.0076390210000000j),(1.0305550729999999+0.0115831500000000j),(1.0299384940000000+0.0114419820000000j),(1.0245623129999999+0.0094395670000000j),(1.0355479830000001+0.0138508240000000j),(1.0350785940000000+0.0137446160000000j),(1.0105832850000001+0.0032225080000000j),(1.0105832850000001+0.0032225080000000j),(1.0204938589999999+0.0078844430000000j),(1.0155385720000001+0.0055534760000000j),(1.0277108189999999+0.0106066510000000j),(1.0229814120000000+0.0085998910000000j),(1.0214927000000000+0.0076667220000000j),(1.0233272800000000+0.0088092830000000j),(1.0215143090000001+0.0076718890000000j),(1.0365801059999999+0.0144548000000000j),(1.0356645710000001+0.0138774480000000j),(1.0350706530000000+0.0137428990000000j),(1.0350778359999999+0.0137446880000000j),(1.0333550110000000+0.0124431090000000j),(1.0307092179999999+0.0116184420000000j),(1.0245496740000000+0.0094398300000000j),(1.0212822539999999+0.0081597810000000j)
(-0.0221221517811985+0.0000178163871613j),(-0.0306572039374474+0.0001297605313991j),(-0.0252023363038521+0.0000300704095321j),(-0.0245381919841193+0.0000306581599821j),(-0.0269991856052804+0.0000043774862192j),(1.0178615019999999+0.0069784850000000j),(1.0219824129999999+0.0085439900000000j),(1.0220788970000001+0.0086139940000000j),(1.0252406679999999+0.0097715750000000j),(1.0253378360000001+0.0098411850000000j),(1.0275464260000000+0.0106497890000000j),(1.0276988680000001+0.0107529360000000j),(1.0338266570000001+0.0135114450000000j),(1.0274468260000000+0.0105910490000000j),(1.0186875650000000+0.0068453990000000j),(1.0182180759999999+0.0065471140000000j),(1.0035540560000000+0.0002028750000000j),(1.0033595670000000+0.0000839130000000j),(1.0090959399999999+0.0027543950000000j),(1.0093440579999999+0.0029222210000000j),(1.0133932619999999+0.0048072670000000j),(1.0136413799999999+0.0049750930000000j),(1.0176905839999999+0.0068601390000000j),(1.0178146429999999+0.0069440520000000j),(1.0220292719999999+0.0085784240000000j),(1.0220303129999999+0.0085791890000000j),(1.0252892520000001+0.0098063800000000j),(1.0275950100000000+0.0106845940000000j),(1.0339305139999999+0.0135797870000000j),(1.0185393800000000+0.0067518540000000j),(1.0032327519999999-0.0000018650000000j),(1.0032355090000000+0.0000000000000000j),(1.0092199989999999+0.0028383080000000j),(1.0135173209999999+0.0048911800000000j),(1.0220285880000000+0.0085788180000000j),(1.0178918429999999+0.0069935310000000j),(1.0032355090000000+0.0000000000000000j),(1.0032327519999999-0.0000018650000000j),(1.0032327519999999-0.0000018650000000j),(1.0190074030000000+0.0068580570000000j),(1.0190199270000000+0.0068609540000000j),(1.0281046260000000+0.0108016190000000j),(1.0275950100000000+0.0106845940000000j),(1.0220303129999999+0.0085791890000000j),(1.0345052480000001+0.0137159270000000j),(1.0339274759999999+0.0135800740000000j),(1.0092199989999999+0.0028383080000000j),(1.0092199989999999+0.0028383080000000j),(1.0178146429999999+0.0069440520000000j),(1.0135173209999999+0.0048911800000000j),(1.0252892520000001+0.0098063800000000j),(1.0203576400000001+0.0076599540000000j),(1.0191244090000000+0.0068846080000000j),(1.0206364539999999+0.0078292500000000j),(1.0191400639999999+0.0068882290000000j),(1.0357735619999999+0.0144719440000000j),(1.0346489320000001+0.0137499620000000j),(1.0339195260000000+0.0135783560000000j),(1.0339267169999999+0.0135801460000000j),(1.0304187199999999+0.0115139940000000j),(1.0282320300000001+0.0108308750000000j),(1.0220176430000001+0.0085794640000000j),(1.0184362870000001+0.0071615260000000j)
(-0.0222380623577928+0.0000495988204623j),(-0.0222250509485059-0.0002519571567366j),(-0.0257250107894473+0.0000698717055360j),(-0.0243965395694586+0.0000714976855084j),(-0.0261090751666327+0.0000297820300908j),(1.0168724190000000+0.0064849680000000j),(1.0203174890000000+0.0077631730000000j),(1.0203986530000000+0.0078209700000000j),(1.0230583190000000+0.0087649550000000j),(1.0231403390000000+0.0088224910000000j),(1.0249981930000001+0.0094818920000000j),(1.0251155480000000+0.0095590350000000j),(1.0296041030000000+0.0114873860000000j),(1.0249137790000000+0.0094328880000000j),(1.0175119840000000+0.0063379870000000j),(1.0170866220000001+0.0060700730000000j),(1.0034042900000000+0.0001884030000000j),(1.0032238640000000+0.0000782590000000j),(1.0086243520000000+0.0025606800000000j),(1.0088581790000000+0.0027171980000000j),(1.0126702880000000+0.0044694960000000j),(1.0129041150000000+0.0046260130000000j),(1.0167162240000001+0.0063783110000000j),(1.0168331370000001+0.0064565700000000j),(1.0203567700000000+0.0077915710000000j),(1.0203576430000001+0.0077922020000000j),(1.0230993289999999+0.0087937230000000j),(1.0250392030000000+0.0095106600000000j),(1.0296804479999999+0.0115357610000000j),(1.0173865590000000+0.0062602150000000j),(1.0031043529999999-0.0000017390000000j),(1.0031069509999999+0.0000000000000000j),(1.0087412650000001+0.0026389390000000j),(1.0127872010000001+0.0045477540000000j),(1.0203559149999999+0.0077918320000000j),(1.0169107690000001+0.0065064300000000j),(1.0031069509999999+0.0000000000000000j),(1.0031043529999999-0.0000017390000000j),(1.0031043529999999-0.0000017390000000j),(1.0178522870000000+0.0063664890000000j),(1.0178774890000000+0.0063722270000000j),(1.0255333090000001+0.0096240410000000j),(1.0250392030000000+0.0095106600000000j),(1.0203576430000001+0.0077922020000000j),(1.0301007480000000+0.0116274750000000j),(1.0296773980000000+0.0115360550000000j),(1.0087412650000001+0.0026389390000000j),(1.0087412650000001+0.0026389390000000j),(1.0168331370000001+0.0064565700000000j),(1.0127872010000001+0.0045477540000000j),(1.0230993289999999+0.0087937230000000j),(1.0191953069999999+0.0071662910000000j),(1.0179687190000000+0.0063930570000000j),(1.0195282809999999+0.0073634600000000j),(1.0180002210000001+0.0064002300000000j),(1.0310341450000000+0.0121616390000000j),(1.0302058220000001+0.0116504040000000j),(1.0296694110000000+0.0115343460000000j),(1.0296766360000000+0.0115361290000000j),(1.0277770030000000+0.0103143510000000j),(1.0256568360000000+0.0096523860000000j),(1.0203449529999999+0.0077924870000000j),(1.0174584330000001+0.0066759920000000j)
(-0.0295066917532975+0.0068633281688369j),(-0.0522302200587232+0.0157521334701235j),(-0.0338939794648050-0.0029355903252323j),(-0.0321250483140124+0.0000764042044453j),(-0.0333165155048278+0.0000230781703974j),(1.0190618610000000+0.0133543770000000j),(1.0249395509999999+0.0162349290000000j),(1.0250718040000000+0.0163512770000000j),(1.0295389029999999+0.0184869210000000j),(1.0296714389999999+0.0186023780000000j),(1.0327918400000000+0.0200941880000000j),(1.0329971120000001+0.0203222280000000j),(1.0418734130000000+0.0282220900000000j),(1.0326721180000000+0.0199645990000000j),(1.0210764180000000+0.0115110540000000j),(1.0204694569999999+0.0109983940000000j),(1.0008776619999999+0.0003220620000000j),(1.0006115980000001+0.0001476650000000j),(1.0079207750000001+0.0052937060000000j),(1.0082238539999999+0.0055890370000000j),(1.0133832730000001+0.0092215360000000j),(1.0136863519999999+0.0095168670000000j),(1.0188457710000001+0.0131493670000000j),(1.0189973100000000+0.0132970320000000j),(1.0250041020000000+0.0162922750000000j),(1.0250055360000001+0.0162935490000000j),(1.0296051710000000+0.0185446490000000j),(1.0328581080000001+0.0201519160000000j),(1.0420124170000000+0.0283924030000000j),(1.0208904280000000+0.0113237380000000j),(1.0004566909999999-0.0000032810000000j),(1.0004600589999999+0.0000000000000000j),(1.0080723149999999+0.0054413720000000j),(1.0135348120000001+0.0093692020000000j),(1.0250038189999999+0.0162931660000000j),(1.0190842980000001+0.0133873520000000j),(1.0004600589999999+0.0000000000000000j),(1.0004566909999999-0.0000032810000000j),(1.0004566909999999-0.0000032810000000j),(1.0215005710000000+0.0114659560000000j),(1.0215470200000001+0.0114164210000000j),(1.0334818580000000+0.0203016100000000j),(1.0328581080000001+0.0201519160000000j),(1.0250055360000001+0.0162935490000000j),(1.0429076180000001+0.0289251740000000j),(1.0420094000000000+0.0283926450000000j),(1.0080723149999999+0.0054413720000000j),(1.0080723149999999+0.0054413720000000j),(1.0189973100000000+0.0132970320000000j),(1.0135348120000001+0.0093692020000000j),(1.0296051710000000+0.0185446490000000j),(1.0232570290000000+0.0125230770000000j),(1.0216531060000000+0.0115015110000000j),(1.0238228469999999+0.0125345410000000j),(1.0217111690000000+0.0114395920000000j),(1.0446424089999999+0.0308675210000000j),(1.0431314180000000+0.0290583670000000j),(1.0420015380000001+0.0283908300000000j),(1.0420086460000000+0.0283927060000000j),(1.0363120400000001+0.0212033610000000j),(1.0336377960000001+0.0203390330000000j),(1.0249929019999999+0.0162937280000000j),(1.0197552059999999+0.0137836190000000j)
(-0.0266526821478426+0.0001128474632907j),(-0.0484870902783554+0.0003006823259231j),(-0.0312854547234951+0.0001254267954815j),(-0.0297129570876658+0.0001515163680673j),(-0.0305926506625788+0.0001028792230119j),(1.0223297270000000+0.0089956960000000j),(1.0279921869999999+0.0111833910000000j),(1.0281238470000000+0.0112803840000000j),(1.0324306809999999+0.0129006420000000j),(1.0325626269999999+0.0129969470000000j),(1.0355710770000000+0.0141287450000000j),(1.0357988990000000+0.0142849480000000j),(1.0453615350000001+0.0186663650000000j),(1.0354371970000000+0.0140488700000000j),(1.0236077560000001+0.0088970560000000j),(1.0229975920000001+0.0085041900000000j),(1.0042489500000000+0.0002624470000000j),(1.0039986480000000+0.0001076240000000j),(1.0112481810000000+0.0035499880000000j),(1.0115612420000000+0.0037652360000000j),(1.0166785590000000+0.0061951400000000j),(1.0169916210000001+0.0064103890000000j),(1.0221089379999999+0.0088402930000000j),(1.0222654680000001+0.0089479170000000j),(1.0280564459999999+0.0112311700000000j),(1.0280578739999999+0.0112322320000000j),(1.0324966540000000+0.0129487950000000j),(1.0356370490000000+0.0141768980000000j),(1.0455233850000001+0.0187744150000000j),(1.0234079030000001+0.0087690280000000j),(1.0038386390000000-0.0000023920000000j),(1.0038421179999999+0.0000000000000000j),(1.0114047120000000+0.0036576120000000j),(1.0168350900000001+0.0063027650000000j),(1.0280561600000000+0.0112318590000000j),(1.0223577399999999+0.0090077620000000j),(1.0038421179999999+0.0000000000000000j),(1.0038386390000000-0.0000023920000000j),(1.0038386390000000-0.0000023920000000j),(1.0239709560000001+0.0089003370000000j),(1.0240006390000000+0.0089067190000000j),(1.0362089310000000+0.0143121950000000j),(1.0356370490000000+0.0141768980000000j),(1.0280578739999999+0.0112322320000000j),(1.0464198000000000+0.0189936320000000j),(1.0455203790000001+0.0187746840000000j),(1.0114047120000000+0.0036576120000000j),(1.0114047120000000+0.0036576120000000j),(1.0222654680000001+0.0089479170000000j),(1.0168350900000001+0.0063027650000000j),(1.0324966540000000+0.0129487950000000j),(1.0255917870000000+0.0098760790000000j),(1.0241117200000001+0.0089331640000000j),(1.0259908480000000+0.0101124160000000j),(1.0241488230000000+0.0089411420000000j),(1.0483928339999999+0.0201891950000000j),(1.0466439040000000+0.0190484360000000j),(1.0455125260000000+0.0187729480000000j),(1.0455196280000001+0.0187747520000000j),(1.0388044210000000+0.0151299620000000j),(1.0363519010000000+0.0143460190000000j),(1.0280452780000000+0.0112324730000000j),(1.0230096490000000+0.0092127800000000j)
(-0.0267147527654702+0.0001332587165164j),(-0.0503373010417013+0.0003476418830239j),(-0.0311310776725174+0.0001393135201886j),(-0.0291064982005570+0.0001662443909754j),(-0.0295733422551121+0.0000956733077578j),(1.0223670069999999+0.0090413860000000j),(1.0280568090000000+0.0112438520000000j),(1.0281890659999999+0.0113414210000000j),(1.0325162130000001+0.0129726630000000j),(1.0326487490000000+0.0130695360000000j),(1.0356713890000000+0.0142090070000000j),(1.0359055010000000+0.0143697300000000j),(1.0458243380000001+0.0189259070000000j),(1.0355355639999999+0.0141277420000000j),(1.0235714300000001+0.0089053800000000j),(1.0229594670000000+0.0085107540000000j),(1.0042285419999999+0.0002625220000000j),(1.0039791510000000+0.0001081200000000j),(1.0112511510000000+0.0035680780000000j),(1.0115651299999999+0.0037843170000000j),(1.0166983070000000+0.0062266400000000j),(1.0170122859999999+0.0064428800000000j),(1.0221454630000000+0.0088852030000000j),(1.0223024519999999+0.0089933230000000j),(1.0281213629999999+0.0112919160000000j),(1.0281227980000001+0.0112929840000000j),(1.0325824809999999+0.0130211000000000j),(1.0357376570000001+0.0142574440000000j),(1.0459921820000000+0.0190381930000000j),(1.0233693370000001+0.0087756780000000j),(1.0038186720000000-0.0000024030000000j),(1.0038221610000000+0.0000000000000000j),(1.0114081410000000+0.0036761970000000j),(1.0168552970000000+0.0063347600000000j),(1.0281210839999999+0.0112926110000000j),(1.0223948880000000+0.0090533780000000j),(1.0038221610000000+0.0000000000000000j),(1.0038186720000000-0.0000024030000000j),(1.0038186720000000-0.0000024030000000j),(1.0239208680000000+0.0089046480000000j),(1.0239591150000000+0.0089129730000000j),(1.0362904970000000+0.0143881890000000j),(1.0357376570000001+0.0142574440000000j),(1.0281227980000001+0.0112929840000000j),(1.0469220650000000+0.0192665790000000j),(1.0459891779999999+0.0190384620000000j),(1.0114081410000000+0.0036761970000000j),(1.0114081410000000+0.0036761970000000j),(1.0223024519999999+0.0089933230000000j),(1.0168552970000000+0.0063347600000000j),(1.0325824809999999+0.0130211000000000j),(1.0255081779999999+0.0098615070000000j),(1.0240587500000000+0.0089368910000000j),(1.0259390450000001+0.0101137090000000j),(1.0241065590000000+0.0089472970000000j),(1.0489680219999999+0.0205091270000000j),(1.0471545360000001+0.0193236760000000j),(1.0459813290000000+0.0190367240000000j),(1.0459884269999999+0.0190385290000000j),(1.0387995809999999+0.0151785080000000j),(1.0364287059999999+0.0144208750000000j),(1.0281102019999999+0.0112932250000000j),(1.0230481279999999+0.0092593890000000j)
(-0.0275765458426973+0.0061011131377236j),(-0.0527127814124008+0.0095641642593997j),(-0.0303607078842799+0.0128183680507835j),(-0.0304629461676473+0.0001839950793777j),(-0.0322964568014367+0.0001354903794293j),(1.0164250429999999+0.0128714140000000j),(1.0222189580000001+0.0158796570000000j),(1.0223481520000000+0.0159986900000000j),(1.0267532559999999+0.0182291860000000j),(1.0268827709999999+0.0183472990000000j),(1.0299598649999999+0.0199053660000000j),(1.0301797200000000+0.0201151020000000j),(1.0397468870000000+0.0268294220000000j),(1.0298244280000000+0.0197997790000000j),(1.0176614520000000+0.0126855070000000j),(1.0170792570000000+0.0121739050000000j),(0.9989575950000000+0.0003437980000000j),(0.9987241200000000+0.0001421780000000j),(1.0057361659999999+0.0051010670000000j),(1.0060267590000000+0.0053854220000000j),(1.0109764390000000+0.0088858150000000j),(1.0112670310000000+0.0091701700000000j),(1.0162167110000000+0.0126705630000000j),(1.0163620069999999+0.0128127410000000j),(1.0222819940000001+0.0159383300000000j),(1.0222833950000001+0.0159396330000000j),(1.0268180130000000+0.0182882420000000j),(1.0300246220000000+0.0199644220000000j),(1.0399019850000000+0.0269801010000000j),(1.0174612580000000+0.0125208630000000j),(0.9985755940000000-0.0000031600000000j),(0.9985788230000000+0.0000000000000000j),(1.0058814620000001+0.0052432450000000j),(1.0111217349999999+0.0090279930000000j),(1.0222816729999999+0.0159392500000000j),(1.0164442680000001+0.0128962450000000j),(0.9985788230000000+0.0000000000000000j),(0.9985755940000000-0.0000031600000000j),(0.9985755940000000-0.0000031600000000j),(1.0180411860000000+0.0126589960000000j),(1.0179830790000000+0.0129001310000000j),(1.0306305060000001+0.0201119840000000j),(1.0300246220000000+0.0199644220000000j),(1.0222833950000001+0.0159396330000000j),(1.0408370890000000+0.0273996830000000j),(1.0398989620000001+0.0269803480000000j),(1.0058814620000001+0.0052432450000000j),(1.0058814620000001+0.0052432450000000j),(1.0163620069999999+0.0128127410000000j),(1.0111217349999999+0.0090279930000000j),(1.0268180130000000+0.0182882420000000j),(1.0197076869999999+0.0136729760000000j),(1.0181861679999999+0.0126935290000000j),(1.0194281190000001+0.0148993560000000j),(1.0181135340000000+0.0129949490000000j),(1.0427519890000001+0.0291020710000000j),(1.0410708650000000+0.0275045790000000j),(1.0398910809999999+0.0269785400000000j),(1.0398982059999999+0.0269804100000000j),(1.0333788920000000+0.0209978610000000j),(1.0307819770000000+0.0201488740000000j),(1.0222707270000000+0.0159398170000000j),(1.0170755450000000+0.0132595600000000j)
(-0.0280624847887447+0.0001513723511877j),(-0.0446195829436151-0.0000939392578658j),(-0.0318721635471158+0.0001629899854568j),(-0.0296401348172233+0.0001762268782186j),(-0.0301360672805551+0.0001358418790247j),(1.0223759020000001+0.0089307150000000j),(1.0276383929999999+0.0109315840000000j),(1.0277611050000000+0.0110209220000000j),(1.0317707279999999+0.0125023100000000j),(1.0318938250000000+0.0125910440000000j),(1.0346946640000001+0.0136258370000000j),(1.0349062860000000+0.0137683980000000j),(1.0437560829999999+0.0177246020000000j),(1.0345652160000001+0.0135491350000000j),(1.0232709940000000+0.0086946140000000j),(1.0226768150000001+0.0083143010000000j),(1.0042605030000000+0.0002568640000000j),(1.0040177159999999+0.0001071070000000j),(1.0112795400000001+0.0035253830000000j),(1.0115933560000001+0.0037395980000000j),(1.0167193500000000+0.0061524990000000j),(1.0170331660000000+0.0063667130000000j),(1.0221591600000000+0.0087796140000000j),(1.0223160680000001+0.0088867210000000j),(1.0276982269999999+0.0109755780000000j),(1.0276995570000000+0.0109765550000000j),(1.0318322760000000+0.0125466770000000j),(1.0347562130000001+0.0136702040000000j),(1.0439061569999999+0.0178227970000000j),(1.0230799970000000+0.0085735450000000j),(1.0038573209999999-0.0000023800000000j),(1.0038608080000000+0.0000000000000000j),(1.0114364480000000+0.0036324910000000j),(1.0168762579999999+0.0062596060000000j),(1.0276978420000000+0.0109761820000000j),(1.0224131420000000+0.0089498340000000j),(1.0038608080000000+0.0000000000000000j),(1.0038573209999999-0.0000023800000000j),(1.0038573209999999-0.0000023800000000j),(1.0236417700000000+0.0087049450000000j),(1.0236838850000001+0.0087144280000000j),(1.0353199799999999+0.0138039740000000j),(1.0347562130000001+0.0136702040000000j),(1.0276995570000000+0.0109765550000000j),(1.0447343600000001+0.0180171780000000j),(1.0439031470000000+0.0178230690000000j),(1.0114364480000000+0.0036324910000000j),(1.0114364480000000+0.0036324910000000j),(1.0223160680000001+0.0088867210000000j),(1.0168762579999999+0.0062596060000000j),(1.0318322760000000+0.0125466770000000j),(1.0252585240000001+0.0096796820000000j),(1.0237822130000001+0.0087377950000000j),(1.0257108220000000+0.0099449930000000j),(1.0238348570000000+0.0087496490000000j),(1.0465633780000001+0.0191023210000000j),(1.0449414109999999+0.0180657730000000j),(1.0438952790000000+0.0178213370000000j),(1.0439023940000001+0.0178231370000000j),(1.0378785120000000+0.0146119490000000j),(1.0354609220000000+0.0138374160000000j),(1.0276869559999999+0.0109768000000000j),(1.0230992370000001+0.0091664440000000j)
(-0.0352320651260248+0.0001350164260150j),(-0.0363347188411733+0.0001858018974076j),(-0.0378728341195394+0.0001553416888327j),(-0.0370592152425791+0.0001730425331909j),(-0.0367640883409883+0.0001101179489491j),(1.0252112780000000+0.0100637010000000j),(1.0301997009999999+0.0119853580000000j),(1.0303159289999999+0.0120707060000000j),(1.0341216310000001+0.0134933390000000j),(1.0342383100000001+0.0135781270000000j),(1.0368967050000000+0.0145718780000000j),(1.0370765620000000+0.0146950910000000j),(1.0442535970000000+0.0179683910000000j),(1.0367671690000000+0.0144941010000000j),(1.0256482179999999+0.0096609130000000j),(1.0250147249999999+0.0092527170000000j),(1.0046502040000000+0.0002853360000000j),(1.0043867220000000+0.0001209720000000j),(1.0126284260000000+0.0039753480000000j),(1.0129847759999999+0.0042172920000000j),(1.0188024499999999+0.0069380280000000j),(1.0191588000000000+0.0071799720000000j),(1.0249764729999999+0.0099007080000000j),(1.0251546480000000+0.0100216800000000j),(1.0302563309999999+0.0120273780000000j),(1.0302575890000001+0.0120283120000000j),(1.0341799709999999+0.0135357330000000j),(1.0369550450000000+0.0146142720000000j),(1.0443751130000001+0.0180492110000000j),(1.0254603419999999+0.0095407420000000j),(1.0042045879999999-0.0000026880000000j),(1.0042085470000000+0.0000000000000000j),(1.0128066010000001+0.0040963200000000j),(1.0189806250000000+0.0070590000000000j),(1.0302558790000000+0.0120279380000000j),(1.0252761939999999+0.0101006320000000j),(1.0042085470000000+0.0000000000000000j),(1.0042045879999999-0.0000026880000000j),(1.0042045879999999-0.0000026880000000j),(1.0261607390000000+0.0097044940000000j),(1.0261758889999999+0.0097077860000000j),(1.0376409639999999+0.0147767000000000j),(1.0369550450000000+0.0146142720000000j),(1.0302575890000001+0.0120283120000000j),(1.0450484050000000+0.0182123740000000j),(1.0443721050000001+0.0180494820000000j),(1.0128066010000001+0.0040963200000000j),(1.0128066010000001+0.0040963200000000j),(1.0251546480000000+0.0100216800000000j),(1.0189806250000000+0.0070590000000000j),(1.0341799709999999+0.0135357330000000j),(1.0281765180000000+0.0109195350000000j),(1.0263358380000001+0.0097454320000000j),(1.0285774759999999+0.0111662890000000j),(1.0263547760000000+0.0097495470000000j),(1.0465314539999999+0.0191068030000000j),(1.0452167269999999+0.0182531650000000j),(1.0443642410000000+0.0180477490000000j),(1.0443713520000000+0.0180495500000000j),(1.0407539630000000+0.0157582330000000j),(1.0378124430000000+0.0148173070000000j),(1.0302450190000001+0.0120285430000000j),(1.0261351249999999+0.0103714170000000j)
(-0.0353404860317300+0.0001262814858379j),(-0.0388751201281222+0.0000331387218982j),(-0.0365363723535466+0.0001500935150209j),(-0.0354521223823666+0.0001562109105642j),(-0.0355872830353328+0.0001058690111255j),(1.0252563139999999+0.0100603900000000j),(1.0302424280000000+0.0119689010000000j),(1.0303586910000000+0.0120538950000000j),(1.0341626730000000+0.0134667560000000j),(1.0342793859999999+0.0135511940000000j),(1.0369365800000001+0.0145381190000000j),(1.0371252500000001+0.0146662280000000j),(1.0448151610000000+0.0181348910000000j),(1.0368022560000001+0.0144575410000000j),(1.0254028140000000+0.0095247780000000j),(1.0247696989999999+0.0091179460000000j),(1.0046462400000000+0.0002813460000000j),(1.0043883540000000+0.0001210040000000j),(1.0126472070000001+0.0039740000000000j),(1.0130043689999999+0.0042160090000000j),(1.0188341470000000+0.0069357700000000j),(1.0191913090000000+0.0071777790000000j),(1.0250210870000001+0.0098975410000000j),(1.0251996680000000+0.0100185450000000j),(1.0302990750000001+0.0120107460000000j),(1.0303003340000001+0.0120116760000000j),(1.0342210300000001+0.0135089750000000j),(1.0369949359999999+0.0145803380000000j),(1.0449454739999999+0.0182207820000000j),(1.0252101330000001+0.0094019810000000j),(1.0042058050000000-0.0000026890000000j),(1.0042097740000000+0.0000000000000000j),(1.0128257880000000+0.0040950040000000j),(1.0190127280000001+0.0070567750000000j),(1.0302986240000001+0.0120113020000000j),(1.0253216020000000+0.0100977040000000j),(1.0042097740000000+0.0000000000000000j),(1.0042058050000000-0.0000026890000000j),(1.0042058050000000-0.0000026890000000j),(1.0258804680000000+0.0095583840000000j),(1.0259007010000001+0.0095630620000000j),(1.0376589650000001+0.0147375210000000j),(1.0369949359999999+0.0145803380000000j),(1.0303003340000001+0.0120116760000000j),(1.0456660300000000+0.0183923130000000j),(1.0449424670000000+0.0182210530000000j),(1.0128257880000000+0.0040950040000000j),(1.0128257880000000+0.0040950040000000j),(1.0251996680000000+0.0100185450000000j),(1.0190127280000001+0.0070567750000000j),(1.0342210300000001+0.0135089750000000j),(1.0278100470000000+0.0107202760000000j),(1.0260480510000001+0.0095974850000000j),(1.0282186080000000+0.0109701730000000j),(1.0260733430000000+0.0096033320000000j),(1.0472555050000001+0.0193421720000000j),(1.0458461690000000+0.0184351960000000j),(1.0449346079999999+0.0182193200000000j),(1.0449417150000000+0.0182211210000000j),(1.0406726399999999+0.0156874480000000j),(1.0378249730000000+0.0147768160000000j),(1.0302877650000000+0.0120119070000000j),(1.0261832060000000+0.0103690840000000j)
(-0.0313638507893633+0.0149963152301276j),(-0.0458777178051850+0.0168618609336614j),(-0.0336687195620863+0.0006973297298045j),(-0.0345621872580813+0.0001872713032926j),(-0.0349601722204093+0.0001377268986898j),(1.0155715249999999+0.0161734790000000j),(1.0212162600000001+0.0184505070000000j),(1.0213468360000000+0.0185496860000000j),(1.0256411790000000+0.0202370110000000j),(1.0257720610000001+0.0203354920000000j),(1.0287717860000001+0.0215141390000000j),(1.0289528960000001+0.0217241130000000j),(1.0365017839999999+0.0293125250000000j),(1.0286680960000001+0.0213726090000000j),(1.0179475650000001+0.0125885760000000j),(1.0173745400000000+0.0120503190000000j),(0.9983428330000000+0.0003436600000000j),(0.9980807280000000+0.0001722470000000j),(1.0050190280000000+0.0064295510000000j),(1.0052964410000000+0.0067740450000000j),(1.0101940640000000+0.0111909650000000j),(1.0104714770000001+0.0115354590000000j),(1.0153691000000000+0.0159523790000000j),(1.0155078060000000+0.0161246260000000j),(1.0212799790000000+0.0184993600000000j),(1.0212813949999999+0.0185004450000000j),(1.0257066200000000+0.0202862520000000j),(1.0288372269999999+0.0215633790000000j),(1.0366174530000001+0.0294732590000000j),(1.0177784329999999+0.0123978060000000j),(0.9979389400000001-0.0000038280000000j),(0.9979420220000000+0.0000000000000000j),(1.0051577340000000+0.0066017980000000j),(1.0103327700000000+0.0113632120000000j),(1.0212796730000000+0.0185000570000000j),(1.0155827940000000+0.0162480210000000j),(0.9979420220000000+0.0000000000000000j),(0.9979389400000001-0.0000038280000000j),(0.9979389400000001-0.0000038280000000j),(1.0184360920000000+0.0125540370000000j),(1.0184166470000000+0.0125599000000000j),(1.0294934120000001+0.0217241640000000j),(1.0288372269999999+0.0215633790000000j),(1.0212813949999999+0.0185004450000000j),(1.0373935219999999+0.0300010590000000j),(1.0366144190000000+0.0294734990000000j),(1.0051577340000000+0.0066017980000000j),(1.0051577340000000+0.0066017980000000j),(1.0155078060000000+0.0161246260000000j),(1.0103327700000000+0.0113632120000000j),(1.0257066200000000+0.0202862520000000j),(1.0203263819999999+0.0137026260000000j),(1.0186005069999999+0.0125930940000000j),(1.0205430910000000+0.0139083920000000j),(1.0185762000000000+0.0126004230000000j),(1.0388479669999999+0.0318421320000000j),(1.0375875390000000+0.0301330090000000j),(1.0366065190000000+0.0294716660000000j),(1.0366136610000001+0.0294735590000000j),(1.0324696440000001+0.0226880790000000j),(1.0296574580000000+0.0217643600000000j),(1.0212687149999999+0.0185005970000000j),(1.0162367990000001+0.0168622630000000j)
(-0.0288501041960399+0.0001598967725780j),(-0.0362127584794909+0.0001559463923925j),(-0.0287475021376897+0.0001954766829072j),(-0.0286743311194615+0.0001952958826513j),(-0.0289399599378240+0.0001427622663070j),(1.0211908450000000+0.0084621440000000j),(1.0255530110000000+0.0101407960000000j),(1.0256548830000001+0.0102154300000000j),(1.0289956099999999+0.0114572710000000j),(1.0290980999999999+0.0115314610000000j),(1.0314316960000001+0.0123989230000000j),(1.0316049119999999+0.0125166450000000j),(1.0388045760000000+0.0157757720000000j),(1.0313134360000000+0.0123277760000000j),(1.0212832510000001+0.0079767680000000j),(1.0207458190000001+0.0076309190000000j),(1.0039330369999999+0.0002353470000000j),(1.0037178879999999+0.0001016520000000j),(1.0106323880000001+0.0033422280000000j),(1.0109313010000001+0.0035455330000000j),(1.0158121250000001+0.0058329980000000j),(1.0161110380000000+0.0060363030000000j),(1.0209918620000000+0.0083237690000000j),(1.0211413180000000+0.0084254210000000j),(1.0256025380000000+0.0101775190000000j),(1.0256036380000000+0.0101783350000000j),(1.0290468550000000+0.0114943660000000j),(1.0314829409999999+0.0124360180000000j),(1.0389265480000001+0.0158563980000000j),(1.0211137459999999+0.0078685260000000j),(1.0035651100000000-0.0000022590000000j),(1.0035684309999999+0.0000000000000000j),(1.0107818449999999+0.0034438810000000j),(1.0159615820000001+0.0059346510000000j),(1.0256019199999999+0.0101779630000000j),(1.0212412490000000+0.0084903510000000j),(1.0035684309999999+0.0000000000000000j),(1.0035651100000000-0.0000022590000000j),(1.0035651100000000-0.0000022590000000j),(1.0216582800000000+0.0079959860000000j),(1.0216595079999999+0.0079963610000000j),(1.0320262110000000+0.0125644910000000j),(1.0314829409999999+0.0124360180000000j),(1.0256036380000000+0.0101783350000000j),(1.0396015660000000+0.0160179650000000j),(1.0389235240000001+0.0158566780000000j),(1.0107818449999999+0.0034438810000000j),(1.0107818449999999+0.0034438810000000j),(1.0211413180000000+0.0084254210000000j),(1.0159615820000001+0.0059346510000000j),(1.0290468550000000+0.0114943660000000j),(1.0232253259999999+0.0089411010000000j),(1.0217944130000001+0.0080278520000000j),(1.0234907350000000+0.0091103450000000j),(1.0217959480000001+0.0080283200000000j),(1.0410899300000001+0.0169098840000000j),(1.0397703199999999+0.0160583570000000j),(1.0389156150000001+0.0158549520000000j),(1.0389227670000001+0.0158567470000000j),(1.0344918710000000+0.0133410860000000j),(1.0321620290000000+0.0125966090000000j),(1.0255910120000000+0.0101785890000000j),(1.0219474620000000+0.0087130900000000j)
(-0.0318928137000853+0.0001475796416316j),(-0.0482776341369653+0.0003671092736737j),(-0.0320574397810452+0.0001828765694754j),(-0.0311821228587002+0.0001844356469441j),(-0.0321943238558807+0.0001272980154462j),(1.0242011150000001+0.0097953280000000j),(1.0296048339999999+0.0118981690000000j),(1.0297304460000001+0.0119911370000000j),(1.0338448400000000+0.0135484100000000j),(1.0339708009999999+0.0136407340000000j),(1.0368448260000001+0.0147285350000000j),(1.0370685620000000+0.0148824710000000j),(1.0465704560000000+0.0192585130000000j),(1.0367008490000000+0.0146413560000000j),(1.0244442840000001+0.0092655220000000j),(1.0238126050000000+0.0088567670000000j),(1.0043970449999999+0.0002728050000000j),(1.0041475099999999+0.0001173910000000j),(1.0120817190000000+0.0038678370000000j),(1.0124244750000000+0.0041026190000000j),(1.0180250930000001+0.0067499930000000j),(1.0183678490000001+0.0069847740000000j),(1.0239684670000000+0.0096321490000000j),(1.0241398450000001+0.0097495390000000j),(1.0296661039999999+0.0119439570000000j),(1.0296674649999999+0.0119449750000000j),(1.0339078200000000+0.0135945720000000j),(1.0369078060000001+0.0147746970000000j),(1.0467312120000001+0.0193662870000000j),(1.0242373270000000+0.0091321810000000j),(1.0039723229999999-0.0000026090000000j),(1.0039761320000000+0.0000000000000000j),(1.0122530970000001+0.0039852280000000j),(1.0181964710000000+0.0068673840000000j),(1.0296657540000000+0.0119446010000000j),(1.0242499540000001+0.0098211420000000j),(1.0039761320000000+0.0000000000000000j),(1.0039723229999999-0.0000026090000000j),(1.0039723229999999-0.0000026090000000j),(1.0248275149999999+0.0092705740000000j),(1.0248438719999999+0.0092744090000000j),(1.0375086259999999+0.0149175990000000j),(1.0369078060000001+0.0147746970000000j),(1.0296674649999999+0.0119449750000000j),(1.0476223179999999+0.0195860410000000j),(1.0467282090000001+0.0193665540000000j),(1.0122530970000001+0.0039852280000000j),(1.0122530970000001+0.0039852280000000j),(1.0241398450000001+0.0097495390000000j),(1.0181964710000000+0.0068673840000000j),(1.0339078200000000+0.0135945720000000j),(1.0265256970000001+0.0102956960000000j),(1.0249750620000000+0.0093051730000000j),(1.0268788670000000+0.0105130230000000j),(1.0249955079999999+0.0093099660000000j),(1.0495822870000000+0.0207788990000000j),(1.0478450939999999+0.0196409790000000j),(1.0467203660000000+0.0193648160000000j),(1.0467274590000000+0.0193666210000000j),(1.0402351969999999+0.0157802530000000j),(1.0376588309999999+0.0149533250000000j),(1.0296548880000000+0.0119452070000000j),(1.0250281960000001+0.0100669250000000j)
(-0.0365807280125610-0.0009526282103988j),(-0.0443992750548425+0.0040714797799453j),(-0.0344111379013378+0.0073535938413508j),(-0.0357941533151311+0.0003079050297457j),(-0.0360667875564845+0.0002425241186085j),(1.0239755790000000+0.0109867180000000j),(1.0290022120000000+0.0136741230000000j),(1.0291139610000000+0.0137794300000000j),(1.0329481819999999+0.0157713010000000j),(1.0330604329999999+0.0158758320000000j),(1.0357387490000001+0.0172672130000000j),(1.0359344120000000+0.0174318130000000j),(1.0443429470000001+0.0222328650000000j),(1.0355894999999999+0.0171783430000000j),(1.0233507940000000+0.0113705460000000j),(1.0227146979999999+0.0109047580000000j),(1.0027237529999999+0.0003217580000000j),(1.0024802269999999+0.0001302870000000j),(1.0109907229999999+0.0043401120000000j),(1.0113569720000000+0.0046006860000000j),(1.0173643809999999+0.0075723270000000j),(1.0177306310000001+0.0078329010000000j),(1.0237380400000000+0.0108045430000000j),(1.0239211640000001+0.0109348300000000j),(1.0290566260000000+0.0137260120000000j),(1.0290578349999999+0.0137271650000000j),(1.0330043069999999+0.0158235670000000j),(1.0357948749999999+0.0173194780000000j),(1.0444824840000000+0.0223452000000000j),(1.0231454190000000+0.0112294110000000j),(1.0022930320000001-0.0000028950000000j),(1.0022971020000000+0.0000000000000000j),(1.0111738470000000+0.0044703990000000j),(1.0175475060000001+0.0077026140000000j),(1.0290561240000000+0.0137267880000000j),(1.0240498750000000+0.0110132280000000j),(1.0022971020000000+0.0000000000000000j),(1.0022930320000001-0.0000028950000000j),(1.0022930320000001-0.0000028950000000j),(1.0238226070000001+0.0113917240000000j),(1.0237654329999999+0.0115197080000000j),(1.0364675390000000+0.0174832860000000j),(1.0357948749999999+0.0173194780000000j),(1.0290578349999999+0.0137271650000000j),(1.0452866420000000+0.0226194150000000j),(1.0444794749999999+0.0223454590000000j),(1.0111738470000000+0.0044703990000000j),(1.0111738470000000+0.0044703990000000j),(1.0239211640000001+0.0109348300000000j),(1.0175475060000001+0.0077026140000000j),(1.0330043069999999+0.0158235670000000j),(1.0257675730000000+0.0125789140000000j),(1.0239919040000001+0.0114323020000000j),(1.0256731800000001+0.0133124460000000j),(1.0239204360000000+0.0115922820000000j),(1.0469984000000001+0.0238768800000000j),(1.0454876820000001+0.0226879690000000j),(1.0444716199999999+0.0223436950000000j),(1.0444787230000001+0.0223455240000000j),(1.0395188620000000+0.0184667240000000j),(1.0366357060000000+0.0175242380000000j),(1.0290452510000001+0.0137273760000000j),(1.0249507879999999+0.0112687960000000j)
(-0.0337557657316706+0.0003133379161363j),(-0.0332757445878220+0.0002609357809299j),(-0.0356596594352034+0.0003566258354039j),(-0.0347031281146726+0.0003330523106371j),(-0.0347539586246082+0.0002763032291620j),(1.0237082669999999+0.0096067170000000j),(1.0282966670000000+0.0113917720000000j),(1.0284035899999999+0.0114707560000000j),(1.0319121870000001+0.0127918050000000j),(1.0320196680000000+0.0128702980000000j),(1.0344705260000000+0.0137930900000000j),(1.0346357220000000+0.0139067600000000j),(1.0412210280000000+0.0169248420000000j),(1.0343486940000000+0.0137191880000000j),(1.0239505769999999+0.0091570860000000j),(1.0233577300000001+0.0087716980000000j),(1.0042716439999999+0.0002696800000000j),(1.0040263869999999+0.0001152170000000j),(1.0118167270000000+0.0037957340000000j),(1.0121532820000001+0.0040261680000000j),(1.0176523449999999+0.0066241800000000j),(1.0179889000000000+0.0068546140000000j),(1.0234879630000000+0.0094526260000000j),(1.0236562400000000+0.0095678430000000j),(1.0283486940000000+0.0114306450000000j),(1.0283498499999999+0.0114315090000000j),(1.0319659280000000+0.0128310520000000j),(1.0345242670000001+0.0138323370000000j),(1.0413324829999999+0.0169992660000000j),(1.0237750040000000+0.0090439380000000j),(1.0038543700000000-0.0000025600000000j),(1.0038581099999999+0.0000000000000000j),(1.0119850040000000+0.0039109510000000j),(1.0178206219999999+0.0067393970000000j),(1.0283481360000000+0.0114311360000000j),(1.0237724909999999+0.0096441870000000j),(1.0038581099999999+0.0000000000000000j),(1.0038543700000000-0.0000025600000000j),(1.0038543700000000-0.0000025600000000j),(1.0244314059999999+0.0092004480000000j),(1.0244491410000001+0.0092051310000000j),(1.0351737000000001+0.0139890060000000j),(1.0345242670000001+0.0138323370000000j),(1.0283498499999999+0.0114315090000000j),(1.0419507600000000+0.0171502100000000j),(1.0413294660000001+0.0169995410000000j),(1.0119850040000000+0.0039109510000000j),(1.0119850040000000+0.0039109510000000j),(1.0236562400000000+0.0095678430000000j),(1.0178206219999999+0.0067393970000000j),(1.0319659280000000+0.0128310520000000j),(1.0263175030000000+0.0103486410000000j),(1.0245955069999999+0.0092395750000000j),(1.0267072049999999+0.0105930940000000j),(1.0246176750000000+0.0092454290000000j),(1.0433117949999999+0.0179742090000000j),(1.0421053300000001+0.0171879460000000j),(1.0413215769999999+0.0169978110000000j),(1.0413287110000000+0.0169996100000000j),(1.0381201400000000+0.0149316380000000j),(1.0353360579999999+0.0140281730000000j),(1.0283372570000000+0.0114317480000000j),(1.0245953880000001+0.0099081550000000j)
(-0.0349846832281116+0.0002782013701827j),(-0.0390316122274718+0.0003065576542928j),(-0.0281549425941853+0.0002596580887847j),(-0.0358357194181659+0.0003221670429788j),(-0.0362996772834795+0.0002535060800277j),(1.0245424400000001+0.0099829240000000j),(1.0293534360000001+0.0118581880000000j),(1.0294654360000000+0.0119410790000000j),(1.0331393600000001+0.0133292180000000j),(1.0332518589999999+0.0134115760000000j),(1.0358182039999999+0.0143812320000000j),(1.0360048300000000+0.0145096550000000j),(1.0437097220000000+0.0180500390000000j),(1.0356773760000000+0.0142950710000000j),(1.0240027979999999+0.0091563440000000j),(1.0233886619999999+0.0087571390000000j),(1.0043139370000000+0.0002692050000000j),(1.0040757600000001+0.0001197440000000j),(1.0121765400000000+0.0039441860000000j),(1.0125265269999999+0.0041836750000000j),(1.0182447240000001+0.0068832800000000j),(1.0185947110000000+0.0071227690000000j),(1.0243129090000000+0.0098223750000000j),(1.0244879020000000+0.0099421190000000j),(1.0294079739999999+0.0118989940000000j),(1.0294091860000001+0.0118999000000000j),(1.0331956099999999+0.0133703970000000j),(1.0358744529999999+0.0144224100000000j),(1.0438400990000001+0.0181372840000000j),(1.0238057210000000+0.0090290050000000j),(1.0038968779999999-0.0000026610000000j),(1.0039007660000001+0.0000000000000000j),(1.0123515329999999+0.0040639300000000j),(1.0184197180000001+0.0070030250000000j),(1.0294074750000000+0.0118995270000000j),(1.0246083580000001+0.0100210580000000j),(1.0039007660000001+0.0000000000000000j),(1.0038968779999999-0.0000026610000000j),(1.0038968779999999-0.0000026610000000j),(1.0244835610000000+0.0091902080000000j),(1.0243384240000000+0.0091557560000000j),(1.0365518389999999+0.0145855540000000j),(1.0358744529999999+0.0144224100000000j),(1.0294091860000001+0.0118999000000000j),(1.0445631220000000+0.0183147300000000j),(1.0438370889999999+0.0181375550000000j),(1.0123515329999999+0.0040639300000000j),(1.0123515329999999+0.0040639300000000j),(1.0244879020000000+0.0099421190000000j),(1.0184197180000001+0.0070030250000000j),(1.0331956099999999+0.0133703970000000j),(1.0264316750000000+0.0103746000000000j),(1.0246530210000000+0.0092305090000000j),(1.0261234889999999+0.0102502620000000j),(1.0244716000000000+0.0091874440000000j),(1.0461540400000000+0.0192805460000000j),(1.0447438780000000+0.0183590920000000j),(1.0438292220000001+0.0181358210000000j),(1.0438363360000000+0.0181376230000000j),(1.0396251910000001+0.0155675140000000j),(1.0367211860000001+0.0146263400000000j),(1.0293966059999999+0.0119001330000000j),(1.0254607430000000+0.0102935810000000j)
(-0.0359148185744907+0.0072069840698287j),(-0.0408175387487655+0.0016121772391115j),(-0.0625143253082489+0.0188615511801651j),(-0.0379879973012687+0.0003602261775092j),(-0.0389416880664036+0.0002914546310530j),(1.0210908009999999+0.0143390910000000j),(1.0272839830000000+0.0169507460000000j),(1.0274262590000001+0.0170624320000000j),(1.0321275990000001+0.0189983170000000j),(1.0322700440000001+0.0191091640000000j),(1.0355540679999999+0.0204614360000000j),(1.0357581629999999+0.0206133010000000j),(1.0436750020000001+0.0246231440000000j),(1.0354323219999999+0.0203878120000000j),(1.0239636420000000+0.0151220270000000j),(1.0232756380000001+0.0145717700000000j),(0.9999803630000000+0.0004176350000000j),(0.9996669070000000+0.0001608730000000j),(1.0081529010000001+0.0056833080000000j),(1.0085081659999999+0.0060050530000000j),(1.0144982800000000+0.0099032430000000j),(1.0148535450000000+0.0102249880000000j),(1.0208436580000000+0.0141231780000000j),(1.0210212910000001+0.0142840500000000j),(1.0273534920000000+0.0170057860000000j),(1.0273550370000000+0.0170070090000000j),(1.0321988209999999+0.0190537410000000j),(1.0356252900000000+0.0205168590000000j),(1.0438078749999999+0.0247195860000000j),(1.0237706740000001+0.0149929800000000j),(0.9994853270000000-0.0000035750000000j),(0.9994892740000000+0.0000000000000000j),(1.0083305339999999+0.0058441810000000j),(1.0146759120000000+0.0100641160000000j),(1.0273533239999999+0.0170066260000000j),(1.0211294140000000+0.0143898830000000j),(0.9994892740000000+0.0000000000000000j),(0.9994853270000000-0.0000035750000000j),(0.9994853270000000-0.0000035750000000j),(1.0244879860000000+0.0151684250000000j),(1.0248665870000000+0.0156294140000000j),(1.0363507460000001+0.0206965500000000j),(1.0356252900000000+0.0205168590000000j),(1.0273550370000000+0.0170070090000000j),(1.0445568110000001+0.0249339040000000j),(1.0438048630000001+0.0247198380000000j),(1.0083305339999999+0.0058441810000000j),(1.0083305339999999+0.0058441810000000j),(1.0210212910000001+0.0142840500000000j),(1.0146759120000000+0.0100641160000000j),(1.0321988209999999+0.0190537410000000j),(1.0265446560000000+0.0164369020000000j),(1.0246673140000000+0.0152122870000000j),(1.0280919129999999+0.0192463290000000j),(1.0251405650000001+0.0157885230000000j),(1.0461818450000000+0.0260070930000000j),(1.0447440450000001+0.0249874840000000j),(1.0437970080000001+0.0247180540000000j),(1.0438041100000000+0.0247199010000000j),(1.0396405170000000+0.0217711490000000j),(1.0365321100000000+0.0207414730000000j),(1.0273424320000000+0.0170071800000000j),(1.0219526390000000+0.0148439190000000j)
(-0.0384831429446308-0.0110153183557305j),(-0.0429276745022805+0.0205815439508282j),(-0.0461085996077991-0.0073488901574564j),(-0.0414180243713422+0.0003454363186303j),(-0.0420859769504870+0.0002785611166049j),(1.0283239420000001+0.0099087890000000j),(1.0334739550000001+0.0144658680000000j),(1.0335755320000000+0.0146201140000000j),(1.0375010220000001+0.0180015640000000j),(1.0376032060000000+0.0181544960000000j),(1.0403452760000000+0.0205165380000000j),(1.0404928350000000+0.0207578830000000j),(1.0470524020000000+0.0287318390000000j),(1.0402096869999999+0.0204100300000000j),(1.0286142830000000+0.0121955360000000j),(1.0279249539999999+0.0116588680000000j),(1.0047628380000000+0.0003509500000000j),(1.0044713119999999+0.0001234910000000j),(1.0139127720000001+0.0038932420000000j),(1.0143258369999999+0.0041402240000000j),(1.0209903970000000+0.0068012250000000j),(1.0214034610000000+0.0070482070000000j),(1.0280680209999999+0.0097092080000000j),(1.0282745529999999+0.0098326990000000j),(1.0335233429999999+0.0145419570000000j),(1.0335244400000001+0.0145436480000000j),(1.0375521139999999+0.0180780300000000j),(1.0403963679999999+0.0205930040000000j),(1.0471488689999999+0.0288967180000000j),(1.0284276020000001+0.0120125620000000j),(1.0042601910000000-0.0000027440000000j),(1.0042647800000000+0.0000000000000000j),(1.0141193049999999+0.0040167330000000j),(1.0211969290000000+0.0069247160000000j),(1.0335227370000000+0.0145432720000000j),(1.0284316970000000+0.0098801010000000j),(1.0042647800000000+0.0000000000000000j),(1.0042601910000000-0.0000027440000000j),(1.0042601910000000-0.0000027440000000j),(1.0292067469999999+0.0121998320000000j),(1.0293278070000000+0.0120750320000000j),(1.0411767409999999+0.0207856290000000j),(1.0403963679999999+0.0205930040000000j),(1.0335244400000001+0.0145436480000000j),(1.0478462430000000+0.0294738730000000j),(1.0471458659999999+0.0288969580000000j),(1.0141193049999999+0.0040167330000000j),(1.0141193049999999+0.0040167330000000j),(1.0282745529999999+0.0098326990000000j),(1.0211969290000000+0.0069247160000000j),(1.0375521139999999+0.0180780300000000j),(1.0314440250000001+0.0135673780000000j),(1.0294015329999999+0.0122466490000000j),(1.0325248929999999+0.0133732310000000j),(1.0295528580000000+0.0120906490000000j),(1.0490759880000000+0.0313735720000000j),(1.0480205860000000+0.0296181620000000j),(1.0471380440000000+0.0288951500000000j),(1.0471451160000000+0.0288970180000000j),(1.0447157730000001+0.0219384890000000j),(1.0413718340000000+0.0208337860000000j),(1.0335119100000001+0.0145438490000000j),(1.0294513590000001+0.0099028360000000j)
(-0.0405324756466219+0.0132291042085164j),(-0.0431128236059658+0.0091088070714897j),(-0.0524426802490573-0.0021214684062741j),(-0.0428464881126355+0.0003247014865713j),(-0.0425869303765006+0.0002513990253842j),(1.0235977940000001+0.0166714570000000j),(1.0299042380000001+0.0185943360000000j),(1.0300543330000000+0.0186891280000000j),(1.0348395990000001+0.0201133010000000j),(1.0349897720000001+0.0202074390000000j),(1.0383324199999999+0.0212022660000000j),(1.0385306910000001+0.0213761300000000j),(1.0461901730000001+0.0270888340000000j),(1.0382161569999999+0.0210737540000000j),(1.0264337740000000+0.0132962480000000j),(1.0257197330000001+0.0127383470000000j),(1.0015375890000000+0.0003782370000000j),(1.0012022830000000+0.0001836890000000j),(1.0100777670000001+0.0066199050000000j),(1.0104443880000000+0.0069872830000000j),(1.0167094360000000+0.0115304940000000j),(1.0170760569999999+0.0118978720000000j),(1.0233411050000001+0.0164410830000000j),(1.0235244150000000+0.0166247720000000j),(1.0299776160000000+0.0186410210000000j),(1.0299792470000000+0.0186420580000000j),(1.0349146849999999+0.0201603700000000j),(1.0384075070000001+0.0212493360000000j),(1.0463133560000000+0.0272156290000000j),(1.0262424240000001+0.0131206670000000j),(1.0010148980000000-0.0000040820000000j),(1.0010189720000000+0.0000000000000000j),(1.0102610770000000+0.0068035940000000j),(1.0168927459999999+0.0117141830000000j),(1.0299775390000001+0.0186416740000000j),(1.0236343470000000+0.0167617760000000j),(1.0010189720000000+0.0000000000000000j),(1.0010148980000000-0.0000040820000000j),(1.0010148980000000-0.0000040820000000j),(1.0270499710000001+0.0133151020000000j),(1.0272405830000000+0.0133112800000000j),(1.0391986209999999+0.0214445870000000j),(1.0384075070000001+0.0212493360000000j),(1.0299792470000000+0.0186420580000000j),(1.0470681190000000+0.0275804690000000j),(1.0463103510000000+0.0272158740000000j),(1.0102610770000000+0.0068035940000000j),(1.0102610770000000+0.0068035940000000j),(1.0235244150000000+0.0166247720000000j),(1.0168927459999999+0.0117141830000000j),(1.0349146849999999+0.0201603700000000j),(1.0293684630000000+0.0147335560000000j),(1.0272518580000001+0.0133637100000000j),(1.0306411609999999+0.0151917240000000j),(1.0274901230000000+0.0133589330000000j),(1.0485940700000000+0.0290169610000000j),(1.0472568099999999+0.0276716780000000j),(1.0463025200000000+0.0272140760000000j),(1.0463096000000001+0.0272159350000000j),(1.0427863710000000+0.0226131970000000j),(1.0393963989999999+0.0214934000000000j),(1.0299666740000000+0.0186422090000000j),(1.0245201950000000+0.0173994480000000j)
(-0.0504036892523722+0.0154577474861747j),(-0.0534862404972668+0.0156914500285124j),(-0.0380192482384140+0.0142617974921121j),(-0.0506807242218941+0.0003094163169347j),(-0.0511828742993174+0.0002291258957360j),(1.0224076639999999+0.0210027600000000j),(1.0287527820000000+0.0239861870000000j),(1.0288963069999999+0.0241085250000000j),(1.0337104370000001+0.0263213790000000j),(1.0338541109999999+0.0264427710000000j),(1.0372169229999999+0.0279885150000000j),(1.0374301379999999+0.0282224160000000j),(1.0464578720000000+0.0362563860000000j),(1.0370476650000000+0.0278205630000000j),(1.0221383710000000+0.0176228600000000j),(1.0213839600000001+0.0169148530000000j),(0.9969456110000000+0.0004742930000000j),(0.9966453800000000+0.0002279960000000j),(1.0068660650000001+0.0083442450000000j),(1.0072829720000001+0.0088002370000000j),(1.0144975730000001+0.0145293540000000j),(1.0149144800000001+0.0149853450000000j),(1.0221290810000001+0.0207144630000000j),(1.0223375349999999+0.0209424580000000j),(1.0288229110000000+0.0240464890000000j),(1.0288244700000000+0.0240478290000000j),(1.0337822740000000+0.0263820750000000j),(1.0372887600000000+0.0280492110000000j),(1.0465992500000001+0.0364295920000000j),(1.0218972760000000+0.0173942120000000j),(0.9964322940000000-0.0000050670000000j),(0.9964369270000000+0.0000000000000000j),(1.0070745189999999+0.0085722410000000j),(1.0147060269999999+0.0147573500000000j),(1.0288227619999999+0.0240474350000000j),(1.0224758590000000+0.0211101520000000j),(0.9964369270000000+0.0000000000000000j),(0.9964322940000000-0.0000050670000000j),(0.9964322940000000-0.0000050670000000j),(1.0228551960000001+0.0176279470000000j),(1.0225531510000001+0.0178362120000000j),(1.0382383300000000+0.0282890050000000j),(1.0372887600000000+0.0280492110000000j),(1.0288244700000000+0.0240478290000000j),(1.0475096479999999+0.0369714240000000j),(1.0465962440000001+0.0364298110000000j),(1.0070745189999999+0.0085722410000000j),(1.0070745189999999+0.0085722410000000j),(1.0223375349999999+0.0209424580000000j),(1.0147060269999999+0.0147573500000000j),(1.0337822740000000+0.0263820750000000j),(1.0256022979999999+0.0193201640000000j),(1.0230946759999999+0.0176863800000000j),(1.0244107050000000+0.0202229200000000j),(1.0227171190000000+0.0179467120000000j),(1.0492738790000000+0.0389467810000000j),(1.0477372469999999+0.0371068810000000j),(1.0465884329999999+0.0364279450000000j),(1.0465954930000001+0.0364298650000000j),(1.0425428560000001+0.0297167830000000j),(1.0384757220000000+0.0283489530000000j),(1.0288118829999999+0.0240479140000000j),(1.0235826920000000+0.0218844090000000j)
(-0.0489516165354173+0.0049512804006234j),(-0.0478926456040720+0.0208094082989618j),(-0.0458712233436323+0.0046382355645798j),(-0.0478286250859003+0.0004174916447351j),(-0.0489035520633946+0.0003410714996012j),(1.0255212600000001+0.0174235440000000j),(1.0312067990000000+0.0212158870000000j),(1.0313275970000000+0.0213543070000000j),(1.0356513089999999+0.0241680640000000j),(1.0357725040000001+0.0243053550000000j),(1.0387927440000000+0.0262708480000000j),(1.0389647840000000+0.0265169910000000j),(1.0464316110000000+0.0350362280000000j),(1.0386388630000001+0.0261196860000000j),(1.0252343500000001+0.0161673810000000j),(1.0244950580000001+0.0154997990000000j),(0.9997903660000000+0.0004434300000000j),(0.9994864590000000+0.0001955040000000j),(1.0098089370000001+0.0069052220000000j),(1.0102411450000000+0.0072962310000000j),(1.0175276000000000+0.0120325020000000j),(1.0179598080000001+0.0124235110000000j),(1.0252462630000001+0.0171597820000000j),(1.0254623670000000+0.0173552860000000j),(1.0312656910000000+0.0212841440000000j),(1.0312669999999999+0.0212856610000000j),(1.0357119070000000+0.0242367100000000j),(1.0388533410000000+0.0263394930000000j),(1.0465430540000000+0.0352137260000000j),(1.0250198720000001+0.0159475740000000j),(0.9992655520000000-0.0000043450000000j),(0.9992703550000001+0.0000000000000000j),(1.0100250410000000+0.0071007260000000j),(1.0177437039999999+0.0122280060000000j),(1.0312652950000001+0.0212852730000000j),(1.0256195790000000+0.0174825330000000j),(0.9992703550000001+0.0000000000000000j),(0.9992655520000000-0.0000043450000000j),(0.9992655520000000-0.0000043450000000j),(1.0259211429999999+0.0161684960000000j),(1.0258651500000000+0.0162398950000000j),(1.0397593570000001+0.0265690170000000j),(1.0388533410000000+0.0263394930000000j),(1.0312669999999999+0.0212856610000000j),(1.0473273190000001+0.0358228560000000j),(1.0465400480000000+0.0352139480000000j),(1.0100250410000000+0.0071007260000000j),(1.0100250410000000+0.0071007260000000j),(1.0254623670000000+0.0173552860000000j),(1.0177437039999999+0.0122280060000000j),(1.0357119070000000+0.0242367100000000j),(1.0285047709999999+0.0177637840000000j),(1.0261464600000001+0.0162237260000000j),(1.0285891210000000+0.0183080390000000j),(1.0260764700000000+0.0163129760000000j),(1.0487402649999999+0.0378640200000000j),(1.0475233859999999+0.0359751380000000j),(1.0465322340000001+0.0352120910000000j),(1.0465392970000000+0.0352140030000000j),(1.0438662020000000+0.0279346720000000j),(1.0399858609999999+0.0266263980000000j),(1.0312544429999999+0.0212857790000000j),(1.0267723030000000+0.0179832320000000j)
(-0.0486439209825070+0.0056431266405098j),(-0.0527113061926114+0.0234095386069172j),(-0.0316776669146638+0.0122997039465554j),(-0.0508330602534283+0.0002910624334743j),(-0.0504817424570373+0.0002323905285390j),(1.0230021090000001+0.0183439430000000j),(1.0286690880000000+0.0225969330000000j),(1.0287861279999999+0.0227470650000000j),(1.0330962930000001+0.0259032890000000j),(1.0332137740000000+0.0260521670000000j),(1.0362245510000001+0.0282568820000000j),(1.0364043990000000+0.0285290600000000j),(1.0445602759999999+0.0380458790000000j),(1.0360515939999999+0.0280932880000000j),(1.0215659310000000+0.0173108910000000j),(1.0208468429999999+0.0166048800000000j),(0.9975576010000000+0.0004634570000000j),(0.9972868020000000+0.0002034450000000j),(1.0074863290000000+0.0072726360000000j),(1.0079100950000000+0.0076795260000000j),(1.0151097620000000+0.0126695430000000j),(1.0155335280000000+0.0130764330000000j),(1.0227331940000000+0.0180664500000000j),(1.0229450769999999+0.0182698950000000j),(1.0287261200000000+0.0226709810000000j),(1.0287273880000001+0.0226726260000000j),(1.0331550329999999+0.0259777280000000j),(1.0362832909999999+0.0283313210000000j),(1.0446813840000000+0.0382436180000000j),(1.0213342340000000+0.0170728580000000j),(0.9970702100000000-0.0000045210000000j),(0.9970749190000000+0.0000000000000000j),(1.0076982120000000+0.0074760810000000j),(1.0153216450000000+0.0128729880000000j),(1.0287256789999999+0.0226722350000000j),(1.0230999290000000+0.0183992930000000j),(0.9970749190000000+0.0000000000000000j),(0.9970702100000000-0.0000045210000000j),(0.9970702100000000-0.0000045210000000j),(1.0222957090000000+0.0173067680000000j),(1.0218796349999999+0.0174490060000000j),(1.0372207140000000+0.0285684550000000j),(1.0362832909999999+0.0283313210000000j),(1.0287273880000001+0.0226726260000000j),(1.0455412200000000+0.0389271510000000j),(1.0446783730000000+0.0382438320000000j),(1.0076982120000000+0.0074760810000000j),(1.0076982120000000+0.0074760810000000j),(1.0229450769999999+0.0182698950000000j),(1.0153216450000000+0.0128729880000000j),(1.0331550329999999+0.0259777280000000j),(1.0250537040000001+0.0190031150000000j),(1.0225360779999999+0.0173652460000000j),(1.0234140780000001+0.0194649520000000j),(1.0220159849999999+0.0175430430000000j),(1.0470785250000001+0.0412024560000000j),(1.0457561790000001+0.0390980340000000j),(1.0446705510000001+0.0382419490000000j),(1.0446776200000001+0.0382438850000000j),(1.0414700400000001+0.0299798510000000j),(1.0374550700000000+0.0286277380000000j),(1.0287147999999999+0.0226727270000000j),(1.0242420940000001+0.0189167910000000j)
(-0.0521337056057619+0.0102999403300035j),(-0.0548628114727461+0.0412902189236403j),(-0.0602027772529512+0.0062117880520571j),(-0.0557847808568758+0.0003318299216383j),(-0.0535116905692426+0.0002800187945099j),(1.0217876159999999+0.0229117340000000j),(1.0282775829999999+0.0284238110000000j),(1.0284067950000000+0.0286121870000000j),(1.0333286269999999+0.0327046850000000j),(1.0334581439999999+0.0328913960000000j),(1.0368961880000001+0.0357501270000000j),(1.0370453270000000+0.0361067270000000j),(1.0438017479999999+0.0494338660000000j),(1.0367630090000000+0.0355506970000000j),(1.0236181630000001+0.0215387940000000j),(1.0228401680000001+0.0206676950000000j),(0.9949811730000000+0.0005728210000000j),(0.9946248320000000+0.0002471700000000j),(1.0054075870000001+0.0090937040000000j),(1.0058452929999999+0.0095880450000000j),(1.0134566490000001+0.0158326570000000j),(1.0138943540000001+0.0163269980000000j),(1.0215057110000001+0.0225716100000000j),(1.0217245639999999+0.0228187800000000j),(1.0283406349999999+0.0285167660000000j),(1.0283420360000000+0.0285188310000000j),(1.0333933850000001+0.0327980410000000j),(1.0369609460000000+0.0358434820000000j),(1.0438861290000001+0.0496971110000000j),(1.0234202250000000+0.0212460090000000j),(0.9944011160000000-0.0000054930000000j),(0.9944059790000001+0.0000000000000000j),(1.0056264399999999+0.0093408750000000j),(1.0136755019999999+0.0160798270000000j),(1.0283403300000000+0.0285184300000000j),(1.0218803640000000+0.0229729960000000j),(0.9944059790000001+0.0000000000000000j),(0.9944011160000000-0.0000054930000000j),(0.9944011160000000-0.0000054930000000j),(1.0244716290000000+0.0215067410000000j),(1.0245271450000000+0.0216387070000000j),(1.0379514550000000+0.0361024260000000j),(1.0369609460000000+0.0358434820000000j),(1.0283420360000000+0.0285188310000000j),(1.0446882669999999+0.0507309800000000j),(1.0438831150000001+0.0496972910000000j),(1.0056264399999999+0.0093408750000000j),(1.0056264399999999+0.0093408750000000j),(1.0217245639999999+0.0228187800000000j),(1.0136755019999999+0.0160798270000000j),(1.0333933850000001+0.0327980410000000j),(1.0274826070000000+0.0233771400000000j),(1.0247344800000000+0.0215719240000000j),(1.0280825039999999+0.0243829620000000j),(1.0248038760000000+0.0217368810000000j),(1.0458250339999999+0.0537983840000000j),(1.0448888020000000+0.0509894480000000j),(1.0438753110000001+0.0496953220000000j),(1.0438823610000001+0.0496973360000000j),(1.0424385899999999+0.0376324530000000j),(1.0381990820000000+0.0361671620000000j),(1.0283294450000000+0.0285188610000000j),(1.0230694490000001+0.0236375170000000j)
(-0.0499864149972161+0.0062573363586158j),(-0.0539453238336107+0.0199853676653224j),(-0.0494715675249288+0.0233596108721765j),(-0.0523870858406636+0.0002930005184387j),(-0.0496714105887921+0.0002309100226412j),(1.0228354289999999+0.0193587030000000j),(1.0290249899999999+0.0238966220000000j),(1.0291534280000001+0.0240578070000000j),(1.0338519280000000+0.0274259050000000j),(1.0339806810000001+0.0275857170000000j),(1.0372627219999999+0.0299384330000000j),(1.0374597249999999+0.0302073010000000j),(1.0461552580000000+0.0391570600000000j),(1.0370925790000001+0.0297962320000000j),(1.0225925180000000+0.0198929700000000j),(1.0218276930000001+0.0191364640000000j),(0.9963203920000000+0.0005296380000000j),(0.9960156290000000+0.0002142380000000j),(1.0066526250000001+0.0076750670000000j),(1.0070939050000001+0.0081035430000000j),(1.0146023730000000+0.0133700100000000j),(1.0150436519999999+0.0137984860000000j),(1.0225521200000001+0.0190649530000000j),(1.0227727600000001+0.0192791910000000j),(1.0290876590000000+0.0239761340000000j),(1.0290890520000000+0.0239779010000000j),(1.0339163050000000+0.0275058110000000j),(1.0373270980000000+0.0300183390000000j),(1.0462878840000001+0.0393460210000000j),(1.0223579979999999+0.0196708630000000j),(0.9957900860000000-0.0000047610000000j),(0.9957949890000000+0.0000000000000000j),(1.0068732650000001+0.0078893050000000j),(1.0148230119999999+0.0135842480000000j),(1.0290873450000000+0.0239775070000000j),(1.0229307299999999+0.0194139170000000j),(0.9957949890000000+0.0000000000000000j),(0.9957900860000000-0.0000047610000000j),(0.9957900860000000-0.0000047610000000j),(1.0233471359999999+0.0199140630000000j),(1.0231865929999999+0.0203391260000000j),(1.0382482099999999+0.0302529320000000j),(1.0373270980000000+0.0300183390000000j),(1.0290890520000000+0.0239779010000000j),(1.0471847720000000+0.0399719870000000j),(1.0462848780000000+0.0393462310000000j),(1.0068732650000001+0.0078893050000000j),(1.0068732650000001+0.0078893050000000j),(1.0227727600000001+0.0192791910000000j),(1.0148230119999999+0.0135842480000000j),(1.0339163050000000+0.0275058110000000j),(1.0261819010000000+0.0216671840000000j),(1.0235944200000000+0.0199748630000000j),(1.0254025890000000+0.0237536190000000j),(1.0233937410000000+0.0205061910000000j),(1.0488536380000000+0.0421378270000000j),(1.0474089940000000+0.0401284780000000j),(1.0462770699999999+0.0393443440000000j),(1.0462841260000000+0.0393462840000000j),(1.0424230610000000+0.0316470920000000j),(1.0384784880000000+0.0303115810000000j),(1.0290764690000000+0.0239779860000000j),(1.0241004220000001+0.0199581340000000j)
(-0.0520798396305071+0.0264027914968481j),(-0.0506363717411077+0.0060086995194590j),(-0.0562348426851253+0.0306825376919602j),(-0.0549270161908302+0.0003569057547421j),(-0.0517098807928106+0.0002855001606018j),(1.0192383060000001+0.0247253910000000j),(1.0264407000000000+0.0268075630000000j),(1.0266126920000000+0.0269128550000000j),(1.0320641490000000+0.0284561900000000j),(1.0322359800000001+0.0285607290000000j),(1.0360439840000000+0.0296387940000000j),(1.0362840339999999+0.0298255680000000j),(1.0456613950000000+0.0356848840000000j),(1.0358884980000000+0.0294909110000000j),(1.0212080420000000+0.0208253330000000j),(1.0204145400000000+0.0200654370000000j),(0.9938364589999999+0.0005539170000000j),(0.9934918190000001+0.0002621620000000j),(1.0037115260000000+0.0098404390000000j),(1.0041174280000000+0.0103647630000000j),(1.0113313380000000+0.0171259000000000j),(1.0117372400000000+0.0176502230000000j),(1.0189511499999999+0.0244113600000000j),(1.0191541010000000+0.0246735220000000j),(1.0265249050000000+0.0268594330000000j),(1.0265267760000001+0.0268605850000000j),(1.0321500649999999+0.0285084590000000j),(1.0361298990000001+0.0296910630000000j),(1.0458155309999999+0.0358193890000000j),(1.0209666410000000+0.0206251800000000j),(0.9932843580000000-0.0000058260000000j),(0.9932888680000000+0.0000000000000000j),(1.0039144769999999+0.0101026010000000j),(1.0115342890000001+0.0173880610000000j),(1.0265250660000000+0.0268601860000000j),(1.0192728470000001+0.0248838140000000j),(0.9932888680000000+0.0000000000000000j),(0.9932843580000000-0.0000058260000000j),(0.9932843580000000-0.0000058260000000j),(1.0220044330000000+0.0208825070000000j),(1.0218890620000001+0.0214655080000000j),(1.0370895680000001+0.0299361470000000j),(1.0361298990000001+0.0296910630000000j),(1.0265267760000001+0.0268605850000000j),(1.0467202830000000+0.0361686600000000j),(1.0458125229999999+0.0358196090000000j),(1.0039144769999999+0.0101026010000000j),(1.0039144769999999+0.0101026010000000j),(1.0191541010000000+0.0246735220000000j),(1.0115342890000001+0.0173880610000000j),(1.0321500649999999+0.0285084590000000j),(1.0249764610000001+0.0227285980000000j),(1.0222638810000000+0.0209468380000000j),(1.0242412890000001+0.0256169470000000j),(1.0221196680000000+0.0216755900000000j),(1.0486155800000001+0.0376806030000000j),(1.0469464710000000+0.0362559770000000j),(1.0458047049999999+0.0358177470000000j),(1.0458117709999999+0.0358196640000000j),(1.0414389520000000+0.0313917630000000j),(1.0373294860000000+0.0299974180000000j),(1.0265141630000001+0.0268606350000000j),(1.0203332300000001+0.0259456580000000j)
(-0.0544466574766812+0.0165919457083503j),(-0.0584194588859573+0.0256257297169929j),(-0.0349692820829756+0.0139416024186201j),(-0.0562514031417861+0.0003337135107738j),(-0.0543693463250497+0.0002719670737122j),(1.0218112740000000+0.0234430930000000j),(1.0282300830000000+0.0272418590000000j),(1.0283696860000000+0.0273856850000000j),(1.0332386380000000+0.0302047870000000j),(1.0333784330000000+0.0303474370000000j),(1.0367795390000001+0.0323166630000000j),(1.0369830990000000+0.0326063850000000j),(1.0459858280000001+0.0431182710000000j),(1.0366040360000000+0.0321166740000000j),(1.0210963350000000+0.0196658280000000j),(1.0203242680000000+0.0188670190000000j),(0.9950135110000000+0.0005218920000000j),(0.9947091460000000+0.0002521520000000j),(1.0054674900000000+0.0093157460000000j),(1.0059024270000001+0.0098200500000000j),(1.0134965520000001+0.0162178810000000j),(1.0139314900000000+0.0167221850000000j),(1.0215256150000001+0.0231200160000000j),(1.0217430839999999+0.0233721680000000j),(1.0282982730000001+0.0273127840000000j),(1.0282997890000001+0.0273143600000000j),(1.0333085360000001+0.0302761120000000j),(1.0368494370000001+0.0323879880000000j),(1.0461194899999999+0.0433366690000000j),(1.0208509340000000+0.0193945140000000j),(0.9944868450000000-0.0000056030000000j),(0.9944916770000000+0.0000000000000000j),(1.0056849590000001+0.0095678980000000j),(1.0137140210000000+0.0164700330000000j),(1.0282980820000001+0.0273139610000000j),(1.0218923620000000+0.0235533940000000j),(0.9944916770000000+0.0000000000000000j),(0.9944868450000000-0.0000056030000000j),(0.9944868450000000-0.0000056030000000j),(1.0219142400000001+0.0196562240000000j),(1.0214504259999999+0.0198182790000000j),(1.0378568730000000+0.0326475590000000j),(1.0368494370000001+0.0323879880000000j),(1.0282997890000001+0.0273143600000000j),(1.0470684029999999+0.0440918050000000j),(1.0461164830000000+0.0433368670000000j),(1.0056849590000001+0.0095678980000000j),(1.0056849590000001+0.0095678980000000j),(1.0217430839999999+0.0233721680000000j),(1.0137140210000000+0.0164700330000000j),(1.0333085360000001+0.0302761120000000j),(1.0249612920000000+0.0215416510000000j),(1.0221800670000001+0.0197216510000000j),(1.0231247809999999+0.0220716280000000j),(1.0216002989999999+0.0199242200000000j),(1.0487643750000000+0.0466047120000000j),(1.0473056320000000+0.0442805890000000j),(1.0461086820000001+0.0433349500000000j),(1.0461157310000000+0.0433369170000000j),(1.0424219740000000+0.0341861930000000j),(1.0381087320000000+0.0327124510000000j),(1.0282871970000000+0.0273144050000000j),(1.0230872680000000+0.0243904770000000j)
(-0.0515120649524425+0.0149688523902531j),(-0.0575849144290931+0.0277563358240840j),(-0.0388755822151680+0.0117357528561612j),(-0.0556262777789779+0.0003228299626805j),(-0.0539866581719446+0.0002540873435247j),(1.0214646570000001+0.0227088930000000j),(1.0280509900000001+0.0268231340000000j),(1.0281926500000000+0.0269762640000000j),(1.0331861170000001+0.0300297770000000j),(1.0333279470000001+0.0301816280000000j),(1.0368160310000001+0.0323145970000000j),(1.0370129159999999+0.0326141970000000j),(1.0456503180000001+0.0434735610000000j),(1.0366514940000000+0.0321194610000000j),(1.0216800100000001+0.0195965430000000j),(1.0209116850000000+0.0187986310000000j),(0.9953481780000000+0.0005214190000000j),(0.9950323180000000+0.0002444380000000j),(1.0055232489999999+0.0090208900000000j),(1.0059478390000001+0.0095097670000000j),(1.0133532020000000+0.0157049090000000j),(1.0137777920000000+0.0161937860000000j),(1.0211831549999999+0.0223889280000000j),(1.0213954500000000+0.0226333660000000j),(1.0281201980000001+0.0268986600000000j),(1.0281217350000000+0.0269003380000000j),(1.0332570320000001+0.0301057020000000j),(1.0368869450000000+0.0323905220000000j),(1.0457762890000000+0.0436972360000000j),(1.0214445590000001+0.0193254820000000j),(0.9948153050000000-0.0000054320000000j),(0.9948200230000001+0.0000000000000000j),(1.0057355440000000+0.0092653280000000j),(1.0135654970000001+0.0159493470000000j),(1.0281200280000000+0.0268999390000000j),(1.0215385379999999+0.0228022790000000j),(0.9948200230000001+0.0000000000000000j),(0.9948153050000000-0.0000054320000000j),(0.9948153050000000-0.0000054320000000j),(1.0224955499999999+0.0195839010000000j),(1.0221275420000000+0.0197247670000000j),(1.0378873700000000+0.0326479590000000j),(1.0368869450000000+0.0323905220000000j),(1.0281217350000000+0.0269003380000000j),(1.0466995200000000+0.0444882190000000j),(1.0457732810000000+0.0436974330000000j),(1.0057355440000000+0.0092653280000000j),(1.0057355440000000+0.0092653280000000j),(1.0213954500000000+0.0226333660000000j),(1.0135654970000001+0.0159493470000000j),(1.0332570320000001+0.0301057020000000j),(1.0255075720000000+0.0214466830000000j),(1.0227582980000001+0.0196485060000000j),(1.0241344420000000+0.0219885030000000j),(1.0222982880000000+0.0198245880000000j),(1.0483073450000000+0.0470673310000000j),(1.0469303280000000+0.0446859650000000j),(1.0457654780000001+0.0436955120000000j),(1.0457725290000000+0.0436974830000000j),(1.0424208070000001+0.0341743710000000j),(1.0381374759999999+0.0327123180000000j),(1.0281091410000001+0.0269003880000000j),(1.0226759200000000+0.0235759150000000j)
(-0.0491358373186323+0.0117650598052988j),(-0.0525540249527779+0.0195794295614636j),(-0.0320109655605087+0.0056148235432580j),(-0.0508140507399770+0.0002392889378184j),(-0.0498384025461574+0.0001768007604672j),(1.0235427280000000+0.0194418790000000j),(1.0295125949999999+0.0226187050000000j),(1.0296450939999999+0.0227433350000000j),(1.0341802750000000+0.0250997890000000j),(1.0343130439999999+0.0252234450000000j),(1.0374810010000000+0.0268694970000000j),(1.0376769459999999+0.0271153850000000j),(1.0461668770000001+0.0358297760000000j),(1.0373169449999999+0.0266963600000000j),(1.0229251580000001+0.0160678570000000j),(1.0221923260000001+0.0153911800000000j),(0.9984563520000000+0.0004369750000000j),(0.9981656890000000+0.0002131430000000j),(1.0082316510000000+0.0077186790000000j),(1.0086459029999999+0.0081449640000000j),(1.0157512879999999+0.0134429890000000j),(1.0161655400000000+0.0138692740000000j),(1.0232709250000001+0.0191673000000000j),(1.0234780510000001+0.0193804420000000j),(1.0295772720000000+0.0226801420000000j),(1.0295787100000000+0.0226815070000000j),(1.0342466589999999+0.0251616170000000j),(1.0375473850000001+0.0269313250000000j),(1.0462964379999999+0.0360138360000000j),(1.0226947179999999+0.0158328920000000j),(0.9979539600000000-0.0000047370000000j),(0.9979585630000000+0.0000000000000000j),(1.0084387770000001+0.0079318210000000j),(1.0159584140000000+0.0136561320000000j),(1.0295770030000000+0.0226811160000000j),(1.0236204990000000+0.0195321480000000j),(0.9979585630000000+0.0000000000000000j),(0.9979539600000000-0.0000047370000000j),(0.9979539600000000-0.0000047370000000j),(1.0236551030000001+0.0160642400000000j),(1.0232760949999999+0.0160823120000000j),(1.0384724059999999+0.0271628980000000j),(1.0375473850000001+0.0269313250000000j),(1.0295787100000000+0.0226815070000000j),(1.0471718000000001+0.0366229450000000j),(1.0462934319999999+0.0360140560000000j),(1.0084387770000001+0.0079318210000000j),(1.0084387770000001+0.0079318210000000j),(1.0234780510000001+0.0193804420000000j),(1.0159584140000000+0.0136561320000000j),(1.0342466589999999+0.0251616170000000j),(1.0264122849999999+0.0177515090000000j),(1.0238951999999999+0.0161220770000000j),(1.0250920750000001+0.0176805250000000j),(1.0234214390000000+0.0161446670000000j),(1.0488019890000000+0.0387324350000000j),(1.0473906410000000+0.0367752230000000j),(1.0462856169999999+0.0360121930000000j),(1.0462926800000001+0.0360141110000000j),(1.0426663300000001+0.0285444250000000j),(1.0387036610000000+0.0272207910000000j),(1.0295661320000000+0.0226816080000000j),(1.0247254669999999+0.0202038240000000j)
(-0.0539028146346486+0.0220477857297742j),(-0.0558967998794652+0.0237217315646362j),(-0.0592246831487692+0.0265700517285643j),(-0.0547595083038644+0.0002462071102315j),(-0.0540720371005857+0.0001800972331811j),(1.0186329730000001+0.0258532590000000j),(1.0257089810000000+0.0297171880000000j),(1.0258650149999999+0.0298673820000000j),(1.0312226210000000+0.0327351470000000j),(1.0313786700000001+0.0328841000000000j),(1.0351211160000000+0.0348873180000000j),(1.0353287050000000+0.0351687430000000j),(1.0440147630000001+0.0451046590000000j),(1.0349667880000000+0.0347054200000000j),(1.0202881040000000+0.0229441350000000j),(1.0194938300000000+0.0220789920000000j),(0.9921835250000000+0.0006026840000000j),(0.9918374800000000+0.0002737790000000j),(1.0024783429999999+0.0102816010000000j),(1.0029007109999999+0.0108291600000000j),(1.0104119090000001+0.0178935050000000j),(1.0108342770000001+0.0184410640000000j),(1.0183454750000001+0.0255054080000000j),(1.0185566589999999+0.0257791880000000j),(1.0257852949999999+0.0297912600000000j),(1.0257869909999999+0.0297929060000000j),(1.0313006460000000+0.0328096240000000j),(1.0351991400000000+0.0349617950000000j),(1.0441443280000000+0.0453116080000000j),(1.0200557520000000+0.0226877600000000j),(0.9916216030000000-0.0000060840000000j),(0.9916262960000000+0.0000000000000000j),(1.0026895270000000+0.0105553810000000j),(1.0106230930000000+0.0181672840000000j),(1.0257852810000001+0.0297925010000000j),(1.0186915290000000+0.0259788950000000j),(0.9916262960000000+0.0000000000000000j),(0.9916216030000000-0.0000060840000000j),(0.9916216030000000-0.0000060840000000j),(1.0210912420000000+0.0229445450000000j),(1.0210527510000000+0.0234662400000000j),(1.0362023659999999+0.0352211890000000j),(1.0351991400000000+0.0349617950000000j),(1.0257869909999999+0.0297929060000000j),(1.0450565910000000+0.0460224650000000j),(1.0441413150000001+0.0453118010000000j),(1.0026895270000000+0.0105553810000000j),(1.0026895270000000+0.0105553810000000j),(1.0185566589999999+0.0257791880000000j),(1.0106230930000000+0.0181672840000000j),(1.0313006460000000+0.0328096240000000j),(1.0240566460000000+0.0247866320000000j),(1.0213501140000001+0.0230087420000000j),(1.0237495940000001+0.0274816610000000j),(1.0213020010000000+0.0236608600000000j),(1.0466984010000000+0.0484022770000000j),(1.0452846560000000+0.0462001790000000j),(1.0441335039999999+0.0453098640000000j),(1.0441405619999999+0.0453118490000000j),(1.0407480800000000+0.0367575890000000j),(1.0364531720000001+0.0352860380000000j),(1.0257743690000001+0.0297929190000000j),(1.0198308709999999+0.0269505750000000j)
(-0.0549461869325927+0.0163883015062524j),(-0.0572507038034040+0.0314582032592447j),(-0.0273277515563630+0.0019743853064083j),(-0.0548921862275746+0.0002693972602692j),(-0.0545039932372347+0.0002081375316002j),(1.0225518220000001+0.0231940900000000j),(1.0285343899999999+0.0268755310000000j),(1.0286636160000000+0.0270132290000000j),(1.0332083379999999+0.0297451040000000j),(1.0333378700000000+0.0298816920000000j),(1.0365124920000000+0.0317899870000000j),(1.0366936240000000+0.0320936630000000j),(1.0449186200000000+0.0436599870000000j),(1.0363433150000001+0.0315669210000000j),(1.0212781049999999+0.0179414380000000j),(1.0205321640000000+0.0171650150000000j),(0.9961105240000000+0.0004795210000000j),(0.9958177450000000+0.0002493880000000j),(1.0064318600000000+0.0092178690000000j),(1.0068607679999999+0.0097166450000000j),(1.0143530839999999+0.0160473380000000j),(1.0147819920000001+0.0165461140000000j),(1.0222743080000001+0.0228768060000000j),(1.0224887629999999+0.0231261950000000j),(1.0285974490000001+0.0269434260000000j),(1.0285988509999999+0.0269449350000000j),(1.0332731040000001+0.0298133980000000j),(1.0365772579999999+0.0318582820000000j),(1.0450349860000001+0.0438953680000000j),(1.0210441619999999+0.0176500780000000j),(0.9955985250000000-0.0000055420000000j),(0.9956032910000000+0.0000000000000000j),(1.0066463139999999+0.0094672570000000j),(1.0145675380000001+0.0162967260000000j),(1.0285971439999999+0.0269445360000000j),(1.0226401580000000+0.0233076870000000j),(0.9956032910000000+0.0000000000000000j),(0.9955985250000000-0.0000055420000000j),(0.9955985250000000-0.0000055420000000j),(1.0220824150000001+0.0179025520000000j),(1.0215537910000001+0.0178105630000000j),(1.0375878839999999+0.0321168570000000j),(1.0365772579999999+0.0318582820000000j),(1.0285988509999999+0.0269449350000000j),(1.0459343900000000+0.0447538530000000j),(1.0450319749999999+0.0438955650000000j),(1.0066463139999999+0.0094672570000000j),(1.0066463139999999+0.0094672570000000j),(1.0224887629999999+0.0231261950000000j),(1.0145675380000001+0.0162967260000000j),(1.0332731040000001+0.0298133980000000j),(1.0250607599999999+0.0197339960000000j),(1.0223419780000000+0.0179656700000000j),(1.0232148569999999+0.0190002000000000j),(1.0216811980000000+0.0178506840000000j),(1.0474347350000000+0.0474760440000000j),(1.0461592420000001+0.0449684740000000j),(1.0450241680000001+0.0438936410000000j),(1.0450312230000001+0.0438956140000000j),(1.0421680540000000+0.0336519670000000j),(1.0378405410000000+0.0321815000000000j),(1.0285862619999999+0.0269449840000000j),(1.0238481810000000+0.0241428480000000j)
(-0.0553946107916558+0.0145359076113915j),(-0.0564561706715946+0.0259451238878313j),(-0.0287376646881034+0.0051994381879186j),(-0.0536250383523972+0.0001538352945317j),(-0.0528845131458980+0.0000778059151936j),(1.0237852290000000+0.0220954050000000j),(1.0296360130000000+0.0255162100000000j),(1.0297637100000001+0.0256462660000000j),(1.0342103860000000+0.0281843150000000j),(1.0343384030000000+0.0283133430000000j),(1.0374445370000001+0.0300862450000000j),(1.0376354850000000+0.0303654100000000j),(1.0462473080000001+0.0407349330000000j),(1.0372683240000000+0.0298808450000000j),(1.0220506480000000+0.0174606060000000j),(1.0212987899999999+0.0167162730000000j),(0.9969628390000000+0.0004690890000000j),(0.9966755510000000+0.0002398770000000j),(1.0074353149999999+0.0087780340000000j),(1.0078742570000001+0.0092577880000000j),(1.0154693850000001+0.0152847220000000j),(1.0159083270000000+0.0157644760000000j),(1.0235034550000000+0.0217914100000000j),(1.0237229260000000+0.0220312870000000j),(1.0296983159999999+0.0255803280000000j),(1.0296997010000000+0.0255817520000000j),(1.0342743950000000+0.0282488290000000j),(1.0375085460000000+0.0301507580000000j),(1.0463742469999999+0.0409495850000000j),(1.0218104250000000+0.0171906930000000j),(0.9964512030000000-0.0000053310000000j),(0.9964560800000000+0.0000000000000000j),(1.0076547860000000+0.0090179110000000j),(1.0156888559999999+0.0155245990000000j),(1.0296979950000000+0.0255813560000000j),(1.0238800939999999+0.0222070460000000j),(0.9964560800000000+0.0000000000000000j),(0.9964512030000000-0.0000053310000000j),(0.9964512030000000-0.0000053310000000j),(1.0228246710000000+0.0174345830000000j),(1.0223319430000000+0.0174184770000000j),(1.0384894830000000+0.0303974770000000j),(1.0375085460000000+0.0301507580000000j),(1.0296997010000000+0.0255817520000000j),(1.0472872410000000+0.0416988990000000j),(1.0463712409999999+0.0409497900000000j),(1.0076547860000000+0.0090179110000000j),(1.0076547860000000+0.0090179110000000j),(1.0237229260000000+0.0220312870000000j),(1.0156888559999999+0.0155245990000000j),(1.0342743950000000+0.0282488290000000j),(1.0257369140000001+0.0192151320000000j),(1.0230782320000000+0.0174955560000000j),(1.0239561349999999+0.0188668360000000j),(1.0224623230000001+0.0174754240000000j),(1.0489019310000001+0.0441709620000000j),(1.0475154890000000+0.0418862270000000j),(1.0463634369999999+0.0409478910000000j),(1.0463704890000001+0.0409498420000000j),(1.0429365380000000+0.0318678160000000j),(1.0387347179999999+0.0304591570000000j),(1.0296871260000000+0.0255818180000000j),(1.0251131560000000+0.0229982860000000j)
(-0.0533687397853588+0.0193673317154307j),(-0.0563825196615102+0.0266604206939113j),(-0.0526033556100806+0.0157886148991981j),(-0.0611090090295605-0.0001595474807516j),(-0.0513670563110481+0.0001873791894814j),(1.0207920300000000+0.0245753510000000j),(1.0277002850000001+0.0284375810000000j),(1.0278520170000001+0.0285865320000000j),(1.0330847610000000+0.0314529130000000j),(1.0332365520000000+0.0316006330000000j),(1.0368917780000000+0.0336028850000000j),(1.0370920150000000+0.0338941550000000j),(1.0455888840000001+0.0444330800000000j),(1.0367475719999999+0.0334158350000000j),(1.0226874269999999+0.0213056460000000j),(1.0218931469999999+0.0204719500000000j),(0.9943142380000000+0.0005669610000000j),(0.9939581470000000+0.0002621250000000j),(1.0046113240000001+0.0097693300000000j),(1.0050380200000000+0.0102935810000000j),(1.0125579090000001+0.0170045490000000j),(1.0129846050000000+0.0175287990000000j),(1.0205044940000001+0.0242397680000000j),(1.0207178420000000+0.0245018930000000j),(1.0277744730000000+0.0285110400000000j),(1.0277761210000000+0.0285126720000000j),(1.0331606560000000+0.0315267730000000j),(1.0369676729999999+0.0336767450000000j),(1.0457132259999999+0.0446504900000000j),(1.0224673259999999+0.0210447360000000j),(0.9937400580000000-0.0000058250000000j),(0.9937447990000000+0.0000000000000000j),(1.0048246720000000+0.0100314550000000j),(1.0127712570000000+0.0172666740000000j),(1.0277744140000000+0.0285122700000000j),(1.0208570029999999+0.0246905600000000j),(0.9937447990000000+0.0000000000000000j),(0.9937400580000000-0.0000058250000000j),(0.9937400580000000-0.0000058250000000j),(1.0236220810000001+0.0213206010000000j),(1.0233887110000000+0.0215845730000000j),(1.0379196600000000+0.0339218170000000j),(1.0369676729999999+0.0336767450000000j),(1.0277761210000000+0.0285126720000000j),(1.0466191260000000+0.0454162540000000j),(1.0457102180000000+0.0446506850000000j),(1.0048246720000000+0.0100314550000000j),(1.0048246720000000+0.0100314550000000j),(1.0207178420000000+0.0245018930000000j),(1.0127712570000000+0.0172666740000000j),(1.0331606560000000+0.0315267730000000j),(1.0269396019999999+0.0233421770000000j),(1.0239107700000001+0.0213895680000000j),(1.0260947309999999+0.0246427710000000j),(1.0236190570000001+0.0217195330000000j),(1.0482045540000000+0.0479222190000000j),(1.0468456010000000+0.0456076950000000j),(1.0457024170000000+0.0446487570000000j),(1.0457094659999999+0.0446507330000000j),(1.0422335680000001+0.0353747830000000j),(1.0381576570000000+0.0339830850000000j),(1.0277635230000000+0.0285127010000000j),(1.0220036889999999+0.0255890040000000j)
(-0.0552112251488508+0.0125168347888392j),(-0.0581266831417308+0.0239289773075817j),(-0.0556067749608829+0.0311253852267082j),(-0.0330505011988125+0.0002397448692749j),(-0.0545559051334239+0.0002397663075343j),(1.0199162829999999+0.0229528390000000j),(1.0258942360000001+0.0275022550000000j),(1.0260171570000001+0.0276622330000000j),(1.0305587039999999+0.0310392180000000j),(1.0306820040000000+0.0311978440000000j),(1.0338544080000001+0.0335567680000000j),(1.0340528080000000+0.0338488770000000j),(1.0431724170000001+0.0440353990000000j),(1.0336582850000000+0.0333774600000000j),(1.0175957750000000+0.0217144440000000j),(1.0168467839999999+0.0208862650000000j),(0.9927244990000000+0.0005640450000000j),(0.9924597260000000+0.0002480920000000j),(1.0033600439999999+0.0091151990000000j),(1.0038030899999999+0.0096113820000000j),(1.0114974320000001+0.0158705170000000j),(1.0119404780000001+0.0163667000000000j),(1.0196348200000001+0.0226258350000000j),(1.0198563439999999+0.0228739270000000j),(1.0259541750000001+0.0275811670000000j),(1.0259555069999999+0.0275829200000000j),(1.0306203540000001+0.0311185310000000j),(1.0339160580000000+0.0336360810000000j),(1.0433091680000000+0.0442481950000000j),(1.0173380030000001+0.0214558230000000j),(0.9922332800000000-0.0000055130000000j),(0.9922382030000000+0.0000000000000000j),(1.0035815669999999+0.0093632910000000j),(1.0117189550000001+0.0161186090000000j),(1.0259537960000000+0.0275825190000000j),(1.0200179279999999+0.0230431060000000j),(0.9922382030000000+0.0000000000000000j),(0.9922332800000000-0.0000055130000000j),(0.9922332800000000-0.0000055130000000j),(1.0179655190000001+0.0216119990000000j),(1.0182489669999999+0.0223055210000000j),(1.0349295420000000+0.0338979640000000j),(1.0339160580000000+0.0336360810000000j),(1.0259555069999999+0.0275829200000000j),(1.0442627910000000+0.0449734640000000j),(1.0433061520000000+0.0442483910000000j),(1.0035815669999999+0.0093632910000000j),(1.0035815669999999+0.0093632910000000j),(1.0198563439999999+0.0228739270000000j),(1.0117189550000001+0.0161186090000000j),(1.0306203540000001+0.0311185310000000j),(1.0197620140000001+0.0227300710000000j),(1.0181223980000000+0.0216510430000000j),(1.0205484100000000+0.0264773780000000j),(1.0184767090000000+0.0225179450000000j),(1.0459924119999999+0.0474186860000000j),(1.0445011970000000+0.0451547810000000j),(1.0432983330000001+0.0442464610000000j),(1.0433053990000001+0.0442484400000000j),(1.0395217919999999+0.0354493180000000j),(1.0351829130000001+0.0339634350000000j),(1.0259428859999999+0.0275829610000000j),(1.0212665009999999+0.0237876140000000j)
(-0.0560051598085362+0.0145911882659377j),(-0.0554526887792922+0.0211935199042138j),(-0.0523514324105664+0.0233345121425643j),(-0.0391560362024607+0.0002117783956782j),(-0.0553989068776628+0.0002130496817555j),(1.0218654690000000+0.0229240440000000j),(1.0279888079999999+0.0267643960000000j),(1.0281205200000001+0.0269071830000000j),(1.0327699109999999+0.0297571450000000j),(1.0329019020000001+0.0298987660000000j),(1.0361496390000000+0.0318895480000000j),(1.0363501319999999+0.0321572300000000j),(1.0452132270000001+0.0415131270000000j),(1.0359617699999999+0.0317079220000000j),(1.0201622429999999+0.0203431940000000j),(1.0193934280000001+0.0195490160000000j),(0.9944731830000000+0.0005362250000000j),(0.9941867680000001+0.0002482110000000j),(1.0051731530000001+0.0091066070000000j),(1.0056202869999999+0.0096030280000000j),(1.0133753830000001+0.0158560140000000j),(1.0138225180000000+0.0163524350000000j),(1.0215776130000001+0.0226054210000000j),(1.0218011800000000+0.0228536320000000j),(1.0280530960000001+0.0268348080000000j),(1.0280545249999999+0.0268363720000000j),(1.0328359069999999+0.0298279550000000j),(1.0362156339999999+0.0319603590000000j),(1.0453477250000001+0.0417099990000000j),(1.0199083780000000+0.0200907570000000j),(0.9939582320000000-0.0000055160000000j),(0.9939632000000000+0.0000000000000000j),(1.0053967200000000+0.0093548180000000j),(1.0135989500000000+0.0161042250000000j),(1.0280528170000001+0.0268359740000000j),(1.0219604600000001+0.0230314310000000j),(0.9939632000000000+0.0000000000000000j),(0.9939582320000000-0.0000055160000000j),(0.9939582320000000-0.0000055160000000j),(1.0206501920000000+0.0202729970000000j),(1.0207930370000000+0.0207737150000000j),(1.0372430720000001+0.0322234130000000j),(1.0362156339999999+0.0319603590000000j),(1.0280545249999999+0.0268363720000000j),(1.0462656760000000+0.0423681120000000j),(1.0453447160000000+0.0417102020000000j),(1.0053967200000000+0.0093548180000000j),(1.0053967200000000+0.0093548180000000j),(1.0218011800000000+0.0228536320000000j),(1.0135989500000000+0.0161042250000000j),(1.0328359069999999+0.0298279550000000j),(1.0227763059999999+0.0215872970000000j),(1.0208356460000001+0.0203185570000000j),(1.0231952910000000+0.0243083220000000j),(1.0210142019999999+0.0209444540000000j),(1.0479606370000001+0.0446264210000000j),(1.0464951629999999+0.0425326400000000j),(1.0453369060000000+0.0417082950000000j),(1.0453439640000000+0.0417102530000000j),(1.0418993710000000+0.0337848830000000j),(1.0374999320000000+0.0322891770000000j),(1.0280419300000001+0.0268364230000000j),(1.0232095539999999+0.0238313740000000j)
(-0.0524969641248183+0.0012582238831213j),(-0.0543704887163847+0.0263392077592403j),(-0.0511795673980825+0.0191784218946562j),(-0.0463931030701947+0.0001394354965199j),(-0.0506380958417337+0.0001986384341727j),(1.0244406040000000+0.0186114320000000j),(1.0300940420000000+0.0238043930000000j),(1.0302040260000001+0.0239785910000000j),(1.0345039940000000+0.0278334920000000j),(1.0346144939999999+0.0280061730000000j),(1.0376181480000000+0.0306989350000000j),(1.0377924810000001+0.0309966060000000j),(1.0459566330000001+0.0412561220000000j),(1.0374401390000001+0.0305450810000000j),(1.0228520530000000+0.0196601190000000j),(1.0220945120000000+0.0188922310000000j),(0.9968811470000000+0.0005230550000000j),(0.9965932940000000+0.0002087800000000j),(1.0076380359999999+0.0073706750000000j),(1.0081006150000000+0.0077882340000000j),(1.0158969030000000+0.0128436900000000j),(1.0163594819999999+0.0132612490000000j),(1.0241557699999999+0.0183167050000000j),(1.0243870600000000+0.0185254840000000j),(1.0301475860000000+0.0238903410000000j),(1.0301487760000001+0.0238922510000000j),(1.0345592440000000+0.0279198330000000j),(1.0376733979999999+0.0307852750000000j),(1.0460757160000000+0.0414674520000000j),(1.0226187940000000+0.0194199250000000j),(0.9963568650000000-0.0000046400000000j),(0.9963620050000001+0.0000000000000000j),(1.0078693249999999+0.0075794550000000j),(1.0161281920000000+0.0130524700000000j),(1.0301470699999999+0.0238918580000000j),(1.0245648050000000+0.0186483170000000j),(0.9963620050000001+0.0000000000000000j),(0.9963568650000000-0.0000046400000000j),(0.9963568650000000-0.0000046400000000j),(1.0234955569999999+0.0196326520000000j),(1.0234986540000000+0.0200161450000000j),(1.0386120059999999+0.0310243500000000j),(1.0376733979999999+0.0307852750000000j),(1.0301487760000001+0.0238922510000000j),(1.0469484469999999+0.0422146630000000j),(1.0460727089999999+0.0414676570000000j),(1.0078693249999999+0.0075794550000000j),(1.0078693249999999+0.0075794550000000j),(1.0243870600000000+0.0185254840000000j),(1.0161281920000000+0.0130524700000000j),(1.0345592440000000+0.0279198330000000j),(1.0260111320000000+0.0211777500000000j),(1.0237147470000001+0.0196858340000000j),(1.0259866790000001+0.0232298320000000j),(1.0237186190000001+0.0201652000000000j),(1.0484687049999999+0.0446514900000000j),(1.0471666300000000+0.0424014660000000j),(1.0460649040000001+0.0414657530000000j),(1.0460719570000001+0.0414677080000000j),(1.0428661500000000+0.0324451100000000j),(1.0388466580000000+0.0310841190000000j),(1.0301362060000001+0.0238923370000000j),(1.0258331400000000+0.0190884650000000j)
(-0.0513803417499335+0.0044570277838182j),(-0.0526572665972222+0.0294391381416813j),(-0.0490520386293200+0.0106421576352128j),(-0.0514703913066815+0.0001985945698498j),(-0.0500461322685945+0.0001895220916349j),(1.0240681780000001+0.0192866660000000j),(1.0298544919999999+0.0241635700000000j),(1.0299701459999999+0.0243305920000000j),(1.0343688879999999+0.0279506420000000j),(1.0344849949999999+0.0281162270000000j),(1.0375576460000000+0.0306449380000000j),(1.0377219910000000+0.0309456440000000j),(1.0452597770000001+0.0416659810000000j),(1.0373999750000000+0.0304787730000000j),(1.0236776210000000+0.0189725270000000j),(1.0229258260000000+0.0182101120000000j),(0.9973188780000000+0.0005087050000000j),(0.9970107660000000+0.0002138930000000j),(1.0077440070000001+0.0076445150000000j),(1.0081900120000000+0.0080723000000000j),(1.0157664170000000+0.0133174450000000j),(1.0162124219999999+0.0137452300000000j),(1.0237888270000000+0.0189903750000000j),(1.0240118290000000+0.0192042680000000j),(1.0299108400000001+0.0242459680000000j),(1.0299120920000000+0.0242478000000000j),(1.0344269420000001+0.0280334340000000j),(1.0376156999999999+0.0307277300000000j),(1.0453660680000001+0.0418838950000000j),(1.0234618959999999+0.0187235690000000j),(0.9967828080000000-0.0000047530000000j),(0.9967877640000000+0.0000000000000000j),(1.0079670089999999+0.0078584070000000j),(1.0159894190000001+0.0135313370000000j),(1.0299103869999999+0.0242474060000000j),(1.0241784830000000+0.0193357610000000j),(0.9967877640000000+0.0000000000000000j),(0.9967828080000000-0.0000047530000000j),(0.9967828080000000-0.0000047530000000j),(1.0244334010000000+0.0189596310000000j),(1.0243402840000000+0.0191469980000000j),(1.0385434899999999+0.0309638460000000j),(1.0376156999999999+0.0307277300000000j),(1.0299120920000000+0.0242478000000000j),(1.0461925519999999+0.0426809740000000j),(1.0453630590000000+0.0418840980000000j),(1.0079670089999999+0.0078584070000000j),(1.0079670089999999+0.0078584070000000j),(1.0240118290000000+0.0192042680000000j),(1.0159894190000001+0.0135313370000000j),(1.0344269420000001+0.0280334340000000j),(1.0272204560000000+0.0206727700000000j),(1.0246762770000000+0.0190186460000000j),(1.0270285690000001+0.0217309930000000j),(1.0245598810000001+0.0192528550000000j),(1.0475651020000001+0.0452020040000000j),(1.0463991730000000+0.0428802430000000j),(1.0453552500000001+0.0418821900000000j),(1.0453623070000000+0.0418841490000000j),(1.0427486740000000+0.0323672870000000j),(1.0387754380000001+0.0310228750000000j),(1.0298995190000000+0.0242478820000000j),(1.0253948010000000+0.0198462000000000j)
(-0.0441955059778092+0.0031981284124341j),(-0.0450710694968262+0.0197135496060910j),(-0.0422054175398663-0.0044757017611598j),(-0.0547277348280916-0.0000332781441593j),(-0.0413568550144115+0.0002044390020574j),(1.0260379019999999+0.0152028140000000j),(1.0315603879999999+0.0185979880000000j),(1.0316798290000000+0.0187250310000000j),(1.0358823250000000+0.0212433750000000j),(1.0360021770000001+0.0213694110000000j),(1.0389377440000001+0.0231285480000000j),(1.0391028769999999+0.0233587350000000j),(1.0461485250000000+0.0313801010000000j),(1.0388134210000000+0.0229942530000000j),(1.0272251400000001+0.0139891520000000j),(1.0265139830000001+0.0133934180000000j),(1.0020502950000001+0.0003945810000000j),(1.0017311229999999+0.0001727760000000j),(1.0113640939999999+0.0060205790000000j),(1.0117705330000000+0.0063661310000000j),(1.0185702780000001+0.0104939920000000j),(1.0189767169999999+0.0108395440000000j),(1.0257764610000000+0.0149674040000000j),(1.0259796809999999+0.0151401800000000j),(1.0316186089999999+0.0186606220000000j),(1.0316199029999999+0.0186620140000000j),(1.0359422510000000+0.0213063930000000j),(1.0389976700000001+0.0231915660000000j),(1.0462537329999999+0.0315472700000000j),(1.0270408910000000+0.0137918390000000j),(1.0015233870000000-0.0000038390000000j),(1.0015279029999999+0.0000000000000000j),(1.0115673140000001+0.0061933550000000j),(1.0187734970000000+0.0106667680000000j),(1.0316181980000001+0.0186616300000000j),(1.0261246799999999+0.0152503220000000j),(1.0015279029999999+0.0000000000000000j),(1.0015233870000000-0.0000038390000000j),(1.0015233870000000-0.0000038390000000j),(1.0280723970000001+0.0140324010000000j),(1.0278563240000000+0.0138930690000000j),(1.0397653960000000+0.0233817420000000j),(1.0389976700000001+0.0231915660000000j),(1.0316199029999999+0.0186620140000000j),(1.0469936460000000+0.0321205290000000j),(1.0462507270000001+0.0315475030000000j),(1.0115673140000001+0.0061933550000000j),(1.0115673140000001+0.0061933550000000j),(1.0259796809999999+0.0151401800000000j),(1.0187734970000000+0.0106667680000000j),(1.0359422510000000+0.0213063930000000j),(1.0310417350000001+0.0158199690000000j),(1.0283302740000000+0.0140925420000000j),(1.0306992210000001+0.0152312560000000j),(1.0280601819999999+0.0139183760000000j),(1.0483277540000000+0.0340428680000000j),(1.0471786240000001+0.0322638440000000j),(1.0462429030000000+0.0315456730000000j),(1.0462499759999999+0.0315475610000000j),(1.0432468470000000+0.0245190270000000j),(1.0399573280000001+0.0234292870000000j),(1.0316073500000000+0.0186621640000000j),(1.0271758609999999+0.0156688950000000j)
(-0.0406266007445642+0.0033098399617331j),(-0.0435358757774831-0.0013178401188629j),(-0.0392547824406731+0.0068082411497438j),(-0.0197299021931600+0.0000332871177472j),(-0.0397526826679580+0.0001732546208207j),(1.0250000050000001+0.0120244010000000j),(1.0298328160000001+0.0137284920000000j),(1.0299465950000000+0.0138071410000000j),(1.0336366930000001+0.0150682500000000j),(1.0337509510000000+0.0151464160000000j),(1.0363285929999999+0.0160273370000000j),(1.0365344649999999+0.0161582320000000j),(1.0452586260000001+0.0197852010000000j),(1.0361594949999999+0.0159248930000000j),(1.0227981479999999+0.0102755200000000j),(1.0221569730000000+0.0098369830000000j),(1.0030027379999999+0.0002938780000000j),(1.0027803239999999+0.0001409350000000j),(1.0115799070000000+0.0047599950000000j),(1.0119566019999999+0.0050418650000000j),(1.0181680730000000+0.0083023770000000j),(1.0185447679999999+0.0085842470000000j),(1.0247562390000000+0.0118447600000000j),(1.0249445859999999+0.0119856950000000j),(1.0298882350000000+0.0137671980000000j),(1.0298894660000000+0.0137680580000000j),(1.0336938220000000+0.0151073330000000j),(1.0363857219999999+0.0160664200000000j),(1.0454073680000000+0.0198770130000000j),(1.0225719200000001+0.0101339930000000j),(1.0025877910000001-0.0000031320000000j),(1.0025919759999999+0.0000000000000000j),(1.0117682550000000+0.0049009300000000j),(1.0183564199999999+0.0084433120000000j),(1.0298877559999999+0.0137676820000000j),(1.0250775139999999+0.0120879240000000j),(1.0025919759999999+0.0000000000000000j),(1.0025877910000001-0.0000031320000000j),(1.0025877910000001-0.0000031320000000j),(1.0229465719999999+0.0102204050000000j),(1.0232865209999999+0.0104345920000000j),(1.0371270680000000+0.0162442160000000j),(1.0363857219999999+0.0160664200000000j),(1.0298894660000000+0.0137680580000000j),(1.0462193719999999+0.0200451780000000j),(1.0454043620000000+0.0198772790000000j),(1.0117682550000000+0.0049009300000000j),(1.0117682550000000+0.0049009300000000j),(1.0249445859999999+0.0119856950000000j),(1.0183564199999999+0.0084433120000000j),(1.0336938220000000+0.0151073330000000j),(1.0240260269999999+0.0108666700000000j),(1.0230402350000001+0.0102420080000000j),(1.0255257499999999+0.0123773170000000j),(1.0234651710000000+0.0105097410000000j),(1.0480294370000001+0.0210556470000000j),(1.0464223730000000+0.0200872190000000j),(1.0453965100000000+0.0198755340000000j),(1.0454036110000000+0.0198773460000000j),(1.0404908610000001+0.0173154230000000j),(1.0373124039999999+0.0162886650000000j),(1.0298768920000001+0.0137682680000000j),(1.0260432760000000+0.0124791690000000j)
(-0.0418600117545676-0.0043812980092617j),(-0.0448209772078361+0.0174419179819934j),(-0.0413300744137042+0.0002685320256374j),(-0.0290354779723091+0.0000600849580286j),(-0.0423606752656812+0.0001242304365286j),(1.0257537539999999+0.0120498260000000j),(1.0304468490000001+0.0158194190000000j),(1.0305423039999999+0.0159501670000000j),(1.0341285200000001+0.0187464990000000j),(1.0342246520000000+0.0188761950000000j),(1.0367297289999999+0.0208295150000000j),(1.0368879400000000+0.0210534040000000j),(1.0441275290000001+0.0285987100000000j),(1.0365726879999999+0.0207051430000000j),(1.0239344140000000+0.0123140190000000j),(1.0232821990000001+0.0117770050000000j),(1.0024590840000001+0.0003446200000000j),(1.0022170570000000+0.0001427890000000j),(1.0115410320000000+0.0047570960000000j),(1.0119422739999999+0.0050426750000000j),(1.0185239030000000+0.0082998320000000j),(1.0189251459999999+0.0085854110000000j),(1.0255067750000000+0.0118425690000000j),(1.0257073960000000+0.0119853580000000j),(1.0304932069999999+0.0158838870000000j),(1.0304942380000000+0.0158853200000000j),(1.0341765860000001+0.0188113470000000j),(1.0367777960000000+0.0208943630000000j),(1.0442376739999999+0.0287577510000000j),(1.0237293059999999+0.0121247990000000j),(1.0020119770000000-0.0000031730000000j),(1.0020164359999999+0.0000000000000000j),(1.0117416530000001+0.0048998850000000j),(1.0187245250000001+0.0084426220000000j),(1.0304925290000000+0.0158849400000000j),(1.0258616590000000+0.0120636790000000j),(1.0020164359999999+0.0000000000000000j),(1.0020119770000000-0.0000031730000000j),(1.0020119770000000-0.0000031730000000j),(1.0242793219999999+0.0122531910000000j),(1.0245103200000001+0.0123113230000000j),(1.0375665789999999+0.0210862830000000j),(1.0367777960000000+0.0208943630000000j),(1.0304942380000000+0.0158853200000000j),(1.0449864419999999+0.0292869210000000j),(1.0442346629999999+0.0287579920000000j),(1.0117416530000001+0.0048998850000000j),(1.0117416530000001+0.0048998850000000j),(1.0257073960000000+0.0119853580000000j),(1.0187245250000001+0.0084426220000000j),(1.0341765860000001+0.0188113470000000j),(1.0258624999999999+0.0132067270000000j),(1.0244168270000000+0.0122852900000000j),(1.0271266400000001+0.0139185210000000j),(1.0247055740000000+0.0123579540000000j),(1.0463747569999999+0.0311107730000000j),(1.0451736340000000+0.0294192140000000j),(1.0442268189999999+0.0287561780000000j),(1.0442339100000000+0.0287580520000000j),(1.0411446920000000+0.0222387240000000j),(1.0377637749999999+0.0211342630000000j),(1.0304816710000000+0.0158855040000000j),(1.0269154420000000+0.0122763320000000j)
(-0.0441869979169278+0.0016972065947344j),(-0.0456741887343019+0.0123027390002171j),(-0.0427022178138207+0.0095260767579572j),(-0.0405281215440309-0.0002409961272659j),(-0.0424055495367394+0.0001296631856749j),(1.0247878850000001+0.0144037370000000j),(1.0299991550000001+0.0177044200000000j),(1.0301112729999999+0.0178268150000000j),(1.0340826299999999+0.0202748460000000j),(1.0341952420000000+0.0203962830000000j),(1.0369693510000000+0.0221063050000000j),(1.0371500910000000+0.0223106300000000j),(1.0450201569999999+0.0289099480000000j),(1.0368145170000000+0.0219888400000000j),(1.0239474030000000+0.0142420330000000j),(1.0232593900000000+0.0136668210000000j),(1.0008768250000000+0.0003933560000000j),(1.0006076660000001+0.0001652990000000j),(1.0101897090000000+0.0057013320000000j),(1.0105961040000000+0.0060319290000000j),(1.0173598989999999+0.0099397170000000j),(1.0177662949999999+0.0102703140000000j),(1.0245300890000000+0.0141781030000000j),(1.0247332870000001+0.0143434010000000j),(1.0300537540000001+0.0177647560000000j),(1.0300549670000001+0.0177660960000000j),(1.0341389360000000+0.0203355640000000j),(1.0370256579999999+0.0221670230000000j),(1.0451445900000000+0.0290535550000000j),(1.0237362619999999+0.0140638500000000j),(1.0003999530000001-0.0000036730000000j),(1.0004044690000000+0.0000000000000000j),(1.0103929060000001+0.0058666300000000j),(1.0175630970000000+0.0101050160000000j),(1.0300532590000000+0.0177657130000000j),(1.0248818860000000+0.0144483650000000j),(1.0004044690000000+0.0000000000000000j),(1.0003999530000001-0.0000036730000000j),(1.0003999530000001-0.0000036730000000j),(1.0245043430000000+0.0142385040000000j),(1.0245017869999999+0.0144337580000000j),(1.0378148070000000+0.0223601600000000j),(1.0370256579999999+0.0221670230000000j),(1.0300549670000001+0.0177660960000000j),(1.0459319970000001+0.0294911120000000j),(1.0451415820000001+0.0290537950000000j),(1.0103929060000001+0.0058666300000000j),(1.0103929060000001+0.0058666300000000j),(1.0247332870000001+0.0143434010000000j),(1.0175630970000000+0.0101050160000000j),(1.0341389360000000+0.0203355640000000j),(1.0267198790000001+0.0155556360000000j),(1.0246963640000000+0.0142821680000000j),(1.0268436050000000+0.0166889550000000j),(1.0246931680000000+0.0145262340000000j),(1.0474812090000001+0.0311255060000000j),(1.0461288479999999+0.0296005010000000j),(1.0451337450000000+0.0290519810000000j),(1.0451408300000000+0.0290538550000000j),(1.0413941990000000+0.0235183410000000j),(1.0380120939999999+0.0224084440000000j),(1.0300423949999999+0.0177662580000000j),(1.0259460229999999+0.0148299470000000j)
(-0.0395834537809377-0.0109515454229684j),(-0.0407756626738352+0.0115686901810881j),(-0.0393789838653630+0.0067725927977393j),(-0.0403941679053215+0.0000454099691629j),(-0.0402708933888645+0.0000824027635836j),(1.0270651760000000+0.0093650410000000j),(1.0316964340000001+0.0134501890000000j),(1.0317880460000000+0.0135886030000000j),(1.0353281790000000+0.0166192250000000j),(1.0354205110000001+0.0167564970000000j),(1.0378933969999999+0.0188734760000000j),(1.0380498110000000+0.0190718760000000j),(1.0450443080000000+0.0250537700000000j),(1.0377393690000001+0.0187911130000000j),(1.0256938830000000+0.0124092410000000j),(1.0250341340000000+0.0119054830000000j),(1.0036625969999999+0.0003501310000000j),(1.0034130809999999+0.0001183030000000j),(1.0127756330000000+0.0036787500000000j),(1.0131865780000000+0.0039153570000000j),(1.0197954389999999+0.0064286130000000j),(1.0202063840000000+0.0066652200000000j),(1.0268152450000001+0.0091784770000000j),(1.0270207170000001+0.0092967800000000j),(1.0317408930000000+0.0135184500000000j),(1.0317418800000000+0.0135199670000000j),(1.0353743449999999+0.0166878610000000j),(1.0379395629999999+0.0189421120000000j),(1.0451545560000000+0.0251835330000000j),(1.0254936889999999+0.0122582420000000j),(1.0032030420000000-0.0000026290000000j),(1.0032076080000001+0.0000000000000000j),(1.0129811060000000+0.0037970530000000j),(1.0200009120000000+0.0065469170000000j),(1.0317401730000000+0.0135195920000000j),(1.0271817310000000+0.0093468230000000j),(1.0032076080000001+0.0000000000000000j),(1.0032030420000000-0.0000026290000000j),(1.0032030420000000-0.0000026290000000j),(1.0262570160000000+0.0124360730000000j),(1.0262081350000001+0.0125592990000000j),(1.0386892980000000+0.0191222660000000j),(1.0379395629999999+0.0189421120000000j),(1.0317418800000000+0.0135199670000000j),(1.0458566110000000+0.0255824050000000j),(1.0451515480000000+0.0251837840000000j),(1.0129811060000000+0.0037970530000000j),(1.0129811060000000+0.0037970530000000j),(1.0270207170000001+0.0092967800000000j),(1.0200009120000000+0.0065469170000000j),(1.0353743449999999+0.0166878610000000j),(1.0284545480000000+0.0137583090000000j),(1.0264478480000001+0.0124805310000000j),(1.0284462539999999+0.0145035060000000j),(1.0263867460000000+0.0126345630000000j),(1.0472313330000000+0.0270604870000000j),(1.0460321250000000+0.0256821220000000j),(1.0451437040000000+0.0251819990000000j),(1.0451507959999999+0.0251838470000000j),(1.0420910420000000+0.0202071950000000j),(1.0388767320000001+0.0191673050000000j),(1.0317293290000000+0.0135201800000000j),(1.0282289490000001+0.0093789410000000j)
(-0.0475387468387143+0.0124118074627598j),(-0.0501554836011948+0.0253155489115290j),(-0.0447631591409748-0.0094156451118429j),(-0.0468165530932427+0.0001820816816478j),(-0.0483242892478596+0.0000675408783953j),(1.0247727140000000+0.0192699040000000j),(1.0309050410000000+0.0223446180000000j),(1.0310424430000000+0.0224677810000000j),(1.0356982250000000+0.0247483250000000j),(1.0358358400000001+0.0248705280000000j),(1.0390880410000001+0.0264635550000000j),(1.0392652560000000+0.0267223630000000j),(1.0467430369999999+0.0363460720000000j),(1.0389550030000001+0.0262793250000000j),(1.0260088180000000+0.0148481580000000j),(1.0252699450000000+0.0141841540000000j),(1.0002528180000001+0.0004139860000000j),(0.9999227560000000+0.0002108310000000j),(1.0097788290000000+0.0076511120000000j),(1.0101837600000001+0.0080727740000000j),(1.0171409880000000+0.0133247370000000j),(1.0175459179999999+0.0137463980000000j),(1.0245031460000000+0.0189983620000000j),(1.0247056120000000+0.0192091920000000j),(1.0309721439999999+0.0224053300000000j),(1.0309736350000001+0.0224066790000000j),(1.0357670329999999+0.0248094270000000j),(1.0391568490000000+0.0265246570000000j),(1.0468514440000001+0.0365437780000000j),(1.0258069720000000+0.0146028250000000j),(0.9997157920000000-0.0000046850000000j),(0.9997202910000000+0.0000000000000000j),(1.0099812950000000+0.0078619430000000j),(1.0173434530000001+0.0135355680000000j),(1.0309719310000001+0.0224062890000000j),(1.0248409740000000+0.0193593120000000j),(0.9997202910000000+0.0000000000000000j),(0.9997157920000000-0.0000046850000000j),(0.9997157920000000-0.0000046850000000j),(1.0266898719999999+0.0148134340000000j),(1.0266930340000000+0.0146226360000000j),(1.0400531159999999+0.0267465210000000j),(1.0391568490000000+0.0265246570000000j),(1.0309736350000001+0.0224066790000000j),(1.0476547740000000+0.0372476160000000j),(1.0468484400000000+0.0365439960000000j),(1.0099812950000000+0.0078619430000000j),(1.0099812950000000+0.0078619430000000j),(1.0247056120000000+0.0192091920000000j),(1.0173434530000001+0.0135355680000000j),(1.0357670329999999+0.0248094270000000j),(1.0292266889999999+0.0163581180000000j),(1.0269105970000001+0.0148660870000000j),(1.0298894860000001+0.0157489820000000j),(1.0269145500000001+0.0146275880000000j),(1.0490420940000000+0.0395289280000000j),(1.0478556059999999+0.0374235760000000j),(1.0468406299999999+0.0365421300000000j),(1.0468476890000000+0.0365440510000000j),(1.0441175229999999+0.0280735060000000j),(1.0402771829999999+0.0268019860000000j),(1.0309610750000000+0.0224067840000000j),(1.0259008770000000+0.0200332590000000j)
(-0.0443259354100202-0.0082343946787084j),(-0.0402409727804543+0.0005889600677902j),(-0.0397683918648762+0.0258634511194358j),(-0.0496578012437531-0.0000585819933268j),(-0.0449855711328261+0.0000636673721933j),(1.0273543279999999+0.0109671860000000j),(1.0323777300000001+0.0147346440000000j),(1.0324816870000000+0.0148676900000000j),(1.0363131889999999+0.0176623390000000j),(1.0364177269999999+0.0177943050000000j),(1.0390941440000001+0.0197464490000000j),(1.0392793000000000+0.0199037010000000j),(1.0471526250000001+0.0236373860000000j),(1.0389140269999999+0.0196868700000000j),(1.0253595400000000+0.0149474320000000j),(1.0246456450000001+0.0144066830000000j),(1.0019504790000000+0.0004121680000000j),(1.0016956360000000+0.0001358190000000j),(1.0118539360000001+0.0043180950000000j),(1.0122974160000000+0.0045897330000000j),(1.0194679799999999+0.0075419280000000j),(1.0199114600000001+0.0078135660000000j),(1.0270820249999999+0.0107657610000000j),(1.0273037640000000+0.0109015800000000j),(1.0324282940000000+0.0148002490000000j),(1.0324294180000000+0.0148017070000000j),(1.0363654579999999+0.0177283220000000j),(1.0391464130000001+0.0198124320000000j),(1.0472855130000001+0.0237286550000000j),(1.0251271540000000+0.0148218700000000j),(1.0014689690000000-0.0000030180000000j),(1.0014738960000000+0.0000000000000000j),(1.0120756760000000+0.0044539140000000j),(1.0196897199999999+0.0076777470000000j),(1.0324277120000001+0.0148013300000000j),(1.0274749400000001+0.0109717930000000j),(1.0014738960000000+0.0000000000000000j),(1.0014689690000000-0.0000030180000000j),(1.0014689690000000-0.0000030180000000j),(1.0260651000000001+0.0150408940000000j),(1.0257630320000000+0.0154887320000000j),(1.0399824910000000+0.0200136100000000j),(1.0391464130000001+0.0198124320000000j),(1.0324294180000000+0.0148017070000000j),(1.0480261689999999+0.0239199610000000j),(1.0472825109999999+0.0237289100000000j),(1.0120756760000000+0.0044539140000000j),(1.0120756760000000+0.0044539140000000j),(1.0273037640000000+0.0109015800000000j),(1.0196897199999999+0.0076777470000000j),(1.0363654579999999+0.0177283220000000j),(1.0287648229999999+0.0166672030000000j),(1.0262995859999999+0.0150956510000000j),(1.0272803429999999+0.0186688180000000j),(1.0259220010000001+0.0156554480000000j),(1.0496487310000000+0.0249320590000000j),(1.0482113330000000+0.0239677870000000j),(1.0472746799999999+0.0237271400000000j),(1.0472817610000000+0.0237289730000000j),(1.0437759040000001+0.0212247600000000j),(1.0401915110000000+0.0200639050000000j),(1.0324168750000000+0.0148019050000000j),(1.0286165169999999+0.0111077990000000j)
(-0.0433399736211802-0.0003171468731180j),(-0.0440092673989800+0.0112057895017941j),(-0.0437324607851262+0.0036258566220739j),(-0.0286723661645884+0.0001217745314680j),(-0.0442272233853254+0.0001275591831223j),(1.0259755140000000+0.0130494980000000j),(1.0309550009999999+0.0161315610000000j),(1.0310627200000000+0.0162466800000000j),(1.0348617259999999+0.0185320910000000j),(1.0349699870000000+0.0186463290000000j),(1.0376237040000000+0.0202427560000000j),(1.0377994440000000+0.0204357570000000j),(1.0454526689999999+0.0266469090000000j),(1.0374611199999999+0.0201220900000000j),(1.0242982789999999+0.0124446170000000j),(1.0236236249999999+0.0119141040000000j),(1.0023191819999999+0.0003493380000000j),(1.0020683269999999+0.0001525360000000j),(1.0115393380000000+0.0051602980000000j),(1.0119445039999999+0.0054653700000000j),(1.0186299230000000+0.0090002610000000j),(1.0190350889999999+0.0093053330000000j),(1.0257205080000000+0.0128402240000000j),(1.0259230909999999+0.0129927600000000j),(1.0310074250000001+0.0161883000000000j),(1.0310085899999999+0.0161895610000000j),(1.0349158560000000+0.0185892100000000j),(1.0376778339999999+0.0202998750000000j),(1.0455742779999999+0.0267827900000000j),(1.0240815649999999+0.0122668310000000j),(1.0018612430000000-0.0000033900000000j),(1.0018657449999999+0.0000000000000000j),(1.0117419210000000+0.0053128340000000j),(1.0188325060000001+0.0091527970000000j),(1.0310068820000000+0.0161891810000000j),(1.0260732500000000+0.0130885570000000j),(1.0018657449999999+0.0000000000000000j),(1.0018612430000000-0.0000033900000000j),(1.0018612430000000-0.0000033900000000j),(1.0246242420000000+0.0123948290000000j),(1.0248928500000001+0.0125277460000000j),(1.0385006409999999+0.0204995610000000j),(1.0376778339999999+0.0202998750000000j),(1.0310085899999999+0.0161895610000000j),(1.0463366850000000+0.0271905530000000j),(1.0455712710000000+0.0267830370000000j),(1.0117419210000000+0.0053128340000000j),(1.0117419210000000+0.0053128340000000j),(1.0259230909999999+0.0129927600000000j),(1.0188325060000001+0.0091527970000000j),(1.0349158560000000+0.0185892100000000j),(1.0261849649999999+0.0133397470000000j),(1.0247599110000001+0.0124268290000000j),(1.0275306600000000+0.0144413030000000j),(1.0250956720000000+0.0125929740000000j),(1.0478486460000001+0.0287351330000000j),(1.0465272859999999+0.0272924930000000j),(1.0455634330000001+0.0267812410000000j),(1.0455705200000001+0.0267830980000000j),(1.0422332630000000+0.0216993450000000j),(1.0387063420000000+0.0205494830000000j),(1.0309960290000000+0.0161897420000000j),(1.0271314990000000+0.0134126640000000j)
(-0.0474518570137488+0.0038952557932147j),(-0.0470381279476573+0.0212505123351169j),(-0.0469698210580701-0.0055495251280707j),(-0.0215381479589144+0.0002455903394825j),(-0.0477567728861083+0.0001092764307759j),(1.0258436790000001+0.0157288830000000j),(1.0307839110000001+0.0189396970000000j),(1.0308897010000000+0.0190578500000000j),(1.0346595590000001+0.0214392130000000j),(1.0347659119999999+0.0215564570000000j),(1.0373992679999999+0.0232199090000000j),(1.0375607339999999+0.0234555430000000j),(1.0448550860000001+0.0319758590000000j),(1.0372364730000001+0.0230528530000000j),(1.0237012420000000+0.0127982930000000j),(1.0230211929999999+0.0122118910000000j),(1.0014095380000001+0.0003567650000000j),(1.0011561050000000+0.0001781820000000j),(1.0109438700000000+0.0062324840000000j),(1.0113559969999999+0.0065888490000000j),(1.0182650070000001+0.0108624740000000j),(1.0186771340000000+0.0112188390000000j),(1.0255861449999999+0.0154924640000000j),(1.0257922090000000+0.0156706460000000j),(1.0308353809999999+0.0189979340000000j),(1.0308365250000000+0.0189992280000000j),(1.0347127350000001+0.0214978350000000j),(1.0374524450000000+0.0232785310000000j),(1.0449633750000000+0.0321528710000000j),(1.0234852699999999+0.0125726160000000j),(1.0009454620000000-0.0000039600000000j),(1.0009500410000001+0.0000000000000000j),(1.0111499330000000+0.0064106670000000j),(1.0184710710000000+0.0110406560000000j),(1.0308348180000000+0.0189988430000000j),(1.0259468020000000+0.0157905910000000j),(1.0009500410000001+0.0000000000000000j),(1.0009454620000000-0.0000039600000000j),(1.0009454620000000-0.0000039600000000j),(1.0238926820000001+0.0126718200000000j),(1.0243981220000000+0.0126739230000000j),(1.0383402260000001+0.0234962200000000j),(1.0374524450000000+0.0232785310000000j),(1.0308365250000000+0.0189992280000000j),(1.0457328450000001+0.0327649150000000j),(1.0449603649999999+0.0321531020000000j),(1.0111499330000000+0.0064106670000000j),(1.0111499330000000+0.0064106670000000j),(1.0257922090000000+0.0156706460000000j),(1.0184710710000000+0.0110406560000000j),(1.0347127350000001+0.0214978350000000j),(1.0250612580000000+0.0133908960000000j),(1.0239945349999999+0.0126966210000000j),(1.0275949540000000+0.0141283150000000j),(1.0246263350000000+0.0126992500000000j),(1.0471083230000000+0.0348019230000000j),(1.0459252120000000+0.0329179260000000j),(1.0449525330000000+0.0321512650000000j),(1.0449596130000001+0.0321531600000000j),(1.0423668520000000+0.0248010670000000j),(1.0385621720000000+0.0235506420000000j),(1.0308239619999999+0.0189993740000000j),(1.0270717180000000+0.0162519210000000j)
(-0.0463993439861245+0.0066763866478261j),(-0.0455860592593612+0.0315451616573409j),(-0.0501456538208632+0.0019543003545322j),(-0.0542859792926079-0.0000245074589432j),(-0.0512433606093173+0.0001133855034175j),(1.0228839810000001+0.0188728970000000j),(1.0289030749999999+0.0234454350000000j),(1.0290268860000000+0.0236062940000000j),(1.0335987110000000+0.0270000770000000j),(1.0337228869999999+0.0271595650000000j),(1.0369164420000001+0.0295302230000000j),(1.0370570589999999+0.0298191100000000j),(1.0430381230000001+0.0403089670000000j),(1.0367902040000001+0.0293643960000000j),(1.0245676450000001+0.0178040810000000j),(1.0238371360000000+0.0170709610000000j),(0.9981491320000000+0.0004829420000000j),(0.9978166290000000+0.0002073340000000j),(1.0077601210000000+0.0074839740000000j),(1.0081703650000000+0.0078986410000000j),(1.0151893000000001+0.0130350930000000j),(1.0155995430000000+0.0134497610000000j),(1.0226184789999999+0.0185862120000000j),(1.0228236010000000+0.0187935460000000j),(1.0289634560000001+0.0235247860000000j),(1.0289647980000001+0.0235265500000000j),(1.0336607990000000+0.0270798210000000j),(1.0369785300000001+0.0296099670000000j),(1.0431166519999999+0.0405181110000000j),(1.0243793180000000+0.0175585100000000j),(0.9976069490000000-0.0000046070000000j),(0.9976115070000000+0.0000000000000000j),(1.0079652429999999+0.0076913080000000j),(1.0153944220000000+0.0132424270000000j),(1.0289630900000000+0.0235261570000000j),(1.0229683420000000+0.0189215290000000j),(0.9976115070000000+0.0000000000000000j),(0.9976069490000000-0.0000046070000000j),(0.9976069490000000-0.0000046070000000j),(1.0254041800000000+0.0178017010000000j),(1.0253170039999999+0.0178207250000000j),(1.0379296309999999+0.0298493780000000j),(1.0369785300000001+0.0296099670000000j),(1.0289647980000001+0.0235265500000000j),(1.0438056240000000+0.0413209290000000j),(1.0431136360000000+0.0405183180000000j),(1.0079652429999999+0.0076913080000000j),(1.0079652429999999+0.0076913080000000j),(1.0228236010000000+0.0187935460000000j),(1.0153944220000000+0.0132424270000000j),(1.0336607990000000+0.0270798210000000j),(1.0283501810000000+0.0195907590000000j),(1.0256603950000001+0.0178624980000000j),(1.0284126140000001+0.0198894160000000j),(1.0255514250000000+0.0178862790000000j),(1.0448459580000000+0.0437524350000000j),(1.0439778669999999+0.0415216340000000j),(1.0431058070000001+0.0405164140000000j),(1.0431128820000000+0.0405183690000000j),(1.0422413550000000+0.0312759030000000j),(1.0381674059999999+0.0299092310000000j),(1.0289522129999999+0.0235266410000000j),(1.0240476220000001+0.0194473530000000j)
(-0.0513637306089164+0.0019969796970540j),(-0.0507737649010763+0.0288414579896375j),(-0.0514177725655157+0.0117611154346906j),(-0.0333292311255295+0.0002051502662391j),(-0.0523609061069366+0.0001424440184096j),(1.0239099009999999+0.0181898680000000j),(1.0291564790000001+0.0230764680000000j),(1.0292581930000000+0.0232398880000000j),(1.0332558839999999+0.0268670370000000j),(1.0333582059999999+0.0270290590000000j),(1.0361507109999999+0.0295627290000000j),(1.0363037570000000+0.0298556000000000j),(1.0435546229999999+0.0402905550000000j),(1.0359754720000001+0.0293940050000000j),(1.0216734629999999+0.0179379070000000j),(1.0209561149999999+0.0172054750000000j),(0.9974218010000000+0.0004781760000000j),(0.9971575570000000+0.0002034350000000j),(1.0077697070000000+0.0072060410000000j),(1.0082132600000000+0.0076129120000000j),(1.0157041890000000+0.0125559280000000j),(1.0161477420000000+0.0129627990000000j),(1.0236386710000001+0.0179058150000000j),(1.0238604480000000+0.0181092500000000j),(1.0292059330000001+0.0231570860000000j),(1.0292070320000000+0.0231588770000000j),(1.0333070449999999+0.0269480480000000j),(1.0362018710000001+0.0296437400000000j),(1.0436565090000001+0.0405024150000000j),(1.0214470640000000+0.0176881730000000j),(0.9969308520000000-0.0000045210000000j),(0.9969357800000000+0.0000000000000000j),(1.0079914830000001+0.0074094770000000j),(1.0159259650000001+0.0127593630000000j),(1.0292053240000001+0.0231584850000000j),(1.0240327709999999+0.0182320670000000j),(0.9969357800000000+0.0000000000000000j),(0.9969308520000000-0.0000045210000000j),(0.9969308520000000-0.0000045210000000j),(1.0220781230000000+0.0178419690000000j),(1.0223671050000001+0.0181435820000000j),(1.0371741809999999+0.0298891080000000j),(1.0362018710000001+0.0296437400000000j),(1.0292070320000000+0.0231588770000000j),(1.0444536659999999+0.0412796810000000j),(1.0436534940000000+0.0405026220000000j),(1.0079914830000001+0.0074094770000000j),(1.0079914830000001+0.0074094770000000j),(1.0238604480000000+0.0181092500000000j),(1.0159259650000001+0.0127593630000000j),(1.0333070449999999+0.0269480480000000j),(1.0238880450000001+0.0189561990000000j),(1.0222358880000000+0.0178804180000000j),(1.0251687039999999+0.0208933630000000j),(1.0225971149999999+0.0182574340000000j),(1.0457711540000001+0.0437314540000000j),(1.0446529550000001+0.0414739970000000j),(1.0436456700000001+0.0405007200000000j),(1.0436527410000001+0.0405026740000000j),(1.0415818489999999+0.0313503000000000j),(1.0374172589999999+0.0299504500000000j),(1.0291944500000001+0.0231589730000000j),(1.0252686150000001+0.0186811350000000j)
(-0.0510113003716282+0.0010542826519082j),(-0.0490012460284194+0.0244976421125362j),(-0.0525684656072660+0.0124384849656080j),(-0.0523857365762811+0.0001774793061035j),(-0.0505257352085040-0.0002793672362976j),(1.0259292689999999+0.0176351170000000j),(1.0316949630000001+0.0224036320000000j),(1.0318108580000001+0.0225677170000000j),(1.0361940949999999+0.0261070510000000j),(1.0363104379999999+0.0262697270000000j),(1.0393722580000000+0.0287420560000000j),(1.0395364930000000+0.0290159390000000j),(1.0468449490000000+0.0383842980000000j),(1.0392124610000000+0.0285993640000000j),(1.0255841750000001+0.0184504000000000j),(1.0248172600000001+0.0177224040000000j),(0.9987402060000000+0.0004995350000000j),(0.9984258000000000+0.0001993880000000j),(1.0093305939999999+0.0069819070000000j),(1.0097894759999999+0.0073806840000000j),(1.0174869769999999+0.0121683440000000j),(1.0179458589999999+0.0125671210000000j),(1.0256433599999999+0.0173547810000000j),(1.0258728010000000+0.0175541690000000j),(1.0317514310000000+0.0224845800000000j),(1.0317526859999999+0.0224863790000000j),(1.0362522670000001+0.0261883890000000j),(1.0394304299999999+0.0288233940000000j),(1.0469510110000000+0.0385768430000000j),(1.0253662050000001+0.0182263690000000j),(0.9981912610000000-0.0000044310000000j),(0.9981963600000000+0.0000000000000000j),(1.0095600350000000+0.0071812950000000j),(1.0177164180000000+0.0123677320000000j),(1.0317509830000000+0.0224859890000000j),(1.0260457730000001+0.0176726090000000j),(0.9981963600000000+0.0000000000000000j),(0.9981912610000000-0.0000044310000000j),(0.9981912610000000-0.0000044310000000j),(1.0263533370000000+0.0184652190000000j),(1.0263010770000001+0.0186984810000000j),(1.0403681090000001+0.0290508390000000j),(1.0394304299999999+0.0288233940000000j),(1.0317526859999999+0.0224863790000000j),(1.0477356040000001+0.0392615290000000j),(1.0469480069999999+0.0385770560000000j),(1.0095600350000000+0.0071812950000000j),(1.0095600350000000+0.0071812950000000j),(1.0258728010000000+0.0175541690000000j),(1.0177164180000000+0.0123677320000000j),(1.0362522670000001+0.0261883890000000j),(1.0291862409999999+0.0202027740000000j),(1.0266001199999999+0.0185249310000000j),(1.0291367020000000+0.0215266090000000j),(1.0265347950000001+0.0188165090000000j),(1.0490926199999999+0.0414831070000000j),(1.0479317520000000+0.0394327000000000j),(1.0469402020000000+0.0385751750000000j),(1.0469472559999999+0.0385771090000000j),(1.0446218839999999+0.0304175730000000j),(1.0406025290000001+0.0291077000000000j),(1.0317401349999999+0.0224864830000000j),(1.0272782340000000+0.0180943910000000j)
(-0.0486817133538186+0.0054688048375524j),(-0.0491931319130187+0.0181984645556295j),(-0.0505832825869597+0.0072211288382117j),(-0.0500296980106316+0.0001631851315909j),(-0.0425186592526237+0.0003185994795695j),(1.0252715050000001+0.0172658100000000j),(1.0308958930000001+0.0208432420000000j),(1.0310166540000001+0.0209757020000000j),(1.0352949490000001+0.0236297070000000j),(1.0354161060000000+0.0237611030000000j),(1.0384046220000001+0.0256150040000000j),(1.0385870490000000+0.0258522860000000j),(1.0465586000000000+0.0339668580000000j),(1.0382614900000000+0.0254782890000000j),(1.0255846559999999+0.0163669700000000j),(1.0248487030000000+0.0157106480000000j),(0.9997956780000000+0.0004496040000000j),(0.9994822400000000+0.0001937410000000j),(1.0097071799999999+0.0068436650000000j),(1.0101352770000001+0.0072311480000000j),(1.0173528820000000+0.0119252120000000j),(1.0177809790000001+0.0123126950000000j),(1.0249985829999999+0.0170067590000000j),(1.0252126319999999+0.0172005000000000j),(1.0309547670000001+0.0209085520000000j),(1.0309560750000000+0.0209100040000000j),(1.0353555280000000+0.0236954050000000j),(1.0384652000000001+0.0256807020000000j),(1.0466804480000000+0.0341384420000000j),(1.0253809460000001+0.0161645570000000j),(0.9992634350000000-0.0000043050000000j),(0.9992681920000001+0.0000000000000000j),(1.0099212289999999+0.0070374070000000j),(1.0175669300000001+0.0121189540000000j),(1.0309543699999999+0.0209096160000000j),(1.0253678070000001+0.0173289320000000j),(0.9992681920000001+0.0000000000000000j),(0.9992634350000000-0.0000043050000000j),(0.9992634350000000-0.0000043050000000j),(1.0263243620000000+0.0163906130000000j),(1.0263028550000000+0.0165270040000000j),(1.0392537870000000+0.0258802370000000j),(1.0384652000000001+0.0256807020000000j),(1.0309560750000000+0.0209100040000000j),(1.0475014330000001+0.0347045230000000j),(1.0466774430000001+0.0341386670000000j),(1.0099212289999999+0.0070374070000000j),(1.0099212289999999+0.0070374070000000j),(1.0252126319999999+0.0172005000000000j),(1.0175669300000001+0.0121189540000000j),(1.0353555280000000+0.0236954050000000j),(1.0290340389999999+0.0180443190000000j),(1.0265602160000000+0.0164471270000000j),(1.0292218670000000+0.0189411740000000j),(1.0265333329999999+0.0166176150000000j),(1.0490342500000001+0.0366705930000000j),(1.0477066790000000+0.0348460430000000j),(1.0466696270000000+0.0341368190000000j),(1.0466766919999999+0.0341387240000000j),(1.0428284200000000+0.0270677820000000j),(1.0394509329999999+0.0259301210000000j),(1.0309435140000001+0.0209101270000000j),(1.0265103069999999+0.0178401050000000j)
(-0.0512906979115439+0.0043621153851393j),(-0.0489741474167034+0.0334600869880697j),(-0.0497833635860449+0.0072823213379668j),(-0.0499215980016426+0.0002512893813062j),(-0.0551114661058889+0.0000723846823591j),(1.0239173600000000+0.0195616980000000j),(1.0297073489999999+0.0246649060000000j),(1.0298214840000000+0.0248377720000000j),(1.0342229709999999+0.0286260530000000j),(1.0343375760000000+0.0287974190000000j),(1.0374121439999999+0.0314436440000000j),(1.0375541440000000+0.0317525710000000j),(1.0439851090000001+0.0429422230000000j),(1.0372574880000001+0.0312667460000000j),(1.0236200369999999+0.0189968050000000j),(1.0228710539999999+0.0182203740000000j),(0.9972219690000000+0.0005090440000000j),(0.9969120270000000+0.0002163160000000j),(1.0076257609999999+0.0077537490000000j),(1.0080700530000000+0.0081863800000000j),(1.0156326890000000+0.0135069210000000j),(1.0160769810000001+0.0139395530000000j),(1.0236396169999999+0.0192600940000000j),(1.0238617630000000+0.0194764100000000j),(1.0297629460000000+0.0247501940000000j),(1.0297641810000000+0.0247520900000000j),(1.0342802730000000+0.0287117360000000j),(1.0374694460000000+0.0315293270000000j),(1.0440698070000001+0.0431654680000000j),(1.0234080790000000+0.0187342240000000j),(0.9966849440000000-0.0000048070000000j),(0.9966898810000000+0.0000000000000000j),(1.0078479069999999+0.0079700650000000j),(1.0158548350000001+0.0137232370000000j),(1.0297624750000001+0.0247516950000000j),(1.0240283130000001+0.0196074370000000j),(0.9966898810000000+0.0000000000000000j),(0.9966849440000000-0.0000048070000000j),(0.9966849440000000-0.0000048070000000j),(1.0243502490000000+0.0189642920000000j),(1.0243154680000000+0.0190972360000000j),(1.0384911459999999+0.0317876370000000j),(1.0374694460000000+0.0315293270000000j),(1.0297641810000000+0.0247520900000000j),(1.0448089100000000+0.0440210300000000j),(1.0440667939999999+0.0431656670000000j),(1.0078479069999999+0.0079700650000000j),(1.0078479069999999+0.0079700650000000j),(1.0238617630000000+0.0194764100000000j),(1.0158548350000001+0.0137232370000000j),(1.0342802730000000+0.0287117360000000j),(1.0270520089999999+0.0206292340000000j),(1.0245857920000001+0.0190218090000000j),(1.0271810400000001+0.0214961800000000j),(1.0245423149999999+0.0191879890000000j),(1.0459291980000001+0.0466159340000000j),(1.0449936860000000+0.0442349210000000j),(1.0440589769999999+0.0431637460000000j),(1.0440660399999999+0.0431657170000000j),(1.0431225449999999+0.0333252610000000j),(1.0387465709999999+0.0318522150000000j),(1.0297516060000000+0.0247521660000000j),(1.0252432290000000+0.0201152580000000j)
(-0.0546300195523597+0.0149388492666571j),(-0.0521784541030439+0.0307548034397783j),(-0.0517632001795191+0.0173655249221296j),(-0.0537970815455166+0.0002852652855265j),(-0.0569667085208013-0.0000800352629810j),(1.0209066040000001+0.0238128580000000j),(1.0272746760000000+0.0283068500000000j),(1.0274080180000000+0.0284681870000000j),(1.0322393569999999+0.0318040630000000j),(1.0323729600000000+0.0319640330000000j),(1.0357477930000001+0.0342942400000000j),(1.0359156110000001+0.0345962070000000j),(1.0432067180000000+0.0455787800000000j),(1.0355893690000000+0.0341028100000000j),(1.0211637530000000+0.0214729010000000j),(1.0203912070000001+0.0206292010000000j),(0.9939277970000000+0.0005666020000000j),(0.9936041850000000+0.0002557470000000j),(1.0044440070000000+0.0094601240000000j),(1.0048816970000001+0.0099716190000000j),(1.0125333360000000+0.0164688260000000j),(1.0129710270000001+0.0169803200000000j),(1.0206226650000001+0.0234775270000000j),(1.0208415110000000+0.0237332750000000j),(1.0273397700000000+0.0283864340000000j),(1.0273412159999999+0.0283882020000000j),(1.0323061590000000+0.0318840480000000j),(1.0358145949999999+0.0343742250000000j),(1.0433077350000000+0.0458007610000000j),(1.0209385280000001+0.0212014860000000j),(0.9933804770000000-0.0000056830000000j),(0.9933853400000000+0.0000000000000000j),(1.0046628520000001+0.0097158710000000j),(1.0127521810000000+0.0167245730000000j),(1.0273395080000001+0.0283878010000000j),(1.0209952620000000+0.0239094390000000j),(0.9933853400000000+0.0000000000000000j),(0.9933804770000000-0.0000056830000000j),(0.9933804770000000-0.0000056830000000j),(1.0219552300000001+0.0214528540000000j),(1.0218380850000000+0.0217684340000000j),(1.0368720350000000+0.0346417010000000j),(1.0358145949999999+0.0343742250000000j),(1.0273412159999999+0.0283882020000000j),(1.0441173360000000+0.0466244270000000j),(1.0433047190000000+0.0458009530000000j),(1.0046628520000001+0.0097158710000000j),(1.0046628520000001+0.0097158710000000j),(1.0208415110000000+0.0237332750000000j),(1.0127521810000000+0.0167245730000000j),(1.0323061590000000+0.0318840480000000j),(1.0248675940000000+0.0232591600000000j),(1.0222094060000000+0.0215156960000000j),(1.0244325260000000+0.0248991810000000j),(1.0220629750000001+0.0219101710000000j),(1.0454296729999999+0.0491961850000000j),(1.0443197369999999+0.0468303440000000j),(1.0432969030000001+0.0457990110000000j),(1.0433039650000000+0.0458010010000000j),(1.0416654030000001+0.0362337130000000j),(1.0371363950000001+0.0347085700000000j),(1.0273286129999999+0.0283882330000000j),(1.0222085439999999+0.0247087770000000j)
(-0.0506675525425328-0.0035993923568107j),(-0.0446835030790294+0.0265863169367121j),(-0.0492447072909806-0.0020879405678928j),(-0.0506960992916173+0.0002575231709829j),(-0.0445716405491465+0.0000340908985545j),(1.0283928590000000+0.0150533890000000j),(1.0332495550000000+0.0195339410000000j),(1.0333441370000001+0.0196841360000000j),(1.0370516809999999+0.0230091940000000j),(1.0371469449999999+0.0231581270000000j),(1.0397367730000000+0.0254807780000000j),(1.0398720809999999+0.0257448200000000j),(1.0461738530000000+0.0351119920000000j),(1.0395945760000000+0.0253401260000000j),(1.0275534639999999+0.0154272550000000j),(1.0268272740000000+0.0147795470000000j),(1.0017453220000001+0.0004286990000000j),(1.0014420589999999+0.0001750220000000j),(1.0121249919999999+0.0059505340000000j),(1.0125810520000000+0.0063005780000000j),(1.0201219459999999+0.0103774100000000j),(1.0205780050000000+0.0107274530000000j),(1.0281188990000001+0.0148042860000000j),(1.0283469290000000+0.0149793070000000j),(1.0332954850000000+0.0196080230000000j),(1.0332965050000000+0.0196096690000000j),(1.0370993129999999+0.0230836610000000j),(1.0397844050000000+0.0255552450000000j),(1.0462615289999999+0.0353015660000000j),(1.0273636349999999+0.0152121350000000j),(1.0012089620000000-0.0000038890000000j),(1.0012140290000000+0.0000000000000000j),(1.0123530220000001+0.0061255560000000j),(1.0203499750000000+0.0105524320000000j),(1.0332948030000000+0.0196092840000000j),(1.0285290290000000+0.0150802470000000j),(1.0012140290000000+0.0000000000000000j),(1.0012089620000000-0.0000038890000000j),(1.0012089620000000-0.0000038890000000j),(1.0283175620000000+0.0154416010000000j),(1.0283002100000000+0.0153909370000000j),(1.0406112460000001+0.0257584410000000j),(1.0397844050000000+0.0255552450000000j),(1.0332965050000000+0.0196096690000000j),(1.0469596210000001+0.0360026590000000j),(1.0462585230000001+0.0353017880000000j),(1.0123530220000001+0.0061255560000000j),(1.0123530220000001+0.0061255560000000j),(1.0283469290000000+0.0149793070000000j),(1.0203499750000000+0.0105524320000000j),(1.0370993129999999+0.0230836610000000j),(1.0310565309999999+0.0171165090000000j),(1.0285560439999999+0.0154989680000000j),(1.0314910429999999+0.0171551800000000j),(1.0285343540000000+0.0154356380000000j),(1.0480980540000000+0.0381984370000000j),(1.0471341439999999+0.0361779330000000j),(1.0462507059999999+0.0352999300000000j),(1.0462577710000001+0.0353018440000000j),(1.0443613180000000+0.0269757920000000j),(1.0408179559999999+0.0258092400000000j),(1.0332839730000001+0.0196098080000000j),(1.0297870659999999+0.0153820800000000j)
(-0.0498589109467518+0.0333913535372416j),(-0.0472697564193114+0.0327170868429976j),(-0.0488197825002278-0.0034579335435598j),(-0.0501318252841877+0.0002032806303783j),(-0.0580902621894083-0.0001770487250021j),(1.0167641489999999+0.0275825000000000j),(1.0238531570000000+0.0299274170000000j),(1.0240203630000000+0.0300386600000000j),(1.0293878110000001+0.0317775580000000j),(1.0295549110000000+0.0318879880000000j),(1.0333042310000000+0.0331026600000000j),(1.0334685680000000+0.0333757620000000j),(1.0396449960000000+0.0443129090000000j),(1.0331949709999999+0.0328634670000000j),(1.0203113600000000+0.0187203040000000j),(1.0195776660000000+0.0179185230000000j),(0.9938118290000000+0.0005010410000000j),(0.9934513180000000+0.0002849250000000j),(1.0027178680000000+0.0109900080000000j),(1.0030707699999999+0.0115598580000000j),(1.0096118650000001+0.0191163870000000j),(1.0099647670000000+0.0196862360000000j),(1.0165058610000000+0.0272427660000000j),(1.0166823119999999+0.0275276910000000j),(1.0239349950000001+0.0299822260000000j),(1.0239368129999999+0.0299834440000000j),(1.0294713609999999+0.0318327730000000j),(1.0333877810000001+0.0331578750000000j),(1.0397257840000000+0.0445307960000000j),(1.0201185500000001+0.0184258960000000j),(0.9932709460000000-0.0000063320000000j),(0.9932748670000000+0.0000000000000000j),(1.0028943189999999+0.0112749330000000j),(1.0097883160000001+0.0194013120000000j),(1.0239351000000001+0.0299830380000000j),(1.0167769259999999+0.0277578060000000j),(0.9932748670000000+0.0000000000000000j),(0.9932709460000000-0.0000063320000000j),(0.9932709460000000-0.0000063320000000j),(1.0210679800000000+0.0186565230000000j),(1.0210592210000000+0.0185810360000000j),(1.0344692369999999+0.0334283080000000j),(1.0333877810000001+0.0331578750000000j),(1.0239368129999999+0.0299834440000000j),(1.0404388890000000+0.0453688470000000j),(1.0397227579999999+0.0445309920000000j),(1.0028943189999999+0.0112749330000000j),(1.0028943189999999+0.0112749330000000j),(1.0166823119999999+0.0275276910000000j),(1.0097883160000001+0.0194013120000000j),(1.0294713609999999+0.0318327730000000j),(1.0237917790000000+0.0203305160000000j),(1.0213053370000000+0.0187141790000000j),(1.0242930960000001+0.0202641620000000j),(1.0212943889999999+0.0186198210000000j),(1.0415103269999999+0.0479024790000000j),(1.0406171660000001+0.0455783590000000j),(1.0397149120000000+0.0445290510000000j),(1.0397220009999999+0.0445310410000000j),(1.0393725180000000+0.0350420770000000j),(1.0347396010000001+0.0334959170000000j),(1.0239241690000001+0.0299834540000000j),(1.0177257529999999+0.0289784340000000j)
(-0.0504462253232289+0.0045950949674072j),(-0.0465043375412298+0.0259464821251861j),(-0.0494255459828021+0.0276581121047639j),(-0.0511571057647070+0.0002209666639300j),(-0.0563714967863679-0.0002150975346545j),(1.0210809480000000+0.0196797980000000j),(1.0268791989999999+0.0248847030000000j),(1.0269928250000000+0.0250602440000000j),(1.0314007240000000+0.0289241180000000j),(1.0315148310000000+0.0290981310000000j),(1.0345938779999999+0.0317971610000000j),(1.0347452810000000+0.0320771490000000j),(1.0414323670000001+0.0415690560000000j),(1.0344237709999999+0.0316508770000000j),(1.0202224419999999+0.0210839950000000j),(1.0194861110000000+0.0202923570000000j),(0.9946949580000000+0.0005535270000000j),(0.9944095460000000+0.0002169190000000j),(1.0049916679999999+0.0078012710000000j),(1.0054294560000001+0.0082351100000000j),(1.0128991899999999+0.0135887700000000j),(1.0133369780000001+0.0140226080000000j),(1.0208067110000001+0.0193762690000000j),(1.0210256049999999+0.0195931880000000j),(1.0269345420000000+0.0249713130000000j),(1.0269357720000001+0.0249732380000000j),(1.0314577780000000+0.0290111250000000j),(1.0346509310000001+0.0318841670000000j),(1.0415267159999999+0.0417620380000000j),(1.0199952809999999+0.0208507050000000j),(0.9941857880000000-0.0000048200000000j),(0.9941906520000000+0.0000000000000000j),(1.0052105620000000+0.0080181910000000j),(1.0131180840000000+0.0138056890000000j),(1.0269340610000000+0.0249728410000000j),(1.0211891559999999+0.0197234970000000j),(0.9941906520000000+0.0000000000000000j),(0.9941857880000000-0.0000048200000000j),(0.9941857880000000-0.0000048200000000j),(1.0209634970000001+0.0210886450000000j),(1.0208041320000001+0.0216031580000000j),(1.0356998909999999+0.0321441430000000j),(1.0346509310000001+0.0318841670000000j),(1.0269357720000001+0.0249732380000000j),(1.0422599710000000+0.0424675420000000j),(1.0415236960000001+0.0417622410000000j),(1.0052105620000000+0.0080181910000000j),(1.0052105620000000+0.0080181910000000j),(1.0210256049999999+0.0195931880000000j),(1.0131180840000000+0.0138056890000000j),(1.0314577780000000+0.0290111250000000j),(1.0237384190000001+0.0228043230000000j),(1.0212055510000000+0.0211481300000000j),(1.0228481970000001+0.0253001140000000j),(1.0210063450000000+0.0217912720000000j),(1.0434789419999999+0.0447002320000000j),(1.0424432850000001+0.0426439180000000j),(1.0415158579999999+0.0417603260000000j),(1.0415229410000000+0.0417622920000000j),(1.0404566209999999+0.0336986540000000j),(1.0359621310000000+0.0322091370000000j),(1.0269231630000000+0.0249733100000000j),(1.0223849270000001+0.0202319970000000j)
(-0.0556434729185752+0.0231811092884525j),(-0.0547842758300228+0.0205180444194094j),(-0.0554534306623970+0.0176735364216341j),(-0.0569045870348164+0.0001686500448155j),(-0.0475890939094921-0.0000994415636529j),(1.0207377820000001+0.0251061250000000j),(1.0273254100000000+0.0279909430000000j),(1.0274758719999999+0.0281124830000000j),(1.0324703719999999+0.0302524370000000j),(1.0326209079999999+0.0303730470000000j),(1.0361097130000001+0.0318678680000000j),(1.0363188820000000+0.0321212650000000j),(1.0451177220000001+0.0412805510000000j),(1.0359663200000000+0.0316877330000000j),(1.0221596589999999+0.0206639110000000j),(1.0213775599999999+0.0198666380000000j),(0.9943493920000001+0.0005509000000000j),(0.9940023390000000+0.0002669790000000j),(1.0046184170000001+0.0099878060000000j),(1.0050417770000000+0.0105217640000000j),(1.0125354790000001+0.0173835240000000j),(1.0129588400000000+0.0179174820000000j),(1.0204525419999999+0.0247792420000000j),(1.0206642220000000+0.0250462210000000j),(1.0273989690000001+0.0280508470000000j),(1.0274006040000001+0.0280521780000000j),(1.0325456399999999+0.0303127420000000j),(1.0361849820000000+0.0319281730000000j),(1.0452516220000001+0.0414736420000000j),(1.0219409980000000+0.0204234710000000j),(0.9937859550000000-0.0000059330000000j),(0.9937906590000000+0.0000000000000000j),(1.0048300969999999+0.0102547850000000j),(1.0127471600000000+0.0176505030000000j),(1.0273988960000000+0.0280517770000000j),(1.0208023429999999+0.0252532960000000j),(0.9937906590000000+0.0000000000000000j),(0.9937859550000000-0.0000059330000000j),(0.9937859550000000-0.0000059330000000j),(1.0230159420000000+0.0206857940000000j),(1.0229081250000001+0.0210119130000000j),(1.0370696630000000+0.0321488280000000j),(1.0361849820000000+0.0319281730000000j),(1.0274006040000001+0.0280521780000000j),(1.0461608270000000+0.0421159190000000j),(1.0452486130000000+0.0414738460000000j),(1.0048300969999999+0.0102547850000000j),(1.0048300969999999+0.0102547850000000j),(1.0206642220000000+0.0250462210000000j),(1.0127471600000000+0.0176505030000000j),(1.0325456399999999+0.0303127420000000j),(1.0260986110000001+0.0225848470000000j),(1.0232846780000000+0.0207513740000000j),(1.0257225440000000+0.0243011740000000j),(1.0231499070000001+0.0211590230000000j),(1.0478468200000000+0.0443298990000000j),(1.0463881280000000+0.0422764880000000j),(1.0452408019999999+0.0414719410000000j),(1.0452478599999999+0.0414738980000000j),(1.0410809700000001+0.0334663230000000j),(1.0372908329999999+0.0322039910000000j),(1.0273880010000001+0.0280522130000000j),(1.0219733890000000+0.0262636880000000j)
(-0.0536150342903892+0.0108974064458667j),(-0.0503870554223742+0.0192733791795786j),(-0.0541340154550807+0.0108095142063109j),(-0.0560683764458281+0.0001556193590778j),(-0.0419605825330377-0.0000903271957705j),(1.0247081039999999+0.0200383420000000j),(1.0303919810000000+0.0233353570000000j),(1.0305162699999999+0.0234610370000000j),(1.0348388289999999+0.0259068810000000j),(1.0349634770000000+0.0260315770000000j),(1.0379829110000001+0.0277400710000000j),(1.0381682050000001+0.0279806110000000j),(1.0462561660000000+0.0364382810000000j),(1.0378432410000000+0.0275923580000000j),(1.0251927270000001+0.0180557210000000j),(1.0244359110000001+0.0173495540000000j),(0.9981677030000000+0.0004912010000000j),(0.9978379210000000+0.0002207030000000j),(1.0084976770000000+0.0079545280000000j),(1.0089379740000000+0.0083959350000000j),(1.0164625070000000+0.0138551060000000j),(1.0169028040000001+0.0142965130000000j),(1.0244273380000000+0.0197556830000000j),(1.0246474860000001+0.0199763870000000j),(1.0304525990000000+0.0233973120000000j),(1.0304539470000000+0.0233986890000000j),(1.0349011530000001+0.0259692290000000j),(1.0380452350000000+0.0278024190000000j),(1.0463791350000000+0.0366164740000000j),(1.0249907330000001+0.0178456600000000j),(0.9976128810000000-0.0000049050000000j),(0.9976177730000000+0.0000000000000000j),(1.0087178250000000+0.0081752320000000j),(1.0166826560000000+0.0140758090000000j),(1.0304522410000001+0.0233982970000000j),(1.0248070160000000+0.0201351350000000j),(0.9976177730000000+0.0000000000000000j),(0.9976128810000000-0.0000049050000000j),(0.9976128810000000-0.0000049050000000j),(1.0260475860000000+0.0181004300000000j),(1.0259628510000001+0.0182937970000000j),(1.0388252400000000+0.0279934470000000j),(1.0380452350000000+0.0278024190000000j),(1.0304539470000000+0.0233986890000000j),(1.0472157520000001+0.0372101270000000j),(1.0463761300000001+0.0366166920000000j),(1.0087178250000000+0.0081752320000000j),(1.0087178250000000+0.0081752320000000j),(1.0246474860000001+0.0199763870000000j),(1.0166826560000000+0.0140758090000000j),(1.0349011530000001+0.0259692290000000j),(1.0290815330000000+0.0199577530000000j),(1.0263118000000000+0.0181641220000000j),(1.0289623560000001+0.0210791180000000j),(1.0262058800000000+0.0184058310000000j),(1.0487651499999999+0.0392536770000000j),(1.0474249069999999+0.0373585400000000j),(1.0463683170000000+0.0366148250000000j),(1.0463753780000000+0.0366167470000000j),(1.0423631120000001+0.0291388080000000j),(1.0390202410000000+0.0280412040000000j),(1.0304413800000001+0.0233987820000000j),(1.0260259590000000+0.0208205950000000j)
(-0.0610911930264801+0.0168510670001641j),(-0.0551490656648064+0.0273688739575265j),(-0.0598076727021950+0.0062561573981502j),(-0.0599658612191310+0.0000208830236450j),(-0.0356619140573889+0.0001075671451156j),(1.0243182909999999+0.0236012750000000j),(1.0295847490000001+0.0267344100000000j),(1.0296994779999999+0.0268529060000000j),(1.0337119079999999+0.0291772840000000j),(1.0338271000000001+0.0292948800000000j),(1.0366299010000000+0.0309185260000000j),(1.0368067740000000+0.0311940980000000j),(1.0450279140000001+0.0417423760000000j),(1.0365061170000001+0.0307381560000000j),(1.0247115360000001+0.0194616590000000j),(1.0239529810000001+0.0186912290000000j),(0.9965257440000000+0.0005255900000000j),(0.9961805390000000+0.0002551850000000j),(1.0073537770000001+0.0093820150000000j),(1.0078076340000000+0.0098923840000000j),(1.0156946250000001+0.0163348520000000j),(1.0161484810000001+0.0168452220000000j),(1.0240354720000000+0.0232876900000000j),(1.0242624010000001+0.0235428750000000j),(1.0296406400000000+0.0267928100000000j),(1.0296418820000000+0.0267941080000000j),(1.0337695039999999+0.0292360820000000j),(1.0366874960000001+0.0309773250000000j),(1.0451471919999999+0.0419591490000000j),(1.0245301570000001+0.0192224900000000j),(0.9959485680000000-0.0000056710000000j),(0.9959536110000000+0.0000000000000000j),(1.0075807050000001+0.0096371990000000j),(1.0159215530000001+0.0165900370000000j),(1.0296401770000001+0.0267937100000000j),(1.0244334380000000+0.0237396590000000j),(0.9959536110000000+0.0000000000000000j),(0.9959485680000000-0.0000056710000000j),(0.9959485680000000-0.0000056710000000j),(1.0256608850000000+0.0194939350000000j),(1.0256291090000000+0.0196116100000000j),(1.0373502980000000+0.0311453590000000j),(1.0366874960000001+0.0309773250000000j),(1.0296418820000000+0.0267941080000000j),(1.0460295600000000+0.0427302330000000j),(1.0451441820000000+0.0419593510000000j),(1.0075807050000001+0.0096371990000000j),(1.0075807050000001+0.0096371990000000j),(1.0242624010000001+0.0235428750000000j),(1.0159215530000001+0.0165900370000000j),(1.0337695039999999+0.0292360820000000j),(1.0289080500000001+0.0214775600000000j),(1.0259435669999999+0.0195617970000000j),(1.0291597669999999+0.0223333820000000j),(1.0259038469999999+0.0197088900000000j),(1.0475548790000000+0.0452312210000000j),(1.0462501520000000+0.0429230040000000j),(1.0451363720000000+0.0419574420000000j),(1.0451434300000000+0.0419594020000000j),(1.0403546459999999+0.0321449860000000j),(1.0375159990000000+0.0311873670000000j),(1.0296293070000000+0.0267941590000000j),(1.0257844789999999+0.0246337450000000j)
(-0.0577307531541768+0.0312030049448896j),(-0.0503692054951472+0.0126883825061565j),(-0.0564229599288400+0.0135675124930569j),(-0.0567793128051164-0.0000379083066864j),(-0.0504788059338497+0.0000569394907804j),(1.0215112070000001+0.0266543470000000j),(1.0283945619999999+0.0280338540000000j),(1.0285633610000000+0.0281188100000000j),(1.0337775330000001+0.0291400670000000j),(1.0339462030000000+0.0292244940000000j),(1.0375884550000001+0.0299378710000000j),(1.0378105200000001+0.0301363570000000j),(1.0464986420000000+0.0372977600000000j),(1.0374500860000000+0.0297517890000000j),(1.0235309560000001+0.0194146500000000j),(1.0227281440000000+0.0186554640000000j),(0.9951819220000000+0.0005246400000000j),(0.9948154940000000+0.0002812710000000j),(1.0054168230000000+0.0106159890000000j),(1.0058348920000000+0.0111785310000000j),(1.0133181830000000+0.0184736260000000j),(1.0137362530000000+0.0190361680000000j),(1.0212195440000000+0.0263312630000000j),(1.0214285789999999+0.0266125340000000j),(1.0284771900000000+0.0280756670000000j),(1.0284790269999999+0.0280765970000000j),(1.0338618680000000+0.0291822800000000j),(1.0376727900000000+0.0299800850000000j),(1.0466363720000000+0.0374540310000000j),(1.0233082520000001+0.0191863550000000j),(0.9946018140000000-0.0000062500000000j),(0.9946064590000000+0.0000000000000000j),(1.0056258570000001+0.0108972600000000j),(1.0135272179999999+0.0187548970000000j),(1.0284773199999999+0.0280761960000000j),(1.0215549850000001+0.0268519930000000j),(0.9946064590000000+0.0000000000000000j),(0.9946018140000000-0.0000062500000000j),(0.9946018140000000-0.0000062500000000j),(1.0243806970000000+0.0194425160000000j),(1.0243117780000000+0.0196992890000000j),(1.0386093210000000+0.0302150560000000j),(1.0376727900000000+0.0299800850000000j),(1.0284790269999999+0.0280765970000000j),(1.0475032769999999+0.0379264770000000j),(1.0466333670000001+0.0374542470000000j),(1.0056258570000001+0.0108972600000000j),(1.0056258570000001+0.0108972600000000j),(1.0214285789999999+0.0266125340000000j),(1.0135272179999999+0.0187548970000000j),(1.0338618680000000+0.0291822800000000j),(1.0274617880000001+0.0213198690000000j),(1.0246488090000001+0.0195065560000000j),(1.0273483189999999+0.0227574600000000j),(1.0245626590000001+0.0198275220000000j),(1.0492158720000000+0.0397037350000000j),(1.0477200030000000+0.0380445890000000j),(1.0466255579999999+0.0374523740000000j),(1.0466326159999999+0.0374543010000000j),(1.0428552560000000+0.0316161580000000j),(1.0388434529999999+0.0302737980000000j),(1.0284664370000001+0.0280766320000000j),(1.0227096970000000+0.0280757420000000j)
(-0.0548826326470057+0.0035617997833570j),(-0.0491409641848116+0.0156682725785540j),(-0.0535912684538255+0.0099973641411260j),(-0.0536426297714094-0.0000747653337856j),(-0.0286433708259154-0.0003387876296089j),(1.0268388730000000+0.0166621340000000j),(1.0311619270000001+0.0197344890000000j),(1.0312528400000001+0.0198446820000000j),(1.0345639970000000+0.0221232230000000j),(1.0346556360000001+0.0222325950000000j),(1.0369685760000000+0.0238242230000000j),(1.0371423160000000+0.0240418480000000j),(1.0453639669999999+0.0316430200000000j),(1.0368346859999999+0.0237075280000000j),(1.0257132640000000+0.0160552460000000j),(1.0250084189999999+0.0154375120000000j),(1.0002998830000001+0.0004421360000000j),(1.0000044299999999+0.0001897920000000j),(1.0106467969999999+0.0066038010000000j),(1.0110961740000000+0.0069833860000000j),(1.0186084339999999+0.0115109210000000j),(1.0190578109999999+0.0118905060000000j),(1.0265700710000001+0.0164180410000000j),(1.0267947589999999+0.0166078340000000j),(1.0312060409999999+0.0197887890000000j),(1.0312070209999999+0.0197899950000000j),(1.0346098170000000+0.0221779090000000j),(1.0370143949999999+0.0238789090000000j),(1.0454918879999999+0.0318059580000000j),(1.0255335539999999+0.0158838650000000j),(0.9997747480000000-0.0000042180000000j),(0.9997797410000000+0.0000000000000000j),(1.0108714860000001+0.0067935930000000j),(1.0188331230000001+0.0117007130000000j),(1.0312053160000001+0.0197896100000000j),(1.0269753340000001+0.0167433260000000j),(0.9997797410000000+0.0000000000000000j),(0.9997747480000000-0.0000042180000000j),(0.9997747480000000-0.0000042180000000j),(1.0265458380000001+0.0161212660000000j),(1.0264994980000000+0.0163120860000000j),(1.0375499159999999+0.0240022400000000j),(1.0370143949999999+0.0238789090000000j),(1.0312070209999999+0.0197899950000000j),(1.0463259370000000+0.0323238230000000j),(1.0454888800000000+0.0318061900000000j),(1.0108714860000001+0.0067935930000000j),(1.0108714860000001+0.0067935930000000j),(1.0267947589999999+0.0166078340000000j),(1.0188331230000001+0.0117007130000000j),(1.0346098170000000+0.0221779090000000j),(1.0294585080000000+0.0178796360000000j),(1.0267989090000000+0.0161806160000000j),(1.0295002670000000+0.0190176840000000j),(1.0267409839999999+0.0164191410000000j),(1.0479260980000000+0.0341847230000000j),(1.0465344500000000+0.0324532890000000j),(1.0454810510000001+0.0318043570000000j),(1.0454881279999999+0.0318062480000000j),(1.0399815170000000+0.0247524750000000j),(1.0376837960000000+0.0240330730000000j),(1.0311944630000001+0.0197901320000000j),(1.0282816470000000+0.0172545750000000j)
(-0.0566215529354429+0.0110362834997569j),(-0.0517926284602025+0.0249322157262795j),(-0.0524981259024264+0.0160291907993334j),(-0.0559101373215738-0.0001021840469834j),(-0.0488117746229046+0.0002879483694354j),(1.0237668310000001+0.0217870640000000j),(1.0295099120000000+0.0258390830000000j),(1.0296303389999999+0.0259845960000000j),(1.0339969860000000+0.0289917760000000j),(1.0341178140000000+0.0291360910000000j),(1.0371680459999999+0.0312366950000000j),(1.0373423540000000+0.0315097970000000j),(1.0451407310000000+0.0412593870000000j),(1.0370118370000001+0.0310685500000000j),(1.0233158290000000+0.0200345560000000j),(1.0225470900000000+0.0192536630000000j),(0.9960955300000000+0.0005352970000000j),(0.9957765790000001+0.0002382180000000j),(1.0068850670000000+0.0086494840000000j),(1.0073412610000001+0.0091259200000000j),(1.0151825459999999+0.0150632840000000j),(1.0156387400000000+0.0155397200000000j),(1.0234800260000001+0.0214770840000000j),(1.0237081230000000+0.0217153030000000j),(1.0295686200000000+0.0259108440000000j),(1.0295699250000001+0.0259124380000000j),(1.0340574000000000+0.0290639340000000j),(1.0372284590000000+0.0313088530000000j),(1.0452546260000000+0.0414603310000000j),(1.0230992070000000+0.0197942530000000j),(0.9955434130000000-0.0000052940000000j),(0.9955484820000000+0.0000000000000000j),(1.0071131639999999+0.0088877020000000j),(1.0154106430000001+0.0153015020000000j),(1.0295682190000000+0.0259120420000000j),(1.0238775120000001+0.0218817600000000j),(0.9955484820000000+0.0000000000000000j),(0.9955434130000000-0.0000052940000000j),(0.9955434130000000-0.0000052940000000j),(1.0241556519999999+0.0200459270000000j),(1.0240176390000000+0.0203367190000000j),(1.0381331920000001+0.0315416640000000j),(1.0372284590000000+0.0313088530000000j),(1.0295699250000001+0.0259124380000000j),(1.0460875679999999+0.0421697370000000j),(1.0452516160000001+0.0414605350000000j),(1.0071131639999999+0.0088877020000000j),(1.0071131639999999+0.0088877020000000j),(1.0237081230000000+0.0217153030000000j),(1.0154106430000001+0.0153015020000000j),(1.0340574000000000+0.0290639340000000j),(1.0271914470000001+0.0218931980000000j),(1.0244197630000000+0.0201088450000000j),(1.0267098020000001+0.0234009580000000j),(1.0242472469999999+0.0204723360000000j),(1.0475413220000001+0.0444865510000000j),(1.0462958030000000+0.0423470880000000j),(1.0452438049999999+0.0414586300000000j),(1.0452508640000000+0.0414605860000000j),(1.0422330019999999+0.0329220650000000j),(1.0383593750000000+0.0315998660000000j),(1.0295573480000000+0.0259125000000000j),(1.0251682929999999+0.0225969980000000j)
(-0.0563179041410339+0.0074553071253376j),(-0.0470423727775302+0.0304688282337657j),(-0.0506295658618132+0.0036651089448723j),(-0.0536865595532061-0.0001245017505072j),(-0.0449704323309947+0.0000921274451369j),(1.0250147930000000+0.0200612690000000j),(1.0299136959999999+0.0240958840000000j),(1.0300125480000000+0.0242349260000000j),(1.0337517869999999+0.0272290040000000j),(1.0338512769999999+0.0273669160000000j),(1.0364632460000001+0.0294583680000000j),(1.0365988580000001+0.0297362050000000j),(1.0429693289999999+0.0401492500000000j),(1.0363258209999999+0.0292854020000000j),(1.0241967660000000+0.0179109560000000j),(1.0234725069999999+0.0171797100000000j),(0.9979836110000000+0.0004844010000000j),(0.9976760900000000+0.0002215270000000j),(1.0085261430000001+0.0079600700000000j),(1.0089752990000000+0.0084031240000000j),(1.0166341590000001+0.0138656250000000j),(1.0170833159999999+0.0143086790000000j),(1.0247421759999999+0.0197711800000000j),(1.0249667540000000+0.0199927070000000j),(1.0299617350000001+0.0241644460000000j),(1.0299628030000001+0.0241659700000000j),(1.0338015320000000+0.0272979600000000j),(1.0365129900000001+0.0295273240000000j),(1.0430551960000001+0.0403581310000000j),(1.0240095960000000+0.0176690340000000j),(0.9974465219999999-0.0000049230000000j),(0.9974515120000000+0.0000000000000000j),(1.0087507210000000+0.0081815970000000j),(1.0168587370000000+0.0140871520000000j),(1.0299610969999999+0.0241655760000000j),(1.0251432930000000+0.0201456710000000j),(0.9974515120000000+0.0000000000000000j),(0.9974465219999999-0.0000049230000000j),(0.9974465219999999-0.0000049230000000j),(1.0250239720000001+0.0179078290000000j),(1.0249490100000000+0.0179660850000000j),(1.0373486390000000+0.0297373120000000j),(1.0365129900000001+0.0295273240000000j),(1.0299628030000001+0.0241659700000000j),(1.0437763620000000+0.0411479600000000j),(1.0430521810000000+0.0403583380000000j),(1.0087507210000000+0.0081815970000000j),(1.0087507210000000+0.0081815970000000j),(1.0249667540000000+0.0199927070000000j),(1.0168587370000000+0.0140871520000000j),(1.0338015320000000+0.0272979600000000j),(1.0279417510000000+0.0196726450000000j),(1.0252775660000000+0.0179675270000000j),(1.0280094460000000+0.0201634330000000j),(1.0251838630000001+0.0180403480000000j),(1.0449032130000000+0.0435726560000000j),(1.0439566530000000+0.0413454180000000j),(1.0430443510000000+0.0403564360000000j),(1.0430514270000000+0.0403583900000000j),(1.0411370970000000+0.0309890010000000j),(1.0375575509999999+0.0297898080000000j),(1.0299502309999999+0.0241660530000000j),(1.0264544700000000+0.0207682430000000j)
(-0.0487405389409943+0.0065054370615338j),(-0.0422689004819947+0.0221367997683571j),(-0.0496478479665337+0.0135221276595475j),(-0.0492893102360741-0.0001263530404430j),(-0.0643071168257324+0.0001236857057699j),(1.0242690109999999+0.0190554620000000j),(1.0307630169999999+0.0234507640000000j),(1.0309002960000000+0.0236104530000000j),(1.0358248820000000+0.0268725240000000j),(1.0359623760000001+0.0270308550000000j),(1.0394023440000000+0.0293095080000000j),(1.0395604690000000+0.0295582310000000j),(1.0457817570000001+0.0378425410000000j),(1.0392355099999999+0.0291530710000000j),(1.0245622710000000+0.0185345860000000j),(1.0237821240000000+0.0177940090000000j),(0.9978797200000000+0.0005002790000000j),(0.9975600400000000+0.0002113030000000j),(1.0081506020000000+0.0075540060000000j),(1.0085905959999999+0.0079766120000000j),(1.0160662869999999+0.0131596960000000j),(1.0165062810000001+0.0135823020000000j),(1.0239819720000001+0.0187653860000000j),(1.0242019689999999+0.0189766890000000j),(1.0308300589999999+0.0235295370000000j),(1.0308315490000000+0.0235312880000000j),(1.0358936290000000+0.0269516900000000j),(1.0394710910000000+0.0293886730000000j),(1.0458711350000001+0.0380120980000000j),(1.0243266900000001+0.0182989840000000j),(0.9973351539999999-0.0000046960000000j),(0.9973400420000000+0.0000000000000000j),(1.0083705990000000+0.0077653090000000j),(1.0162862840000000+0.0133709990000000j),(1.0308298450000000+0.0235308950000000j),(1.0243549240000001+0.0191092190000000j),(0.9973400420000000+0.0000000000000000j),(0.9973351539999999-0.0000046960000000j),(0.9973351539999999-0.0000046960000000j),(1.0252579330000000+0.0185184150000000j),(1.0252026930000000+0.0187789980000000j),(1.0406603729999999+0.0296877700000000j),(1.0394710910000000+0.0293886730000000j),(1.0308315490000000+0.0235312880000000j),(1.0465445449999999+0.0386214920000000j),(1.0458681270000001+0.0380123120000000j),(1.0083705990000000+0.0077653090000000j),(1.0083705990000000+0.0077653090000000j),(1.0242019689999999+0.0189766890000000j),(1.0162862840000000+0.0133709990000000j),(1.0358936290000000+0.0269516900000000j),(1.0279363810000000+0.0201392380000000j),(1.0254907440000001+0.0185732720000000j),(1.0278149809999999+0.0215657930000000j),(1.0254216940000001+0.0188990010000000j),(1.0476929490000000+0.0405800810000000j),(1.0467128969999999+0.0387738410000000j),(1.0458603140000000+0.0380104330000000j),(1.0458673750000000+0.0380123660000000j),(1.0460519630000000+0.0314702920000000j),(1.0409576940000000+0.0297625440000000j),(1.0308189870000000+0.0235313790000000j),(1.0254909390000000+0.0196486210000000j)
(-0.0472515688895064-0.0005479738317945j),(-0.0398271782617663+0.0046841594358473j),(-0.0427345288576129+0.0109200427789444j),(-0.0438610136142039-0.0001654243410437j),(-0.0321947063944532-0.0003367384514400j),(1.0265020190000000+0.0125277470000000j),(1.0305495160000000+0.0149315610000000j),(1.0306381170000001+0.0150225960000000j),(1.0337445320000000+0.0168038360000000j),(1.0338338869999999+0.0168942530000000j),(1.0360038090000001+0.0181385020000000j),(1.0361713640000001+0.0182880880000000j),(1.0436226650000000+0.0228070260000000j),(1.0358602200000000+0.0180539780000000j),(1.0246379919999999+0.0127109460000000j),(1.0239873410000000+0.0122205650000000j),(1.0024462470000000+0.0003573500000000j),(1.0021955440000001+0.0001484340000000j),(1.0118267100000000+0.0049550030000000j),(1.0122408700000001+0.0052518710000000j),(1.0190393400000000+0.0086447430000000j),(1.0194535000000000+0.0089416110000000j),(1.0262519699999999+0.0123344830000000j),(1.0264590499999999+0.0124829170000000j),(1.0305924849999999+0.0149763910000000j),(1.0305934400000001+0.0149773870000000j),(1.0337892090000000+0.0168490450000000j),(1.0360484860000001+0.0181837110000000j),(1.0437455430000000+0.0229114030000000j),(1.0244497250000000+0.0125812130000000j),(1.0019838619999999-0.0000032990000000j),(1.0019884640000001+0.0000000000000000j),(1.0120337900000000+0.0051034370000000j),(1.0192464200000000+0.0087931770000000j),(1.0305917320000000+0.0149770090000000j),(1.0266231610000001+0.0125865200000000j),(1.0019884640000001+0.0000000000000000j),(1.0019838619999999-0.0000032990000000j),(1.0019838619999999-0.0000032990000000j),(1.0252800479999999+0.0127707530000000j),(1.0252097309999999+0.0129763680000000j),(1.0366513550000001+0.0183200130000000j),(1.0360484860000001+0.0181837110000000j),(1.0305934400000001+0.0149773870000000j),(1.0444628389999999+0.0231770920000000j),(1.0437425320000000+0.0229116610000000j),(1.0120337900000000+0.0051034370000000j),(1.0120337900000000+0.0051034370000000j),(1.0264590499999999+0.0124829170000000j),(1.0192464200000000+0.0087931770000000j),(1.0337892090000000+0.0168490450000000j),(1.0276743800000001+0.0141968990000000j),(1.0254876289999999+0.0128181380000000j),(1.0275014499999999+0.0153167470000000j),(1.0253997330000000+0.0130751560000000j),(1.0459738690000000+0.0243490270000000j),(1.0446421630000000+0.0232435140000000j),(1.0437346729999999+0.0229098910000000j),(1.0437417790000001+0.0229117260000000j),(1.0393896180000000+0.0191528740000000j),(1.0368020730000000+0.0183540880000000j),(1.0305808740000000+0.0149775830000000j),(1.0277779130000000+0.0129341890000000j)
(-0.0466357323501123+0.0034456009516393j),(-0.0411796999158877+0.0113297964884853j),(-0.0463137137506634+0.0049028679107643j),(-0.0443006821538103-0.0001673305526858j),(-0.0462156582101120-0.0002450140934240j),(1.0266495689999999+0.0149885200000000j),(1.0319992300000000+0.0178768730000000j),(1.0321178430000000+0.0179896560000000j),(1.0361918550000000+0.0201312780000000j),(1.0363108880000000+0.0202432080000000j),(1.0391567060000000+0.0217391940000000j),(1.0393278539999999+0.0219251450000000j),(1.0463981400000000+0.0279070500000000j),(1.0390077310000001+0.0216188930000000j),(1.0262993330000001+0.0139521960000000j),(1.0255816810000000+0.0133805910000000j),(1.0018733710000001+0.0003915180000000j),(1.0015794689999999+0.0001719460000000j),(1.0115138530000001+0.0059358840000000j),(1.0119350100000000+0.0062797750000000j),(1.0189475160000001+0.0103484380000000j),(1.0193686730000000+0.0106923290000000j),(1.0263811789999999+0.0147609920000000j),(1.0265917570000000+0.0149329370000000j),(1.0320570410000001+0.0179324560000000j),(1.0320583260000000+0.0179336910000000j),(1.0362513719999999+0.0201872430000000j),(1.0392162220000001+0.0217951590000000j),(1.0465097720000001+0.0280370350000000j),(1.0260908410000000+0.0137759300000000j),(1.0013642110000001-0.0000038210000000j),(1.0013688910000000+0.0000000000000000j),(1.0117244310000000+0.0061078300000000j),(1.0191580940000000+0.0105203840000000j),(1.0320566210000000+0.0179333080000000j),(1.0267445239999999+0.0150493010000000j),(1.0013688910000000+0.0000000000000000j),(1.0013642110000001-0.0000038210000000j),(1.0013642110000001-0.0000038210000000j),(1.0269278950000000+0.0139680190000000j),(1.0269430390000001+0.0140731280000000j),(1.0400759559999999+0.0219976610000000j),(1.0392162220000001+0.0217951590000000j),(1.0320583260000000+0.0179336910000000j),(1.0472183349999999+0.0284346730000000j),(1.0465067680000000+0.0280372780000000j),(1.0117244310000000+0.0061078300000000j),(1.0117244310000000+0.0061078300000000j),(1.0265917570000000+0.0149329370000000j),(1.0191580940000000+0.0105203840000000j),(1.0362513719999999+0.0201872430000000j),(1.0293406190000001+0.0154088790000000j),(1.0271371590000000+0.0140160410000000j),(1.0296863519999999+0.0161672240000000j),(1.0271560879999999+0.0141474270000000j),(1.0486095010000001+0.0299146960000000j),(1.0473954750000001+0.0285340820000000j),(1.0464989389999999+0.0280354750000000j),(1.0465060159999999+0.0280373390000000j),(1.0439781690000001+0.0232229070000000j),(1.0402908890000000+0.0220482870000000j),(1.0320457780000001+0.0179338500000000j),(1.0278525530000000+0.0154922180000000j)
(-0.0472022784759063+0.0102331307603596j),(-0.0427922646971255+0.0158391741071847j),(-0.0469522352394593-0.0049477149945755j),(-0.0458101295521592-0.0002317034779855j),(-0.0473429150563304-0.0003147462356933j),(1.0261171090000001+0.0172789530000000j),(1.0318895809999999+0.0196961190000000j),(1.0320224220000001+0.0197998080000000j),(1.0364106700000000+0.0215914310000000j),(1.0365437740000001+0.0216943710000000j),(1.0396090940000000+0.0229458720000000j),(1.0397821560000000+0.0231462260000000j),(1.0467407909999999+0.0301805450000000j),(1.0394755710000001+0.0227952780000000j),(1.0269968629999999+0.0136713400000000j),(1.0262666610000000+0.0130777830000000j),(1.0017157340000000+0.0003872150000000j),(1.0013942280000001+0.0001924900000000j),(1.0111951870000000+0.0068568750000000j),(1.0116033570000000+0.0072418550000000j),(1.0185216810000000+0.0119461260000000j),(1.0189298520000001+0.0123311070000000j),(1.0258481760000000+0.0170353780000000j),(1.0260522610000000+0.0172278690000000j),(1.0319544290000000+0.0197472030000000j),(1.0319558700000000+0.0197483380000000j),(1.0364772220000000+0.0216429010000000j),(1.0396756460000001+0.0229973420000000j),(1.0468473000000000+0.0303294280000000j),(1.0267967880000000+0.0134692750000000j),(1.0011856070000000-0.0000042780000000j),(1.0011901430000001+0.0000000000000000j),(1.0113992720000000+0.0070493650000000j),(1.0187257670000001+0.0121386170000000j),(1.0319541649999999+0.0197479530000000j),(1.0261914990000001+0.0173692750000000j),(1.0011901430000001+0.0000000000000000j),(1.0011856070000000-0.0000042780000000j),(1.0011856070000000-0.0000042780000000j),(1.0276619899999999+0.0136664190000000j),(1.0277036680000000+0.0135823210000000j),(1.0405558870000000+0.0232045100000000j),(1.0396756460000001+0.0229973420000000j),(1.0319558700000000+0.0197483380000000j),(1.0475635400000001+0.0308193160000000j),(1.0468442960000000+0.0303296640000000j),(1.0113992720000000+0.0070493650000000j),(1.0113992720000000+0.0070493650000000j),(1.0260522610000000+0.0172278690000000j),(1.0187257670000001+0.0121386170000000j),(1.0364772220000000+0.0216429010000000j),(1.0301572619999999+0.0151513580000000j),(1.0278782900000001+0.0137157050000000j),(1.0308648320000000+0.0150722670000000j),(1.0279303890000000+0.0136105830000000j),(1.0489037720000001+0.0325250790000000j),(1.0477425990000000+0.0309417880000000j),(1.0468364740000000+0.0303278440000000j),(1.0468435450000000+0.0303297230000000j),(1.0445512330000000+0.0244582230000000j),(1.0407759470000000+0.0232563030000000j),(1.0319433210000000+0.0197484760000000j),(1.0272601260000001+0.0179846140000000j)
(-0.0477182726268998+0.0104717726690358j),(-0.0448835861042254+0.0090206868601517j),(-0.0507482564700124+0.0168901678493965j),(-0.0481088349496301-0.0002774106828850j),(-0.0502851223762177-0.0003472673152259j),(1.0241335750000000+0.0181864340000000j),(1.0303681670000000+0.0210210160000000j),(1.0305099110000000+0.0211387340000000j),(1.0352417420000000+0.0232406910000000j),(1.0353836530000000+0.0233575070000000j),(1.0386889760000000+0.0248257860000000j),(1.0388886450000001+0.0250150170000000j),(1.0468777430000000+0.0308953680000000j),(1.0385321970000001+0.0247002830000000j),(1.0247251150000001+0.0167888640000000j),(1.0239678219999999+0.0161413040000000j),(0.9989612210000000+0.0004591630000000j),(0.9986461840000000+0.0002018120000000j),(1.0087503400000000+0.0072164030000000j),(1.0091700580000000+0.0076200270000000j),(1.0163024030000001+0.0125715030000000j),(1.0167221209999999+0.0129751260000000j),(1.0238544660000000+0.0179266030000000j),(1.0240643250000001+0.0181284140000000j),(1.0304374169999999+0.0210790360000000j),(1.0304389560000000+0.0210803260000000j),(1.0353126969999999+0.0232990990000000j),(1.0387599320000001+0.0248841940000000j),(1.0470064569999999+0.0310261900000000j),(1.0244973810000000+0.0166049530000000j),(0.9984316620000000-0.0000044850000000j),(0.9984363250000000+0.0000000000000000j),(1.0089601989999999+0.0074182150000000j),(1.0165122620000000+0.0127733150000000j),(1.0304372490000000+0.0210799370000000j),(1.0242049339999999+0.0182722060000000j),(0.9984363250000000+0.0000000000000000j),(0.9984316620000000-0.0000044850000000j),(0.9984316620000000-0.0000044850000000j),(1.0254073210000001+0.0168146520000000j),(1.0253795660000000+0.0171522980000000j),(1.0396950160000000+0.0251059080000000j),(1.0387599320000001+0.0248841940000000j),(1.0304389560000000+0.0210803260000000j),(1.0477922860000000+0.0314000350000000j),(1.0470034539999999+0.0310264240000000j),(1.0089601989999999+0.0074182150000000j),(1.0089601989999999+0.0074182150000000j),(1.0240643250000001+0.0181284140000000j),(1.0165122620000000+0.0127733150000000j),(1.0353126969999999+0.0232990990000000j),(1.0280292410000000+0.0183837260000000j),(1.0256348060000000+0.0168670760000000j),(1.0279341980000001+0.0201911360000000j),(1.0256001120000000+0.0172891340000000j),(1.0493855590000001+0.0328813160000000j),(1.0479887440000000+0.0314934960000000j),(1.0469956340000000+0.0310245990000000j),(1.0470027030000000+0.0310264820000000j),(1.0439387440000001+0.0264452950000000j),(1.0399287870000000+0.0251613360000000j),(1.0304263880000000+0.0210804470000000j),(1.0252857399999999+0.0188995500000000j)
(-0.0415848745046399+0.0021149838433019j),(-0.0372802707361274+0.0072434934225725j),(-0.0425760639262956+0.0018181541039921j),(-0.0380106679664704-0.0003055357053824j),(-0.0403354913275533-0.0003548116040983j),(1.0255566160000000+0.0125924450000000j),(1.0304037280000000+0.0149073330000000j),(1.0305135169999999+0.0150017860000000j),(1.0342141940000000+0.0167169360000000j),(1.0343245050000001+0.0168107340000000j),(1.0369095360000000+0.0180088170000000j),(1.0370732810000001+0.0181630540000000j),(1.0437873740000001+0.0229623030000000j),(1.0367737480000001+0.0179067790000000j),(1.0252425400000000+0.0115559720000000j),(1.0245863680000000+0.0110730030000000j),(1.0031042280000000+0.0003307710000000j),(1.0028354920000000+0.0001467760000000j),(1.0118357760000001+0.0049835940000000j),(1.0122202199999999+0.0052771470000000j),(1.0185733619999999+0.0086913710000000j),(1.0189578060000000+0.0089849240000000j),(1.0253109469999999+0.0123991480000000j),(1.0255031690000000+0.0125459240000000j),(1.0304571750000000+0.0149538530000000j),(1.0304583620000001+0.0149548870000000j),(1.0342693489999999+0.0167638350000000j),(1.0369646910000001+0.0180557160000000j),(1.0438959640000001+0.0230696410000000j),(1.0250515970000000+0.0114070360000000j),(1.0026389990000000-0.0000032620000000j),(1.0026432700000001+0.0000000000000000j),(1.0120279980000000+0.0051303700000000j),(1.0187655840000001+0.0088381470000000j),(1.0304566540000000+0.0149545090000000j),(1.0256419450000001+0.0126461800000000j),(1.0026432700000001+0.0000000000000000j),(1.0026389990000000-0.0000032620000000j),(1.0026389990000000-0.0000032620000000j),(1.0257719880000000+0.0115672150000000j),(1.0258484640000001+0.0116276340000000j),(1.0377184189999999+0.0182275120000000j),(1.0369646910000001+0.0180557160000000j),(1.0304583620000001+0.0149548870000000j),(1.0445545260000000+0.0233715080000000j),(1.0438929530000001+0.0230698990000000j),(1.0120279980000000+0.0051303700000000j),(1.0120279980000000+0.0051303700000000j),(1.0255031690000000+0.0125459240000000j),(1.0187655840000001+0.0088381470000000j),(1.0342693489999999+0.0167638350000000j),(1.0278536149999999+0.0127912610000000j),(1.0259520860000000+0.0116072600000000j),(1.0284818469999999+0.0133775230000000j),(1.0260476800000000+0.0116827840000000j),(1.0458983470000001+0.0245856310000000j),(1.0447191670000000+0.0234469750000000j),(1.0438850950000000+0.0230681270000000j),(1.0438921999999999+0.0230699630000000j),(1.0411414219999999+0.0192751860000000j),(1.0379068510000000+0.0182704610000000j),(1.0304457950000001+0.0149550830000000j),(1.0266394379999999+0.0130158990000000j)
