time,P_node1,Q_node1,P_node2,Q_node2,P_node3,Q_node3,P_node4,Q_node4,P_node5,Q_node5,P_node6,Q_node6,P_node7,Q_node7
0,39.50300729603677,-0.04125577298615607,39.50072484067608,-0.033369582584876156,39.836761017519024,-0.027260119268421645,39.723339784921286,-0.0331352607723123,39.47069051426383,-0.048624000906284305,39.16910236604753,-0.02122224888396069,40.2718041183919,-0.032900774840761676
1,37.85178493550767,-0.06836768853294257,37.823960027695264,-0.070699050726956,38.67784504570079,-0.05671643793152019,38.18552213805432,-0.06058493919454258,38.18449218373256,-0.07980349492449812,37.05984094600629,-0.05428466360715311,39.0347439900284,-0.06849008400554481
2,34.62250063462612,-0.08694319315961647,34.586313492840205,-0.08887465086663714,34.83968660576034,-0.08238578652999208,34.70279468324637,-0.06761823450794599,34.93419449951251,-0.0879523721982235,34.53447724017731,-0.05626562679596395,35.9856081351536,-0.07867403237181972
3,35.789059292079656,-0.05792839366057481,36.57680580815329,-0.05642847466937425,35.86360811193784,-0.04882691660860993,36.08127547295321,-0.038555617449404195,35.66130098967149,-0.06425200696003255,35.392274265703854,-0.024001707561030483,36.976690023047084,-0.034782665357508624
4,32.061588642614836,-0.02798674216164416,31.75884428131696,-0.03090079848799081,31.366150187469593,-0.01770448840783337,32.18898397490758,-0.025156523452131676,32.23169171349775,-0.02489325421104611,31.835109713680335,0.014835848551725553,31.645645785946638,-0.005358847754413452
5,31.696426323518104,0.022702296228226754,30.83289843541018,0.001127431525487943,32.25875916838464,0.029336586467020073,31.47844991862122,0.020792247884994237,32.021374169783584,0.015222066917413703,32.154456896726415,0.06166042508868215,32.89800994246343,0.042238572920852036
6,33.705016932202646,-0.040231003469716115,32.87776263773432,-0.08056989921650563,35.616724989276925,-0.028377980379345677,33.91041848944223,-0.0421360162994126,34.79073059783684,-0.06010698404823188,34.58912282119826,-0.0137551767989137,35.55202945452573,-0.019977093989052744
7,31.849730121996515,-0.005513153355028768,30.77850208747154,-0.04595974259006669,34.74979621044736,0.0007428228504943422,32.09617284259673,0.004277311233007026,33.68959836323182,-0.021693133468349744,33.160325293068304,0.014022363682251723,33.00036413013273,0.028326185451532454
8,37.11253043516702,-0.055040845237650154,35.80117638237367,-0.11206627924476711,40.394788406149175,-0.06814015054157807,36.53643744550338,-0.05753079719461636,38.482844862497394,-0.0933392017115586,38.16934369586519,-0.06517858396676555,37.8802980626292,-0.04327422743733925
9,35.61556391881262,-0.028241471563254506,35.923233514417056,-0.06673209808853335,39.07829929416896,-0.02386229662324814,37.06423489631196,-0.020203692277051117,38.023324358925706,-0.061319339154917295,37.82095588055288,-0.030055271989847088,37.928430976831706,-0.0076649751876197575
10,33.993620212154504,0.07923457125123907,33.74459288222076,0.05493169241749749,36.95005989365727,0.0921184981974367,35.272774368055664,0.0957905192659707,37.16293338838397,0.0546034622475987,36.318950306398726,0.07845464092197582,36.04079469168586,0.10497452301618365
11,35.689934087192285,0.12006609525292751,35.11975064624784,0.1010595959383939,38.93064233501674,0.11164307208067711,37.134184734586036,0.14136296448218247,38.191067288016384,0.09560110553931185,37.56359657409304,0.1331290842715909,37.336673612329975,0.14757249327155342
12,39.731193892475794,0.10460237705802063,38.79255028572605,0.09198116325292556,42.02713012611807,0.10504040721821739,40.440781482513025,0.13702503364453403,43.48067401985345,0.09744656565762334,40.73926961123643,0.11750064993793567,42.450579702189145,0.12969689527202105
13,41.04613561299157,0.11589184401860894,40.13054987572562,0.10667605303767201,43.79602557496931,0.12516354883415257,41.60837613559756,0.15265937134130875,45.271995928260026,0.11357047200623549,42.47710128756776,0.13419757222716863,43.35790095649253,0.14821535440855213
14,35.02001008907154,0.07263378805513285,34.756211963637405,0.06964285725846812,38.342156504656884,0.10248398560461237,35.92962117097702,0.11199035384923375,39.889858240855006,0.07773400905137771,36.39040032091544,0.10743548881967033,37.79027584772077,0.112505719380095
15,44.80112955722093,0.020717062052146643,44.42953432196866,0.014102682625319336,48.20524920980528,0.04838220462131161,45.805979917175236,0.046575403307746496,49.729639085670655,0.02371062364367415,46.31803147752872,0.05340064234474269,48.02201346874483,0.06040931022833537
16,45.39698796407882,0.002663846164601407,45.40524588851295,-0.016479894415681234,48.76957943576222,0.027658674307150577,46.26914765890789,0.013242680674427507,50.15746877156189,0.01732094111754729,47.326240991985614,0.04246303726269822,47.643603269809596,0.04380338019270551
17,47.59039359400517,-0.05183585157189091,47.232701611673356,-0.07645018979481563,50.59951705849576,-0.03548171024980962,47.98480065302333,-0.05980644705066296,51.96554789333456,-0.04548998707093544,49.67373767356512,-0.01631833047301997,51.180930448523874,-0.0013887487604352933
18,53.95330738474097,-0.043406600985754676,54.269029817377294,-0.05963270128152238,56.771740145179606,-0.03243456093973951,53.27767121541946,-0.050179988113010415,57.34472868021348,-0.031628584383875606,55.89615563840716,-0.005616586423749938,56.44640785993704,-0.0035068226487781004
19,58.44781042711208,0.011281959670630668,57.152948387137656,0.006356826956163438,61.555289947534526,0.013986226150364493,58.424764081109345,1.0974877514575293e-6,60.49210621431155,0.020560791347903763,59.558582226999675,0.04008230427241827,60.8824364314206,0.0546377864593839
20,56.848028663846605,0.05766377400536563,56.1288109152581,0.04331676754730912,61.128094783914975,0.04812251743503407,57.546903644273215,0.032537047312295043,59.45781389790805,0.07775639740704003,58.78585618049158,0.08679684547792994,59.80364653152133,0.09631819393408986
21,53.4116163882689,0.015873027862241224,53.309721880785396,-0.004861679842569593,58.31110193777971,0.012592276292016454,54.30729563608231,-0.008022529007776443,56.515093415727684,0.03057271368713781,55.02541847378892,0.04492361226336902,56.63483523629017,0.06985110199232
22,55.996976354194516,8.9992990741886e-5,55.13234599539274,-0.003321678159093639,61.021645112168706,-0.003462949206431908,56.14536880642654,-0.027446070925429094,59.22802342407679,0.01707521012341759,57.63760839508662,0.03793246426214483,58.00499108618088,0.05570447604940823
23,59.25680889177326,-0.06633750647522688,57.77771108785871,-0.06573283394738698,63.19384980375034,-0.048666643478175745,58.22807733791343,-0.09568361211970283,61.612057163574335,-0.048884511049183274,59.51190597345689,-0.03266434777566317,59.90059618288899,-0.0006999165334407031
24,55.29170065998436,-0.06508226772875136,54.13386088213169,-0.056662386100462994,59.44702613657281,-0.05752147869905187,53.4750911868622,-0.0966604996442886,58.709181051315475,-0.06243477833709566,54.47165627220815,-0.04297207182046608,55.53002160026814,-0.023262897912114278
25,55.12328663500053,-0.07403096406264241,55.85507429603064,-0.09098930993832254,60.39921747475026,-0.0655309865559564,54.34840870515182,-0.11997681711433913,60.10580429202194,-0.09707702089516532,56.75775089520752,-0.09282794709806043,56.77035440612589,-0.06130036446561708
26,58.13924248828062,-0.0842876638505231,58.34413981082206,-0.09785533409277457,62.367195108841,-0.0671788262626379,56.91261614767302,-0.11929824001575204,63.089459551757884,-0.09203151400493856,59.63640437069721,-0.11219754906042033,59.51236820190259,-0.06754401576724264
27,57.71592360530608,-0.05064883397039808,57.80711482263152,-0.07984500465193756,61.50175939554736,-0.03780833464838712,57.695067988556694,-0.09053061062965859,62.20667217715062,-0.0592376682204825,59.23766632136512,-0.08785558207658689,58.52504323904333,-0.049686831869130685
28,56.23070773766251,-0.12038638862888096,56.60286059372496,-0.13571787679222402,60.465201590310684,-0.11127760312343937,56.45754602201905,-0.17472184124200085,62.16454200730784,-0.11276603354123219,58.95865767790353,-0.1612249787747365,57.935845604869854,-0.14562191825673088
29,54.852475728160684,-0.13475353043287477,55.46825528105187,-0.15080593902196487,58.45601295578811,-0.14319680354402672,55.275714584984925,-0.20563976982734564,60.70006176406385,-0.12233236818169813,56.46151505782012,-0.17999931634425792,55.623321409940246,-0.16766447848247004
30,55.26664743129516,-0.12233561430126377,55.07802604030782,-0.14189841865058583,58.03979053765535,-0.14311177342434842,54.4907094210305,-0.21294654201512683,60.51405782739919,-0.11386257520457341,55.81037971510547,-0.17350097903590506,56.06633714368347,-0.16393437835735816
31,53.59130456484215,-0.06974856692130993,54.17672325391226,-0.09352277669501227,55.26222431172635,-0.08881178445097407,52.847710165257865,-0.1596391442111113,58.12313752031885,-0.07097411824486402,53.339971862665166,-0.11924970745706903,54.312538854900254,-0.11322660322972289
32,56.146829252351324,-0.003091929437476479,56.95772117045174,-0.02778150782660446,56.75741875342652,-0.01452483301796104,54.25494835487183,-0.08379894981642635,60.1695979317497,-0.0029561270312834786,54.03731637850736,-0.04693858467016545,55.4706795223517,-0.05038222536369731
33,57.160432392644545,-0.0013286379702641266,57.5353935344983,-0.016468119832227193,57.28580942619232,-0.0010840267643177012,55.155946672237334,-0.06625437924020844,60.93534492331288,0.003131621135987403,54.56060387015771,-0.032818456825062035,55.97318835576946,-0.04461792648657231
34,60.91736560449304,-0.045308374052115186,61.25797660986781,-0.0608508811260261,61.02141814375876,-0.0401655047651475,58.237463621698254,-0.10361086722964478,64.22142079644719,-0.03884744470472605,59.27589065887908,-0.07553163856411209,60.30441877316959,-0.07646790459240614
35,66.23262303129445,0.01483771863250221,65.67249119443885,0.016765437306891826,65.13731291919802,0.02372497160464129,63.69737571592327,-0.032127846508964324,69.0823247219316,0.03575341481859079,64.78555244256223,-0.016783783819940366,64.5602172096989,-0.010830346844366748
36,61.1187643370769,0.02882773433982405,62.29787971748401,0.03647043895231407,61.35718709126173,0.05491644557605379,59.015414851088664,-0.005310048809901619,66.31890211292993,0.05680765852041288,60.78764841430527,-0.0032071316439402364,60.586495630856874,0.03096201579081214
37,59.62990052729927,-0.04548891665784064,61.462295934152216,-0.030971893344669342,59.370519833673214,-0.0016804534512559477,57.25716983721398,-0.06546630798198871,64.02401280203682,-0.008835492743343248,58.92900542030807,-0.06482914144255524,58.858794626374866,-0.03063591975858989
38,55.40179930941085,-0.0874742669197658,58.65842309865775,-0.06773815255634821,55.46920028215608,-0.040397623497216296,54.120650530543145,-0.1044132815584265,60.34521321802082,-0.039017593124775075,55.730743342336176,-0.10572911216951905,55.63014223834966,-0.07945677413407272
39,58.56191496288354,-0.1469069817224891,61.02829650287188,-0.10303924718679702,59.235972158109995,-0.08230645288154267,57.17370334736554,-0.14788209304590214,63.471711062602154,-0.08247879363322874,58.28330450474268,-0.14580027794975706,58.51662682502827,-0.12259076012370161
40,57.026905494007266,-0.17987427297844863,59.604822905709945,-0.13351044885734623,57.80049931769665,-0.11853968830481951,55.70497048074111,-0.1870131546687775,63.09100783159198,-0.11798473369447791,56.60000574134847,-0.1647453623117676,56.24242178141272,-0.15511893813073133
41,63.69265543059719,-0.17303467288674573,66.287364483971,-0.12758205653202723,63.81260301013499,-0.10707426738021773,61.33283709039533,-0.1690332226797109,68.67112372088586,-0.09937472790909573,62.85148398168465,-0.14680677016454338,62.603679381373226,-0.13800312614779828
42,56.563131560607246,-0.15304199691979178,58.00731523616099,-0.12389192545510795,56.66950964925043,-0.08610302036199197,54.598163537034154,-0.14264003331006433,61.44043735659808,-0.08301504984569004,57.015889282142915,-0.11464917739364963,55.06862805374574,-0.11175338145810203
43,56.210993415947996,-0.13840425561067282,57.59028730556601,-0.11154037158665375,56.82820045254671,-0.08151359676318687,54.78535254924611,-0.13020821202702768,61.071951791407216,-0.07301385040018138,56.05368491814687,-0.10580980586810704,54.97016222339645,-0.10692086956135138
44,63.079476871728694,-0.16134227121052533,66.15250849992991,-0.13947274464968057,64.5585727225799,-0.10451275896015454,62.79542708911368,-0.14563185063130593,67.87213297899773,-0.1002920817613697,63.62453861334067,-0.1357066196264008,61.390375284413985,-0.13870836107258605
45,60.26374441093965,-0.20953801026031557,63.2305754633288,-0.18228022675162833,62.273900698861425,-0.14968584494011689,60.03998320159609,-0.18715955848726354,64.71136001049908,-0.14951135230461512,60.02707551880012,-0.17745765129327176,58.68833603610589,-0.17342970938188967
46,62.17001138536071,-0.18415903184279006,65.05773922852624,-0.1602140799117891,63.839716921559216,-0.11438497332026315,62.22361036459269,-0.16096108353722852,65.73156756289664,-0.11878360480388356,61.41368315321106,-0.15615413088060864,61.29650747381862,-0.15350580116049112
47,63.15407453180341,-0.2288362281186648,66.5191022469847,-0.20286194624121057,65.83770431616473,-0.16268139784613106,64.62703611344486,-0.2091475321844253,66.8438186528757,-0.16596129858908396,63.93027419958436,-0.19265156494110375,63.692732838467975,-0.21549042519447004
48,63.03972089348382,-0.21324692006974824,66.09594130873755,-0.16937462160812433,65.51334276787267,-0.13572999553893658,64.85092652486638,-0.1680050046494957,67.04081286853237,-0.14781676194537485,64.04270930669016,-0.1723497989151654,63.68593836923029,-0.1869154571087565
49,66.21126506066842,-0.25295049773041506,67.46935816507221,-0.2013857892166239,68.51839171680264,-0.17244668946390845,67.62688873437975,-0.21053195700493285,69.62510027415514,-0.1844750652499637,67.69860723788045,-0.20182811566941455,66.0998565249726,-0.2222572859841361
50,66.75406671304083,-0.24186969339354117,67.62145110022256,-0.19609395348722566,69.08627252857383,-0.18369929556917422,67.33986172485872,-0.20050574159918863,69.85940255724024,-0.19002538498098626,67.65574051666995,-0.19056558435607848,67.15939679422887,-0.22064575708514586
51,60.804807877085764,-0.2520931963645013,62.0289546126164,-0.20365228145743533,61.765339683276125,-0.19897689875088737,60.82117803536924,-0.1993203306704811,63.95958333237267,-0.19328029400284064,60.4697059606259,-0.1925959500177272,60.843244259010625,-0.22981585665434187
52,61.06923747807269,-0.22737050711927806,63.92656869965052,-0.20552902042141633,63.7342335365907,-0.1915175010132374,61.821854123706366,-0.19793257157299304,64.69577782226148,-0.18729338408269033,61.674047245492986,-0.17886606291903306,61.88656593800126,-0.2173725004608709
53,61.18962872580609,-0.15371819298004066,64.34506807205969,-0.13515583472300835,63.784446999693756,-0.12150089464779487,61.534573150844366,-0.13438056966791423,64.29723068361834,-0.11065165618226519,60.28760423934806,-0.1110978564589268,61.527367854742536,-0.15629699128501284
54,56.247486179391586,-0.14568784322817413,60.05756786820294,-0.12667816217914785,59.172787958514455,-0.11518498587205428,58.062088256311384,-0.11721759149371387,60.027703530960245,-0.1101636150748841,56.95515879745632,-0.11045776746752259,56.80150736712753,-0.14267048657728532
55,50.80356505980846,-0.2232806756664547,55.01754583112308,-0.2011023657801687,55.276547261966684,-0.18760981308877178,53.211899761237476,-0.20112584751924678,55.53632380196147,-0.18587369234788587,52.13252083519294,-0.1732924773861612,52.06513009052397,-0.20750221954137918
56,46.69244790907911,-0.21396084831826842,51.051389336953356,-0.21062793537873978,51.16771784054866,-0.18117280327548058,49.822292830556556,-0.20071224185325565,51.6104132541316,-0.19279658535388672,48.36049998619342,-0.16440210635572944,47.8233168800237,-0.21346787202386266
57,43.730485680190164,-0.24166211754327166,47.68268121731697,-0.23883675026368328,47.226096289653086,-0.20381429482478652,44.659321075735576,-0.22184414543425665,47.3327777463948,-0.2199703157934571,44.60192043103049,-0.19405711587263239,41.85209871037074,-0.23513946067746344
58,41.95841237852924,-0.22821508851253533,45.14433166779254,-0.22541504948065627,45.769209931549774,-0.19770704262878303,43.882374651035704,-0.21167644118621995,43.506762268552905,-0.20740801441233844,43.05700067313245,-0.1898667334965527,40.69516993715367,-0.2276159769185089
59,46.53350646052354,-0.259898423971717,50.14985661034676,-0.24925545452204473,50.30354399541846,-0.2428442988062623,48.123137974676894,-0.24664054568759422,48.07550145268574,-0.24361846990859687,46.336320310785986,-0.22315778113860904,45.43115999947656,-0.2571375407857218
60,44.764679591156295,-0.20860259893070277,48.069463499460454,-0.20361249783526536,48.03152282497372,-0.1967008479067894,47.00863534157715,-0.19270949097127948,47.96592554125163,-0.19173047185345515,45.02087609365914,-0.1921934921487766,43.897964474599355,-0.19970177524507116
61,44.74844091366936,-0.17445698442583837,49.34292728613713,-0.15789903666104754,47.99050333566576,-0.15487141577285402,47.78165565908964,-0.16125626726180348,48.50853053198893,-0.1610285315601763,46.72001775151863,-0.16672118641400122,45.05437812428536,-0.15691815522666513
62,45.42800102586307,-0.17035809153861473,49.148629183181285,-0.16500456679458403,48.47986024453231,-0.1437611687770197,47.47096151605084,-0.16751097971313061,47.787956568602496,-0.17180881447272672,47.154998533637496,-0.1607103925802607,45.36975365738313,-0.16142225232380839
63,45.23546218621241,-0.2056811279874853,48.93964048362379,-0.20445716798120447,47.05512467223584,-0.18294765299986543,46.14983695879141,-0.19966896816060287,48.782215944106255,-0.2106949443364498,47.540742240762626,-0.18172718976758256,45.036267036921416,-0.19021003730644614
64,43.643266699871305,-0.19759094849668327,46.51300623633152,-0.2041043641105261,45.07786230891042,-0.16619806305312165,44.944281392598384,-0.19269368332785958,46.68820934515996,-0.19660260593644768,46.59028812585639,-0.16883042202905263,43.90098528579203,-0.17319653759784306
65,46.81136360233972,-0.1919910693048361,46.85513172145667,-0.19016548599303235,46.18128227256099,-0.13477563139256754,45.4144967119263,-0.18620040258681803,47.98412632007338,-0.17995242444337473,48.53300029745221,-0.1619783176465812,45.639589206962164,-0.15431927867091846
66,42.49632873900134,-0.15318762079387752,42.49635587167009,-0.14469823372007995,42.07037688811027,-0.083263237379326,41.48483433604583,-0.1542614437514419,43.51096889383008,-0.1285581099359245,43.84257249307751,-0.13876485933399402,42.36724406488696,-0.12894160820727127
67,36.028225103979146,-0.2194283364304887,36.94648589870913,-0.21191024232091427,36.294980825693656,-0.15649858625716018,36.83119281575501,-0.21731222142028903,38.138880286726135,-0.18559227174700235,37.707791091906614,-0.20309923386788992,36.35303991627485,-0.19505908151815865
68,44.65664596953219,-0.19615894236262393,44.17871756202288,-0.18646107169231999,44.78352773884582,-0.15291095563639498,44.25980639474367,-0.20320718586368602,45.69711738337233,-0.16824675336743716,45.00005896637509,-0.19821846854817632,44.45128495518666,-0.1739379405861743
69,48.072974497016645,-0.19876319920259375,47.995883940413016,-0.19750235777618322,49.18701920683525,-0.1632606398729253,47.22925436837124,-0.19600114943629754,48.471673407364904,-0.1629717272249193,49.06659730614005,-0.19641190306028072,47.09957754081777,-0.18009375886474457
70,46.82639709140293,-0.23775935263191728,48.829899074103984,-0.24096939466306092,48.08056691484975,-0.19275895741775595,47.21547920424665,-0.2091671170796994,49.05214309038606,-0.18883870456914223,47.756472463977715,-0.21305401051335443,45.22612844396448,-0.18121037203907078
71,42.77268144596202,-0.22227697239001679,46.378174612323534,-0.24427906858220247,45.27930250588851,-0.17836654204182184,43.864422753567155,-0.1901802048120209,46.58786908127843,-0.17518436996750184,44.20114742874115,-0.1908422123070101,43.64549249461486,-0.17203286925962383
72,44.7694348190999,-0.16000518799880117,48.277780068889335,-0.17236050291157565,46.65816123466017,-0.11000936022564609,45.977215798476564,-0.10473578874221424,49.04586308448575,-0.1102170000880984,46.124514981633396,-0.12512314524995982,46.19808500682079,-0.10899637380246356
73,45.129165470136286,-0.17197391458997474,49.388175289027316,-0.18385047800919158,48.17694514692181,-0.13123422651849417,46.173417475223,-0.12235607269807479,49.093318018914225,-0.11849925671385778,47.60470083087088,-0.12944654260693464,45.499299706120546,-0.12939390662079633
74,43.91174242096116,-0.10875957694857669,48.85141348901211,-0.12434122465873847,46.70789228996008,-0.07372800127602666,45.36634553172676,-0.07353879378117456,48.24613014559042,-0.07667000832833008,46.42638779399496,-0.08453705567028504,45.16394179849765,-0.06444414889173088
75,44.02306131639672,-0.05737114608030821,48.19198463888425,-0.08269806590423669,45.70253276316471,-0.019972141533861978,45.20770361601892,-0.027191323916984693,46.24045838195695,-0.027622533388949662,45.93810126531878,-0.043498704261685804,45.195079187127604,-0.020766138347096032
76,40.947301733473005,0.015065577376701517,44.8976566905982,-0.004715513433585887,43.21217685208663,0.030091252969398283,41.99889401892523,0.0361599768314875,42.59858718968597,0.02900900944101213,42.77162814981874,0.02861105140342095,41.26892650333379,0.03707811048228654
77,36.589742033277034,0.03671402263483138,38.818365655770876,0.004905283722697634,37.77094114368434,0.03721386408946593,36.71222318411076,0.04669679487611156,39.128190932515686,0.04911790521981363,38.04912136099807,0.03929183202212602,36.91130866221732,0.04486169346579592
78,38.723296613376796,0.06430033828131114,41.71805725159813,0.026416568823534086,40.98493637874239,0.06855907109713624,38.533727037130106,0.07003700723072659,41.885384307031174,0.07834182858208223,39.99003851090087,0.07246622002548701,39.83136338755593,0.066437767709008
79,34.33969048726625,0.1390871303006137,36.53984413076127,0.09923027834615336,36.00426174557385,0.1389683287943424,33.66246636789788,0.1571053820936566,36.96930370831493,0.15247889454067742,35.18871468186732,0.13037734752665722,34.31729045304549,0.14298055420415312
80,32.66840832377384,0.15866479287676807,35.92996672751798,0.11543650401340842,36.343243628242554,0.15067920590650677,33.156248528050654,0.17140112936117718,38.11683611147238,0.16479808428220247,34.728028551045576,0.15481375458598676,34.1005496570734,0.16364410156377038
81,29.46344273245533,0.14787283918957167,33.81082284740481,0.10859223407266774,33.70926422192974,0.13764302521089286,30.811115881110084,0.1701517577155896,34.69685586449493,0.1509118690011405,31.39007984682739,0.15318039437461206,31.92592924716097,0.1565608849965943
82,28.08359401609078,0.08079244601779698,31.950274046131568,0.03415627368309858,31.74945077871541,0.06283934124419109,29.712174136809544,0.10164777042433722,32.81013082780945,0.06661621178820895,29.776044960715144,0.07837809931920235,30.055695772867722,0.07872927277630962
83,32.080489501081566,0.058827654400913115,34.733269208716194,0.011900471527792333,35.84944350971604,0.04336604826922109,33.462382811453736,0.08427189214674644,36.173119940455024,0.04730343237318523,33.394265254054574,0.04550141203626214,32.53485995362011,0.05812323762372697
84,32.68808140891579,0.13052790772334222,34.923650517166266,0.08394579007863555,36.62397389238565,0.10559537521327031,34.863721239586255,0.1512152618209713,36.85332988791141,0.11436152757734834,35.42502322528744,0.11998933854485858,33.84298895083405,0.12903481065792632
85,32.45513956850789,0.1285543354371508,34.00628769166997,0.059559968049252704,36.61834153853641,0.09831066499025937,34.196912602415125,0.13838617093359562,36.48483319798628,0.1023604953123443,34.94979229855022,0.11270402678497862,33.19687514481894,0.11830008893826546
86,40.677020079853904,0.16864075637301146,42.705938596791256,0.0948185764278785,45.40831246880353,0.13099611712048956,41.36964435694448,0.16590824917531186,44.14063921423001,0.13338456784389602,43.76172936062642,0.1456302982155505,41.77224959569217,0.15750442708014029
87,39.270710641905275,0.08120271197156691,41.07694081921913,0.01749316226351083,44.62754579660296,0.06353826765496025,39.655461489104404,0.08424780635688972,42.63034101954762,0.04761366485651206,42.714704883767034,0.08438898509588502,40.38190943435124,0.07254001263093471
88,38.419007556495174,0.14914622681898476,41.01035787996297,0.08119109422438878,42.72745608418282,0.12913652691871236,38.267983883367165,0.16089352224999715,41.94709367664342,0.1047062085014252,41.939667038008565,0.12566871047218847,40.08752513944899,0.14201934217027473
89,36.55566273962965,0.12189371028758748,39.67383423779269,0.05658842632353246,40.098159960122935,0.11772962054735536,36.31860289476538,0.13216508635118926,40.20113655159853,0.07856781867432437,39.58537203251727,0.11089655563263126,37.716264989274464,0.11792565918969519
90,33.527282698775785,0.08701627055249311,36.80615483224811,0.035336825907358344,37.81353671767303,0.08543395989313315,34.12234257327129,0.09845707450681371,37.216078563240075,0.04567515944327347,36.29998469944719,0.06944850342785334,34.473078968509355,0.08920474191726797
91,33.30027183750942,0.1652619333427331,36.12600722185939,0.1252612864732781,37.68132692600501,0.16543833870530797,33.93960426640085,0.18007204763572818,36.65792285714781,0.12939587490184376,36.1395943023525,0.1644395001505485,33.98290493667753,0.17773882114065714
92,39.316283421472384,0.1317561413736869,41.61941425961433,0.09761069946656961,43.46489947492719,0.1351329656334852,38.9190044066044,0.14716332827747133,43.47686648513733,0.09991654764918212,42.32687008715174,0.13017401287652666,40.164469188946114,0.14551354061927324
93,33.17904191757316,0.08643291225994588,37.53448563087305,0.06160462668912626,38.1849469084917,0.10810600291937289,34.881425724879975,0.11716167350159515,39.300286740121784,0.06149490892651798,37.492471492073925,0.09160593088794608,36.27668180507171,0.1042608813009846
94,28.747511483740315,0.060015042056095216,32.61428948184504,0.04103240909266784,33.60703635952345,0.0881645804536723,31.233868147352716,0.07677703263035068,33.72668728281295,0.034294705575682614,32.65661578909222,0.06331756397206159,31.60411842104796,0.08254987895432003
95,30.57756679694407,0.08007259156081406,32.91394997555833,0.06121352425468275,34.45385136638932,0.10375860720228758,32.62463249622163,0.09303605689774816,35.10477308908446,0.046602509571809336,33.60648303399968,0.07975596093016052,32.981254415744836,0.08206373212438453
96,34.754865864352894,0.18484721509376417,37.029210034612696,0.13518385205932906,36.70579988357441,0.18658519878447177,37.23106363477029,0.1750193519131742,36.53654788937058,0.13004093919347898,35.42546676695341,0.15560061562222713,35.722464210860366,0.172922510919023
97,37.53505595097274,0.17036730541480602,40.068308513426615,0.10986003466006485,40.19547868251288,0.16913034624325946,39.20876099353463,0.14481272783941246,39.844876937517796,0.11582645628005203,39.73385916872601,0.11690008728121051,39.39107184319295,0.1568708782165737
98,44.01578321457936,0.12683875122491464,46.02100897363415,0.06886026088933261,45.72284511316973,0.11503750356404063,44.733968333900606,0.10867241066911053,45.929875363676054,0.07788279265793621,44.53024272592884,0.07851690375771271,44.68782424328598,0.10878507380853375
99,48.065564887248236,0.1369713285259368,51.14668340851096,0.07626226097949873,50.63337419207648,0.11720161308156092,49.24032227122082,0.11021521711607031,50.42598195665705,0.08566916060987864,49.47498425425277,0.09639685156961353,49.657957736254865,0.12521837506862687
100,50.53767350884941,0.1500905539625241,53.742647454115655,0.09700291118464115,53.01637643717597,0.11328841345099026,50.87191862230241,0.1234770520646656,53.212089158439724,0.09612972779752353,52.340635636021375,0.12012361455132536,52.78744561905907,0.13004183401204977
101,47.64631390759697,0.18427463055717427,50.920550492262386,0.13836462617435719,50.911901092031954,0.13983902902730908,48.29137237431488,0.1675249380362273,50.612135908649066,0.1260338076052443,51.225788044303016,0.1538800598675873,50.71458992423733,0.17371397354041654
102,46.80056482977062,0.19042492997487379,49.71579183354706,0.14812137286931742,49.82113960209234,0.1739469235789471,46.514104116821656,0.1872350136709926,48.85308081891219,0.12963409268821144,49.902038983028724,0.1674883820938667,49.93609871615813,0.18054055156989307
103,40.000585244776154,0.18247484513469026,42.969901822903694,0.1451556799501447,43.457752917837375,0.17303176820253985,40.372385855723756,0.17777121340422142,42.52709529095021,0.122145687750539,42.69499215948688,0.1611484479206803,42.54904013938096,0.16020985833762316
104,34.9279533081556,0.2067676105730888,37.316962947749396,0.1717489149744128,36.37990387793722,0.19105991610197645,35.10295281884964,0.18534722332547474,35.625631253089075,0.13913075084495136,36.976167332946225,0.16650043913639007,37.786329839538666,0.1777223769837315
105,29.360741614820505,0.12198292702144642,32.262249692909364,0.10159886758355965,32.17678280711354,0.11957790064409789,31.695193177423008,0.13329966846418434,32.0206995376209,0.05821961734953581,33.08015302761717,0.0933641288879339,33.81589504821774,0.09800224367768773
106,30.153047822941737,0.0803484060597853,32.92190735528457,0.0679662360020801,33.510869256363094,0.07926380190990404,33.103975096913736,0.09033718592925435,32.671598557715974,0.02676031534175588,33.987666804905544,0.052850358334344816,35.93816893271167,0.0521769390113251
107,28.211997171746724,0.09123476216372646,31.611470298089483,0.062304986685537536,32.37043663727657,0.07604777423163286,32.75576465089611,0.09608427295531073,31.701292516513163,0.0368350154494864,33.40755601016986,0.06832046878989118,35.20828700695718,0.07263435926853103
108,28.104586883443588,0.08374388946963604,30.184771236154127,0.042545324118637394,31.928546176745165,0.061840806641296556,31.232255368742734,0.06596304061930663,30.804474553856274,0.01945662497892126,32.28773793626905,0.03855731800789078,33.42062304647198,0.040743726308145045
109,27.127973606146586,0.08039048000187467,27.828723998688996,0.03446019516620094,29.568101842035173,0.04189596703556391,29.912505172608487,0.058116960668457215,28.897205605586876,0.014842574850714312,31.331126987549798,0.027803402331329382,31.32226122856816,0.024780633088468323
110,27.345771508089744,0.0719046311100027,27.323847353062515,0.036871411743438,29.621657091677513,0.04271053763227943,30.0081390444438,0.058259185281713546,29.500831270880408,0.013477832825707407,30.06203822837066,0.032021292370100714,30.898750401842197,0.033944256885710226
111,25.51655593932304,0.06116407511416759,25.381197098229723,0.02204773272610435,26.586389167535227,0.04454694481117173,27.416418244871366,0.048152989254299214,27.21737295875121,0.011771656691610385,27.240505605216462,0.026220758704763893,28.678714671040474,0.03585883071031368
112,24.01927500465404,0.07747929699171374,24.28064424130177,0.04630922461487453,24.53900103132554,0.05985102761517587,25.81823989346293,0.05671280469650566,25.02505718808557,0.027509384693772104,24.207521604491028,0.0477113624899559,26.772692814949085,0.05076932827757866
113,24.658675415283,0.12116271305452248,25.02367663882754,0.09068824943080026,25.56264580940632,0.09951687567838689,25.007221669542304,0.1046449366196896,25.367785069458606,0.059137073051947944,23.497263931025223,0.07583551493132185,26.543527969875697,0.09035248553639119
114,22.96620120946876,0.03854403792859831,22.90695162314044,0.012053075217461101,24.59532570011136,0.007950083287341632,22.414193246320853,0.026337479614810484,23.193167144175533,-0.017718158807471802,20.484437883885967,-0.002863323033529359,24.390306393674017,0.008676341415969329
115,29.319879765425064,-0.013285888505245064,28.613704426177343,-0.05384609754798213,30.052391767223785,-0.038397448372119586,26.804248098887882,-0.028416674299781286,27.955066349535148,-0.053732431289440684,26.682577223268403,-0.054988180149651414,30.258231224682607,-0.04200606624826667
116,30.54742013961883,0.009844262811491915,29.928789325410293,-0.008937079547365882,32.32274172620661,-0.0017709234084915806,29.423728715215532,0.004170501877205745,29.004506614641038,-0.031453532248276635,28.13081956424434,-0.024099407683670207,31.04964081482628,-0.006176907100003253
117,33.10948533645147,0.032517849942642264,32.83131135488533,-0.0012151689723474864,35.449452599298084,0.01012130142465411,31.784732764676875,0.01062515896391807,31.71269267949846,-0.010713222695235503,30.973175276747753,-0.019501531866528293,34.38760048428286,0.0003519967193237883
118,32.60304572709706,0.030573512392653455,31.913460309913408,-0.003003207141628217,33.89859664746293,0.021962939919733727,30.61269611552065,0.01873263622130677,30.54323229625071,-0.0028921496945573024,27.677978241212404,-0.020167794141789187,33.69739243944739,-0.0019164148992820186
119,33.69364519099777,0.12245150254183665,34.069423341128996,0.08733968421363268,35.23725363795884,0.11069743131177108,32.238980946125196,0.11989494761383895,32.583124831049346,0.09518636454628876,29.987841294634883,0.07961391830927939,34.560081425871054,0.08129513978262334
120,43.02057182508693,0.07361068219481873,42.08883493337629,0.03780078554621383,43.94044623066347,0.05228422665205035,41.675272707643146,0.08599020247330812,41.44737735687858,0.05030877520675665,39.45931789812676,0.03640591823964903,44.44365754317446,0.046120861381044556
121,42.528497863537694,0.02983821142924073,41.41499666770227,0.006739870620622045,43.59959659068568,0.020750943928453995,40.46802812111787,0.03944383253580349,41.347449685154274,0.013889540227958762,39.607301004841304,0.009245455339540545,44.30112532006874,0.01730906751584725
122,34.08567786184725,0.053256774263164504,32.62348083685541,0.026884692975458778,34.2610549321047,0.050474974378886595,31.355173307739914,0.07308337338023888,32.281570675593656,0.043853458009776594,31.44432139801068,0.03822719828773194,34.0264297514494,0.05838609610390052
123,28.569533444856926,0.053200118053790636,27.15067032148241,0.01611366213064582,27.822998447217117,0.042720636356758795,26.07417726689068,0.06787330369484061,26.83655379904487,0.03074681933823952,24.636359358799936,0.016146467939294806,28.039916756439386,0.04906001029910044
124,29.227423769778525,0.06902293367161352,29.050874672079303,0.050597957727473705,29.24950454430813,0.07593312892624975,26.417431706915544,0.0895797419434531,27.5832566873234,0.06780781537438688,25.319260447484226,0.021342403822980686,29.60757892438075,0.06905571092422079
125,26.752283670280175,0.083826093865844,25.51032234929157,0.058962450216841475,25.565766628085424,0.08342974873420983,23.779980454560338,0.09928780929806735,25.51094902666061,0.05668315906218522,23.465185794529457,0.03442940257334527,26.772475564265747,0.0864785132438197
126,28.510666351741097,0.06531691267917449,26.962272964143747,0.040028543193755976,27.431194459407017,0.05448141390737284,25.33587917479334,0.07670987426075092,27.2576088611175,0.036924803379048826,25.262981321006734,0.021652719982138774,29.108394922413975,0.06421807405384854
127,28.63782766656689,0.056382512538689804,26.689053240878117,0.04054438609289543,26.023631723407533,0.04906616525690179,25.522673395480705,0.07630804331384496,26.3840085502715,0.02329509919447649,26.398102463773565,0.010598720107978674,29.397722634537526,0.05578446082683465
128,25.887911566673367,0.05374638381325448,24.35961185570449,0.02147026408454375,23.646641639408998,0.053926344974932,25.154667944379206,0.0810694072941401,23.480131343880547,0.03577009083927219,23.528436176686,0.01583031988765575,27.295795099455194,0.04468623824539186
129,28.07443100963217,0.13723672205263626,28.12895903724007,0.1060854658725005,26.809565307167663,0.14780168958597312,28.328407944960865,0.17540559568146402,25.379889330559703,0.11437215195079528,25.812388331380028,0.10033990654304431,29.639709567621754,0.11736159650852154
130,27.627580658001662,0.05741069054425192,28.79097414841636,0.035508863941518254,25.868741571919358,0.07390952982857257,28.575021551118645,0.09873019382840956,25.178337203199458,0.05404503966257921,25.126286422422737,0.022192509294243733,29.10154555923389,0.04566172005553276
131,36.07968016016668,0.044174006819990265,34.68255656792768,0.02442181540257771,31.452983912386358,0.0628130193736221,33.98209816549037,0.08980020559291826,30.053817240414517,0.042875965741084945,31.266049677387457,0.01390516355951768,35.44085090171385,0.04101353235320426
132,36.31733254454959,-0.08039553279043364,33.42322765210697,-0.11678781901203741,31.161093037661203,-0.08645239999669282,32.619072209023784,-0.04118557369296202,29.57124874955725,-0.10038677420660896,31.568688461486694,-0.130240324499739,35.378435533696326,-0.0998548661006241
133,32.629125209452724,-0.04963961222311114,29.491458647349283,-0.09499960160750523,28.0149656674562,-0.06165722506023712,29.14706061288352,-0.0344690228715822,26.15545351748272,-0.07487267655775949,28.65436778659248,-0.11313117852487445,31.176238783632154,-0.08466328385860465
134,32.89099622218613,-0.01664505037078593,29.345940535997272,-0.07635224632145114,26.97530630294798,-0.04838182962485762,29.267936493717635,-0.027052304785331986,25.948648553447207,-0.05045554754176749,27.68693778423366,-0.09808964841913914,31.08775465229016,-0.06757451717129752
135,26.57567838665273,0.039496416384028746,23.190129135003904,-0.026514432834257758,19.979877685549038,0.01880790883710196,22.674573818022033,0.02154446417058639,20.09794204209967,0.005081744528520434,21.37846364928204,-0.04012416242210913,24.7873910247092,-0.013324465763110827
136,26.261673959836408,0.013207128086211595,22.99287944977776,-0.05547712603120744,20.290488597236664,-0.008938372451658374,21.58393523412942,-0.000640742328843244,19.55752573045761,-0.014374280703991632,21.674086601359342,-0.07076275116787181,25.677711941842354,-0.029326042650977702
137,31.95795483633184,-0.015207355283002592,28.67981564238356,-0.08888910088628148,25.434156507587073,-0.0467034229537905,26.828476954585497,-0.03293612432617528,26.506626994693878,-0.05307928125072996,27.437205707705807,-0.10299261994376502,31.328835124346845,-0.05616372931713015
138,26.835701506730764,-0.025756765520518057,25.493033009234214,-0.07269670399931519,22.491036892791215,-0.04748644181236576,22.49194828164295,-0.01648745072935745,21.63796851519986,-0.04505769359244507,23.63710127262122,-0.09896817767733113,26.292813387878798,-0.04216481457430558
139,31.26796977875399,0.011875856104804919,27.5902024607681,-0.02068968404672389,24.647843307536355,-0.0020180422804190875,25.983689963406146,0.020246957402716797,24.30527860187558,-0.02008158754407139,26.995046843195457,-0.05653205851127993,29.230283223175633,0.014781822658754658
140,35.64895788891754,0.044787480481801534,31.071783417885207,0.037832135127935776,28.087378242076184,0.02724063020066454,29.478238914757856,0.06290851730394911,28.428288840478615,0.01833652889170141,30.378563438668053,-0.008626534999356686,32.448168121416444,0.04579048111142649
141,41.4764301014971,0.10409103487476583,35.43724525529149,0.08995545628435234,33.78327061858989,0.08168367248475966,34.68020418177475,0.11639855822220252,33.475231835808856,0.07616662693942208,35.769856369583344,0.047974296626254735,37.535270802612445,0.10277194313822603
142,33.93093976942477,0.052310739643702364,28.17903269741676,0.028757363085003193,27.481432563242958,0.036391773597685764,28.012516143325197,0.048814159586526545,26.585404310993024,0.012438515786863114,28.613377945027448,-0.015360600800612571,30.874615930732176,0.053473112383466984
143,34.43928939326281,0.04294567617308779,28.65872903634012,0.025428788522035065,27.605978709779784,0.02291234611351515,28.640596838229058,0.038341015772378244,27.540429354219768,0.0027862008144445664,27.751345801445105,-0.018645555010972814,31.858655666475,0.0514392699128964
144,32.11206036138401,-0.02006532027315994,27.088589011403506,-0.023665879747556802,25.45227355794472,-0.03171124442927955,26.848383966402704,-0.01045787286282545,25.318354370250375,-0.05861784300599279,25.823473872958527,-0.07169866295483346,29.75771684166628,0.0011910662878715644
145,32.63294737720845,-0.01732625667687413,29.434625314613463,-0.007451258605287347,25.10170314023753,-0.023673716736097222,27.247093606223846,-0.014197837699308019,27.144480528768412,-0.055575563092870844,27.38636844797439,-0.05811839815444704,29.96904721534193,0.0022750664878966598
146,33.25251567386709,0.03263559390524015,29.964797356028786,0.030294506973097716,27.031557054936293,0.010985631703221126,28.542237721757516,0.03431967568146598,27.70176246262093,-0.028185118675239925,27.388839831397405,-0.0046327469487942845,31.122912965437678,0.03458719719068981
147,35.66397219702148,0.020639537906551635,32.431320039578324,0.03291974026418712,30.391495163769644,0.018023562292593776,30.96600115657061,0.03686297014618029,29.656071240717353,-0.04983318123655321,30.612293037410865,-0.00990534027298529,33.53842256571574,0.032519127118596676
148,38.730044292466225,0.018765391792601026,37.137301322108364,0.04201143626724013,33.48194590155709,0.011604811230886145,34.85839557766538,0.04413976711179543,33.50078240612741,-0.044064097974112246,34.35840877433467,-0.006589803855968085,37.12965940281146,0.036008592493766714
149,41.99290467960491,-0.026107664741914074,41.850669563263864,0.0024509713293946953,38.13104952386278,-0.026023682576772025,38.73658651169957,0.015190163530233294,37.88892039277388,-0.06993901545660311,38.10916436254721,-0.02578320713128711,40.64112139684016,0.0193997982514136
150,38.681380718907036,-0.007120000371978511,39.63267951354916,0.009198822695278327,35.845342060770875,-0.013726682785858198,36.71065801253128,0.025821367404201403,36.32871757780936,-0.048688351664060964,36.028527616361266,-0.031038383558642645,38.62108323171367,0.04690748202245032
151,33.537862134836836,0.007461820264259688,34.347782563451204,0.027058548302813186,29.90924708537042,0.0062047164345631674,32.58023137045379,0.03257922242168981,30.569636213695745,-0.04274382179507669,31.079237345618182,-0.009766143520907093,32.40928735295894,0.05488666062688949
152,34.4225352501859,0.024291396717380627,34.809083077907836,0.05361543699219834,30.281225425023468,0.0189802659079736,33.17655976763185,0.03774557770050305,30.14306620643517,-0.029693307355272706,31.737527881265223,0.011011822080290862,33.43149204345761,0.0698442711711176
153,35.63821932277533,0.06635249320491819,36.05303373256275,0.09908903327697147,33.09446807999284,0.06506628338637307,34.898067911608315,0.08050799078664177,31.181541699692264,0.007627816246940269,32.71934395826084,0.05035635983167082,34.524231872092564,0.1108919110672355
154,35.57835223578121,0.044643264068966584,35.82215114688972,0.06566463869027783,33.65097103113748,0.05457351271407568,34.19415498920166,0.04588230314341055,31.266952940127602,-0.023468811234911027,31.92918546693605,0.02730064221467972,35.652795974822084,0.08175558320755384
155,42.64064228255463,0.027031741644713288,42.90008488638599,0.053621414505485174,40.10402356369614,0.041922167090694705,41.0898797770706,0.037607078611787255,37.1699075671689,-0.02435597815758129,38.68223790148719,0.022449388011589962,40.77249499420189,0.06983195450004986
156,43.275825215339964,0.058436999711049195,44.51133887017339,0.07462621521012353,41.5359291654157,0.061513409107333834,42.08801476495722,0.05606949573127022,37.697816033605164,-0.014213505762031037,38.896524801608145,0.0446822622904283,43.07095801063464,0.08842521582053162
157,39.284432626776635,0.08302564477286284,42.63658111417725,0.09595551260301004,37.09259690810959,0.09366680010659495,39.805828131075074,0.08944125768237599,35.875059311954004,0.02015299136582563,36.660247698027725,0.0656333179562022,41.085885379669904,0.11156901867437796
158,38.97222854396813,0.057225579530182764,42.13846154685412,0.05943403790101108,36.47760649531495,0.07756821963370955,37.8796045967509,0.058240882578210446,34.96293870536887,-0.006039266927652311,35.19368515090201,0.03456571503868732,40.53219527348567,0.08161200899482537
159,37.936448537320786,0.03275193408330687,42.00357285814161,0.0466978929359169,36.38388220140452,0.04947163154292624,38.02167243074214,0.051772225582575875,34.47397808018135,-0.020247738102740144,35.173429153466564,0.026241257513025217,38.54464001892703,0.06827326743675771
160,40.95564311099164,0.06860409802633916,43.723524409415916,0.08955168703184728,39.64218552038398,0.0930746225943517,40.93053947196972,0.09764647510617484,36.930119219728155,0.022606477572254695,37.25190490495529,0.07391932525998265,40.70190139711113,0.11330808162867442
161,39.32761225896151,0.033241658188175996,41.36776671911768,0.05062149841211143,37.90789717510782,0.07412488076413494,39.25477739840105,0.05999034109737715,35.74598009015936,-0.0021603027997799534,35.185389628889816,0.041925843954459016,39.33827752221826,0.09549291110909877
162,40.63801211816593,0.076948400378338,43.127905406437634,0.086948941686556,39.91978376537278,0.11387987915567586,41.10301768998053,0.10264379057700862,37.44502920256998,0.03868032809632713,37.36540165720061,0.07574446440173305,40.45308260418106,0.13385116193549199
163,37.380041436207286,0.062395231319613685,40.588656065115245,0.057964930752888714,36.14208268160162,0.08504389167880988,37.91351465193276,0.06249136525242726,34.17372283672486,0.00024349589478378508,33.72743988120645,0.05065055713910562,36.99741275884334,0.10013661205013183
164,38.735155432260925,0.07652333592813569,39.24154489206393,0.06513679503804434,36.90484035160074,0.08993995884791019,38.26150558952715,0.06842630236338768,34.52557552135414,0.010098165624382649,32.55055895228391,0.05093160179381942,38.12721113075761,0.10097120151058991
165,38.67382140791555,-2.9077163537085864e-5,38.22455181741106,-0.0057957353589331954,36.465995709996875,0.021900752928939837,38.06902847453258,-0.0021758729432855223,34.64296791734891,-0.05340600969824089,32.22435281721336,-0.010522423325697477,38.741601360922814,0.03068407244934962
166,43.36158487720851,0.02470326559982078,42.23404858842618,0.026964712034117048,41.90328605528229,0.045061538708393745,43.388001935902636,0.018370931388977295,39.717331181876375,-0.02870233956250189,37.10366537241899,0.014807225679180058,43.4230534283673,0.05396855461123745
167,48.41425272478074,0.09398136624826937,48.82203847874141,0.0802394909632303,47.8290790639967,0.1051926304820632,49.3447751878815,0.07285270030384178,45.540271857440956,0.047086715029231355,43.85601769744249,0.09441771010798923,49.18986609734981,0.1186991248057048
168,52.78198292028584,0.12853741577676525,52.6218490731131,0.11242998485678891,52.82784418673205,0.14336273748279513,53.6586102228389,0.11037336354715671,50.699228979004005,0.08944384221350336,49.09881406165713,0.1121944315713031,52.843949870958284,0.16368074803297783
169,52.01960592094671,0.055303316594131804,51.012631741772616,0.05461473865609024,52.93231858985578,0.07523972688011538,52.572986492541425,0.03538014488912986,49.147517775639685,0.025134160567531004,47.97557232469468,0.04841536383890525,52.306162095614255,0.09367335593814051
170,57.85804420740796,0.010735428392277561,56.28535445627294,0.008879406616474982,57.23642656964168,0.03677539036348648,58.29376024951035,-0.0020788852129187026,54.943848616126694,-0.012274866617942116,53.247549140866006,0.020707365960238023,57.49629656484666,0.04593945233719164
171,56.99599795217353,-0.03515141160256663,56.02178518482148,-0.052865800380837796,56.8114654635615,-0.00532410528103339,57.36909316672549,-0.06252234823665728,56.496627198982985,-0.0649322848460274,53.308392456588045,-0.03744520544123313,57.16552476245661,-0.009315984489641958
172,56.033646845720064,-0.12412729084688615,54.853541877906515,-0.14233338670358864,55.791839037079086,-0.0983844749239837,55.362586599162135,-0.1529929232667005,55.592438450421454,-0.1519663870825943,53.16398495523824,-0.1265882344102977,55.668891978769224,-0.10505013329047348
173,56.774805760923684,-0.19937264607320232,55.53996164794362,-0.20280029837727032,56.17651956696257,-0.17180423207032336,54.78694620867621,-0.22052276231773885,55.52200491294096,-0.21328752995365946,54.8459075026279,-0.18480587372405546,57.593477325767886,-0.17245466999975675
174,56.48109559088681,-0.2045400370374425,54.6313844637166,-0.19716116942444398,55.288612949677336,-0.1662238991744294,54.40336877658848,-0.21500963314626198,53.93373298353178,-0.19877393337782334,53.88470014137353,-0.16971509640043264,54.775367373568535,-0.15977854784033263
175,56.146118529399004,-0.21455899734362097,54.4491381453759,-0.20677367267566218,55.65152358820101,-0.17561671997863834,52.71543004928358,-0.22580554926834567,54.048390464962004,-0.20576750629434526,53.729349104193034,-0.19026486243042662,53.79207949789554,-0.17520550262929235
176,53.026021607962406,-0.20321114663140233,52.25826776594181,-0.19739033771642292,53.897798895122534,-0.18885626041460968,50.58861866446256,-0.2073523122873373,50.67329316737273,-0.20209639813322458,51.08474194687287,-0.17721192319276793,51.723244145721054,-0.1741043640140013
177,57.3744621575068,-0.1785087094548019,57.64924406942999,-0.16179842763740948,58.882649056613545,-0.14801462000945936,55.312490505500904,-0.15650071687724057,54.8548079009163,-0.17040464141275025,56.23220096872734,-0.14581408976686921,57.09315096463129,-0.14817523871139698
178,52.81531406020791,-0.18333202714159735,52.354220033507055,-0.166686766949066,54.05980266380665,-0.14508093085016016,50.34316501057517,-0.17577531566280383,49.93366304683172,-0.16697710610902508,50.868654345129336,-0.16054649281591624,52.61062688548,-0.15643502068170145
179,49.67802520871331,-0.2501940160039978,48.010701854911424,-0.2169098703830786,51.14982212589065,-0.19634652310416367,47.388804783478804,-0.23103657533069472,46.11906005071299,-0.22738693558854275,46.49519393638091,-0.21463579294235854,48.9460916846261,-0.21243523153365632
180,46.44678228064417,-0.17223405578512804,44.84597020974377,-0.14930840651530064,47.899826872274275,-0.11572178460482159,43.9179340438851,-0.16155314611593452,43.81639808854749,-0.16510887300098734,44.284568422969805,-0.14570799814579344,45.858368871133706,-0.12589318010045597
181,44.71838243686791,-0.17612127211837852,43.38906439701652,-0.15433858409741819,46.06334726181983,-0.11310336363331841,42.550162907410574,-0.17146605705995344,42.056190459295244,-0.1809928717857015,42.27701952918633,-0.1460731841008025,45.105712451404514,-0.13331222871949913
182,42.18244644590705,-0.16316671495539797,40.81890019438488,-0.1580325348402321,43.72741001777247,-0.10944008740890743,40.36694132702917,-0.18197336242777956,40.02432404463792,-0.17862761847310207,39.590718534377736,-0.13561107744167944,43.70585233374469,-0.13634245146645946
183,37.76697069432217,-0.13545610960749063,36.76485860170271,-0.1287530360092283,37.723803310566026,-0.08160232449327873,35.46366925202311,-0.14993480458645944,35.386063179213444,-0.14941184857303225,34.30820176748447,-0.09521119363044463,38.62888238203127,-0.10290651003782329
184,36.21787705759185,-0.1438090202741986,34.49211789796062,-0.12657997717752142,35.23747829167392,-0.08194691221688966,33.970224548909634,-0.167829794265268,34.33213159289969,-0.15939724432112312,32.64414030510426,-0.10643842781188233,36.83579739256246,-0.10503497134816031
185,36.73236851129238,-0.19118026456171225,33.88060528156965,-0.15067045353775407,34.285962728467794,-0.12790719053274924,33.21764157040263,-0.19418260110505192,33.93167419415362,-0.19523333101113546,31.75116051165016,-0.14579598436696345,36.166107198726294,-0.14871196722672547
186,35.92278047127514,-0.24213378030914,33.946687357618025,-0.19755001237011227,33.667165288876085,-0.19098821635843188,32.314539873532475,-0.2374827768512496,34.63722772158758,-0.24432513631425765,31.633925470745545,-0.1837087444063258,35.6458377585283,-0.19991116430037975
187,42.46836284030364,-0.29975412924813244,39.22487288575492,-0.26078934653711894,39.90103865683528,-0.2749020143214541,38.12951396761057,-0.31517179524192934,39.83843420772802,-0.3126701501967969,37.50345320581455,-0.25758303240819475,41.196585944621916,-0.2800578932022856
188,37.94912704353139,-0.35202222238099706,35.062004950626616,-0.3152904497276953,35.20128270355415,-0.3117433154143821,34.50804223523597,-0.35328357524241694,35.06426826860893,-0.35995074656056414,33.73826172213043,-0.3007680003296494,37.56972434477468,-0.3208629265379484
189,37.71050220474561,-0.3587381515096313,33.78688671301481,-0.3292998296472846,34.87255113882391,-0.34612948906271657,34.443634350779085,-0.3747211975031434,35.11945716729461,-0.3791720871204866,33.663989896015984,-0.32793280091499694,37.15181021296109,-0.32493381863911847
190,31.664486654607927,-0.3089063031494355,28.856945536720634,-0.2745582269810373,29.973095443592737,-0.29115067272066847,29.929153642758045,-0.321300820105844,29.612070832440843,-0.3325343167854467,28.40959358107733,-0.2777561135781055,31.88091216212966,-0.26362056010178536
191,34.70901697684407,-0.3143462771982939,33.5230761377976,-0.26486224260468805,34.00222433785163,-0.2968302617273061,33.030342523522066,-0.3150486388359236,33.62073909205902,-0.3217852171412741,32.104122093622145,-0.2663472289822164,35.387963576266934,-0.26694811848090355
192,34.13974871681853,-0.3030988064909633,33.73835276494432,-0.2632495333048927,33.36203640779106,-0.302265984638317,33.10232476468366,-0.30960864655225945,32.40872811572122,-0.3288894801978601,31.453912768818554,-0.2665339854989206,33.606740546084005,-0.27129242315498214
193,33.79078385328128,-0.31073516852817423,32.84325216253037,-0.27121597609392656,33.04168673004242,-0.31135001333200496,33.17146344821376,-0.3115372815817651,31.909690610675217,-0.3199265669316998,32.4251809511837,-0.28605614395120377,32.88483126829832,-0.27860188897392024
194,30.852014623264495,-0.300088635784212,28.344180069223384,-0.26402806174972326,30.229604844785143,-0.30621349686632665,29.25036084822097,-0.3056207308624997,28.965544878243577,-0.30579080461241226,29.93929376478738,-0.28219383582181773,29.988944785061953,-0.268576017861035
195,28.35048079080513,-0.30590173424827927,26.752720613703627,-0.2700464309861051,28.933285711669726,-0.30341496363637777,27.91621014360915,-0.3027620508057964,27.389702295707746,-0.29764890652736603,28.034277822382894,-0.2758868159877288,27.585052883614225,-0.2773865153285861
196,25.818715772970457,-0.3175088280852821,23.82866305940871,-0.2816010356272036,27.047180734491274,-0.3270663399153614,26.10984574257749,-0.32397424734358904,24.23154163282449,-0.32418075029559296,24.784396573762685,-0.3044059305890837,26.271799165793052,-0.30045959442611003
197,31.205757370261942,-0.3091207469791308,29.326123420578334,-0.28207934609204577,33.78122047966073,-0.3192181774098179,32.958694822006905,-0.31951788097154393,29.854889607631026,-0.3110995623026932,29.822412829639223,-0.29520534766467293,32.72487701196337,-0.2876589117946991
198,26.44656710979957,-0.3505896402667528,24.924559878476323,-0.3305769274355868,29.08167716538124,-0.358968084251674,28.98321550631579,-0.34719290802034625,25.111078700729507,-0.35319055846785774,24.783177315461018,-0.3263337731784916,28.508986714587255,-0.3393216708009762
199,30.1644501606931,-0.32154503661492895,27.89385317671559,-0.2997217545762364,33.65598029688944,-0.32850889006697515,32.470657720777695,-0.31623289398236737,28.93938364674423,-0.3351220551019716,28.68253698194925,-0.2884231056243086,31.585507317117244,-0.3019041323978343
200,33.7982271701158,-0.24198389833680653,32.84985894541805,-0.22114372200800317,38.974341640918276,-0.2516181981122551,35.86032682795456,-0.24266691404037244,33.59539886531831,-0.25756589479040565,33.98840926598651,-0.2183031894232061,36.14888262060133,-0.22212100722140743
201,37.380159676022124,-0.2717118928633834,36.7266592986213,-0.2468626617069012,43.11018715411616,-0.26512166826225847,39.304011433856424,-0.28269144569578764,36.670982287745446,-0.30076312921530735,38.18671552036792,-0.2505232307071134,40.09690235085265,-0.26206110477696587
202,41.55624499750026,-0.22978787080767094,41.27219922188311,-0.22377092337232543,47.561345655523695,-0.24982668014083936,43.99818938834322,-0.24900266831803763,41.77023973508142,-0.2805544078259032,44.03689630338137,-0.21795736864405627,45.15544697871043,-0.2241278531586362
203,42.486378031508195,-0.26631678035509865,42.29985475543275,-0.2619755302069557,49.2959093959832,-0.29343007681523103,44.882901903977704,-0.2690330782047481,44.14382517273005,-0.31595208017684334,45.510875440870166,-0.2505789403085918,46.906760813027255,-0.26798682616339714
204,49.87497650305742,-0.22614574743474694,49.472027953120865,-0.21829801676472319,55.22232785392521,-0.25347482664467624,51.69656890990125,-0.22494585628074074,51.79145832546343,-0.26622406445581315,52.46411432185173,-0.2008012074491358,53.19653872838817,-0.2263581983384335
205,45.95428233216403,-0.20819056047249732,46.330193428210094,-0.20830668242224526,51.252336532349716,-0.21999784034921133,48.32274931685071,-0.20600971815609323,47.289965469443196,-0.2503315937125067,48.4430142100709,-0.1804479516601327,49.08604688870601,-0.20629354166173203
206,42.221801119349365,-0.20461648514816344,42.74269098067769,-0.2082349942887566,47.74317535898348,-0.21640110752141697,45.14701257120009,-0.19389316169234502,43.609237093852244,-0.24095451596794612,46.328710180782444,-0.1664695722661415,45.37791016506732,-0.2047533874445926
207,40.040360687448725,-0.22166589064691503,41.283904243943425,-0.19253396775285062,45.98247439130954,-0.21908943108903528,43.64605580959086,-0.19573728253798714,41.01085531523946,-0.24073726853295863,44.33740388701666,-0.15840564364872986,43.72576524756492,-0.19718351393049094
208,32.939848873149266,-0.21864511103856052,33.668346577340216,-0.18647192683800357,38.77921372179371,-0.21313126744407224,35.938002816478786,-0.19374444590753104,33.88670118561524,-0.24211039259649808,36.59579857919902,-0.1597942967914938,35.265525726394394,-0.19416269525299915
209,31.470049166834762,-0.20835902833451547,33.17014519707853,-0.17430057693363835,36.873624708497694,-0.1963569636084035,35.95558089000264,-0.1893318843219833,32.9400188823853,-0.22801981535858312,35.724315064292966,-0.13747027389862526,34.65683961860312,-0.1812462278106651
210,33.17899885943513,-0.18195999751368833,35.82666288966797,-0.15041440665406644,38.752729474694746,-0.15229323340423082,38.42105438277263,-0.14120444270368177,34.537946101683225,-0.19327615554212876,36.83280713592086,-0.09983197440235647,36.45654721931947,-0.14224939515881455
211,34.4672034746699,-0.19541703926121545,36.61802500151871,-0.17988901051485998,39.03681414956944,-0.17093622428030247,39.57730994366233,-0.1695912355069219,36.313869363058934,-0.2071110146748114,38.765749659379416,-0.13469884644934094,36.60485645683565,-0.1698716137605374
212,32.869258063808914,-0.23518212416101494,35.26180014372261,-0.21740973295957525,35.64783111571368,-0.2181012501881945,37.084183130716994,-0.21586307790897583,33.548292364142576,-0.2512867372213116,35.66319321968312,-0.18176582907361818,34.25384309071277,-0.22358644874398756
213,37.36923786530167,-0.1811052445909329,38.45009969701404,-0.15543480839853038,39.660514000167055,-0.17165940722318218,41.111152114516614,-0.16597074644885979,39.04970664532612,-0.20477680171741458,40.09937155395947,-0.11748914373894889,39.27225097380985,-0.17695462880371193
214,41.03960913917176,-0.14101943148359786,41.93868269671501,-0.13413110150724478,43.248301094985564,-0.13712315896537405,45.210617716174326,-0.1553366034232591,42.92493164440412,-0.1857636199551505,43.21775992984123,-0.1027664717734278,42.618980123822894,-0.15102417683518599
215,42.45996259509873,-0.10924648330881316,42.84413806031911,-0.08940052986369677,45.340688160666566,-0.1135961058689634,46.952606672770386,-0.13632495845549764,44.0433910222077,-0.17904624517113438,44.86450971953049,-0.078281892040485,44.516227555545456,-0.13564681264624354
216,42.70640597269577,-0.12155580552654069,42.88302533672472,-0.10178139063618834,46.68008899746199,-0.12120918917708633,47.88126599235386,-0.1331643288228199,46.450468175151116,-0.19113581024535076,46.02361932454261,-0.10552635818567141,45.34750314448793,-0.12914186979902845
217,45.34367574311102,-0.1169641803622518,44.11405841191362,-0.10405120716580933,47.81644516112039,-0.11008590161011521,49.71250419909123,-0.12242433724671936,47.91908010404341,-0.1816553220292619,48.56004747397677,-0.08867068839750337,47.51564831090437,-0.1019763974118235
218,41.681473778147875,-0.12806686460383926,40.71625997351482,-0.10672219847162545,44.166757614776124,-0.09546133183232061,46.68530123528016,-0.12262602896716081,44.366021819342436,-0.18466198191989994,43.98919722485808,-0.08278814625031955,44.41452123603418,-0.10756644268235414
219,44.84533143860482,-0.10027665220318316,44.43587168441857,-0.08016575928322574,48.77663985458461,-0.07648907199615984,49.05533550696293,-0.10176525926341771,46.86094588475305,-0.15821274325932305,46.05038552962051,-0.05569011704807319,47.59967330361518,-0.0917894816000642
220,47.322606059751955,-0.09605735471794648,46.8108873295829,-0.06249220454604677,51.651837433206715,-0.06564648797597569,52.508233304054784,-0.08507526989557442,49.697334894218805,-0.15439008791519346,48.77576109801385,-0.04236877206830484,50.73606032493463,-0.08027738442538339
221,48.89868258458914,-0.12729163923041165,49.37625278131138,-0.101764002260006,53.69231495321085,-0.09433605563978083,54.12426224651048,-0.11038205875928091,51.88354799955058,-0.16944766998506067,50.491687426594744,-0.06683539395589429,53.063179203256695,-0.11209842653684707
222,49.3020160218137,-0.18648240960505544,49.82334921114447,-0.13582321160924626,54.594494637616805,-0.13128491334743939,55.074221990773175,-0.13470616170396238,52.26947216694481,-0.20220222854610342,51.932894977516035,-0.09371470247378348,54.553083741759984,-0.14882966849411963
223,47.9733442483283,-0.18799628965134593,48.57293511933568,-0.1402903904291301,52.17729566069016,-0.1170958797198885,53.38260664640479,-0.13215569574914757,50.80652854547346,-0.21571938170806218,50.63912909130417,-0.10130849694260367,54.13342636106233,-0.14384292967515638
224,47.30200674064197,-0.2534427267048277,47.42923362908476,-0.2210091604446908,50.65203745784288,-0.20478579140002579,52.191595298926174,-0.20151427663713592,50.20615325270208,-0.27507952501573557,48.86443797365595,-0.17603364429037144,53.30533376737413,-0.1988154242448595
225,48.30985169759554,-0.2608854315332633,47.43319024122709,-0.22170497576236062,51.88926662514458,-0.21548322145919543,53.10197476222939,-0.20545806227261132,52.41714021700105,-0.27456377538875265,50.4626510910273,-0.20373135285798055,54.204883903599715,-0.2032383637361301
226,47.129643031251064,-0.1923210259022581,45.777939349143644,-0.14219861498890995,49.508384473433836,-0.14834557395199602,50.01819898878545,-0.10964003268644323,50.079305420260226,-0.19910496852390597,47.07869170964631,-0.13361107626242413,51.62291841365611,-0.13250184466625048
227,47.61405042776714,-0.1536865995287227,46.31402189749008,-0.1016374825896467,49.59351297281151,-0.11811376205399149,50.139594831593556,-0.0895248178537385,50.08667831011742,-0.1680463022035769,47.0419846918186,-0.10504388891592092,52.468503415244044,-0.11240393579200594
228,44.61041917112767,-0.23620051481421525,42.259282268044856,-0.20483521999798107,45.328718195900265,-0.2212148142107819,45.64742502391185,-0.18432020596232984,45.34401233060067,-0.2617780285997293,42.77698501193379,-0.19586965747704482,47.62726295400441,-0.2108002520752646
229,44.33973863303108,-0.20872161567522635,41.02549282175565,-0.1671929102333939,44.13456966762851,-0.17188999173286865,44.97979683492021,-0.14351510020337563,44.23806200120388,-0.22712599077541046,40.87476826970044,-0.151377049135493,47.57392101129249,-0.16808411882614008
230,44.55393386262078,-0.24802153297320753,42.03015718587353,-0.19432583646373883,44.268352227984465,-0.22511657208589536,44.62036212591417,-0.18432539447942442,44.89877783852642,-0.2588240030280481,40.57653554779197,-0.19132036766031407,46.28563057204809,-0.19863237466912714
231,49.111052072288004,-0.2709330116036531,47.85756466520459,-0.20411405865896431,50.187167272828916,-0.23809674688398166,49.0832160972137,-0.20774412475928616,50.151396547329405,-0.2737107009565054,46.43589124372302,-0.2111102571264929,52.35930113509218,-0.21294952285848096
232,48.380282885053994,-0.24696822731209625,48.312916615074656,-0.18430184141301642,50.751106357441245,-0.21395523495628357,48.919411755233504,-0.16642858877233854,49.70469621678709,-0.2542938926746096,45.82650272371018,-0.18096282137354158,51.788434877609326,-0.1815162044217386
233,56.21987685256268,-0.21395774224637862,56.44963273825929,-0.15691494221054728,57.89464710838164,-0.18196416228983298,56.97282279908337,-0.1331591886546935,57.27484887599785,-0.2251091170983226,54.11920903560617,-0.14572162142157144,59.563635442985266,-0.16155233331740562
234,52.1956611609787,-0.22628301755162641,52.8605076869361,-0.17322388174156358,54.046528919745086,-0.1957903096788408,53.111557283476444,-0.16080266969518855,54.78433784412617,-0.23659711046984921,50.445828838249554,-0.16297795371304896,54.637428879954726,-0.18339346313100247
235,50.693280219257076,-0.18937860258932968,51.561815868676916,-0.1544862512106176,53.541236080510686,-0.1715295580351143,51.34288606609321,-0.1317067009783961,53.630351057461134,-0.19462807311593064,49.08606661703112,-0.13968399756596306,52.30815935360803,-0.16355271183264172
236,47.19118916832009,-0.13241492561157728,48.65306142347912,-0.1010536326590414,49.48815135081471,-0.11864038098134741,48.17702999223848,-0.07364684066740723,50.54526379929356,-0.14757273031791926,45.43325358788317,-0.06797075295860498,48.932950140465806,-0.1028482651337262
237,47.63298225175162,-0.1512290527763492,48.0217132276039,-0.12604668031882527,49.0375272084364,-0.15413179968730367,48.24385707879419,-0.09542276520843221,50.128173713849684,-0.16983361205398476,46.900302641373855,-0.0994596523232486,49.03000187917851,-0.12357622920988551
238,40.56187767668856,-0.14222601852145617,41.9430635539497,-0.11679935630276862,42.19324084959544,-0.1401887895153353,41.27535142674341,-0.09923635262366988,43.663583839676875,-0.1529706988602536,40.05214078720053,-0.08459837772309348,42.606835298529624,-0.1097975126891604
239,39.247275681939456,-0.15601995640761981,42.48122097384778,-0.15235932312647432,42.04719069928827,-0.15931884433307703,41.081205737320936,-0.131610570060746,43.483768007769434,-0.19009144917339443,40.48817884305679,-0.11806958556149766,42.10779836229112,-0.1497520213677741
240,37.73980183307276,-0.21577570895976064,41.76214933623772,-0.19995869514465708,41.62888347209111,-0.1999326027194785,39.66363664020663,-0.19268668908557235,43.13604758913062,-0.21381880269806114,39.33754580073115,-0.1750419087938245,40.380224178335624,-0.20622958793240148
241,36.23374735332945,-0.17875264774717173,40.09368210548955,-0.18082973072296651,38.558037705002434,-0.16060740706953286,37.12900553432906,-0.17690530108508087,39.62771945057587,-0.1833707374218409,35.7742563624121,-0.15977165092526427,37.62279725220042,-0.1767145263655382
242,32.91538114203473,-0.1455717796410736,36.02403591928196,-0.1401095688340039,35.926968304579944,-0.12854440095402983,33.58146736157656,-0.14931129754305913,36.388582496984355,-0.14377675058591688,32.231601137561576,-0.12450819500827312,34.483450130732315,-0.13723897219785153
243,30.30124539737043,-0.07875583232741809,32.383168949040694,-0.06803497543491883,31.78394154507805,-0.05086090815108461,29.662213760851674,-0.07255398327101986,32.142551397586985,-0.08146160381766986,28.606708590117933,-0.04702813326851852,31.373474113052076,-0.06114648855013622
244,34.79298002352615,-0.10742355627013797,37.07442293351457,-0.1042721531405534,35.817950792433564,-0.07426156185949002,34.932045472799764,-0.10914176314689399,36.0838570056531,-0.11085828421917666,33.04908512912752,-0.079058397682258,36.356472279161224,-0.0945787786138554
245,34.94207576728245,-0.21307774275066788,36.64174900538026,-0.20192049445141375,35.57331546175209,-0.1975435838294306,36.08379006560874,-0.21397428190530093,36.91471514872069,-0.21418955373866969,32.674488155164944,-0.1846209800768676,35.70323901466213,-0.21211846233646378
246,33.61745083049974,-0.18424991833252022,35.24164469506638,-0.17423519846553095,33.940052198145864,-0.17003673746203798,34.04785820902888,-0.19248350871544645,33.40158085511347,-0.18893231065893312,32.33695925984067,-0.14714415676380252,34.079606080628636,-0.18985774566645824
247,37.33069633571704,-0.26226475450051284,38.61154326179299,-0.2481044816875893,39.2232532035223,-0.2395424438418788,37.74445583914168,-0.26480183399291163,37.83562223696145,-0.2543789052707871,36.97800587041851,-0.2366082029099967,38.16985802219981,-0.2690113101885637
248,41.86654320545864,-0.20044168791432748,43.66339493898376,-0.20206690786772122,43.36476696643964,-0.18679523137822554,41.583717153899194,-0.20528059517935957,42.88495869438482,-0.19565657014659105,41.98504638410867,-0.1829077566003034,42.74965643440695,-0.2203524562736807
249,39.85067894788902,-0.12675310661442288,42.75036065989485,-0.12395780629248956,42.9978712498729,-0.11666630745829057,39.97013728415665,-0.11838014406302202,41.525128218469796,-0.10747025399241528,41.087204082852544,-0.10600689606049378,41.60187580439764,-0.15191613963788195
250,38.24259184885361,-0.05195183284621155,41.15134229320553,-0.03743066793874432,40.637569745947424,-0.04602568662112812,38.03329443347926,-0.032469169321172366,39.699292434331284,-0.03524876524260831,39.315773786573644,-0.024714960614634036,39.76164472978121,-0.06457994055561138
251,41.93145288646182,-0.1073561828249491,44.594513529327564,-0.08529123437160703,44.02157346926582,-0.09524789359498399,42.304077903129816,-0.08348855755779316,43.89076521606881,-0.08883399645111455,43.58252959693729,-0.07452638276130848,44.19815969941644,-0.11295317136689755
252,49.59127796588732,-0.07946429317315448,52.082664477751536,-0.05713580059952014,52.4066922957674,-0.07983991251956621,49.070028602428515,-0.07548912964982732,51.422257630100034,-0.08493042454334551,50.97756604255948,-0.06600070356884258,50.449051868078776,-0.0936256383852403
253,46.90528256404285,-0.1049912886837903,49.00143936481886,-0.09617804138631184,49.32825612938007,-0.11476910000756124,44.50308691336123,-0.10359580474109972,48.678284042213456,-0.10713324657150133,46.39532436328697,-0.10066634214558694,47.37958180497283,-0.14222753939071775
254,49.394575075343205,-0.08431545352955763,51.55747399151559,-0.06988584223560759,50.779468173942334,-0.10064547844272066,47.14468076510012,-0.08614572004083815,51.182817817875616,-0.07515272892022237,49.13528499202358,-0.08827576907835591,49.71874892555614,-0.12913095594378787
255,45.782850964098415,-0.10485130620636261,49.0092463481743,-0.0703116480420441,46.08004323283184,-0.09358692764722752,42.47752248324101,-0.09808156639485936,47.506199937187354,-0.08657305235982202,46.92733694997169,-0.11175990903046003,46.14247236085133,-0.132680226917254
256,40.997163781675795,-0.07596527756853459,43.38728422877849,-0.03688410842993164,40.83134480917938,-0.06272773626984163,37.988888373206386,-0.07073487864440565,43.24480183977978,-0.062311619903633014,41.731293554061686,-0.08009773997460103,40.5844695829747,-0.09488333548804494
257,40.96942162465005,-0.0769434373855525,42.515722561575785,-0.047793558598564476,39.68736437561097,-0.07147459280719834,37.54532799820707,-0.06437876058328558,41.98366217565911,-0.060231315837479565,39.58671491645553,-0.08807245042195348,38.98071232062,-0.11040471291860068
258,40.412712178999534,-0.09038178063253509,39.88274140483699,-0.05675183180029534,37.70031750773733,-0.09422366323984012,34.86791611285818,-0.0582004468387353,39.69994205420537,-0.07147315290399803,37.522431439027876,-0.09596721039568319,37.35726907953358,-0.12122614712228602
259,42.85393149949688,-0.12459701463453093,43.48053235344903,-0.07423288561389316,40.96377383232985,-0.11392418442374236,37.71199390141331,-0.09771108243142515,42.194036388288325,-0.1004524507591692,39.23361994138319,-0.12430370812830444,40.98881070190351,-0.13852740535972027
260,36.231224079611785,-0.20224231044034832,39.07284247912917,-0.1697482781174518,35.15202545768182,-0.2153820219035842,32.28072011457917,-0.20602801299248313,34.929486299905115,-0.19251801302971405,33.97843543232813,-0.2095078808919271,34.844309273046456,-0.22245173649966068
261,34.626404493318084,-0.16778773800355395,37.67827707391644,-0.15050996406343775,34.70374503888583,-0.20140512585121548,31.452269106394738,-0.17384278729373048,33.61480411396667,-0.15893616885708964,32.43134465546004,-0.18795289712972751,32.38034638241769,-0.1893522688919827
262,37.24742390246904,-0.23081482939514422,39.59131219588608,-0.2005220944074223,37.52467373226531,-0.2565686128269795,33.73662160409285,-0.23740711223455155,35.884631468729104,-0.22130719941754948,34.36058300896133,-0.23773168841821113,35.42307770989243,-0.24083665726724343
263,37.57558745662959,-0.18482279805240429,40.712013600525985,-0.15204511471037466,38.95137716521201,-0.217061913727722,34.22128580670016,-0.19058746264878354,36.048723547134536,-0.16712016866715174,35.00361656658414,-0.19637200270332275,36.647626863966615,-0.20669147838127808
264,40.89656578978143,-0.15780301601179905,44.86142427355189,-0.12981056924078702,43.740267323872,-0.1908776887060815,39.22277599544566,-0.18086450248393302,40.481863065598674,-0.14987713378377626,39.92066647541812,-0.17293796540042594,41.41225994006709,-0.19850298287807594
265,41.60369428760829,-0.18340352936627413,44.74135173996068,-0.15146266206459436,43.89228876150916,-0.21182590769159887,39.05877994256981,-0.21621143432442763,39.04066150482533,-0.1648171050961596,39.22291034827354,-0.1994633690104109,40.24374638627932,-0.2321864507929926
266,42.39741543625286,-0.08781956599060198,44.196965595355536,-0.04245225175129347,45.10547159282068,-0.12114027331759315,39.68238471269595,-0.10084471308979207,39.84400246212422,-0.05207725634556846,40.5425501001098,-0.08817194186298664,40.98234647042044,-0.12366861734628802
267,42.783550792293696,-0.0763352778104614,44.33973169164552,-0.03071446058891636,45.381238625066196,-0.11027505939954385,39.83525059946848,-0.10068717823070046,40.36201868802678,-0.05792660059254059,40.42462442727573,-0.07731872868505442,40.13021767227948,-0.1208470098586536
268,46.2135031875977,0.008029989599482926,48.14561426248489,0.035080526169289514,49.080930603281196,-0.0249451959877581,44.06866831816831,-0.010150261829167149,43.81744698073636,0.022856008908256297,44.022454424112205,0.003899191157508395,43.065864218618664,-0.05387771346264078
269,40.54491641992422,0.018491186438638587,41.37496751424013,0.04385180875859683,43.38169915214655,-0.014878364974453646,38.386131173465536,-0.002110975542064686,38.25992017313058,0.02609783022809545,39.549002938488144,0.005557029390809761,37.06269367177125,-0.045784541808265994
270,41.00139155320648,0.022058014664550207,40.80930150903055,0.05693043879288722,42.72954191908763,-0.0014580283314710885,38.7452631646835,0.008510901652322279,38.78149428479848,0.020134921834264338,40.062825065157625,0.01951767362563306,37.308283766969424,-0.04388556233223403
271,40.29739641689626,-0.0027160366044928497,39.02332284708759,0.04623736757750686,41.11843934959519,-0.022507213563028473,38.54226684746198,-0.00525988756287139,37.15748378583954,0.0028174748856086285,38.38433670243976,-0.013672273875718403,36.3352696603671,-0.06312791442200197
272,42.117123510153796,0.08580792302752223,41.49612941827769,0.13200258748700638,42.92143231108667,0.06381367334645484,40.307059661123105,0.08347948740390412,39.6383511834335,0.09785696676485246,40.280121147843445,0.0826400498100115,37.25169275956693,0.029523475714977637
273,39.810169834540055,0.1626368628389279,39.31046204861525,0.20004826450381893,40.949472008459935,0.14322347940759825,38.45709813856565,0.14017180661994905,38.10669032292613,0.16780731295287696,38.92704495558316,0.15547611265930192,36.07416418447032,0.0904042921018268
274,36.51898789544156,0.1400344524374098,36.44520444971484,0.19352285509188527,37.79499988755682,0.12827842569695566,34.623593055114014,0.12849534984000607,35.04950691177824,0.14417315084623872,34.9219071581937,0.14492929304762558,32.2573421036614,0.09361913233994347
275,36.86613945071682,0.21013748983182343,36.7789942967515,0.2636621462392605,37.41348051528003,0.20096657032284523,33.815235161308294,0.19140678701941513,34.02362087030305,0.20293163281520718,34.39768298099334,0.21133216866940685,32.46101088070473,0.17032055334886612
276,38.243566111875715,0.16474778713490051,37.07223320464098,0.22739338984170576,37.87860238522018,0.16087574261212506,34.516895564003825,0.16253038061124958,34.5956617663282,0.1542856408645437,34.97287767107251,0.18317936744427668,31.70943104241578,0.14113665149756105
277,37.26962743637912,0.16875524994769847,37.19972322601388,0.24359028873721617,38.45156264462848,0.17127391244278778,35.61142022078309,0.17329276180122782,34.59594275528915,0.17199505643884969,36.28671597618571,0.20092031348163636,32.9450648724345,0.16379985225957056
278,31.310087632241824,0.12770346872002294,30.655482924198715,0.2048160732710586,30.464824377147927,0.1394382952535166,28.67442621718171,0.1354340801775177,28.068808101486702,0.13968332820934562,30.018266266078367,0.17197858870046392,25.140465343302772,0.12433980337808104
279,36.43693053938592,0.15068987361150066,35.45854944489814,0.22461023003212,35.67554503445672,0.14804619957072807,34.29748345530837,0.14927743700601834,32.826440460959695,0.14595434250052725,34.49797898777162,0.1897643904423751,29.404339981001133,0.13644974797981088
280,42.843532627481984,0.12368272454623817,41.563397127456696,0.18907554589644893,41.39568882050857,0.13429740969652484,41.507874073551754,0.12697378555608077,39.66193700087102,0.12376897418964908,41.348146825649565,0.1688312957771633,36.52142985744818,0.11081747897427718
281,41.72023924770454,0.05659112887492655,41.2037220144886,0.10751308966102818,41.662075024570186,0.06456439715264538,40.7541891607851,0.06178873117226845,38.81516880241895,0.05679096820974469,40.59479521141477,0.10815057588648552,35.63916977047681,0.0375762984924078
282,41.87345446658489,0.01281412892521603,40.95970119071117,0.0556873423360237,40.94637063029317,0.033409205849940365,40.702327853744116,0.017374375791414712,37.1384560955337,0.0070508510009008,38.7953815562136,0.05732124013206284,34.39316565518372,-0.01012111337114706
283,42.5055611462232,0.016719211964213505,41.80846185305488,0.047230171907986215,41.52118704397396,0.028313011370186457,40.91866732660078,0.022112014041647213,39.77270420618368,0.025822164818898187,39.52135552589151,0.055601840767488614,35.9648392782387,-0.0029986471255210034
284,41.42001377786774,0.048047894018206756,41.2825903000564,0.075809045354884,40.9964144114764,0.07038383153177195,39.44865056263809,0.058074958745951415,39.8197405760067,0.05991392611037308,38.946412311737134,0.09662407354628966,34.082400288395654,0.048406823323566904
285,41.25770304088541,0.05351357915663296,42.168363913856844,0.09032210146475968,40.45058043681634,0.0869387585453027,38.5531775172512,0.06378713121385343,40.50370397507528,0.07524839775614077,39.3143269881151,0.09886574975517239,34.4346790176422,0.05616100695746085
286,42.84125267522147,0.04799386521099365,44.069911434802435,0.08451957890522471,42.00529877859467,0.10490852960423222,39.71442082836016,0.05253007012798828,41.60849971856709,0.08150586613003385,41.18048385640649,0.10092008828341381,36.64508291723224,0.057945308967346926
287,46.9164497800718,0.14641291109881588,47.86037318503993,0.1654165188019794,45.84765623949659,0.20357398644728641,44.3949096723642,0.14260405553582334,46.14150741447399,0.17358535215085685,44.95036093335784,0.18953937167992174,41.19726149837447,0.12890020656824203
288,40.28428011601302,0.12132612354308166,41.943969420810355,0.12838142893702653,40.03096335984601,0.1692298174582031,38.57186332507394,0.1078003152252392,39.94028362766997,0.12632966937410348,37.670177094668816,0.16201490221836493,33.966517629137215,0.10200846998197625
289,38.46626721491366,0.1208692968016172,41.32688384510287,0.13297130611042532,39.118574096526324,0.1729313725811475,38.97119370676737,0.11777140014116022,39.52462230455368,0.1427825288059775,36.72203077910853,0.17463187651519402,32.93722117461775,0.11359302852381223
290,39.55367059238157,0.09142345715571568,43.19084224709087,0.12262647069198347,40.893679406052385,0.15314413937375917,40.61988265704528,0.09463272000167616,40.37271287334117,0.12627764106801387,38.29895081359812,0.16005355235835814,34.644341109014206,0.10030080529578701
291,42.13598710560249,0.12784413363855396,46.03840268835161,0.14527465125000957,43.312471103029665,0.191300119492899,43.350444946455646,0.12886817835378134,43.31130696197525,0.15411453015149335,40.196195796756115,0.18415482856846163,37.27627781945894,0.140273704576747
292,44.84643093957171,0.09618086304692634,48.65130743357582,0.09921758276460076,45.355756558590556,0.13939706158141663,44.819340196297915,0.0931245723373729,44.36759088408361,0.10892522911342178,42.84189394588754,0.14851579892085226,40.0089322256767,0.1041552149473297
293,40.62570407833154,0.10975120550337235,44.898040783766156,0.10874099876397675,41.97793737743115,0.1446043538755784,41.29491884549126,0.10959342924360836,39.71598754497434,0.11371449675862418,38.327335042262156,0.17311318393376973,36.97674003579883,0.11772990350397262
294,41.90846465517236,0.11948129360642522,44.94218181853934,0.11394378880956596,42.7693593340708,0.1462080652741263,41.86902935305263,0.1123616796525087,40.70404702133946,0.11525225383137831,37.97426778731468,0.18000182170676793,39.17122883674016,0.11231087550090652
295,44.47806300145804,0.15378399118478744,47.93356465053528,0.13867829684858227,46.122852240872156,0.17890409383173453,44.00968498111521,0.1377838724574114,42.80001548200177,0.1420178212444304,39.447164712956614,0.21249805238793817,44.31508667140112,0.1259157264959466
296,46.93008344081523,0.16683470465783345,51.149065828015296,0.1699652163613537,50.22761797187849,0.181707403921453,47.140310388153104,0.12621398392427038,46.17636343680233,0.1377513255113253,43.56686470487241,0.2221999514809444,47.39140101661975,0.12358309849692521
297,50.198248973263276,0.1525647741364078,54.92202907184223,0.15437541762426535,53.506582697234144,0.16877152549379254,50.57001028494227,0.10335971214362245,51.114571415490445,0.10883562102206526,48.17745725352184,0.1952812237249706,50.74835375446873,0.10958081929346815
298,48.92178525221333,0.1705151802506974,52.63257471575291,0.16550589145954064,52.784991591190725,0.18073380243283832,47.91781148911441,0.11895125965379268,49.73558325875371,0.1258140675561607,47.158440368866664,0.21221527395115944,48.681562267876075,0.11781340877043228
299,47.893879687589816,0.11519121803022356,49.82266415703873,0.08772913541167612,51.62370117351123,0.12274093547096526,46.89098627103383,0.06305409624894796,47.68511560233933,0.06545073466502443,46.20086388850461,0.14479920509163932,47.646213965916914,0.06295758345313099
300,38.76366642376742,-0.035066180191739266,41.807541089696784,-0.029551030022983447,42.224755544723145,-0.016512722757698745,38.56165504418417,-0.05570034521245448,38.82908971548274,-0.06373373668986472,37.35148750519566,0.013031069602322483,38.54426999723283,-0.07845139052369145
301,36.135416556939184,-0.055535081786643514,40.09341118251002,-0.04815865277928284,40.72090052267634,-0.03598380003357492,36.72638599933205,-0.08718173571510635,37.750916203292924,-0.08377446001346359,35.642376075337225,-0.016206171716848364,37.245768262792524,-0.08993603594777037
302,37.04937951963971,-0.05427417068460931,40.52680284515279,-0.04857193332472479,41.6546529809856,-0.03426737076827274,37.22782127900997,-0.08435236901069686,40.26263697032217,-0.0822523592606518,35.5407473991042,-0.01837718999749261,38.438692038926646,-0.07941774615925247
303,36.71251099485851,-0.08973747372938218,40.403741859400775,-0.09407381244074176,41.28838613592951,-0.09304535239381774,36.98178282017278,-0.12387342497895538,39.72895580162164,-0.1368245706806826,35.04247815258397,-0.06592175558038976,38.54474466239395,-0.12720823516622942
304,33.77748058434291,-0.0933019592011645,38.43437320355126,-0.09052418489721362,37.18642531802007,-0.08033011415055008,34.570237109137196,-0.11677748916292566,37.414223059723305,-0.13872258280742442,32.095664546451424,-0.07283332439858273,36.50269770551072,-0.12890330521577814
305,29.718682557521333,-0.1214021137899231,36.45849337574369,-0.1275217690084785,35.43920791612464,-0.10480880978505114,31.784299378385725,-0.14269981870146772,35.5576419203584,-0.16577210523177147,28.794530964421657,-0.09288107620866767,33.81212846390996,-0.1536507189415527
306,29.201197590319723,-0.13262971228812492,35.481088400129806,-0.14087002164923326,34.14137222115397,-0.118300627035099,30.275795071713475,-0.15615104107150746,33.86845385758713,-0.1667174542321715,28.368150500774334,-0.09120666308402628,32.64292079151095,-0.16043415628832236
307,33.141101377529466,-0.07166615042033195,37.98235411571665,-0.06776992130398607,38.188208739420126,-0.04334784678290315,33.71997993845248,-0.08349303523239225,37.12647838946636,-0.09156770061484498,32.02193121328291,-0.017878420610964132,35.871773653680094,-0.08306701285338872
308,37.8546896133586,-0.023874763750405023,41.99492349024902,-0.022706518442532787,41.30029114099563,0.013695315828433276,38.25083446520836,-0.028702957223887528,42.28293750491919,-0.034951486390694814,37.60329006257571,0.03390316385822842,41.20766609455542,-0.051448442634996816
309,38.19214248326713,-0.02237834807848589,42.60567420019794,-0.01566614016573032,42.61157175667945,-0.0022376796978717146,38.80593126205059,-0.03596994454144599,44.076520940514555,-0.030086857463872324,39.59053919527878,0.014912491275761695,43.22014123794726,-0.049599620137761216
310,38.1078722719398,0.010513052649017442,43.69255645061344,0.0024199270936502842,42.78216924823306,0.0327353404543877,39.80286423464015,-0.00841581320938881,44.967270863618296,-0.0007612861660472254,40.05288726625991,0.03460327881628324,44.50626308920925,-0.032116141845983416
311,45.51849159494501,0.008457749851464597,49.915257855925965,0.010281711187027767,49.41018213653979,0.03419801711664432,46.24517595699587,0.008367433122943413,52.059927756190724,0.007331438700278461,46.77723763125951,0.042838843434972705,51.31908859491346,-0.02286295242879257
312,46.95259153218528,-0.016836675627220833,51.75058967482471,-0.01661488105807334,51.32785244246443,0.018326515950211928,48.75909701587852,-0.009623323186355932,53.76047405895661,-0.009702908976281668,48.3273953784567,0.030327665151091223,52.65556240953145,-0.03328335101765395
313,52.524414165746734,0.03160049819607144,56.10652338749169,0.04667004980846046,55.41898140264679,0.07062864695961933,53.53467832278789,0.04228502435585626,59.028719927338216,0.05246541028031464,55.156909865761826,0.0599760063259394,57.37499279453154,0.020527186463908824
314,46.041560578412486,0.056722332375226475,50.073745677396566,0.06220242210937425,49.57576121184063,0.08542889302199207,46.7641478275224,0.05056129579146187,52.49532391641044,0.06143879256350527,47.70683660095439,0.07851010024231732,50.10184695101354,0.03894803812499312
315,46.44376420187628,-0.0008750841640305495,48.865384220612015,0.00787369244858578,49.76129567311611,0.03672995964665872,46.49251152661882,0.00032047030452604305,51.65130911037448,0.012425309584356753,47.73537775273904,0.01958635436147735,49.4175989915108,-0.01608364424965034
316,41.73814029691874,0.09145771098568914,43.0406799231065,0.09855409583410073,43.531801220674815,0.12150567922176413,41.178845312868106,0.0932453768206877,45.56106019067727,0.09770200639291711,42.651445936767054,0.11464473747079265,45.20680983489055,0.06798477131541758
317,40.635459919948545,0.07196926857108735,41.425747072370356,0.0894904284452336,41.02849348868478,0.1009002532302027,39.442984531156604,0.08159848172373577,43.324889264729755,0.07757843299103072,39.71576079191245,0.09861353602021687,43.47960730659649,0.05471020345351835
318,43.510946683816265,0.017578839024053706,43.95127975117593,0.016861371439942065,44.84312050818161,0.03819817677596035,41.484540979293016,0.02295042509611981,45.57268776999695,0.012830140849590662,42.71179630114521,0.031233817730860685,45.11724591676115,-0.016476001796209686
319,46.255008456758596,-0.02735993186963169,45.750714722205046,-0.014502681524222088,45.99811461799602,-0.017131637429010447,44.21477220283984,-0.004933432154821306,49.424727666969936,-0.030032374234665087,45.06306014705892,-0.01099231461488208,48.08454016049156,-0.062031446525094326
320,52.316411435518624,0.02066937732151986,50.51729622378723,0.039989551206496776,53.20219118479785,0.05841168523486061,50.80993435544088,0.045497878088221075,54.5739665398963,0.030247008748170302,51.15748165320586,0.05831285359272674,53.71727301508943,-0.005455588433329807
321,51.58203985024428,0.02754309718608495,50.030351424324344,0.046765739140762805,53.81932785238811,0.052112829100166194,49.93769796544562,0.05702740411878668,53.32023058892085,0.03157606893478952,51.28035092332877,0.05851587236380664,53.432892300252355,-0.016810922840315094
322,48.175008684389724,-0.01113571475698415,47.58250122132375,0.0007785280140176188,51.252931320633394,0.0045194681014698625,48.59904319354399,0.016941250237605798,50.42519029020017,-0.005512120662479528,48.640301494633164,0.021561514254989648,50.9829174444699,-0.04857692830764146
323,49.12587163291283,-0.031044484264100725,48.451712198589476,-0.02015157888976611,51.601949861189595,-0.008022596610269331,48.54680988325135,-0.011852973375568739,50.41083586295804,-0.02795867605319232,48.56535352446686,0.017672155184053653,51.16867088818924,-0.06620306956266572
324,51.622385381824316,-0.021751968386707694,51.56219303373436,-0.0038786949985774185,53.72904312640414,0.013989634517529369,52.42264458640502,-0.0021604505060428872,53.85645187420546,-0.013164585985474207,52.196393017868495,0.04813658544632341,52.77905986521469,-0.05496819261676421
325,56.520544977799894,-0.008008790605438718,55.954741186226585,0.004463060520654736,58.03433319003013,0.03794009107774326,57.642062981112176,0.006646226322946407,58.28737643798601,-0.001986446487494081,55.796925984919056,0.06272539846715436,57.56747690328013,-0.03494659894245293
326,54.624547042409134,-0.0432959514321566,54.2836266017632,-0.026293190306758394,56.63573097877549,0.008705781923871031,55.72817076915065,-0.03267902422678935,55.30331424761012,-0.023849504058762558,54.315936464198614,0.027193700310009505,55.58869428027726,-0.07091540311373694
327,54.606921497938224,-0.0359237434540573,54.32766589502536,-0.02234059487706917,56.4985881837606,-0.00017052096593843033,55.26754869496401,-0.007368497104548153,55.374546918992216,-0.023445721877129934,54.315020548169464,0.02884406776344038,56.176959135008026,-0.06721820164385331
328,52.97968166710845,0.021671647262837684,51.876617582955646,0.04873207234512557,55.263325694917356,0.05774093647292102,54.56728479616737,0.06031541787462509,54.36237389036005,0.03297830346992064,53.8287958598806,0.07030288927979098,54.03061623942925,-0.010282628580832967
329,54.54538300937025,0.024428048849820118,51.85894807447514,0.03503727056621213,56.2854435443999,0.04340935255244436,55.119018941107704,0.051785844813898224,56.078395918913664,0.02047041839949668,54.7780147206928,0.06438004067830178,55.83827367602325,-0.01196557184950419
330,52.443060866711015,-0.0754265021256576,49.541615735143594,-0.053016665931691354,53.440782249560435,-0.038958142160468334,52.348456680216316,-0.03968416043413517,53.47999310678781,-0.06700341162423289,51.40838294874399,-0.03739277789898908,53.356890738808744,-0.08984507587905519
331,51.65277825893319,-0.119092674743352,48.305939713007504,-0.08932153513232398,53.73616519927613,-0.07894513467422899,52.304409661093,-0.07193045488754585,51.29542988010728,-0.09620221147025149,51.32032609809155,-0.06812737250631705,52.35622763197347,-0.11794930861158236
332,52.812718308758555,-0.1393422185503446,50.180734770573864,-0.10882627171194338,55.83350718735727,-0.10877096551383694,54.75311793630274,-0.07506047478062856,53.900546469449196,-0.12172972550778996,53.15155415602881,-0.08123820329980289,54.722187168707244,-0.13085311040838968
333,48.55440174305496,-0.14403313735957662,46.132795303086695,-0.10849765796203656,50.722008614840306,-0.11597665725981068,50.88229047974637,-0.07183674247028285,49.13899254675424,-0.134286266415204,49.245682544024746,-0.089390517745527,50.15224764304078,-0.12274981654442751
334,53.32480951159833,-0.1404628734230905,51.42122128766175,-0.10801641868343678,56.37835556502666,-0.11164266597185177,56.74162858611577,-0.07370087836963252,54.528316231017335,-0.13345716360657078,55.04485844017005,-0.10567421059948372,55.040895594088795,-0.11249435478972976
335,53.05663390787473,-0.10179069950681272,52.00667067948175,-0.07447146531405603,56.288986200652865,-0.049865015796846296,55.96127280691679,-0.04627825478478141,54.323534216233156,-0.1004747576974744,55.11612869208331,-0.06514612513401209,54.10392599089104,-0.06055960379052661
336,57.465270155766454,-0.14884647982391153,56.31605936497651,-0.12802632634102099,60.90289572749743,-0.10465549406398557,61.10698916187601,-0.10065802097367062,58.27445868545695,-0.14525826286753932,59.18752515130223,-0.11388254351488598,58.20514656888021,-0.10854488718008246
337,54.834325587341574,-0.10236759701571788,53.95094946843528,-0.062087540677837325,57.25391482355951,-0.055257838656115874,58.0614849518843,-0.05251867122022715,55.49851053151494,-0.0771854425567094,56.4666224575828,-0.03455649938251942,54.806636579798706,-0.04392129603261469
338,62.227180138799625,-0.10080876624662699,60.284552362500875,-0.059999418681854357,62.9994580189205,-0.054178172182388004,65.00140380301887,-0.06361887569503273,63.2611894484421,-0.0737760909203256,62.81242723809882,-0.045170288422084426,61.31945105185164,-0.045050412141188996
339,54.50256955960232,-0.05701202511424324,53.44038444027714,-0.024303027161068358,56.27302715803556,-0.009058181204759402,57.011287134233314,-0.019590625079000366,55.66815316249814,-0.030945923850014087,55.42436206583667,-0.009714577547636613,54.301434521283156,-0.006867082189690902
340,50.75697725146546,-0.006201356325641942,50.720731926344804,0.03646108904635181,52.79032585370909,0.04094708877528348,54.32306620117775,0.044278989140652085,52.944015395262596,0.021101003027453012,53.09599392068353,0.03999819569069035,50.89115840211668,0.05123563559836763
341,53.26148838280028,-0.04405327287213244,53.0297472300193,-0.0034590858139213437,54.95098740592439,0.0016919415524344708,58.27100848813561,0.005307922533698937,56.8868624351324,-0.026601578131542736,56.63567910125411,-0.011527703487844673,54.03962650245079,0.014344670796905594
342,52.808123521341884,0.011783094796844758,53.39539715966743,0.04309718315152987,54.92086972651275,0.06070290981732787,58.0757004476971,0.07703530936934443,57.31452333861795,0.024043754917432356,57.355361672925326,0.03999652274860554,53.006405608555305,0.07811105592174546
343,51.1797455846331,-0.0007306433364842255,49.766050730399265,0.03619085103132562,52.74307792145035,0.04816723393509243,55.935500037256475,0.06990878051278127,53.71723227342119,0.018093502469813887,55.19495884421886,0.0445148726615956,50.38120251648631,0.06411677097072577
344,56.297007478867116,0.03785195371503844,56.47931978296568,0.06610942156808212,58.87157808058839,0.06521941603775203,60.24351836425601,0.10627697523976475,58.673838996083674,0.044250033778775004,61.02599268254559,0.07764659456079706,56.16249218637404,0.10420935452357147
345,57.57398968488211,0.02170649965303497,57.9138148946819,0.05029033379105155,60.44032821884977,0.062019234736713974,60.7783466264949,0.08850998134992744,60.442163285828414,0.027894125798539456,63.17405268141794,0.05183186628900887,57.67708139764395,0.09375712556923627
346,56.48631691276775,0.054753275061688866,58.42152649407978,0.09169235095209975,59.42634520508442,0.10730682645895073,59.76113130905418,0.13518717903699107,59.85314138052451,0.06912099565911896,61.666375308581706,0.09041363335753605,57.241692794453705,0.12745109452464778
347,60.79316643976266,0.050658806771236124,63.73225743325563,0.06527457494810615,64.88275808395946,0.08951005510006332,64.96015708185502,0.12217874706549217,65.91092438624986,0.057692653833282384,66.93846722157227,0.07384999039385291,62.289595964907406,0.10269065401555587
348,62.57399023335013,-0.015782030999738718,65.12316931259191,0.004232456587577026,64.81305966253873,0.015517447719432493,65.7490616018518,0.05050955931505324,65.78377540481611,-0.0032893157766287623,66.63414596565202,0.01784318606536498,63.15718754227616,0.02201667665664745
349,62.99167291762882,0.005671438788996983,65.53347677194307,0.02302617423205025,64.49516123082212,0.02475023161455582,65.77499484991543,0.0434340046400933,66.1347846405914,0.013538499618449999,66.66694661595709,0.03693902411367909,62.806522648813576,0.04733774952392075
350,64.99025881467156,-0.06134769835572046,67.83045468855262,-0.04471405494848711,66.43142505901734,-0.0487778765604369,67.0190306355848,-0.029673547079615448,69.48132883120199,-0.06192468227281627,68.88044177940644,-0.048913452676041545,65.05747054170885,-0.026789741685619574
351,67.97017588276192,-0.09292654802898499,69.28790475135881,-0.06341065025010509,68.56712320733251,-0.07002067913792581,68.99846995474553,-0.06468856934342118,70.49518786975855,-0.0914650469130417,70.55945487540347,-0.0841203213534514,68.0599770214355,-0.07467881023608654
352,72.46259713989902,-0.03979407139825926,71.67832075993074,-0.010151871444052149,71.93514693485366,-0.02703253613524079,72.85797294405388,-0.02075547177598934,73.31042768373266,-0.045699184819895516,73.87638005881419,-0.046682267835763465,72.7845416104076,-0.03893368910986505
353,69.68506603665817,-0.023325196919874572,69.12234415951583,0.0033840398959732506,70.59126120275005,-0.010950091222642913,70.97402135286677,-0.001099429979014922,71.18379958812247,-0.02435412726050914,71.65990971076803,-0.03092449672941127,71.09589109185012,-0.024692115926576837
354,66.67750295768998,-0.020118234879039815,67.24854892951723,0.017829477910178977,68.23521199852924,0.010852933254185345,67.84841690961025,0.01480675695011777,68.6626113261628,0.0007970718065635745,69.2185774855733,-0.00728247291401925,69.20406756859609,-0.008154589559116885
355,66.06706444650146,0.038119432471532974,67.54215894782983,0.07927520471069763,68.45758974189218,0.0650583822150584,68.58463847171484,0.07794576004248667,67.68040788994178,0.05856976429783989,69.03996173106361,0.053146606828089964,69.61666223472501,0.05029393452951786
356,59.88875237034066,0.01588774070691043,61.972097072625616,0.057283556183415435,61.993855337212416,0.03435754753998074,62.041116618652055,0.03667367332489252,61.000494825672575,0.03969785459731159,62.240174690995936,0.020331873240025285,63.95808113862672,0.028018650417204475
357,60.60722221808669,-0.03410886434171331,63.24403793999902,0.009217809099034979,61.9174954212594,-0.032380093913267766,62.09831594948889,-0.014655030623085352,62.52057437870384,-0.008284603509504843,63.56357799214025,-0.02743615854812721,64.55400466148588,-0.02263254389979973
358,57.61907825185005,-0.07167013993300504,61.2715155908294,-0.021024986663628197,59.9781039688236,-0.06182107447703806,60.96284523320379,-0.03905667027614143,61.52956013311255,-0.043145977700313656,62.05961459401919,-0.055282434635002216,62.428044302778076,-0.05091705036552728
359,53.03370722281105,-0.09948451403011868,55.97051650017821,-0.05149814711591284,55.06829822701934,-0.09552061173191159,56.176664571180304,-0.06805941317819018,56.381642436580805,-0.06096625451537058,56.810289420637005,-0.07839045297231206,57.320681706026676,-0.08085233990214692
360,53.06737759301821,-0.15660300487488732,55.37841543287457,-0.1045064200534643,53.56415427712755,-0.145338687753829,55.77163193882268,-0.12484225307718765,56.00142765358147,-0.11752211581520684,56.55173794275412,-0.1385533781566466,57.823352897533546,-0.13981751871882325
361,56.557364477454826,-0.09248269834409156,58.25090318873838,-0.04193190628718953,57.15022547218745,-0.08660450586969025,59.03339883700511,-0.06591526024090362,60.08607001392147,-0.05560661372462532,59.89729287268857,-0.07726145924233944,60.822800526049065,-0.07772274798877488
362,53.14484120727172,-0.041932956857064274,54.47273359235183,-0.0033414905273984365,53.09104979626528,-0.036584166919478384,55.257483968431686,-0.012368988963524542,55.63483997348176,-0.014833112026384824,55.16570541399495,-0.04568149336385978,56.51807884199584,-0.043018276712375084
363,53.656357818891635,-0.07445966639186771,54.54905107277789,-0.03848289491517275,53.674856843307836,-0.07549824802433068,54.66299434507064,-0.05318002835390088,54.80612812028784,-0.04090015643981661,54.15168077217358,-0.06900467221893151,56.35432222237456,-0.08222411769493382
364,53.48357367650684,-0.15625040506998647,53.910225911181286,-0.13619421350216232,52.756441334581076,-0.15751011068992407,54.079977151417026,-0.14133873411404071,54.334485977559844,-0.14517898635677914,52.83930221620844,-0.15769378029801426,56.182983601382674,-0.16674038335840663
365,48.949263412122484,-0.15565442346084088,49.11336562419187,-0.1398322742196271,47.775719957239076,-0.15592057086695885,49.31516136144654,-0.1423469573685188,49.55093067966224,-0.15061380431906587,47.95029642611554,-0.1579133929368028,50.37764059828886,-0.1583137052464101
366,46.69855740009622,-0.1597035385305782,46.042659331240394,-0.12639878936557564,45.83595816181908,-0.15644677318554662,46.72036835322379,-0.15171712165853704,47.04381274383093,-0.14388294659322143,46.671871052009884,-0.14382376266230107,47.814253712210295,-0.15685215982202422
367,52.59054923571213,-0.16284429083202834,51.608799998642084,-0.13063142995854346,50.93208159205744,-0.16429842318623225,52.635044103330756,-0.15384009202281407,52.36378924737623,-0.1568854576033863,51.54522611914662,-0.150373952160807,52.9008289186254,-0.16858868350557485
368,53.2967999279109,-0.15967329734205526,53.532511058001866,-0.12035249582243014,52.547239841488754,-0.15794247382553198,54.8552540736297,-0.15752905250766544,54.97285962867959,-0.1459260565508344,51.86375458336818,-0.13724656396674323,53.23137879565007,-0.16125494335508836
369,48.2531699704954,-0.16040612716824365,49.63208815890776,-0.12372317145138008,48.88522241968139,-0.149187634062396,50.41760541736832,-0.1689824097697804,50.466824598765655,-0.14527102655991736,47.486328591810285,-0.14106277387709987,50.072421039880666,-0.15399653799428098
370,44.08199663598601,-0.20410213145999057,45.27246814155693,-0.16846399611771862,44.62804874104322,-0.18982237828247397,45.50954877816981,-0.2210800511195227,46.3870933159247,-0.18493461262112695,44.36677303971871,-0.19357802088964665,46.3239765992651,-0.20042384164761878
371,46.799317143968004,-0.23776074323909208,48.546230678866976,-0.19139432137255816,47.515817608888284,-0.23206331847234193,49.238586094851044,-0.2550970707186063,49.62761839711312,-0.2133107163270156,48.76388996455266,-0.20748161643843543,49.906454272629325,-0.23000163422492606
372,45.32143805353223,-0.1540518031524519,46.52229395705394,-0.11987708077811088,46.5342308521638,-0.1574211165471594,47.42705578239239,-0.17854533730187094,48.11231080383251,-0.14197351856966517,46.66027256286311,-0.1376293121461881,46.798777664316646,-0.14769753533506458
373,44.2917172800874,-0.09093618780387351,44.885567240835165,-0.06830855884872605,44.52158034543314,-0.101315219542811,45.30832963750971,-0.11011490608253104,46.6160378814226,-0.0899101687531483,45.42593020201694,-0.07308561740025235,45.9117229147519,-0.0934733099435391
374,46.24057939852085,-0.03000778111493249,46.79414843998651,-0.004565197130507546,46.54226151293688,-0.03036343072821438,47.52563908700421,-0.04003264742208603,48.44727651681774,-0.02823354096674255,47.48783864008121,-0.012350391984414594,47.82898841073349,-0.025592487611547986
375,47.98819404134524,-0.0856202501966207,45.78197040912764,-0.07607391856610984,47.16319445035812,-0.09727134448717335,47.935097042344694,-0.09929259319504716,48.97579807990777,-0.07605192880703587,46.99495241520667,-0.07206060014452359,47.543159411164,-0.09839792186946754
376,43.990320009545265,-0.17954766720889007,43.28888581120389,-0.17088229054476792,43.457963086583426,-0.18212569626220207,43.735829800075415,-0.185316484492441,46.05906146636458,-0.16402710071485338,42.70810289265114,-0.164407060667618,45.68392121270496,-0.187403492674255
377,41.88450965996139,-0.15404904595477914,40.951728056247596,-0.16218301760740053,41.28250632161884,-0.17120677005476667,42.03557753968382,-0.17547041467475716,43.99639638514906,-0.15622531636345385,40.15686167163828,-0.15720540879607164,43.0661735644247,-0.1726269628548096
378,39.707060591458344,-0.16514134717296264,38.631681492683605,-0.17444817640093227,40.06452594099606,-0.16288251053526656,40.93506769157328,-0.18204060526248098,42.93535069132736,-0.16823117302151075,38.0694903121219,-0.15445272287113368,41.53703547222496,-0.1762264838291434
379,41.230513692870886,-0.20722826623083612,40.37372775179692,-0.22321655517928868,41.86313256779074,-0.20076288153077818,42.86517357579414,-0.22935878899980092,43.74554722420431,-0.2109984503956719,38.78310865505051,-0.2066893411625828,41.94280610738651,-0.22447188649166294
380,47.43681675818179,-0.17045217908677093,46.2489838510986,-0.18590663849075653,48.30982166744059,-0.16393465018634396,48.82486400045144,-0.18771178656022466,49.55544928815517,-0.17434428924924222,45.116784666167874,-0.1708919809370703,47.81124774301016,-0.19124673268939757
381,44.782259538976106,-0.2185147054619167,43.79230565725735,-0.23115018544980098,46.30146566212299,-0.20683644415379052,45.94682753166866,-0.2419934849617424,46.30498414015747,-0.22490906032798544,42.745775570623834,-0.2138327641388501,45.21373400347733,-0.233636323348421
382,40.76518700060143,-0.24955361154348757,38.8388640879512,-0.25569950615014114,41.28531560167573,-0.222965759746786,41.11180471963809,-0.26069259104601056,41.68218264795564,-0.25561884671866886,38.77746832011261,-0.24562286877107098,41.775481204741965,-0.24782070997536326
383,40.56949069141693,-0.20146402866224378,38.711214627637126,-0.20116051127760395,40.297284624700104,-0.17478461236639575,41.27709350554142,-0.22971095344035042,39.60506318770163,-0.20686648260661109,37.64974788891693,-0.19224992027504845,40.50606044160997,-0.20490050792859676
384,43.12339887030837,-0.19463240441641236,41.631771111885186,-0.1811990100008326,43.41020015645829,-0.15954947791007962,45.05282565118637,-0.22265362167196623,43.15982680740837,-0.19058693479730207,41.26439484884212,-0.1649634183727391,43.649802167557574,-0.18545193753176387
385,44.22554968787409,-0.22110122570252594,44.11726175215978,-0.19872494816045555,44.73966766823396,-0.19160286592564255,46.45526345630677,-0.243593011524749,44.303360942353926,-0.21772090016256612,42.40241684265213,-0.20053779604251634,44.89762771275858,-0.21022961252192057
386,40.64803648023536,-0.23289905157603744,39.458346850432115,-0.21589756883686276,40.95230268060356,-0.21850408941734265,42.46902133193941,-0.25936366850709813,41.04030902822618,-0.241096165047429,38.42956090152148,-0.21626322433635317,41.61926439209214,-0.23316806590739375
387,41.238907673074614,-0.23075111214300353,39.44479531529267,-0.2185731860158475,39.85996472589446,-0.22343529870862658,42.033515105606455,-0.2407363950816512,40.2442355766737,-0.24025694391226526,39.494412058310736,-0.21783052241192227,41.19863686485489,-0.239054065702425
388,41.888916633941164,-0.22516332034825523,40.727166176451,-0.20046692108950803,41.02979821918731,-0.20701792525164575,43.63031609513651,-0.22814256343278838,42.06587810708765,-0.23190105508761488,40.696153084851616,-0.21719455074130525,42.814764748153095,-0.23230239947981957
389,40.63263755411072,-0.2434935951173108,38.95963198248297,-0.24075483918635288,39.78503613466686,-0.24024000900987008,41.093205749571666,-0.2547611347300192,40.741859671702876,-0.24658554751684603,38.38359334504263,-0.24131145967453574,42.163073119179295,-0.25850409010222003
390,36.745271386575865,-0.2049739968716394,35.65986903762499,-0.19688736540518348,35.715290040123634,-0.1927972908181972,36.88655119146623,-0.21004956091466664,36.859749019334316,-0.19698720511688161,35.37738701542038,-0.20576728918482068,38.00815253767824,-0.21173047185883972
391,42.03511935058633,-0.12459466718341815,40.95752552994236,-0.1077223510864957,39.52469676112132,-0.11720868393133041,41.70960424839511,-0.11411214225485249,41.82517293460347,-0.10409287571069878,40.45155349283458,-0.11321649146531303,42.48369519148251,-0.11835245683618367
392,42.81279890087272,-0.16513807620532472,40.42839689081149,-0.14700067325449698,40.861210491549684,-0.15096379968881923,42.505553946044515,-0.16363279334949088,43.31002525280523,-0.1607999514899453,41.07138941989988,-0.16227032600857472,43.49874270283478,-0.1486212835743143
393,42.506135779623975,-0.16449286151954562,40.657278241206434,-0.14370850711265215,40.440406948405396,-0.14804978308858657,42.27449244322819,-0.16234158554347505,41.6710088248565,-0.16664386469480924,40.68821514284808,-0.16620009413011672,42.68430021048364,-0.15047516196400804
394,39.604749634436104,-0.16974465653185297,38.00540436678971,-0.14665908774925565,38.50210306261573,-0.14154120188362135,38.767901255293296,-0.16303533710258836,39.38484361097802,-0.16706850091340525,38.232941045552735,-0.15720889946408687,39.55398541665802,-0.14910658047820807
395,38.36108831476964,-0.27655863638265665,38.32959153640627,-0.24152231641739885,38.575982300854356,-0.22986041645478533,38.9390401470104,-0.26752254963847616,41.01296488994648,-0.25167985205021476,38.90522718772821,-0.260966162514347,39.5284529458586,-0.2535649048905723
396,39.430106214967076,-0.2936753052870704,39.44534052157948,-0.26304712041770745,39.74456823863234,-0.25687447243438705,39.2910872097828,-0.29636024958742707,41.9593650366687,-0.2788906617594479,39.807878116733846,-0.2673987665006527,39.83066643609621,-0.2771297497235266
397,36.64449303648209,-0.2691392319010492,37.522339252625414,-0.2418129000566876,37.47584056942643,-0.22330143662906776,37.862809413516565,-0.27392512921448303,38.765175890219616,-0.25940431792002044,37.5731617074709,-0.2370660398662538,38.587810544462975,-0.25485967545348265
398,36.924679609461386,-0.26648865817482303,38.35162940612362,-0.2606616356983697,36.91129480314232,-0.235927473817601,38.345859458147494,-0.2550557321431651,38.105434570948205,-0.25772207248667,38.35177119234043,-0.24680353559793786,38.78660987885794,-0.26676234548090144
399,32.890908322436154,-0.3047580230957009,35.0637898315965,-0.29321991942260656,34.08428350635341,-0.28084200956405375,35.145407889748206,-0.28815931104771025,34.85126932952212,-0.31025109840751525,34.25142951054364,-0.30292499140640666,35.22500532198346,-0.30858966626433687
400,34.59896065219278,-0.2190106226653414,35.331901213668864,-0.20946503112806875,34.834543116632965,-0.2265514860254049,36.03908891157427,-0.20328811455915255,34.993329186840036,-0.24010756870539932,35.432378087807585,-0.23048621982953227,36.51370853249495,-0.24570358495287517
401,32.14809746155026,-0.24793652826228427,34.222310432548284,-0.2326424504143732,33.81010959933248,-0.25664339561136645,34.41304401280862,-0.22733240310788638,33.103681918343916,-0.26092137441334096,33.749982297502044,-0.25603792233505596,33.65856457240778,-0.25514530609929964
402,28.45409839520704,-0.218536661758355,31.285141011753375,-0.21544051645574183,30.3699692140834,-0.23895989140483373,30.96221917004151,-0.21124829467557996,29.066905593431255,-0.22743091254585313,30.354494196068543,-0.23562323439824412,29.72722134901851,-0.24649126455842352
403,23.28554876461798,-0.2627544961244508,26.12668264711566,-0.25698716549501927,24.639964564882703,-0.2946575735910151,24.09772917009043,-0.25852215216937824,23.910721692918393,-0.27994446768826986,23.602463014797358,-0.27758584931231634,23.31768676542002,-0.2877236834492217
404,21.247215738206737,-0.29347017329930797,24.524714911391825,-0.2708634369282575,21.77196934082914,-0.305687534682044,22.078969562336095,-0.27391820626357066,21.465331768462224,-0.28918933116922574,21.08642883689859,-0.289668196495826,21.148420590722417,-0.31289634795876864
405,21.278009747919747,-0.27577614923043847,25.500489135796354,-0.24900123565381369,21.861737793140783,-0.28285991713643166,21.905641301042206,-0.2652880320499767,21.108772130818934,-0.26239975607300686,21.58049817447163,-0.2732858774469569,20.744554177812248,-0.2869190970325071
406,22.473940591775214,-0.23417688452698956,26.45404293974663,-0.2322759287796553,23.223824503454903,-0.25124015466845345,23.62828131638566,-0.24226145510393537,22.626119478969372,-0.24799184606693916,22.179159052782033,-0.24847131515427381,22.93839101450313,-0.2526135219198748
407,17.145177123647517,-0.21147568133282266,20.690034447720297,-0.21988526613445872,17.554802294559366,-0.21607498786658702,18.470853353660775,-0.2218463185429615,17.042492499440232,-0.21157806941638171,17.719929420679396,-0.2254161244469775,16.83935600443305,-0.2262759307679646
408,20.86534362356831,-0.2317741819640708,23.874377743486342,-0.23339188099358232,19.837747514761055,-0.23025819113471754,21.114023897648817,-0.22547669731558387,20.289412173056284,-0.21624234183886673,19.737147071394364,-0.24428350753372305,20.448179440210346,-0.24217165303375476
409,24.021593993808512,-0.18921004107760206,28.8233397747171,-0.19976366451921437,23.55278323836698,-0.20141206895602426,25.07284003045158,-0.18560603420420868,23.858023454874058,-0.19259245682818263,24.83179039039353,-0.21319506156307422,24.58320465933303,-0.19303817331084747
410,28.607330131378777,-0.19623466770070988,33.54346506478486,-0.22305839402586133,28.335216693422353,-0.21570278247192645,30.271964265243625,-0.20769313479081628,29.322854898745007,-0.18875203567710713,30.333301144487535,-0.22278943754814814,29.241866495117392,-0.20560722932105846
411,26.924784082730913,-0.2529490734164443,33.472382707303986,-0.27479858362732207,27.54698307490734,-0.26333382077149825,29.736612707549384,-0.25645368277899605,28.082279212030457,-0.21786679841043396,30.345299668615763,-0.2683997830561564,29.389496728126673,-0.25752490495023345
412,30.845230614882738,-0.25132099026302035,38.13739265882496,-0.28703540331185673,33.00044970842757,-0.27165930928231863,34.036719817871194,-0.2551877859290428,33.2872118295935,-0.22482436727067895,34.82120233167481,-0.2772227474776247,33.26062604980915,-0.25630916433085327
413,36.03012167698011,-0.181918139089137,43.71378154913834,-0.22167779199757973,37.69739113148057,-0.1987560858511213,38.81954711193505,-0.19114058930504554,38.36142657190145,-0.14611300436331442,41.04741534096516,-0.20228417301275442,39.78151423365922,-0.1837442833872866
414,37.059919528647555,-0.24866840331649603,44.133276001451804,-0.2729952316014475,37.91230344547921,-0.2711577972188997,39.34831969554109,-0.2567545085514718,40.186015222817346,-0.2290750078230124,41.3643391631817,-0.27190002341111613,40.35248834258252,-0.25306483026849125
415,37.2190420132736,-0.2538870375702161,43.693878651489285,-0.2646660457182851,38.42578901134247,-0.2649844718662745,39.43337342880465,-0.25535197244564756,40.7861960998924,-0.23355943091213394,40.81183251073916,-0.26349863027429,39.57378724159233,-0.25221723774708604
416,41.63431970450159,-0.32132663791478516,47.439373196637916,-0.353703849925379,43.37531776923291,-0.3413328969878096,44.92389290576659,-0.3196776157886038,44.62842763954861,-0.3045850006115023,45.11008553392212,-0.3361975483078948,44.277789868207684,-0.32611258954137745
417,42.23844293665162,-0.2791150010979807,47.89994516367248,-0.31695279388034775,43.88773386014607,-0.31716106836288893,44.816207926919844,-0.28553072189408385,44.672538598968046,-0.2710020427669649,46.014099276223504,-0.2904869707912007,44.71782364174446,-0.2873106107968375
418,36.60947257588436,-0.279384623047086,43.74634716309339,-0.31725253192425035,37.341499727449666,-0.3160906904862986,39.59977044169425,-0.28690821788696247,39.47243007753166,-0.28928129429263905,39.83894415313757,-0.29446908815367706,38.769627113739645,-0.2919258741832719
419,33.47874535355581,-0.3294319769793569,39.82685381955635,-0.37096542512080255,34.02024320833786,-0.3745698561039152,36.66583833600551,-0.3301901485166859,36.80879370060864,-0.3404868086262978,38.18983716702706,-0.34263784599992725,35.09204863471221,-0.3409959012036976
420,37.37006610577231,-0.3562851314876843,42.108016286912715,-0.388556464036756,35.9476994955151,-0.39032431579317894,39.179183774435884,-0.3445099025308603,39.0421036142736,-0.364942425927329,41.6970716381325,-0.36476814386390477,38.36526927569878,-0.357844930737335
421,37.53865952432419,-0.39454123609759345,41.70644862947705,-0.4219017233572517,36.854183569645876,-0.43028399284592683,40.41580752544523,-0.39124414944004265,39.520615095105484,-0.3848999725980821,41.543444267192825,-0.4073308890973787,38.39100264766003,-0.40583463538280024
422,36.760441675747835,-0.30940511310470414,40.425242424073474,-0.3455341934829009,36.94641663777092,-0.35276432684961473,39.32086421858002,-0.3151582860265269,38.75322326320785,-0.3080126362206827,40.174030919274834,-0.3390985686239852,37.53007187196248,-0.338784069846661
423,32.96981522250104,-0.2808397050215784,36.042354737666685,-0.3070115588303789,33.81877240891639,-0.31532722146521014,35.87804782846275,-0.2805238404774926,35.207304014121526,-0.2778920211304998,35.79249766809123,-0.3191456339020503,34.08105823979488,-0.3055944062434729
424,32.87002688165572,-0.27047824692595657,35.265179973594826,-0.3038490957546552,32.064731069974094,-0.295294440745194,35.08546191997177,-0.27458444478297805,34.36943451144964,-0.2624748456092558,34.74872030417777,-0.30405353901338356,33.623671466437436,-0.3043232116578096
425,33.87408120634201,-0.288866854614052,36.39962879159747,-0.31845757183537254,34.08432165775933,-0.29510491549090345,36.33142474221551,-0.27165954879368365,35.55797920178848,-0.2689240047037349,36.816549616788265,-0.31638491648431316,34.85787684996077,-0.29510977229396107
426,32.027438205747416,-0.30319365358533173,33.506008286730435,-0.3180895561575509,30.94975298699201,-0.30425489813079853,34.55499008444946,-0.2867134823892903,32.606592788066,-0.2633879956606365,34.156180854278475,-0.30914643582435986,31.885611144117224,-0.29576254051278017
427,36.8368806097167,-0.26739425520848537,37.589749325967794,-0.29499662549134886,36.47732777393675,-0.2694762899779053,40.1411980483683,-0.2624372301278262,37.367155170130616,-0.22672094585479552,39.52497208507445,-0.2803086482425719,37.067964126510724,-0.2676501567729535
428,33.85755778561267,-0.32072094787723415,34.62248392206489,-0.34227575650144854,34.044234981847964,-0.3255756729258048,37.690439172773814,-0.31299149251844843,35.45655851177531,-0.28471505035895683,36.54916374335966,-0.3311615782174535,36.71801634321272,-0.32155173086388683
429,28.83428010461877,-0.33661460787531367,28.160452496815388,-0.3697086931595841,28.811203094503167,-0.3351767069640725,32.26790998288304,-0.33877211965814275,30.294521139735103,-0.3157599438129449,29.403580160124598,-0.35456428386557837,30.664854769385137,-0.33671025366726365
430,34.802845503724534,-0.37429564068776794,33.688964446763976,-0.40930235392750214,34.19489517140498,-0.36687890187783745,37.02166595420139,-0.3796029358896176,35.649372668001654,-0.3570018090658067,34.89161751111152,-0.40247829378927763,35.17257422189972,-0.37946915082699056
431,32.10719948756626,-0.37512792209262974,30.525288487255043,-0.40520761312398634,30.599207207476734,-0.36237993907926963,33.16003401637596,-0.37589307888910617,32.43852523100798,-0.36004305085649835,31.82443464278476,-0.39771615082705786,31.752703529270427,-0.37697027413096845
432,30.77725928365478,-0.3520012375157432,27.194537123202416,-0.3883412379724318,27.816904765110717,-0.3362744473869298,30.500073689408445,-0.3426019439419198,28.079732417746527,-0.3230421246659848,27.68546879391783,-0.36172667375812,28.431115774063365,-0.35086994973012364
433,28.76207612282048,-0.27996342155166787,26.260873504302246,-0.3150829120444293,25.456648303209796,-0.2670175886065051,28.5486814626705,-0.26814242457804977,25.922845234280167,-0.26152356877790983,23.641321210137647,-0.2851111039962596,26.675657876117597,-0.2827491729889931
434,27.910193359353,-0.25538292843582416,26.299506638494826,-0.28229753160509186,24.10362527524587,-0.2492797100277597,28.653149170526767,-0.24902501656121048,24.904073997923547,-0.23717416798299396,22.24194799000426,-0.26184616840392555,26.149938986067944,-0.25114160475032565
435,28.246684334952,-0.34554020198430974,27.309531285818643,-0.36979681652003926,24.776370532347233,-0.3486409173442004,29.942597175492324,-0.3270869170509534,26.8531563577585,-0.3227720553753475,24.07977428926744,-0.3415071230006853,26.77520051381532,-0.338867780405315
436,28.873586044239946,-0.350416835272594,28.751858968446122,-0.3649937589309542,25.765333150145764,-0.3489223704737955,30.75315346404504,-0.3351451431791989,27.81391183870618,-0.3115450187403677,25.843165473515697,-0.3337372512223957,27.46504905670077,-0.34262721315486916
437,32.069856622333745,-0.3228742081666833,32.181810338199675,-0.3454545111738147,28.773281964597082,-0.32502298352121345,34.320653681480856,-0.30642842256902497,30.726519514342314,-0.29586481729428304,29.892868191239614,-0.3141097579470684,30.8848474391479,-0.31868227586936765
438,36.40124818059761,-0.34752382471251725,36.41947410466473,-0.35007090225223186,32.67539598958243,-0.33553133077734804,38.15547252417163,-0.3053754588488187,36.173895738124,-0.31612616648380915,34.51979393983796,-0.32475838374215843,36.22397977261816,-0.33891379746151096
439,32.24466292509384,-0.33764281421943837,32.21038697318417,-0.33227906070032875,29.290366970816095,-0.31738749911831327,34.32980069054378,-0.2975559875355296,33.848785529041194,-0.29216970248217355,30.979183033488255,-0.30750811416519663,32.91783039670888,-0.322298131044971
440,30.69863751046256,-0.3718370147503857,28.93670259131941,-0.3724107898266668,26.58487249441655,-0.3513348891420083,31.933142274773864,-0.3316905723846527,30.62533901839323,-0.33036140863421803,28.388504478897797,-0.36084033327112197,30.246570462713823,-0.3729318791577691
441,33.79033661968081,-0.2956197078125549,32.351840053453486,-0.30478155589234224,29.553123550633913,-0.2859518980390289,35.30429290018403,-0.2556656024059953,34.026865815080164,-0.24937605605039131,31.064557507673676,-0.280193269692746,34.77196911708482,-0.29780054507239323
442,33.22220109191847,-0.31831096416720656,32.08650464257174,-0.3271520638782589,30.674230936287227,-0.3108567913670179,34.900097912806835,-0.2741627378019187,34.61572683334688,-0.2766662199012493,32.51252125370168,-0.29927215813792507,36.086884826522514,-0.3354416434081947
443,28.597923343143595,-0.3595604395945441,29.216641963101182,-0.3599328490127222,29.000570548602486,-0.3470502752247799,33.964507216097054,-0.32573683086277483,31.92678143248645,-0.3058942350942477,29.92500366582958,-0.336464032526451,32.874239469256395,-0.36175523968007994
444,26.58324256520393,-0.3690997922748032,26.866492236731233,-0.3756812458444246,27.276180100826007,-0.35252975049021024,32.175738425138704,-0.344036337716793,29.87175418297278,-0.32344630247113426,27.920410219647728,-0.34590501084533254,31.820612497218562,-0.3663698611814881
445,26.797616563207747,-0.32107741047749716,26.676221457701477,-0.33601541334412316,27.42784680988414,-0.30868477415298906,32.452060235684556,-0.2925951164972309,29.681275505120066,-0.2859842184486697,27.37264923266511,-0.3220466730028651,31.283491822341215,-0.3124838848521491
446,28.324042969963674,-0.2792530638657006,28.97342879883781,-0.29036954695888473,28.910457503774918,-0.2630511819156544,33.47606250490096,-0.24462518135010503,30.024388765292382,-0.2310610918948851,29.551844931714868,-0.28431812120834166,31.89328024835126,-0.2699325684934878
447,32.95037711369119,-0.2716536564335585,31.916637631170218,-0.27885411866374693,33.26200687396701,-0.2647506130741495,37.16749995096794,-0.23768579832860764,33.368160036159075,-0.2199544739649917,34.080697353038865,-0.27862771007409104,35.618729489087364,-0.26394933073121907
448,35.02844610388029,-0.25437565846584553,33.34313821166991,-0.28143219327388824,33.30946894251571,-0.26551748094730887,38.51067233351075,-0.2330547863558432,35.4699007897477,-0.22219789193043343,36.33768778312849,-0.2748255364620954,36.99667837657849,-0.25327961213274947
449,36.9781827630252,-0.28899422191838053,35.194189644409256,-0.32111376637042394,36.976201905120206,-0.3026155414321915,41.619267483169786,-0.27983079157837165,37.72044983494598,-0.2649614238928005,39.20125186023392,-0.3194403857657667,39.6745654927366,-0.2958420566045211
450,41.162470897738274,-0.2579167435652597,39.32868705791503,-0.27211638986985653,40.51889793430742,-0.25890090856079717,44.885607009485966,-0.24015810548590283,41.17426662821018,-0.22861142010573537,42.45898994175051,-0.28627223997639833,43.27358846395826,-0.25962693517562746
451,39.91384259162949,-0.21223966097383543,38.30589065386205,-0.22192176649361772,38.41336454991611,-0.2135211056248208,43.329217624595664,-0.2067370915036205,40.33969869953655,-0.18107239477307813,42.22454869538361,-0.230701104325596,42.58615064142839,-0.21686954973548395
452,41.987802464820625,-0.15983894217863792,39.63703522119093,-0.16785912297732092,41.38188106347147,-0.16445626579865197,44.84308545958467,-0.15710390008445024,42.339824075527574,-0.13553093422764556,44.58128433886724,-0.17269800641192404,44.544549913378575,-0.17754805259439213
453,41.84279873868522,-0.18495748173127116,39.73650412154101,-0.19761445298711755,42.01179972924091,-0.20608300233272872,45.25640807445944,-0.1943373347601895,43.03501777991592,-0.16071395377297198,45.030979317018634,-0.21161313354163114,46.03389585233424,-0.20490073818050422
454,46.116645428603476,-0.23143881317629378,44.04132556850304,-0.2576622444721704,46.02526194625371,-0.2664364017548042,48.78268667430659,-0.24769947693031086,47.18495111719618,-0.22483794940912208,48.85008987511004,-0.253786861093981,49.61099164125096,-0.2547925086417945
455,43.85566468781013,-0.18419876763727536,42.05662569998047,-0.21517416001488437,42.994728593902934,-0.2284049360919187,46.278838618743954,-0.20591838433003196,44.134523539561144,-0.1991065160363658,45.63818282041187,-0.20486365887599245,46.28216717763567,-0.21671173019470547
456,43.897034650473145,-0.12567079287113356,42.37433756935224,-0.1686749640839623,42.114423124339,-0.1748512031973451,45.77568144991869,-0.13833383140909186,43.73663382262598,-0.13913273561073733,45.86975782671247,-0.15627239063736126,46.00655224011749,-0.15830378422060118
457,43.60607906161252,-0.17809729082878206,42.11308954882634,-0.22167027775906767,41.666954679566366,-0.23073883576015505,44.282340441804465,-0.1952738192564708,43.6368766467448,-0.19792222969284504,45.45095570461648,-0.20527127781361892,44.518028419980055,-0.22025604670706955
458,41.90674209708921,-0.09687113114709203,40.31141028194017,-0.14589769817352413,39.35341163538263,-0.15861711349327087,43.23300074352759,-0.12080354177749765,42.13843877363374,-0.1383088065085116,43.78836687386801,-0.14013827081574268,43.80294289582012,-0.15008665178728858
459,46.87759802504936,-0.07743577635898088,45.492332966056715,-0.1062394131361661,45.056863795395444,-0.1245923065999792,48.69306938294534,-0.0801036796511567,47.823295523577656,-0.1009179195038712,49.89999567176465,-0.09957928691526283,49.36380631433717,-0.10448882351921374
460,44.38176507957582,-0.05949162530875092,43.6768033140482,-0.0966900496468216,42.62969508898642,-0.11436469383789738,44.55761089708215,-0.07491608144409156,46.02384728415208,-0.0809897432640771,47.21658929060411,-0.09068969025730836,46.838409319401755,-0.08858003286063254
461,49.08768377688837,-0.11673626037500347,49.391730455720804,-0.15892140456912182,47.852603595787635,-0.16244578865978507,50.30923473416837,-0.13714936148487633,51.21829153896803,-0.13279588480281856,53.030146249476395,-0.15486875786291668,52.11227569142778,-0.12445014500535423
462,51.26328475352666,-0.16959564173415131,52.34267873859743,-0.19523782159854858,50.23696283790465,-0.19454963911201878,53.031858102229954,-0.1759204843759711,53.37795263600371,-0.16978447495426024,55.76028617337847,-0.19570465002220977,54.457247322893025,-0.17346529056061377
463,52.68682108117104,-0.1616100808974637,53.72099576750783,-0.1869540098791336,52.91888339930494,-0.1823757006792836,54.525493965677086,-0.16494753750310578,54.10193712749225,-0.1584107949976984,55.81536131854187,-0.18497052427600497,55.9413825584615,-0.16514729066206496
464,52.73018270704255,-0.117954803862848,53.26135834239138,-0.12738132902916027,52.73005769842367,-0.12957673239197154,54.69001318635825,-0.11087002050523741,54.465640025895404,-0.11045768539876002,53.97304954678507,-0.1332215392315381,56.111953843961324,-0.1208273607613754
465,58.3459094525658,-0.09520830869489365,57.16491577384944,-0.09537919074169551,56.45089955185406,-0.09461831696177468,59.239283104275735,-0.10116482512946624,60.38117688082282,-0.07495522644816884,58.829820945185496,-0.093088265993422,60.64928183578967,-0.09671270571620626
466,60.82181867159094,-0.03269860268987726,59.47285587835849,-0.044772242577343205,58.045104634912086,-0.038983871190573074,60.94272779893441,-0.041401537266412214,62.63200485628331,-0.012654657739418592,60.742443776300725,-0.02879158167461293,63.11122656158532,-0.03450954530216102
467,61.644849002753155,-0.059327837846915955,61.0529080294046,-0.08026502421444036,60.42255573757002,-0.06853195662220683,62.65871934584423,-0.06732688252907275,64.73671361206283,-0.04184635974203765,62.58266463927719,-0.05081775147979345,64.21625105415251,-0.05996099835812669
468,66.20028948293903,-0.0702942845019505,64.88873475180496,-0.08217315719653663,62.984137266421236,-0.06551858032426511,65.8185523587452,-0.061321208487141315,68.34951684480562,-0.0404324685516538,65.23597508983256,-0.038161404910698665,68.49905071850796,-0.05938307803832906
469,70.93612108386539,-0.02433761921144676,69.77917523824391,-0.03094930324276432,68.49990296788272,-0.01868800043796629,69.64344872854385,-0.0005483450294238128,72.51391515751268,0.013611193837754543,70.26926754703545,0.005332620993830188,73.5156910974433,-0.007161104614574521
470,62.185918987754945,-0.05400115653024929,62.61180295737348,-0.07623730140853646,61.10662365358182,-0.057358430858869325,62.360376546472544,-0.03750592300381038,64.96057480800755,-0.03376234117015807,62.967849168688616,-0.03826796174730167,66.56752233770536,-0.03284454169174534
471,60.95711166402722,-0.10485797397507099,60.01652380805883,-0.12109449364576605,59.92809650129085,-0.0995041864776837,59.96644818181064,-0.07036353764512894,63.043417855913646,-0.07709121866619736,60.95767557255055,-0.07254271444878306,65.03926608415087,-0.07912750336741445
472,59.142739254656824,-0.10002253938952758,58.03057761383389,-0.10627408063292881,58.474031153002535,-0.1117973958201543,59.54338164307019,-0.06287491886977743,62.359158132922865,-0.06284439449473861,60.61239643347886,-0.07111349466335945,63.28263124810361,-0.08031601133822566
473,56.79832208588724,-0.07576793910273824,56.92905201219676,-0.08040775175780861,57.70355915925911,-0.07727053682591739,59.1013077632273,-0.026211869045172902,60.051467583616336,-0.014656698500407975,58.52151878711553,-0.045698643936904655,61.2688816739922,-0.0435525975149598
474,56.06118766660654,-0.09282908190840866,55.578593525287594,-0.08006899152996842,57.98249313967393,-0.07473440407663062,58.55687140443314,-0.027442492480283093,59.635520207445516,-0.020283375049554013,58.73064035365502,-0.06000168031375378,59.79031461275048,-0.05012587004932794
475,51.36209160516273,-0.15971896436914546,50.75426489549939,-0.13756634266396875,53.46250965727231,-0.1341445165953903,54.551593869121106,-0.09992116915426233,54.01867733434755,-0.09096260035007142,53.63100814212167,-0.1232236830545551,54.99902072439842,-0.09969295467866698
476,55.18741519356266,-0.16540141840858985,54.00486631979735,-0.1312117229734303,57.90188366501906,-0.13743302974113247,57.119911053842316,-0.09616583482592721,57.31172767286797,-0.09658607810011542,57.4502759883558,-0.11708993774006334,59.16009979678532,-0.10532648512776224
477,55.50898754109488,-0.2067340588332451,54.47355285119783,-0.1824979800294953,56.73226095209361,-0.1752533489165354,57.946424757249574,-0.152831257040599,57.72285958124779,-0.14564613549939365,58.31883477929993,-0.16388278397846448,57.93579739180829,-0.16706352520073472
478,53.52744961951182,-0.2532724972587993,52.676329021222834,-0.2169162254474966,53.98318681502402,-0.214822281038935,54.66549173433651,-0.18965686588968608,53.71407744269434,-0.17899792313970628,55.86662383875647,-0.19944957185977055,55.25348438832591,-0.1870048026520853
479,49.64211706691603,-0.25510800806998496,47.51709138236788,-0.22133286701851343,50.29613221934321,-0.22797517598032052,49.84975099357123,-0.202767911850898,48.55823338804303,-0.18924829064557214,51.92343504001801,-0.2056804732892889,50.78003818117401,-0.17967903868755197
480,47.487322359270635,-0.28895890650888273,45.32899107728955,-0.2611763096719487,48.31907055867526,-0.2642680344764737,47.91508716262988,-0.2285436210217107,46.68208346506792,-0.2286558450410767,49.52642328000224,-0.228186495120445,48.588237798644315,-0.2133804618371955
481,44.76463591178326,-0.3547838615047846,41.53737384992978,-0.339531829466678,45.31620077099789,-0.34025809835178134,45.02485605997387,-0.31276588807301087,43.83962705767752,-0.30940498150809587,46.45426125195903,-0.3107924994475283,46.12491175354285,-0.2933473365734506
482,40.43501954672137,-0.34002026564263704,37.59251512874109,-0.3239045865275956,41.75956185586923,-0.3298628656331793,40.97391912237111,-0.31868733484784895,39.99468347505639,-0.2942713349744061,42.314380778122064,-0.3012447746559063,42.331421562017454,-0.27715958609136343
483,42.02336864310982,-0.31138526616455997,38.643250604997235,-0.27876973648786346,42.42879446705881,-0.29207322525464025,43.01309149130698,-0.27954856722564964,41.736418643193886,-0.25480333180775794,44.621355280596035,-0.2660458990953292,44.068263073625474,-0.2528114916743777
484,42.04681341885472,-0.2935113693225827,39.09732113178651,-0.2717645287610939,41.5620321008731,-0.2670074893408723,43.661689484550266,-0.26580080459632993,43.175137959657434,-0.24574604989392232,45.241878174743064,-0.2571718487273223,44.80110873918016,-0.23535574551087188
485,42.29613534243789,-0.21813752364030595,39.121267074704676,-0.19764240675646044,42.4875238314401,-0.184747702515358,43.065364807433326,-0.18472514180332247,42.763910419743425,-0.19118003361536545,44.61835989798496,-0.17800493476923582,45.157220036120734,-0.16123311747364635
486,44.093394968417925,-0.20323675418804335,41.37180393544833,-0.19194673670776113,44.64457160746644,-0.16738057637863635,44.545100864322734,-0.16792875542828706,44.175797754277504,-0.1697360039789739,45.65248676478216,-0.16360183867639777,46.26074502575362,-0.15410502015524663
487,38.68348075674862,-0.17056484342821632,35.47909661860949,-0.15564753461202177,38.73166414276843,-0.14130000302989848,38.2908552826385,-0.14947347121832336,38.480728222332814,-0.15163912264260623,40.899913303234456,-0.14325914111001853,41.83095027667007,-0.1269935939856834
488,39.087599378766875,-0.20641985845781138,36.08993834291884,-0.21889695217322516,37.87492561482874,-0.19320925097627162,36.338030745754025,-0.1900509471177822,37.20988433517427,-0.19407948652836496,40.19709055186532,-0.20258067632322008,42.1930987935055,-0.18102871815695207
489,39.66797463212796,-0.1496529858465708,36.50340533243274,-0.15970146387519818,37.384870797082954,-0.15363622161112306,37.087341251454475,-0.1349144763706008,36.78341086881174,-0.13800413929710767,40.30708166313954,-0.14147728239982377,42.05600502954347,-0.1284835925417809
490,36.61544234640817,-0.09368827934280641,34.617519337691924,-0.10849429862150126,36.213787041547626,-0.09356159488009289,35.148754406248074,-0.09096372114141489,34.24787888051164,-0.09400220951244649,37.84640605935607,-0.09106470310561902,40.221493533207926,-0.06553439180501565
491,36.35331610636043,-0.16328533898152703,31.9765654092533,-0.1860581293938889,34.255051674696794,-0.17147027347637972,33.436615573981236,-0.16280998692381882,32.58773345888267,-0.16479596847557387,36.69354586424399,-0.15719798586531905,37.64105894146128,-0.14897762453782953
492,33.39459044740532,-0.0813381348176169,28.359744168181823,-0.12747369302439016,30.758305663289537,-0.08849966742792187,30.565932803619166,-0.0978452696524409,30.00129210506603,-0.08442421647639775,34.586752327071515,-0.08041721205180025,34.56756877403429,-0.07731143393296862
493,29.800910014248913,-0.12011949271303203,26.172474632500165,-0.15176945307303868,27.608531506394183,-0.14321248434401823,26.740309860080078,-0.14441714947006346,26.141000961195694,-0.12765497746835547,29.370587410105813,-0.13181028454196436,30.35126371671199,-0.1173496243726281
494,35.68883251557851,-0.10405586332433692,32.57295967635174,-0.14062623128498972,34.3549676943327,-0.12211220614042849,33.59431685829363,-0.12259549258386368,32.67553824918113,-0.10224868160434207,34.90225683865161,-0.11514383775231304,36.269605603710964,-0.08849338373312408
495,35.124835775156,-0.14786739475291605,32.057750816360134,-0.1787672231250474,34.03136550209983,-0.16118823591217804,33.83982249482709,-0.17666428614786692,32.54888971731208,-0.13981200922005177,34.827958948402916,-0.15636757171809523,35.79133212352232,-0.11513891176394853
496,37.456432605439986,-0.13733634139421025,33.9197879490894,-0.17796203862985735,37.15390269748987,-0.15216318893463923,36.03286953118383,-0.17512239327476545,35.99622882058448,-0.13790593242923574,37.859494492517165,-0.12669581231893948,39.488860505821314,-0.09930455995545301
497,40.71562450302953,-0.13088250182768013,35.94883065924893,-0.17790837268965592,39.979040110758206,-0.16021274240197456,38.56260038526418,-0.17136799161851346,39.40086949346589,-0.13563067356703307,40.262288868953476,-0.12588989869650674,42.05105813318924,-0.11899105376980929
498,41.269954975393894,-0.12941756188797604,38.796925539521915,-0.17147192344753243,42.44694099182989,-0.15835085824614126,41.08106152805428,-0.16723046245569492,40.50962443691138,-0.12863475051141043,41.83410464969836,-0.12686839951132353,43.567072221056364,-0.1210597878303806
499,36.06296168988105,-0.11771404686009995,34.59246353691759,-0.14720161453507713,38.65943778028872,-0.1400164239219819,35.56991408914528,-0.1396985949376883,35.71611059194539,-0.11547764602936819,35.699657989128156,-0.11328090975577673,37.333462851896165,-0.09506081240441677
500,41.159587682460966,-0.17754775254527055,39.52714755053192,-0.19694688368562657,42.583480098366415,-0.18339833291016522,40.632307322111394,-0.2006838041997435,40.15277301014776,-0.16103838536105064,39.83737596487545,-0.166196329497581,41.88629635576942,-0.14586938524276472
501,36.71066476965241,-0.1954248707103154,35.204135814954455,-0.2212001765514723,37.30537962263555,-0.21043860829335398,37.18285674712812,-0.22795009730260113,36.02050260911816,-0.18655708078064304,34.312612789977905,-0.19402730851838854,37.67705657074963,-0.1846923995910657
502,38.309522683613906,-0.16763252242959562,36.418980214487235,-0.16915858828391703,38.90680794377582,-0.17061331250180012,37.56518342795807,-0.17826241547234134,38.52725551842669,-0.14529761160899451,35.55048886732826,-0.13803291939608273,38.02805475549139,-0.13194434629040852
503,42.33408245074837,-0.1576479488507064,40.4221514341597,-0.14134513441034813,43.53259740049068,-0.14993954466049125,41.99920160120545,-0.13563147351440177,41.608322093071294,-0.12241557942515642,38.07961979348515,-0.11626143145349022,42.22261535925377,-0.11387438427971938
504,40.96880319828948,-0.12295616490955225,38.80859778896024,-0.1107883209480792,42.29305023128767,-0.11745806848495317,41.36364095124073,-0.10845618036461938,40.27129615949111,-0.0987895830867313,37.40664301108428,-0.0779129623995709,41.0743243209327,-0.08632120374221128
505,37.4643040130992,-0.12789162914204527,34.13106177322233,-0.11324687407220524,38.2403915466315,-0.109419068929392,37.362695046143656,-0.0960339355413525,36.8978876432948,-0.08913686490440148,33.1815559694956,-0.07277261505498214,37.281580189420225,-0.0931857763356287
506,34.58718867688635,-0.08799740880982548,32.053533566458306,-0.06727943283442968,36.08303704505145,-0.05494415213825121,35.14390573615195,-0.0519637990579617,35.042974680937434,-0.035116915779352505,31.153509450069386,-0.029441029864127728,35.37136962644395,-0.05871218449993322
507,31.289350052236294,-0.019592057406221514,29.376774034534403,0.00453640255621229,34.2535312487877,0.016120974512972935,31.180590119737758,0.023487646420380395,32.28136559507923,0.025986783094814114,26.80673549874622,0.031825678181815684,32.32340726884509,0.007914575332797411
508,33.441441554479695,0.04011671497808549,32.677900169853,0.06529012084678937,37.00828243394652,0.07524065995074844,32.75960402964006,0.06467287940234111,35.40038691043235,0.08980808811326497,29.186296489726047,0.07876282999722373,36.243324987940625,0.06300961051732232
509,40.231496076717505,-0.004451681028794641,39.47418989660209,0.01060021004830233,43.6161974690793,0.017454316021994744,38.88497041001715,0.011175524447290672,42.81368790787313,0.044417495224806175,35.8780030453004,0.02044931229792378,43.74727729383336,0.018460032566532513
510,38.79148389957175,0.028206698129704617,38.14600364353082,0.0510216132448777,42.34311232131839,0.05219788050108606,38.13670116715358,0.06163398883013316,40.864866210796635,0.09293625372386427,34.972380408632944,0.056744477454750746,42.48307630231133,0.06264663310136799
511,35.07350267398112,0.033285425384275404,35.2091901040552,0.024123722787138677,40.22132738234284,0.04473463144690899,36.713316134346265,0.054680413269042015,37.98149009447154,0.0854888022614522,31.788619551486015,0.04030359630657081,39.72310539199488,0.05687082924266185
512,31.533274253670314,0.08720161606694353,31.65404537154354,0.08057507287973151,37.357847044339266,0.09714188401636667,33.91633264180325,0.09864160803792967,34.87771779327222,0.13226609431343964,28.06680913037773,0.09794566363045157,36.79650006581686,0.09433092344809314
513,29.627010992298082,0.1915418138943462,30.23205043315382,0.1712181673672267,34.67343433270398,0.1878978080175015,32.64270869267605,0.1922174818557994,32.68257491336584,0.22385557581434357,26.15832877113025,0.2003963362101686,34.981346867245875,0.19078620560607867
514,28.554639538078543,0.07712527288700576,29.05011682476836,0.058813415341592616,33.62662643553654,0.0715136165454239,31.74952740976668,0.0685694263445149,32.23241682604879,0.09389046725597626,24.82843822405261,0.07876981290759115,33.02611452891061,0.08399250901570404
515,26.445522703835678,0.010573523664225938,26.75576030116167,-0.0056879405751397005,30.608138014663222,0.0035750975770970327,29.71110070349382,0.017572569312160724,29.250786392799565,0.030606673016584672,23.47924523052597,0.027793077536385234,30.638715663735383,0.010826052196431504
516,29.121081834081316,-0.0019112467648024515,28.841880766176775,-0.0022846377131064506,32.31686773683194,-0.013687410558118705,31.582814889720133,0.021563693358580514,32.046461286865345,0.02102857155695012,25.620922967145926,0.02001361205666357,33.026278848395556,0.010182083420652308
517,31.97773448398454,-0.008315856583159784,30.636532190708266,0.006305055537359654,34.77544806620541,-0.00915671597746306,34.497231019195624,0.04699957493472515,34.77794171833966,0.027392934229242154,28.517328344889187,0.0207587683427436,35.137719132178994,0.011207734624364321
518,32.689960070800765,0.008514946927194976,32.67115182935693,0.036991075134386084,36.36701538227136,0.022182731404836547,35.60835464667798,0.06448916369305875,36.437857271884596,0.055984471339542694,30.247291734920925,0.04487121881643046,35.964205289460864,0.035001564565550015
519,33.37343138447136,0.035823655111579006,33.473610462795705,0.04029515111618196,36.53595367160099,0.04137130810995715,35.44326234923491,0.080146597243589,37.2291923150147,0.07900387868946014,31.51033255610081,0.07003538663691189,35.27614158035702,0.067050525062065
520,30.54512090994553,0.10419221005339162,31.46335062578643,0.08145668412291296,33.872179365922634,0.10038723690519494,31.97866798521122,0.14152572269999672,35.01191499715952,0.1303757643259336,28.477677672070605,0.12334675406025819,31.756130665119834,0.1399538959528046
521,30.573298598837685,0.16453102734306388,31.320568630440953,0.14143785632092573,34.08877035132991,0.1574107101830646,31.22964506944102,0.2012442811752397,34.10894692327042,0.19994519203306255,29.16266710171783,0.18939913460085386,31.400287804258447,0.19624766698470936
522,28.883609385405652,0.14592645559318315,30.34201239915793,0.13802601875260934,32.348991337198434,0.14651979288697545,29.345498422424008,0.18221359489603958,32.15719342048597,0.19158064019571663,28.1421160070835,0.1787748298585287,30.595183835261494,0.1846643985523947
523,25.321232457610225,0.13640276210573518,28.449222408184326,0.1323448812545791,30.302676074789808,0.13936969588385914,27.923035161589468,0.16119398887709288,31.240371921781517,0.17223668795082764,25.349227206682585,0.1583877844515692,28.586110208784405,0.17265744430869837
524,29.241581540125917,0.08928711053820768,32.93799803673884,0.10582598641774227,35.607620721432795,0.10392555598473978,33.314911581059135,0.12242700032671924,35.334600226554095,0.1447926707938641,29.075537991451913,0.13674980051746408,32.36780146825908,0.14598543551288928
525,33.812188655589495,0.0432799644750595,37.10388763791123,0.04905746752674803,39.63593427676165,0.04890845551713794,38.39467649779438,0.07527415830084934,39.66430502449813,0.08061272438182146,34.81354834397939,0.092950345987496,36.595851790074406,0.0931783274746324
526,30.84475328620059,-0.056020337652175095,34.94338958557977,-0.061387239769973956,36.895398773691134,-0.05557258267128739,36.035792653753084,-0.02623637995131177,37.42072230060799,-0.016710024966921106,32.26422865623397,-0.017063612795217595,33.76995450623981,0.002659118619063948
527,27.389548455176072,-0.05501646667839603,31.259904753117574,-0.048884762649826066,32.92322608942814,-0.04878942432015024,32.30526285122189,-0.024548461313279212,32.49241902582314,-0.013660054157812202,28.98405757298275,-0.008179002347447263,28.92446098194714,0.006882972014354588
528,32.988821191421735,-0.03960436076811783,35.29132511075834,-0.04620085389409716,36.407469822005595,-0.04826077264463139,36.45941472465208,-0.02110853052131302,37.14949545066012,0.0012097985384561805,34.007142126787315,0.003758484022162667,33.2006800240974,0.015362350041470088
529,33.041732562464304,-0.06770054201861703,34.879244399992125,-0.0727845490353753,35.379145313782196,-0.08457793931709662,35.29019807187169,-0.05575422716207553,35.02990971549741,-0.02869792209147725,33.248635402239174,-0.029747861930409347,32.470665062276026,-0.010230733161151515
530,32.07604799694549,-0.02893984590385361,35.44419733630981,-0.04193225923092181,35.33342619478107,-0.05930677175844083,35.497861504040074,-0.020082332730086767,35.27142999222772,-0.0033470534220566214,33.72508342551856,-0.008272427672879328,33.052530172073915,0.013324898672709647
531,30.916027345164395,-0.009674934980796739,33.2837865880243,-0.031343917624025046,32.37000955976737,-0.05046367160370856,34.21340182941855,-0.01516546433389021,33.95461467074203,0.01449398374310265,32.12592118225938,-0.00401589855989689,31.972710426562685,0.0040826877023690394
532,31.672659306117698,-0.07905676143644903,33.29355070198693,-0.10598194335552247,33.54484881757323,-0.13654964724452848,34.91523314685726,-0.08658365806051581,34.519033357162876,-0.060396559958907206,32.834442708022074,-0.07339891449221893,33.51995982121376,-0.056614240869585525
533,35.730954004289366,-0.07856926541262836,37.396894723272425,-0.10492867722422522,39.02591348676051,-0.12890119414860388,39.19469415432064,-0.09505215718269147,38.79089940625787,-0.07188909571698555,36.63849509853739,-0.06710750198948753,38.16607457010969,-0.05193266673517616
534,35.73436137075308,-0.07982872922520196,37.17477029940154,-0.09472722169999684,38.523480385734885,-0.12883473199744666,38.83721020581316,-0.09054798525051,38.02977799591502,-0.05277158477616163,37.06415132072713,-0.06160100890582634,38.12755648003452,-0.03969319032279241
535,32.80316285735634,-0.062158924981824355,35.19213829994115,-0.07456845282938476,37.64176855554521,-0.09962817467411933,34.67873508524541,-0.06587260803242058,35.12378055766283,-0.029661189995038126,35.353016479297864,-0.04183167345276909,37.02959844717992,-0.02576443701778383
536,30.171410792032578,-0.06808770030971958,33.36438349446447,-0.07221787907405987,35.893719512129735,-0.09690069379425573,32.8004842312817,-0.06768564339931624,33.44344707545596,-0.03049064163325134,33.03904923003975,-0.041479345202956014,35.27558300361598,-0.021460177816836484
537,32.84921406895905,-0.07475410607544707,34.79643441085059,-0.06883926613514078,38.48200695655614,-0.08380396620069841,35.511406507574954,-0.055534191931868274,37.93169141413826,-0.02194191664510764,36.06341945566001,-0.027511445297555642,37.60468304286149,-0.018895365721740817
538,34.80761018942999,-0.10725571148293592,35.85525271235802,-0.08017446375410978,40.04041385013509,-0.0939484887397196,36.96143136994672,-0.07190067557117914,38.49553697067109,-0.039343405879140515,37.409449800587076,-0.04601182197766967,37.97315207006016,-0.03432034944986113
539,36.87803591246642,-0.11226841617700072,37.77131081766933,-0.0934742235590477,41.76351248325956,-0.10247947767256779,38.514228145378524,-0.08386618808301012,38.873330239231315,-0.047975147041100036,39.24901964405903,-0.061779820799024554,38.53970726536034,-0.043885779710254987
540,31.19500555299034,-0.06807710547744322,32.76204951684849,-0.04953448822159252,35.38574569879168,-0.05465985310424292,33.69163293510189,-0.03562854880734436,33.258872143215115,-0.004736649879149041,33.38170593080685,-0.00370902314944338,33.01006894174805,-0.012856442326078077
541,36.74399501850959,-0.10674612372569442,37.54738246042884,-0.08291435325694299,40.319507884094094,-0.09754631505790785,38.18364268562194,-0.07280528837387064,37.896882174477554,-0.0542900718507347,38.80579966246226,-0.05213899694577978,37.53679139806591,-0.06277426806748469
542,32.1575251633436,-0.06378122663130956,33.3457641263959,-0.038765149823199764,35.72834231814399,-0.047577048341186555,33.752089045876474,-0.04378034864835243,32.491205383305854,-0.01616410171122805,33.77855176787138,-0.021434358062218512,32.076064260606735,-0.014542443192202551
543,32.960800947835345,-0.12042749767449606,34.66004371088577,-0.09102338308266289,36.44962391695359,-0.09826406387534489,35.3523660615092,-0.09953524462678648,33.88218608595067,-0.061283281800790804,35.19966122735116,-0.07485436300055459,33.6356953455851,-0.08206932640743662
544,35.353149916503995,-0.13634469084369769,36.510308508595976,-0.10458512983200394,38.21591188308683,-0.11509813356796877,37.866484008620795,-0.11137340682539511,37.53092872753034,-0.07495105909440353,37.83829189794834,-0.09286613690108457,36.41259764729607,-0.08593568414688282
545,32.44875676303782,-0.065794345196472,34.298513235619495,-0.042397505779887865,35.400439307684174,-0.04417021543856274,35.04563990650992,-0.04388945587373644,34.913932008864506,-0.013572026618643058,35.6796211467982,-0.029173743534964096,34.18745174799428,-0.019620518101910206
546,31.87842559389179,-0.11994506446469397,34.34426932212752,-0.09790895583506326,33.22922423446801,-0.09473873991161756,34.20086195672165,-0.10960867545029691,33.74144472224507,-0.053131618740073445,35.37358518152461,-0.08531255442274259,32.94087370640562,-0.07137904290745319
547,33.185427278248426,-0.053209926700878096,35.725373738052056,-0.047069260457933096,34.197409341644786,-0.04690842677541346,34.45400551485603,-0.06112820800090034,36.31325012196073,-0.0024591352769078936,36.672613465124066,-0.0356067270870826,34.109241103914975,-0.028106963446600255
548,29.837827419948496,-0.07334365206428164,32.19000846476872,-0.052784093467213675,31.488853933046258,-0.046761967219347084,30.41239164638876,-0.06470789018309601,32.720378864479486,-0.006519219490787757,33.19977145343182,-0.03819603849892874,29.96845126673903,-0.03737205821929057
549,29.85442935316097,-0.09994389703802614,32.77417756746695,-0.08443595730210852,31.40798481001685,-0.08583249446463409,30.565932291762145,-0.08383321802868371,33.15815140000513,-0.0532939347466026,33.2878564529162,-0.06841990768917415,29.878491372532206,-0.0664863069532668
550,24.85656576384471,-0.06323675341302173,28.3144708805634,-0.04588247436523468,26.7150442364194,-0.05647422702637492,26.174149126655802,-0.06950633066194603,28.324043583383474,-0.041428818451971,28.792542212500596,-0.04019630710944376,24.792222345862058,-0.05496282064519078
551,29.936242203371858,0.010188592308364535,33.34366383960051,0.01755580665330586,31.80188197362616,0.003659072839495639,31.694967050699812,0.006213665104923704,33.31960168684431,0.02101722863602501,32.72010277707964,0.03419091355973551,29.981842374829352,0.005042490092406647
552,33.31672291824594,0.005460686729206829,37.328744528579456,0.01447251871275839,35.311362888633845,-0.002065424477346669,34.39915281894819,-0.00044309631706842406,38.116221933824605,0.023951021027724784,36.35280226401153,0.03184339739377046,33.69051165290423,0.01080813918376436
553,33.01822310726872,0.06361633691290153,36.14196109622921,0.07779947491130726,33.582535361592,0.06167260161473638,32.21755397298657,0.06386926854709281,37.1719765621198,0.08377915899968412,35.23550709764089,0.09207231002501395,32.992505090830825,0.06748844569193242
554,34.279211666545095,-0.030903536202723743,38.907955290679595,-0.02361834373090411,34.419292604935904,-0.03145910855630643,33.047146819942,-0.019291078669185294,38.8279877671943,0.007888684906311273,36.756037409623055,0.003910767465834186,35.36133034030637,-0.02949031016958989
555,39.539588457959944,-0.005281660886743048,44.86600054363008,-0.005103158558772277,40.57778347306133,-0.017293148013153382,37.40326039756393,-0.0038515268301580526,42.70350172360872,0.038667502346853684,42.84190854115127,0.02160190215106096,40.71432567030729,-0.018855765131374762
556,47.83477664004288,0.013357365343908432,54.13516614706545,0.011943316144348999,49.79918598121554,-0.017695797663802373,46.1873961030424,0.005054148994244383,50.59815075225865,0.03747487486587244,51.563139030681484,0.03278668863006332,50.147674336825034,-0.018796170742201704
557,49.37100333133053,0.03099260486575537,53.798322118650255,0.021231590909720488,50.97668232027252,-0.002002522334838181,46.59588481157456,0.020734934832943475,51.85502283168333,0.040352851496944536,51.33232538166021,0.04076048900365974,49.388818822287774,-0.007106368551606176
558,45.68868116223677,0.08393197263441908,50.726401585223954,0.08996168177517863,47.08072335846849,0.059951013237253103,43.851159708637965,0.09385171785033196,48.32775708206288,0.11778376825939489,47.18989162437712,0.10818016805177343,46.99116561831471,0.06304513366533591
559,41.20565281984531,0.10037168857446199,45.66798820389679,0.10821486555216091,42.49049319394487,0.07612205730794956,40.03227617990261,0.11416483237928336,44.621887688081415,0.13823758202956402,42.96203427107693,0.13923353768910798,43.05685927369999,0.08553688139457664
560,37.12814085184709,0.13010795638217496,41.60337326520686,0.13768240900726314,39.28747710394718,0.09722658703789203,35.08202486802936,0.14468068053859692,39.80095154254967,0.15321525098455374,38.802439413133165,0.1662568691735447,38.1395345095676,0.0969321411402028
561,34.58198704255215,0.005195657827545691,38.77628117556436,0.030726212783278865,35.70737730351462,-0.01351937108639054,31.98434815404511,0.00999266615418176,37.63626204390015,0.02526848582441119,36.75831128990409,0.03698467938654186,35.29738275794334,-0.022294739567535294
562,34.84939339686192,0.0681705306390556,40.1212538623482,0.08805143913416062,37.154569315359,0.03799869950670817,31.581483605831195,0.057580843886773245,38.18124728984285,0.07909689227637652,37.807951459793344,0.10319523172565577,36.26047677345673,0.04081317785865868
563,31.512965450424353,0.02551661681148604,36.767222597494964,0.03448495590185639,32.5244788489939,-0.00563645744076316,27.22549924336869,0.012415365829676502,34.09551272702537,0.02810595291242063,33.76669214547278,0.05871878444428909,31.79731040519026,0.002887483741283711
564,29.637445093811245,0.08284472709992803,34.7027726895453,0.09454387917799084,30.720608922191065,0.05862376312240882,26.491058242289853,0.07021131696221744,32.12014769920472,0.08031878834524615,32.01623504213879,0.10761906520362846,30.462283792586113,0.0731818885263768
565,26.670376622230915,0.11117834389713857,31.15199835573064,0.14714478791962682,26.181710972751997,0.09157829293828681,23.144665017527622,0.11482387129241818,28.940581053671504,0.10838100372331563,28.566751002955538,0.1357954066813079,27.177813058573854,0.11959318173325517
566,29.913756749767906,0.14646211264939832,33.94108231690926,0.18865024734411645,28.759555207285374,0.13092862968604219,26.51107512058126,0.16081825430256044,31.14342664210667,0.13850645151079397,31.71967068652488,0.18106545185600087,30.820416059677505,0.15436382593952988
567,27.538300171253827,0.12268462554163233,30.637716677158938,0.1629434290747205,26.93166163369968,0.10820044218740144,24.33224129993322,0.15074505496498047,28.0853816523608,0.11984984007879455,29.457760361700366,0.1479191207883384,28.14876711674271,0.1273324755104734
568,28.42331303928446,0.14900274574712702,30.119449423440035,0.16419628504492412,27.885651670953155,0.11384800724985236,25.131107199259155,0.1585446745342224,28.329224023983603,0.12406648770040662,29.872679309472367,0.15649709716235644,29.141125000530053,0.14660869949532004
569,25.57116897077226,0.09355940769481184,25.98215683645433,0.10361185995950205,23.446364527972626,0.05203585486150526,20.646864386061445,0.08480082884392515,24.927243670223707,0.0653178328960603,26.064859102014157,0.0998608021004995,25.071423726621482,0.09407707619418318
570,27.096706271748566,0.08323087650604089,28.451561580432234,0.0824438294607221,25.43714978525964,0.021054661480071055,22.226861067497936,0.07653309824508744,26.549793510281674,0.06422817302882737,26.718333541456524,0.07422310065953402,26.648393290088475,0.08352687982114212
571,28.498174769324486,0.08018304524019665,29.52393346249803,0.06672528341378058,27.41246620322527,0.005216203087440044,25.006441365415224,0.06791059505725448,29.056236395864737,0.05054033136433268,28.73262615165975,0.0770661333659949,28.88229808959352,0.07212699215070348
572,26.46719290171735,0.08554433367977639,27.580084652730118,0.08749680261671962,25.691236140223765,0.002361064468948945,23.074995900766773,0.07251592459232102,26.91762011847228,0.06541308111383665,27.315114069067747,0.09533898032026923,27.448392316394873,0.0599193227976713
573,27.78245353506998,0.08317466405682206,28.92862269671562,0.09874337592899292,28.6101400595502,0.00958385607636604,25.84607654870537,0.07916570688789465,28.83293637668967,0.06335407624765753,28.76366657359175,0.0968632880931003,29.22116657225365,0.06119835938854515
574,29.73370745062267,0.08726579239297295,31.317422631534264,0.0984971565186357,29.332929640475285,0.032976161458647624,26.95739530470724,0.08251153783700586,30.959867007639087,0.07116893116803936,30.740504382515276,0.10416260267134815,30.275692071095733,0.06971842061773142
575,33.88615535346662,0.06935286255685998,36.18634314362133,0.07769344780757365,33.47727428002153,0.01795590799229145,31.43960238933474,0.06509212777787907,33.92213804485122,0.0400921881849686,34.29283407507046,0.09626221469167229,34.40985747020482,0.05705338655174017
576,33.76781705771707,0.046641275323850095,35.337124941249115,0.052736617628093126,33.20922670002942,-0.021026411313519885,30.937036417788782,0.03206889149804039,33.82380759881885,-0.0024545750261564664,32.689703746086,0.05268446208706236,34.470127771771246,0.013307954593924465
577,36.85641946291324,0.09661560131154649,37.987798015628044,0.10847575035837456,37.73510033327976,0.036289527536916215,34.246931693974844,0.09050113802698784,37.96275959284026,0.04300618273984402,36.850293533004844,0.10280115481304543,38.387830446278926,0.05095007504994286
578,37.43353739240449,0.1276637178214443,40.23478465665357,0.122510886174763,38.63649004048507,0.06326750815864272,35.49062737009833,0.1039603510805734,38.86433472871729,0.07522927354241493,37.3702289094099,0.12507807869242205,40.226806113847644,0.07404347621906977
579,39.315169266477106,0.1296717621615622,42.576775100939976,0.12739853811799595,40.233886973386404,0.0585652389489759,37.59516246165126,0.10406694328210248,40.823157181374555,0.08312761340114874,38.47151996307408,0.12197697739723057,41.27188877840421,0.07606550845397284
580,34.966291066892595,0.11783434805003816,37.704880446044136,0.1183530703113831,36.20407371297024,0.046314065016430574,33.17388386519814,0.07555870200176085,37.897671794906806,0.07684622703918638,35.99813692406449,0.09609173627865836,37.23075725473946,0.06126549252028922
581,41.804214211606556,0.17485419578141279,43.91583181870573,0.17103608430318118,41.33593423238487,0.11092667222308233,38.681237574967646,0.12731783883762546,43.86862290515923,0.11435118397865435,41.00213806062065,0.14251095032998198,42.354282331408086,0.11563769959408274
582,43.80811536524397,0.11438470314840293,48.234040098312185,0.12538888248098523,44.9428824347833,0.04627650261812442,41.37756394684716,0.05939952492876055,46.413924156631616,0.04692909593008698,44.366630062543436,0.07916155383232779,44.69730321893773,0.056496620911269904
583,49.96333932454081,0.10498257451579036,53.93669192361053,0.1152453460361359,51.541626961388374,0.05080049048096368,47.36956300899885,0.057409431488402926,52.94884450109415,0.03957151964951864,50.6483566259672,0.06651350529869937,51.739465269822524,0.06413726673768036
584,49.59690812361265,0.12357581322438788,53.50420042710765,0.11697963389940408,51.42242246487736,0.08722406750346813,48.04022193100486,0.08317345507655134,52.89177411426174,0.06066050745704748,50.68361837301269,0.08508918917333547,51.80827913218825,0.08506803868196103
585,51.32391644701268,0.07513092372643208,55.626651064919,0.07021120989542948,53.02994410384698,0.03752334321700035,50.91901125310094,0.03643254229208436,54.760737032377165,0.014962194789117242,53.10791114172279,0.028298654545664246,53.19198591912769,0.033904381756186694
586,48.709727224958044,0.13079716080248802,53.66710465550338,0.11783601050352355,51.38932646354198,0.0882504024028999,49.0648136265805,0.09639220499660012,52.09452241614862,0.0763332318133639,50.61629737958075,0.08136863704649046,51.10860504368909,0.09127468257737696
587,48.504293317742565,0.13599956239919947,54.28608667683562,0.11279678144563846,52.18390486944383,0.0848491194477396,49.41068544669049,0.08106651186190728,51.64802442018413,0.07398521881249856,51.90147424052195,0.08473699348025711,51.01062767012298,0.08625235629439179
588,46.800949784074184,0.09366685360920887,50.43474160178534,0.06769379693975668,49.398592065090334,0.03813589087303158,48.08872287653357,0.03731606112806267,47.87137721313039,0.02653649817005735,49.11213160860402,0.03798268489027429,47.48673077750681,0.04192269122716981
589,46.696502312611074,0.1608242633624276,49.6406264659164,0.15337258067224538,49.5006734261472,0.11853927559931822,47.33895405844444,0.12545389687333763,47.994473471369815,0.10817813782987615,50.15812515891967,0.11004622972624638,47.654896136436804,0.10349977441749446
590,49.434467941966254,0.09307783714110887,50.85216293605598,0.08081921740757562,51.45256380300559,0.05271148701838361,47.87082450764906,0.06225406823600623,50.10406019665801,0.044253116437339604,52.29062395471456,0.040299304188399804,50.08370969037091,0.02662832077050372
591,52.76834712854553,0.0796912132969157,53.20080716517042,0.07631650323659783,53.33726533647165,0.05482983375230736,51.09894459423999,0.04951089164431635,53.94257274705551,0.0372911110849863,54.780474259493076,0.03357595212435756,52.99057852440977,0.029838485613521967
592,52.46598134117868,0.11805159674765905,52.104592107791575,0.10552330988796421,52.34830890689956,0.08216053949506044,49.70720304000062,0.08992361554512433,52.52628697436024,0.06905445789025906,53.82813203695296,0.07524106616316086,51.44670580907444,0.05686924186013176
593,56.73097349718547,0.1772410615634508,55.13777099062554,0.15274254626854372,55.76097577787624,0.13194959798391437,53.98383283647489,0.1410656466097597,57.529113368789794,0.11759580777213659,58.065032464825194,0.12031618083583787,54.71844961535476,0.10404847521929361
594,55.4024637910792,0.14470676465243884,54.515738858957626,0.1121419135051072,55.528317294696535,0.10154989584500776,52.97099855169329,0.10246507055266041,56.06854092827536,0.0873545921193862,57.00906752063975,0.07819733509424773,53.516021244643746,0.07141966396508329
595,52.93517065438869,0.1255794547069702,51.69121081411241,0.09982864233745008,53.287511663336915,0.09604333149166357,50.699738595047414,0.09141686017934111,53.70036460725224,0.07929759459178766,54.464209188750004,0.0681017674872928,52.06477656038112,0.05147905130958841
596,54.09379487632477,0.10738537918256072,52.641232389867056,0.0698892184053658,55.13185251095541,0.0837267631385148,52.33577283360627,0.07442857116819757,55.200219662959086,0.06525763183430297,55.65266917414776,0.0505248019069252,53.04693099921087,0.030278901257858766
597,50.18433226734382,0.053699946002624344,50.32673300154386,0.01115905610275528,53.46250521223034,0.03324277984821485,49.89272839224234,0.019967734214141563,52.018430247293985,0.013768567287127366,51.486825861301014,-0.007885881100916616,49.48676981990591,-0.018035788196578587
598,55.43062662490861,0.08058982943142481,55.164187315015624,0.05696327452271558,57.0046936925329,0.0712554906067917,54.3038146185091,0.057383867712303305,55.63566416123205,0.041848752923836566,56.56556463321324,0.021100772173108677,54.17362482474813,0.022994346154126794
599,53.536541763855396,0.13947951342371628,54.21241448326519,0.11176648616656995,54.49624155201215,0.11811820920413205,52.48805230810312,0.12448448332660238,54.02050993889658,0.09200352012687373,54.5259733925777,0.07290580983501016,53.06264001704847,0.08831813595155916
600,53.58222180344999,0.1859931319480023,53.24689598639189,0.16777409362022686,54.94809459361902,0.16982187064372478,52.51086216601393,0.15453989501126886,54.0791163704698,0.14485328279152035,53.571299919720275,0.1237665491184528,53.16719847898929,0.1403981409468214
601,57.002528715948586,0.18118511310651073,57.20568088238686,0.14695900254089134,57.85056760696964,0.1639057027283551,55.411476827238204,0.15811373707440873,57.57792494976668,0.1276914550002501,56.97042163458847,0.10256225066281763,56.24429020855196,0.1239506714773417
602,55.54532988845453,0.22330442550756405,54.627163935797185,0.19107149146828126,57.01454053612381,0.19736995404289584,53.8628352581044,0.20656485690536525,55.856137580775076,0.15473274093716977,55.71084311193967,0.14242111267143726,54.96283256834707,0.1624615181020587
603,56.844976208369204,0.24450824352682893,54.94006399687148,0.22715519173356452,57.65612769264764,0.2326052981335365,54.8315399083907,0.2301541357336841,56.5094455364473,0.1832404916688146,55.79702140160908,0.16889822306486413,55.03701901225079,0.19705013675532565
604,53.10459773195498,0.27513406253864425,50.46306290426334,0.24219575934564086,53.27704844649831,0.2465799189139247,51.56724926218692,0.24102449413620203,54.07021803325737,0.20486929948408844,52.64380944455246,0.16955442735601933,52.27243679497053,0.21021830138846698
605,54.17381355461692,0.33891377406883516,52.929252534115676,0.2930404104551315,56.16524821768878,0.3166607297372794,53.70944393066165,0.31423110446733343,55.7501951055043,0.27530946108341575,54.04433225114421,0.24091421002273136,54.43985014017314,0.2780341823929062
606,53.12079031362877,0.3004778261128678,51.173269588828276,0.26617965488735174,54.95080909480373,0.2826592921774365,53.80258636738142,0.2825915039195374,55.380307704438216,0.23849544059120176,52.52914529967658,0.21100606767981103,53.65012166602186,0.24125943734127256
607,53.95704105512988,0.34670268343621874,51.37823197012321,0.33227749923167404,56.65096573660086,0.3436288625077557,55.33111086483663,0.34809015652058595,56.346979889423395,0.3006328475307561,55.15630282758481,0.269805577384728,56.16728990842557,0.3077872532906144
608,58.38401187795718,0.3741545600075973,54.13598947555723,0.3500294693954542,59.39744748458912,0.36466349825201805,59.37917096300767,0.35541741923006465,59.12153714984609,0.3222098083857564,58.52817777800038,0.28476766392676817,58.07350663403664,0.3203342867211016
609,59.59407636182682,0.3312445800325658,54.52539943916353,0.2861502723901758,59.374879238254735,0.31095788888769166,59.63862783079476,0.30144800378168635,59.48502099174698,0.2667866113697757,59.81309780778216,0.22533276851590658,58.277376590506414,0.2745736438293642
610,61.800274463045284,0.37188759146949657,56.83471448398332,0.3422269627974423,61.26677423815454,0.35750029652995485,61.581802779104606,0.34179696221404066,60.658171278392274,0.3180881529144941,61.38524956531204,0.2744764768410997,59.525721270781176,0.33641251287414925
611,53.66464569970499,0.3042139023521471,48.72615860554215,0.2838217582912145,52.749608856830825,0.27987731403651805,53.49304961961283,0.2671765031236873,52.27862689249383,0.2558966994504797,53.99510749516236,0.20970618535260688,51.742355943287365,0.2727330890406153
612,52.517866821314534,0.368754730467316,46.8293934532469,0.3523720251389943,51.494218051973405,0.37053501307963915,52.206321060968975,0.3296750519283484,50.776094113938086,0.32959401670121047,52.64636200807912,0.2772291456288791,49.24491995454777,0.33908134483703317
613,54.60728693238501,0.3853648373060229,48.98551939602113,0.3641950389344027,54.26195925126616,0.38977122172822265,54.65691665499159,0.3350851486050462,53.00933017875698,0.3445895894110738,54.51678774607757,0.29894730233703226,51.76466538377187,0.34426362355474666
614,52.068383528389674,0.4073918660352112,49.16756978248884,0.3910447978017784,53.000332800918045,0.4044902873435584,53.256418889614224,0.3596571098417371,50.479631097335684,0.3705148619353403,53.6765886019066,0.31473812539772283,50.184385635630555,0.3505557781949838
615,52.85036386764755,0.4060651466872154,51.78920825239443,0.3751754306599197,54.422706420037585,0.3888680854040734,53.97416944178634,0.3596416402217913,51.61048641768058,0.3681996982861342,54.32209708467667,0.31670354732567607,52.12371408835092,0.3314427495125267
616,49.74738371396852,0.37784569795087847,50.31628297102793,0.33640844404976,52.09162118367814,0.3571870893728849,51.930880104441314,0.32886547828989726,50.43416585579983,0.3391857679196627,53.65537361861395,0.2975304529207955,50.7670004429599,0.3018793861855939
617,50.013020665293425,0.3364795881289169,50.006505335178524,0.29367184248609146,51.33511585091873,0.30511746856174615,51.06444014405759,0.3035828976247709,49.90762475177691,0.29935003219783823,53.281513645088495,0.2579680751317238,50.642488135045184,0.2764855746338993
618,55.99640016174548,0.3146478433825788,55.0960979909145,0.2661435259744719,56.52843562138864,0.26637598797335443,55.43025869484008,0.2647798067493557,55.40212655824651,0.27523484291759875,57.29037240495337,0.2423663358822031,56.050542330405094,0.26905546879192577
619,57.8129402230539,0.2930243262241657,55.44720386120872,0.24743716810168712,57.478410369546005,0.250373908038564,56.529681810737756,0.2431513637314471,55.904952322117055,0.24903533716760348,58.23323280444039,0.22124708408612323,56.51566253355203,0.24551165463218771
620,60.302010943541916,0.28165111656832054,57.75028038984135,0.21537584504209262,59.7709614178176,0.24799772750260696,59.24627105621152,0.2149849373424342,58.45886969521122,0.25241055300616005,59.17527981309625,0.21213383518330733,59.132220028616985,0.24020543643425452
621,58.81933257444206,0.25282370408168964,56.751364956729454,0.1823712678474479,60.18384447480193,0.20425382262207706,58.884379975970404,0.20039879353933923,58.2929896830897,0.20586781700640552,58.185095858889326,0.18562454116564972,58.578803657211004,0.20827361088951268
622,58.72663458942451,0.2572578157198594,55.8036953073077,0.18876898827452657,59.172753719976,0.20653474033171568,58.59446314701252,0.18861345016095699,57.89176877307413,0.203340039413056,58.373649320711635,0.18208905239459808,57.405329095049254,0.20466438379785035
623,50.94770388205467,0.271065744168409,49.56756730776192,0.19018475224682685,52.96700183720327,0.2162775322205348,52.25138689199505,0.19697528406953105,50.90279533886417,0.21966190726408727,52.02919040922657,0.18708700309832382,50.8563008082508,0.2139687298762336
624,47.07215834231174,0.21908960293087226,45.92186214743271,0.14431914380158004,50.11849550205213,0.17296860999549862,48.806599006004134,0.14252263795214976,48.32578217036385,0.18224919506977458,48.52650423255263,0.1523789759867317,46.91001932708781,0.16696150096843762
625,47.35910056074235,0.15381554482209664,46.054436859037715,0.08645714976732483,49.58376424190335,0.10956946088874185,47.843093105477614,0.07570962789370202,48.10568263763129,0.12138925454270208,48.08507400593789,0.09792590236954517,46.12321177900021,0.10303576424350759
626,49.461787196659294,0.1442355378372075,48.90483134812257,0.08735031696241231,52.07565152974687,0.10620782233191546,49.33109212869888,0.06661553910828599,50.21072506763892,0.11885273565929896,50.40366935264598,0.10479326915714805,48.281682271588394,0.10600861775013955
627,47.122625557323786,0.13547857719780027,46.74309258618385,0.07715046786021977,48.63183578930393,0.09216154822662351,48.11015314002311,0.047998722726723994,48.59632805754635,0.12331111420496704,48.35888742732779,0.11461098829763947,46.033403096472085,0.09595587137334284
628,42.83048232223695,0.1294110617880645,42.964939192362976,0.07993403222650278,44.681508119672685,0.09318590560073153,43.2558810842891,0.05096244344631212,45.20012100394156,0.1385470572184602,43.52241721136704,0.12277811782013993,43.785288327878014,0.09903696789702403
629,45.729095133549976,0.1367709768314581,46.823849212815304,0.09064742741464633,48.49462009004693,0.10311448003548235,45.76048412048643,0.055917675828074054,48.30607624973672,0.15955965395577593,45.43403163003003,0.14103116973333535,46.25241533154566,0.11577185857670683
630,45.993233234139794,0.07717713436103496,47.40706776435964,0.03788457505002109,47.66241602761474,0.053074614621511945,45.489491041265715,0.012475511829356536,47.98615369641264,0.10713491821325788,45.850362802355605,0.10903400981120345,45.70154313146016,0.057695781249924714
631,41.263137924850824,0.1235446330605755,41.7707604428097,0.07622218492389496,42.06680463967005,0.09723180762168357,40.68498854947576,0.049896847873406584,42.652517209203424,0.14715846767119206,40.74389851137033,0.1555179191489137,40.18594969137134,0.09978925385069062
632,37.3519376952266,0.12453227430915226,38.193160699677506,0.07360077382941078,37.15440037193244,0.10341797601126645,36.18967594423808,0.04657001725034731,38.22677612431973,0.15378316975859602,35.864137793410464,0.15573906781952604,37.646912133567504,0.10822390578923156
633,29.469971990674697,0.18113100693037928,29.676114431491456,0.13405687711094194,29.227101267733254,0.13286317304845086,27.818910944343074,0.1009865583943097,30.35979293065257,0.19964070343001453,28.876127842797487,0.2081902343510437,30.92614251626783,0.15860000027932614
634,29.212644100895204,0.07875171271025987,28.888277526967553,0.03907500845891625,29.342904242993203,0.04526790740455227,27.472565530266944,0.011137216665932669,29.342035564231722,0.10301210146398468,28.576416069417956,0.11670803646266538,29.728576247762742,0.0653864649760002
635,34.278505050846746,0.062246415207172986,35.65600144310355,0.021674948465923136,33.85275491067075,0.024919784957921926,31.50735336529676,0.009740225474847847,33.405229323274746,0.07098683843722142,33.58844245223524,0.09626983805980126,33.44226618753888,0.05178120880200821
636,36.04225374565615,0.023998551752982968,37.52614086298823,-0.010622830514784649,35.465202029333554,-0.004545945340029041,33.7897803238124,-0.03533845283925943,34.48775652054867,0.03007063815422599,35.46656205111845,0.053005703495431794,34.98272142772641,0.02853963153426367
637,38.5964012509078,-0.049522563445857856,39.88230366196816,-0.08599045506101625,36.548682142454545,-0.07671689017973127,36.08261775865925,-0.09656212465474423,36.99395127761776,-0.04459527656557778,37.77608833378011,-0.00578909563985433,37.279574345238295,-0.029772706862809882
638,46.50239088012458,-0.09007823174299492,47.47314566593325,-0.132042577185786,44.45382251101029,-0.11382638343590097,43.2200575031533,-0.1344659475019931,46.42881268130516,-0.09129256882861264,44.611603249319394,-0.03912079106112075,43.658080480910925,-0.08730674492301134
639,52.008241667303714,-0.09981369109713517,52.244478303007895,-0.1404328751210894,50.282590661673254,-0.11602938485503234,48.63584808016068,-0.14236971144120814,53.05475463658598,-0.10796705875855557,50.11214283943546,-0.04670414746951049,48.95705875118232,-0.09068685720527306
640,55.17770480806509,-0.11829260185900044,54.83181591201354,-0.1627181212583261,53.44771391178513,-0.13787384790267146,50.8412475487453,-0.15708874976540146,56.51516043606672,-0.1356628104287462,53.0127033433796,-0.07198075316420346,52.495684090647295,-0.11889552505305621
641,54.27090103434224,-0.11117766319562176,52.28871484449534,-0.15147414083966604,51.53521901612467,-0.13100986582883575,49.07331854203171,-0.1425823117528462,55.31204401204845,-0.12041594519439405,50.808565882323755,-0.05748586887297251,51.607669682663975,-0.10851677404733312
642,59.10158452407111,-0.11449433495566815,57.97751128122038,-0.15821835396379053,56.92285184893117,-0.12723050627857857,53.74289411076478,-0.16192384528094125,59.51774901797303,-0.12287804930452655,55.80613317507353,-0.06039983979838463,57.15679301106594,-0.12978217947743306
643,55.119982244849425,-0.08892381763972751,52.03706900268606,-0.1303951097421358,52.092208165568046,-0.10599152729858588,50.07500815971944,-0.13760709057696077,55.03852614351855,-0.0987918904522582,51.68659519006997,-0.026132396485681594,52.43305925805399,-0.09384332356128132
644,52.20367132264692,-0.12505130153355196,48.40929718858235,-0.16253503916022988,48.271448853854565,-0.1497080267367785,47.84232072434368,-0.16982929551559614,52.27145029958733,-0.13333069771823308,48.58841966508901,-0.06082309899116202,48.21661906030997,-0.11905802413526666
645,49.31488337315008,-0.13495588367346747,45.453649618898396,-0.17561213996079486,46.534755725498975,-0.1597855115495897,45.062291986437195,-0.19589284347209973,50.337929436316244,-0.14875239627180684,45.791266087007266,-0.06777026761390108,46.23943446933762,-0.1286537128821788
646,56.49266519339514,-0.18557676544517843,52.847965794418066,-0.2216487050704714,53.62888349075969,-0.20924852280079756,52.05787350060454,-0.2339181795837817,56.73800447733841,-0.20758043586531508,51.62483041180803,-0.11816922885766079,53.519976727121644,-0.165576101860321
647,56.94141762165961,-0.21825714620521994,54.77198443336647,-0.23871500917994237,55.35978551469151,-0.22034649418923055,53.235276419050486,-0.25145104463196777,57.540940135279016,-0.24074991184134237,53.3062477272958,-0.15009153397785988,54.34729521978027,-0.2015250070001312
648,56.21144477582756,-0.19312697760144112,56.153863112304556,-0.20137810538634054,54.73345384757928,-0.18696457461872734,52.34945708214944,-0.23113377451625955,57.055696662621436,-0.21248159878696413,54.51868938036039,-0.12397005417493744,55.55219749611507,-0.15982837154741256
649,55.00479607047868,-0.13882620545417618,54.43006408626011,-0.13151227508376506,51.687690292766185,-0.1191600417910599,50.84328437500383,-0.16563544573867434,56.011315404760666,-0.1344170572371352,52.44403611200535,-0.048141232918480284,54.19832918277522,-0.08921250120588435
650,53.0051285287317,-0.13042411962373537,53.82433869338131,-0.11249075878249831,52.30155855104112,-0.10504099477685984,50.74190723336965,-0.13184735906375455,54.457320789441646,-0.1204231584876428,51.93756943998244,-0.03389683211254862,54.32923530791152,-0.0680150752867695
651,50.74923024741228,-0.08190612725204711,51.27550504007428,-0.08489080288562739,50.24468379002688,-0.06988957918602387,48.83761493771825,-0.09363422074712778,52.25931829056984,-0.10344854846055969,49.21535805071689,-0.014423043045972854,51.59123081959385,-0.03611114839404456
652,50.750359571716814,-0.03520820307755686,51.82866957085372,-0.04670800620862339,51.8256617936586,-0.02117671658238713,50.322138926347286,-0.06724157020990834,54.06545806984103,-0.07584985171802468,50.54244507212757,0.03359647513128658,52.38140879522181,0.0001516443841337936
653,54.854717770442896,-0.02200943827583471,55.18319139093159,-0.04221637626044113,55.2487116436901,-0.007915829387981188,53.780215273120135,-0.05263869506830057,57.55738792365474,-0.06784458317302444,54.10702504605264,0.03657708419409161,55.38845392968956,0.004443105635754934
654,49.84504422406437,0.0006729804307441132,51.273195940483646,-0.03218580734357739,49.848923053733685,0.015096541196630262,49.31499020602207,-0.03082216331609503,53.438577282859995,-0.050448320194164994,49.99945525684603,0.05491757127152717,49.59356568398547,0.012361003763059795
655,49.236382157762925,0.01475918431010596,50.0668070507337,-0.023500088987442103,49.49451247028452,0.02751735335393035,49.25996587730553,-0.009594157245783974,50.7744254309422,-0.029107662567387643,48.22640822245663,0.06424074990149356,49.061060417801414,0.0072575191867047225
656,58.192795581824974,0.010661673612579272,59.649182018458205,-0.027117239669016215,58.64030182786773,0.021869835222923815,57.568693386551466,-0.020747172525743235,61.105506765196566,-0.02734198531696071,57.26416210105959,0.052121520925407845,56.612013415839385,0.005900420948692912
657,51.74994857311617,0.046140426793746636,53.39443236583139,0.0005429938868365888,52.26810155215137,0.04107240942624845,52.35647639945094,0.009523662160181107,54.49930257372987,-0.0087070852031087,49.44730361898844,0.0775442799332769,50.68652201330692,0.04487077212451423
658,53.65391782878034,0.04469342006347567,55.77642614835641,0.013030780455607838,54.90359990148961,0.05005927408850985,54.90592352415142,0.005788530288612086,56.44539311409551,-0.004711255705221143,52.90855040778442,0.09272301039059638,53.23334514903565,0.04885100764812871
659,57.25435834760249,0.05076042152944467,58.44597272715217,0.010424994468643492,57.79551598899229,0.0488241723992577,57.28480677856088,0.005164482596180221,57.94849105514706,-0.01009242069691376,55.53769703738007,0.09148254421022603,55.877567117548885,0.05094347466555765
660,59.8530377685415,-0.02685255467883788,60.87418861445565,-0.04891826310404575,59.37911503968449,-0.02262599692609194,58.696047087319734,-0.06797853123295218,59.9709108972002,-0.08965595154124731,57.79861440055317,0.02318866943693631,58.02580251420096,-0.02124237107535655
661,59.987648769893916,0.005163074424186968,61.017499325831395,-0.007077274849113555,59.81935414947604,0.015442129858124671,58.36209052026375,-0.025931399117062933,59.21216815556736,-0.051285617213761625,57.93382099990157,0.07252690004590379,58.52761061930539,0.022396455130523168
662,60.36786360157041,0.04212814992373611,61.49322767324354,0.03518107648046301,60.557403926882415,0.06412512700127959,58.528664131884526,0.005214995802222712,58.730179728979934,-0.014172209249999422,57.58443783516029,0.10880105502907463,59.2988270923813,0.05898344302003735
663,58.8254909576512,-0.01189476400412197,58.44943326258011,-0.025790946392830215,58.78116438193804,0.008952118075243638,57.40892628208864,-0.06109278999152586,57.01094292712579,-0.06614134368599599,56.84161785969789,0.042214566384746605,57.88065758937792,0.005079578893129504
664,59.18810569332835,0.017808623706821805,58.75768609060306,-0.004422959041232337,58.72231564778563,0.049138309640769,57.93197303894317,-0.03212692479373952,57.69690837628852,-0.03970491482899722,56.5059119975773,0.05410111700383818,58.30348080481713,0.022190941618185592
665,59.23573151981887,0.05368394707281632,57.50749520941661,0.028706474939346693,58.538766340787134,0.07845101041547167,58.23589631208978,-0.00295035680894392,57.01045792974203,-0.009953049544881597,56.547719012695595,0.09258743540431214,57.153391110481586,0.045240736768687506
666,59.35951666371814,0.10419190151763547,57.42257146357933,0.07065418041016233,59.13308448694579,0.10664661440225723,58.07235845189563,0.04616254010210433,56.711297212526986,0.023841561087353844,55.560928234285434,0.1336717115790952,56.32704302229602,0.08495597876248799
667,57.85031844422126,0.043964663683718486,55.70601581466007,0.022259704110611678,56.78848598456824,0.057761634163236555,57.428360381211725,0.0017810496707229978,54.71332027670513,-0.02877023229615255,54.56703850546475,0.0721732693469266,55.55823757478567,0.037934035229868365
668,60.83925535416466,0.06760469060592583,56.66892334647821,0.052357978843398226,57.89717081037977,0.08419421279448294,58.3585992056412,0.03289247652200018,56.644116454150044,-0.008857241151800858,57.75350175450518,0.08624418750676412,57.021945241273414,0.053714878222436875
669,59.330970782318076,0.05888223576996765,55.976951447763554,0.03616795020232761,58.327702927831744,0.0763773523686187,59.827955297187486,0.02365208128811921,54.01982118134835,-0.004165026877652543,58.21514661799096,0.07185713252052346,56.36131075345385,0.03425808689345715
670,53.87066342354741,0.09813834691486914,50.319737193398495,0.06989059716983997,53.55388961779819,0.10274781819003789,55.27962240954655,0.05395690538946768,48.0901843210834,0.023276229887152125,51.85284895270823,0.0905711945100547,51.606208796040306,0.06497186242056269
671,50.1384269448358,0.08213924205343737,46.91945878572995,0.044764994821415854,49.90079074674747,0.0826662826595244,51.245516947064445,0.039431351164015846,44.98326513586194,-0.004243955045312137,48.71368600973696,0.07399947737057197,48.78516344339123,0.03644777923912443
672,52.27133056116035,0.096060317975762,48.827625576040106,0.05532984104365358,51.825527222769324,0.0965757405518167,53.829897990770405,0.0647462599435033,46.463123573635,0.019616475324445454,49.99769301600725,0.09131361801728163,50.782907962315136,0.043402134183054476
673,47.70867711768865,0.14798428402727293,43.22096428362967,0.09638714887378512,45.47459772429736,0.14932480925669173,48.20100297088583,0.09574026229231763,42.32528712468607,0.06007265542401152,43.92833503068861,0.13445559475010851,45.31017107406795,0.08957903133858441
674,48.70079355874881,0.2188474263973045,42.77916353836393,0.14971818913248702,46.57380852845752,0.22363826463759584,49.51493814094904,0.15689214178396246,43.74512707241975,0.12991750646218658,44.31467078779345,0.1922646184839958,45.59724267822474,0.1518585792890889
675,48.13529229359631,0.2404731911955704,42.95526292946449,0.17408141047360692,46.431808478865975,0.24675578944936283,49.42414780606062,0.17972195259679477,43.16247435044752,0.14414503796496347,44.23362664307316,0.21151902300697925,45.488616667649,0.16423878839823236
676,48.73171738744159,0.3013600343280259,42.82126658429799,0.24099462032457966,47.85471971160248,0.3137131769651865,49.550551259452476,0.232559429515855,42.72574061431945,0.21445008422415096,43.36073331517347,0.2754137911207301,46.13475040360407,0.22817883185199908
677,48.66480580214471,0.26371607042537787,42.25499275239807,0.21597265173568025,48.40589278005623,0.2758485045585003,49.872505263203436,0.2107019736740875,42.93329992627683,0.18187080934126842,43.54884471898572,0.24724250052011534,46.62239744031673,0.20405200357325473
678,45.73128896339634,0.22450350522548476,40.10514186408625,0.17160151231777998,46.49497448078268,0.23963645287389257,47.63098557007302,0.19586004740385732,40.3184496624888,0.15588122750163788,41.852858251717066,0.2144397069225624,44.436335267372826,0.1655976877572184
679,43.41788943663922,0.1752966963377915,37.94301460615023,0.11794837762663807,43.00307078925992,0.19058373895007902,45.05640896757367,0.14634601686579476,37.67678712404931,0.10695884608874492,40.0248043768839,0.17102639636826827,40.36818937358427,0.11617343375217717
680,35.930900414987775,0.12233422633549636,30.75877479680453,0.07294261453749681,36.10048133858342,0.13800524589251184,36.797603268454424,0.09543673187268142,30.031268329473573,0.050439463891134614,33.372756022571245,0.1250565054575642,32.793032316875205,0.05957273764573969
681,33.027800483579796,0.07512171362788536,28.035030775656267,0.03657325631643726,32.7493318973581,0.0963747862599657,33.24705398965722,0.04184885922507839,26.300346861647625,0.0044590381190235465,30.619779602762364,0.07471071180348389,30.031516692747623,0.00930160934186745
682,28.505395905948454,0.09162400063893508,24.83394446336948,0.05413318861646244,30.64481973854199,0.10663438430149748,29.090095290972343,0.06377505823754595,23.68498369957742,0.03112951924127323,28.23932195434469,0.10697839542399631,26.597164188194395,0.02959018550895786
683,29.18214557450019,0.11449689304889035,26.080853377290914,0.06613336712449855,32.42474564773908,0.11188786425586562,28.63796676815918,0.07343123822124892,25.677406041405952,0.035182983308765646,29.233659684038116,0.12185109378343728,28.030204541255543,0.04286386538006286
684,27.46762197296829,0.1268750408759565,24.5546931386888,0.08430545565200079,30.477422894148724,0.12699202161449774,26.607047261731374,0.09962255079046861,24.08143635610669,0.043717064862158816,27.091707194561515,0.1373404050032556,26.04063774531432,0.06213265991815039
685,32.803862864349796,0.22759881492809397,28.42773988092347,0.19357136756425525,33.83730588790944,0.22956798516292096,30.79678062055251,0.2111018620803746,27.813135403421047,0.1622190874336173,31.661511314518865,0.24969957717258195,30.2555985473607,0.18264936071926202
686,29.932685193187034,0.17164946864205682,24.730701894846952,0.13830328789976215,30.773880442121136,0.1808112853745546,27.633619973916996,0.14589314301057268,25.072269081620355,0.10209002119168004,29.816559823175353,0.19270607543650933,26.094227949424074,0.13735244973904573
687,35.87316718178454,0.14199434612811254,31.20453281943373,0.10747724611538814,36.546394194817225,0.1621280613826806,34.16326515486026,0.13123831541346262,31.411164490076494,0.1013834999064489,36.05319895569709,0.170247753048678,31.468108628038316,0.11845897769204804
688,37.383804179204574,0.11432369930116174,33.85977270936332,0.08113493915858944,38.34541129163696,0.12803750014820225,36.31965338262484,0.10043145958385231,34.30608597796285,0.08047586368367839,37.6728021251696,0.1412998238586459,35.013982568877815,0.08634399197795045
689,38.43930976377101,0.14941636620222334,35.0826069763168,0.10780510932506979,40.09359452425215,0.16102723444421754,38.23987451381424,0.14757654535847406,35.370036864171794,0.12113524596849123,38.76016432115718,0.1741206203524484,35.85510186482627,0.14219123676280424
690,43.56221466094339,0.19866337641018314,39.662599406791394,0.14304666451209325,45.18987116121807,0.19169034433029897,44.60482391557787,0.18619495338471628,40.71497274544923,0.1722182296209606,43.40169919416779,0.21607582196911204,41.61485595403629,0.18099736520647344
691,45.691797160582965,0.23744225652021728,41.51944359702866,0.1803715054851147,46.284639192952646,0.22433804168111487,47.146918428610334,0.22484555056647254,43.027990995985455,0.21411859050725063,45.69405905922195,0.2488540338602477,43.10089820796058,0.21318033301244743
692,45.97443967574503,0.23614438242613506,42.29844826365084,0.1852044625224713,47.55994156207272,0.22436352901378598,47.58148128930917,0.22672067768189721,44.264042524899345,0.20988409970514293,45.82795701121206,0.23674313990573206,43.99967158904636,0.20568580238932901
693,46.57060369861217,0.23485351785414235,43.607710091807306,0.19972181501371433,48.120120408114104,0.2344946959107792,47.73497905517644,0.23677775491013037,44.03482131714333,0.21047230367163344,47.42927283733273,0.24679242310257918,44.31530071692947,0.19984982885144947
694,45.792918345137146,0.22010516511359265,42.88916262817142,0.1699861890571323,47.19639417893377,0.21669904669720821,46.6547712726548,0.2059183930187016,43.497800864567324,0.1990752910719737,47.85943241824944,0.23067404459555485,43.85622159322055,0.18701537150976363
695,42.86118353025568,0.23420301081641354,40.02244435781993,0.18799204323358285,43.838471764891985,0.21487307093497215,44.71890711013117,0.21092752181220265,41.09170265423459,0.1936417807594327,44.74656716225948,0.23430230957731665,41.89012907521799,0.19748562506598616
696,51.53367182008671,0.1995241267424977,48.904413157275535,0.17287698880833055,52.2725946633253,0.1877361573407754,51.46856261047657,0.2044055113154908,48.741323656183546,0.17988509169998587,52.9167290932454,0.200449966641161,49.63325130119544,0.1869330875428361
697,54.217357863173355,0.1983427965031703,51.99683133166908,0.1790526945961041,56.07883210690681,0.19113424792202946,52.565552844223085,0.19808093156295017,51.50849401097682,0.17469708521555163,55.69412252937959,0.1928959101519581,52.63935443060589,0.17381048100883678
698,55.21991732756568,0.15251392352171553,54.06810442595855,0.14952101639892568,58.11480417986151,0.15012881288264104,53.45220079818037,0.16202930067535082,53.948713201268454,0.13839180771022425,57.43499607371419,0.14806463783813764,55.018514057291924,0.13981932338437958
699,49.41888959633773,0.10071616810463459,48.076263067706336,0.08133366057798712,51.70306305440462,0.09039658532274143,48.55605176748711,0.09798930016340136,48.79106398540826,0.08881670717243277,51.42181475265502,0.09016098923214304,49.31547662968864,0.07129583547677544
700,47.7773403287722,0.036267684901738526,44.97413061732796,0.008453834395664817,49.46327909979316,0.027681557820555813,45.76907482402831,0.03214865965493699,47.09247954552196,0.020942741656168183,48.21063292443285,0.03616540931607919,47.25049596400298,0.00679064253998732
701,42.622583088015304,-0.0012461350821582617,39.98273000771341,-0.02573522155331776,43.90491662668814,-0.010867226337779342,40.92258741573207,-0.00017598963947635174,42.50668054034432,-0.006434248230131062,42.55910029883693,0.007276511067933512,41.45635071567939,-0.030742774055226345
702,41.95722063417521,0.04582162861478946,40.824548384266905,0.00023096886344985482,44.531612294886685,0.03277299420455644,41.078096912967254,0.051588347413630595,42.90049215563763,0.03483965260121591,43.45772573506984,0.054529777653119824,42.56303159233863,0.021949650347713918
703,36.629879748186426,0.036601664584138056,36.07428194001295,-0.0192368968713256,40.48193016136735,0.011608548893480682,36.478738163988226,0.02657930416136262,37.88915329796328,0.020896623672570027,38.552768962952015,0.036250964856703836,37.704537630911204,0.008936314349994782
704,36.95903923547308,0.0635706774178704,37.026793110393406,0.013313865077101812,41.2747974176612,0.04315207050032414,37.68646881355827,0.04949012701226391,38.97564904192833,0.07988361934754343,39.60923943566034,0.05615350676627639,39.48248306114166,0.038587146716386855
705,32.20037603007065,0.016891918983938384,32.542306528966066,-0.0347232376726019,37.24800736340897,0.003436549524130259,32.43500231265977,0.008580531578536856,35.01450449574838,0.024265082810166698,35.483987496011764,0.012930782851928332,35.08992588284813,-0.010377895303413535
706,31.32423569014339,-0.0012353780222846902,32.77915639204394,-0.050727595089971766,37.48040387434194,-0.025208989601595126,32.161808602074046,-0.009197228645331226,37.21082353216799,0.00012231636232607618,35.77590455698327,-0.005836994197222684,34.88337833936234,-0.040190417360932734
707,27.116214632076144,-0.035407675136207344,28.295128272964227,-0.0711730260265657,32.87209296983895,-0.04098229794156085,27.473054927223064,-0.047305692747868285,31.62377554299935,-0.02935405482499332,30.226458549652065,-0.030899621292807846,31.184351427599992,-0.07001797249294958
708,27.028463412079013,-0.08095552431267364,28.318227441429052,-0.12461545944705188,33.02727378684715,-0.06479240112500693,28.0098327992232,-0.08081916982673307,31.412195694326975,-0.0548892468450178,30.419235579722972,-0.0748508722185413,31.147079868114062,-0.10762199354576406
709,25.079883872849194,-0.05193763558819259,25.53623563243081,-0.08734469877337944,30.995244769148,-0.026471642814160867,25.621174799340352,-0.05856996772049416,28.686419399220018,-0.023226788593602277,28.816210561011097,-0.05012936709268165,29.888272834816174,-0.08194919659692065
710,25.302500674003362,0.08785677952106233,26.177350466041133,0.07339626687633433,30.89858527596416,0.11998264848488599,25.48345377093408,0.10052832389573996,28.16314963127898,0.11557292890538588,27.94417783289084,0.10875215227213386,30.521918888862363,0.0876009185240345
711,18.863424535984258,0.04978469556112014,19.494396391711824,0.06029524544371909,24.52704250267038,0.08102222749268316,19.76594336835977,0.0682930728017256,22.35229115315674,0.09171750622527536,22.080602143643823,0.08228854560418064,24.677564981096076,0.04991338650144776
712,17.454461611897063,0.060397763532747985,18.11489868300521,0.07926899254086171,22.42400896531754,0.09464521151965341,19.546648140597544,0.08648703727604803,21.68543465269267,0.10249137826651172,20.89176001888667,0.09157177301854494,23.36914066468931,0.06549794724421007
713,17.648555916057095,0.10239355060758644,17.114384491080894,0.11765679000215308,22.241867428448398,0.1493508143019499,19.55601382948682,0.1343775907529042,21.996452181346275,0.14293203160171994,20.923182486823563,0.13839452489744408,23.979659541761716,0.09849549716126707
714,15.192192735262072,0.14425066048928686,14.378409330296648,0.1452858503187859,20.527818475385313,0.15771949356530035,17.512204494190076,0.1687969975697588,19.86710055707703,0.16919948270602353,19.028309073063706,0.1612072302524836,21.232789616685636,0.13837624724015912
715,10.9921286692152,0.12483323180295282,10.754442119858702,0.14356420005958645,17.233131180080868,0.1549757870468544,14.032521079371422,0.14363153708384574,16.774433788318166,0.15414250759774262,14.664992261834769,0.15272586638815158,18.481486427672372,0.13324076335173288
716,14.626554707665424,0.14557766822499638,15.217086175316163,0.15109916179399474,20.491332822266095,0.17393774188027308,17.583091828458635,0.153980944965441,20.862958309888334,0.17177347842025115,18.18828335060475,0.17688308818989049,21.970585821714863,0.15517952856692174
717,9.550243685029088,0.1161602840519457,10.130995583696016,0.13688091860386722,15.367619272407794,0.16911193021083332,12.032965736038737,0.13675177447294354,15.138547894577785,0.16509279474841546,13.298437367693888,0.1628314470842249,15.974834110645666,0.1378255835974302
718,8.597047937941255,0.16518628766459587,10.690070823524017,0.18402121782638398,15.489306051826903,0.21217007530664914,12.403473151248914,0.18146194207852817,14.96718686457676,0.18900722493500577,12.969279363513204,0.1981030531675705,15.069961256009988,0.17799822677543747
719,9.940478178652052,0.14060944917635929,11.527613130208103,0.15736490000301662,16.463996097134505,0.17949100567782833,12.946547000660363,0.1590018988352051,14.772979206267898,0.16004375785392352,14.039470669698455,0.1682411032141798,16.178678021520913,0.14869896503244015
720,11.268041434233897,0.14042928868376675,11.616777028715905,0.15554338498627227,16.837603730744554,0.1749189213828807,12.648991993931705,0.15358181018513928,14.46564733262893,0.1435530460925603,14.26763975965287,0.1609250184007244,16.996274409828025,0.14708126097817242
721,13.65454730520991,0.1028504723262094,14.031230912589843,0.1165046989480602,20.44058600666879,0.12978161554525822,16.380633614985804,0.11569570960300603,18.626781892815618,0.09467953111486171,17.73556605457802,0.12083827818569551,21.282005047104775,0.10871876532849756
722,19.13752628378973,0.07283989046792282,17.959017823409667,0.09303971231293535,23.985925761300216,0.10244243991308652,21.40956948135994,0.09771719110991112,22.572136873878005,0.06089077595986826,21.68545141943326,0.10502545392546338,25.130730174498353,0.09538549273094478
723,20.687862660507434,0.06692293809817182,16.94888300572114,0.09658801055538055,23.736367019213255,0.09797879836630016,20.677002004202834,0.10345599663255611,22.53523734541435,0.06543589379249662,20.809033861786006,0.10634995408950979,24.241308700546732,0.09211362684554034
724,22.123273170759745,0.02183112322813406,18.60466089564006,0.05240934896852594,25.04056154152236,0.06415109155750899,21.945275634180007,0.07405711114614483,22.84193428620309,0.03265665434425284,20.33014776077632,0.06705308400352857,25.462210831482295,0.042144413994124885
725,28.78418033475489,0.0484708799290808,24.210251065833383,0.08089209667665219,29.829457763040644,0.07888931597648637,26.36872629675854,0.09028642715822006,27.74750915973613,0.0409550927277685,26.020699923918535,0.08581941894708861,30.983984022707066,0.0678913477695779
726,29.035301766062055,0.05379571706781014,25.26936329164638,0.07227033813930764,29.742585358058587,0.060165917534970026,26.836909273661284,0.08118977225655616,28.019587266109667,0.028508906697495125,24.831279119264764,0.07024023607765577,30.99949805486668,0.05703841947400983
727,30.697456682264132,0.13422388023423928,27.211170086181188,0.16572131086666148,31.685915925614175,0.14692633241887454,28.917489595816566,0.17446752963515974,28.78489131419442,0.11091130285670552,27.74576593712687,0.1439741868136488,33.36352537350396,0.14942138644394956
728,32.2598455537548,0.16038352445232348,30.371739733045153,0.1936874455955143,33.31245153558325,0.17416596756246092,30.737768821959946,0.199851632161486,31.539626926870056,0.12448061987775105,29.925659894365147,0.17034686847056102,35.430490559573244,0.1835181757893118
729,31.920782069970905,0.10428771925806783,30.93109247750529,0.14064001224338488,32.43750236141039,0.11548034231606776,29.287704437087623,0.12980299741937829,31.614601274545446,0.05231015515711661,30.187587818647415,0.11446250884729055,35.50646018638305,0.11690464951925865
730,27.92967950949111,0.14996011939766704,29.50831572298656,0.1842737740882364,29.102998613822415,0.15776918754157385,24.983929527965213,0.18868280799120324,28.544412111800956,0.09764276017958423,26.861381846924168,0.1541921859599484,31.819418158513333,0.15880775726684612
731,27.266438786014625,0.215365721591222,27.620860124866628,0.24291496803573392,28.035448116207395,0.2276704487442801,23.07035495343587,0.262324989644064,27.098059814358816,0.1789871552871694,24.505995602806347,0.2301207207329104,30.51517721469032,0.2328853604808894
732,27.819257202645645,0.19603377818785025,29.123118175429155,0.22431649368061118,29.04635543939587,0.1849774984275162,24.814730806306848,0.22129645689933544,29.75811706029451,0.15355528394382698,26.49673177272948,0.19539369928082154,31.415659282209134,0.20035608166264118
733,30.80007005708769,0.13497810063063742,30.18527404086587,0.15258416996731214,29.83707759760245,0.11663499042977188,25.999234640256947,0.1425789356700665,31.701362993613458,0.0847076428127887,27.360688812266293,0.11484286295285417,31.589431368192177,0.12638965446759437
734,25.65099199550591,0.06601624426897532,25.868836170417513,0.0901959526928635,24.367611294715136,0.04705113051691881,20.129801684668248,0.0712626201008422,26.37009802159502,0.01028041434642775,21.369090699399187,0.039386725905359694,25.31336297433182,0.04514883305229091
735,29.655131533606642,0.012889871123391338,30.547763913324456,0.045500090384849035,29.994238708975157,-0.00402775064518811,24.780494338042907,0.024402867702731125,32.53223280413933,-0.03412604144804173,26.734752075747757,-0.014496980875198536,29.768207434596874,-0.00013250433139535243
736,39.20024440374323,-0.0562444756365376,41.0749685813653,-0.020736411685623207,39.81565485893167,-0.06947558316105437,34.680187750627915,-0.034943016469285174,40.66202478550045,-0.10008896698354497,35.70637630485582,-0.07279034629376627,39.18853344628447,-0.0772525378011309
737,36.37463268105354,-0.01876073169482488,37.62076698988375,0.01558740654119558,36.5650520465354,-0.03352804049113728,31.87203511229,-0.008287687970229479,37.713807318696034,-0.055349172930106924,34.31640195885391,-0.030706009773842836,35.69239736328398,-0.024965909616331133
738,37.192917641752146,0.024237697786968784,39.02259347730334,0.06313739446432315,38.0089183288069,0.019584458682068623,32.88801009547388,0.05208077017274028,39.027906834449624,0.004946581257024168,34.86417194935785,0.02194169887600199,35.76068791588986,0.03762796268806398
739,42.804827014993265,0.04043090320678133,44.79330863204635,0.09439540599913412,42.87422660088187,0.042224212622669996,38.833768696491774,0.08741121670813431,44.06184368619938,0.02793277711838716,40.06027515917707,0.052711807526924795,40.60380344636634,0.060004468451175144
740,43.69583202324832,0.08820308457612977,46.69206273906724,0.14573896821016374,44.35198860833609,0.08737204784875699,40.4004323596952,0.13552571379783324,45.412250141496685,0.08197493776893505,41.59645219897064,0.10716745926886419,42.482602180576876,0.10699719737639483
741,38.75156005040162,0.06626864853433347,42.256091801664944,0.12304555475201623,40.030926617029856,0.06785920934773612,36.53219312899171,0.11482547201404644,40.81368130835757,0.06745085968537798,36.12793043740386,0.08261600100161598,38.93504364936302,0.08968287027762269
742,37.69555477988558,0.12398782234832359,42.89319274606239,0.2044061318484837,40.01701195255233,0.13798821131274736,37.35335321315857,0.18144228725242095,41.33274047495321,0.13228636081009806,34.74277440616208,0.14599902680634716,38.894399592696615,0.15708391823930093
743,42.09439140534563,0.12594397012177394,46.18073626706715,0.20220230141613904,43.356814680662914,0.14269563067241375,41.05025064948228,0.19137823606984777,44.88333701723833,0.14108593455847973,38.620975146674205,0.16101471961675493,41.476320798861124,0.16585279699002
744,41.479393268013986,0.04729745997694043,45.61171501844635,0.1314899126943425,41.65893830048362,0.057612401243794145,40.71943559438843,0.10654998577088519,44.498168689220435,0.0498932020855279,38.33406306295102,0.09109317595777666,39.86338170455979,0.081716594194309
745,47.58473052153607,0.11594387717922677,52.10559912537484,0.1953705322871448,46.92401489274581,0.12898080840835238,45.84811838205085,0.1563632548299406,50.32506436595619,0.10703421070068769,44.51385136324369,0.1444809298965686,46.023384888431195,0.14186258422038614
746,40.20280907677298,0.11205788237819778,44.966689723397224,0.1998861594434429,40.7240340171714,0.1420940592299154,39.55406922507356,0.1734350510987292,44.5589096964758,0.11930869557503176,38.00552232734066,0.14130038555689436,40.30246788374092,0.16333252106465013
747,32.293144058724955,0.11510586316308302,37.080959138717795,0.20723029744638294,33.90074397569729,0.14351560655559378,32.13304818538219,0.17411623518252373,37.218458542924594,0.1098938833369605,30.125583741764448,0.1536795736451054,33.28884335571142,0.1688805623381829
748,27.986336444844568,0.13079151855882482,33.4100476697765,0.20600316828500237,30.65837743229575,0.1443815912527826,29.537614767610464,0.17252572650322845,32.220482575831454,0.12031041918091523,26.14737646011597,0.15666973677011511,29.868823211277792,0.17587844715494522
749,27.00717907793142,0.17081334694845568,31.383700692002133,0.2345627410398956,30.031101876110043,0.16790105553130721,28.575278030937497,0.18983838464419497,30.195572123603107,0.1262726192945265,25.622262612426493,0.19709100156897005,28.124040108700225,0.19878844452660333
750,28.632285476368796,0.18101893485625575,32.65736338453716,0.24832234397973124,31.653380025670774,0.16494014170016444,30.02539640449667,0.18460644733473167,32.26608998436981,0.1455716545622785,28.511816750189283,0.19325285791463748,31.026719519225445,0.20382913932264646
751,26.05644738262962,0.19916315013241456,27.823549905556938,0.25972025676086874,28.374910247664232,0.18103178087828747,28.017486867147507,0.20703281310330757,28.814794161990996,0.1694727166646882,24.859803719614888,0.21481748469721212,27.94533726230709,0.21768183463759566
752,24.057924571640584,0.17280452822892112,26.228639429647522,0.2108518285495002,27.250816373138456,0.1461268457556672,27.175590388123826,0.17630249471730464,27.375958126373654,0.12609101571305198,23.267172995345604,0.1776271600827663,26.26083190375864,0.17334524482254132
753,25.900383041119873,0.16594968486925302,28.5983997291795,0.19967671256225394,29.086486667577933,0.1313283563961402,28.60955946591973,0.1500779773171224,28.671449060852183,0.11292924329898645,25.224014536882073,0.1694159362229888,28.683733208849457,0.15567897310694645
754,26.709586561352843,0.1075107262190606,29.626794991147246,0.15145433770233144,30.02028131828566,0.08424527506658538,29.268888009982795,0.1113229523478032,28.410518582239064,0.06194441997722049,25.601072267820655,0.12161525281962919,29.880680869825103,0.10820498931054577
755,21.983437044081434,0.023250697052875073,24.632408078490656,0.09013045711852348,24.93397184698661,0.006198347702548294,24.776122882250338,0.038365012241543026,23.455291334318446,0.005401615520807028,20.034132800984203,0.051442740079646616,25.38735935330927,0.03369285861804461
756,21.965366366836776,0.06896992371804299,24.687751494776613,0.11544015511108094,24.11966164642716,0.04279487094091121,23.527431016153354,0.07612829867328272,23.51113690341172,0.057231049250258265,20.09648976976291,0.10098796205840094,25.832151675452735,0.08531509633125213
757,25.190572653849735,0.052824189871136816,27.702621095224323,0.10190679707202963,26.933644051988797,0.04515877949583806,26.235165583178407,0.07634746792412939,25.592889756318634,0.054931279680881864,23.350906525468282,0.10115244421247938,28.79867548322337,0.08420382258206814
758,27.322602609770566,0.05380836595541626,29.47063764660996,0.09805573566379991,27.632906391255997,0.04495515507917745,27.406010287978326,0.07414194415734895,26.411690695082886,0.056653831544967025,25.106850046628217,0.08278903361952546,29.049733377898693,0.08470383981890053
759,33.413380165387295,0.040321792466507154,34.963816859455314,0.10633297107959519,32.03474102370904,0.04352319735318714,32.1668734739623,0.07747719619657598,32.047082239770766,0.05098293236163111,30.261232640465778,0.07726441782977969,34.25181526986415,0.08844155664505898
760,30.11259242168498,-0.04903158954952923,32.87130735779022,0.024264501309843353,31.725215615269704,-0.05336331657638267,30.494899836897357,-0.005104616350801134,29.812889728503787,-0.04760595861806417,28.813702166383827,0.0005996053863716044,31.663315552833403,-0.0010356295792177533
761,26.241450664756915,-0.05115011119174813,29.021550246850545,0.024823580157429963,27.526792538227273,-0.04977671131434304,27.21649534865994,-0.016659675158822697,26.40423870991365,-0.05137084584886947,23.973709237218213,0.00868097518778569,28.07694172430464,0.012049436144133327
762,27.310650912977813,-0.10150088254106916,29.816900309413505,-0.02667341297162932,30.489619367677015,-0.104152747564011,30.18823751951864,-0.0708217591542388,27.753460648833773,-0.08975975289865869,26.309406269664034,-0.032904210982703005,29.767329364316563,-0.048599248077563675
763,24.634772965338275,-0.07185973535978299,26.69448059707106,-0.008158598886646759,27.942933030263568,-0.08165389911982197,26.649966225558323,-0.050681331788984825,25.61567199756923,-0.06192226646853248,24.272474163052422,-0.013047616769363467,26.37047535478924,-0.04865226179455143
764,21.189870341386786,-0.08315620508297425,23.39729674867877,-0.01937704485858975,24.044182671443558,-0.09498983244259637,23.22279546420748,-0.058830203928835735,22.94579856799605,-0.06974153094129798,20.635133661353464,-0.008426471939298519,22.930272954730185,-0.05362766692896895
765,19.239113090442707,-0.07746312357997179,20.238553177371333,-0.029516621722287376,20.701365162427624,-0.08778309757552191,20.69003569412384,-0.05985332575999566,19.635652046022585,-0.06746186201573139,16.095874851781616,-0.006833593823476633,20.77944019173644,-0.05337546157662938
766,20.353645791393888,-0.027848142139634994,22.093217560233953,0.020859630214210112,23.672392605419887,-0.03148978894264496,22.131899548631175,-0.00322952591745567,21.946435977303494,-0.011744088018089363,17.9684665046926,0.04370539849746137,22.63724519028598,-0.0052557161389699455
767,23.081483234051625,-0.03746191197206222,24.63653653005618,0.004593399093549128,26.266869305702905,-0.03670678219735628,24.430543998164396,-0.01923248311708765,24.188127677755332,-0.027962688078457806,20.758930409409977,0.04100391690393852,25.237968251277128,-0.015900874852551098
768,23.278103987975683,0.005435007952538911,27.16927396323845,0.057079398966182915,26.113760977017545,0.005491412125941883,25.380168183171364,0.029519203856379447,24.655772363962377,0.021265403935801425,20.172399536772986,0.07764601040824828,25.591372485859416,0.02305140625549236
769,23.804924897639065,-0.1511951705424777,27.466329261583596,-0.11682019387635972,25.778103246621114,-0.13148180324404726,24.340405676874262,-0.12526656452894075,26.150706153980558,-0.1274724794320229,20.74537851138993,-0.07917114883893958,26.01759077008275,-0.14060093673673732
770,26.831343367809048,-0.10611928591053625,31.223105220659836,-0.08043833751842991,30.516218784143213,-0.09150734721009232,28.262674776506174,-0.08375907918235156,30.910771106694604,-0.09767533194302351,24.57335867654387,-0.03598169688226463,29.746475499829103,-0.10011689642592253
771,27.316584306043158,-0.15104962765972052,31.3776648820955,-0.13184421645551378,30.616065942144623,-0.13279111021589987,29.371889739864336,-0.12845857531781596,31.534205306741576,-0.14372128801706427,25.805187627241935,-0.08178290454955964,30.089484260483793,-0.14899174983265226
772,25.63095725823592,-0.20869278430544097,30.075207342606014,-0.18316707019831677,29.57150406813655,-0.17726282948026245,27.613133474794864,-0.17760504490146303,29.766135623999435,-0.19678746343531256,23.949632799019618,-0.14049636059459925,27.30184394040071,-0.19789491427857087
773,23.95182520114453,-0.32149373372524176,28.030223476423476,-0.29099291219741685,27.255919976906252,-0.287767257957996,26.344148673866524,-0.28378859799778494,28.023922470289605,-0.3019616360316721,22.23584593480568,-0.24987678661838572,25.404785842395682,-0.3017567102235751
774,24.63457233467347,-0.3660985434116499,27.32196029082472,-0.33706563778343324,27.207927740125303,-0.32673563995182214,27.69687755134403,-0.3328238613634507,28.07794156914939,-0.34236544856859885,22.666489122886535,-0.3062674912598429,26.860233843719943,-0.3378100039981391
775,23.15811845257509,-0.3161424033255894,25.55937863355311,-0.29053073260926676,24.09694529775582,-0.27402355997901884,24.12882541005849,-0.27434350659777607,24.560390338816113,-0.30146328763134683,19.963428561451803,-0.2565439189122013,24.450430646480548,-0.2891476919174446
776,25.066961881923845,-0.3144366222919495,28.34584928929308,-0.29644763594744666,26.10205496079107,-0.2768061192098343,26.01165874299598,-0.26560829601817665,26.292655019074832,-0.29728072971688474,21.89675028338041,-0.2641871749783843,26.860094397758083,-0.2743114147464974
777,23.925123864557474,-0.22292838135290632,26.388420153553106,-0.1960602892530527,24.53746468255066,-0.18264286635311305,24.832390914490237,-0.1765059998917291,24.51921299359681,-0.21096459007159507,20.658217883917548,-0.1745790311585895,24.760763114774974,-0.18461393921525052
778,28.299103382317462,-0.1598008146571462,31.036943893087056,-0.1354259215096656,27.791952520418,-0.12719310661736707,28.18529463286456,-0.1375165463643357,27.256506868123154,-0.16102577200172014,24.43318922732649,-0.12407087993398919,28.318789030669592,-0.1250146674285169
779,28.935899570207365,-0.13025109784270178,32.95883480293263,-0.09945634162545765,29.41559064749315,-0.1001132079584397,30.30531351390245,-0.11203898226675468,29.902569650683336,-0.1385950877979917,26.503425128261405,-0.09838784440809568,29.733426201423974,-0.09287829544147107
780,20.171916591400834,-0.055420632661091984,24.96607879624337,-0.010031106142406064,21.278160208365676,-0.0088365711961653,22.430837071676272,-0.030770747762704487,21.52311003595196,-0.054953365005233845,18.130654834555134,-0.007906178395020072,21.732713850001545,-0.015409049497281835
781,19.758267177635403,-0.07037260043119943,25.12833217117169,-0.02495353427237703,21.217747829213664,-0.020802474843787944,22.53998685611233,-0.060942297850180266,23.55622883591996,-0.08383564666704751,18.560031439592713,-0.029810457194770636,21.994203812045065,-0.03472848155475783
782,21.204739412371218,0.008166767841145346,24.90623885517952,0.06267208704829343,21.909967170322545,0.06791851743947239,23.497753352079638,0.022533248378733252,23.722213050478654,-0.0010721888091508903,19.25504595714702,0.052638968164669196,22.659390519365378,0.045076364688283375
783,24.271931158735324,-0.02046543440987231,28.874376255134354,0.015738645743532956,24.97505299809747,0.022200135859080372,27.88468276378999,-0.005197269455073327,27.478307821990523,-0.03048791372399087,22.570392427352765,0.011968842175125241,26.527960281274453,0.021424786228044907
784,21.43952807307095,0.0313652751141841,26.25833992118754,0.06101961376373148,23.434493237680805,0.05607902797637092,24.544472080483,0.04019185428761624,24.06295920329203,0.009061915923020504,20.47925693351036,0.06113565625881458,24.255107110397166,0.06221403775491845
785,28.89168316384098,0.036852809801220056,33.26178912346605,0.06465379717942635,31.24232631134738,0.07015607895888482,31.440474490273225,0.05113673067655004,31.16931778395079,0.01488589255599232,27.194526163505405,0.06660252346042768,31.616992846862885,0.0750161767406273
786,25.42394822029028,-0.02609640364744544,30.45070393471752,0.01117280401620878,26.552525803764112,-0.0020367024804435648,28.13336911843053,-0.016847464393052222,28.23585512997884,-0.042667053862555954,24.720100450959322,0.0038312074185433507,29.148214080154077,0.01282379598114648
787,28.030992310714527,0.05342361035649145,34.65163934803944,0.0845322445614422,30.388075557701384,0.07633922954201562,32.247200475438895,0.05544881454042646,32.474707478061234,0.03578511739188389,29.16189191120595,0.07557755755078895,33.539912548261526,0.08443962052103238
788,30.615888148006057,0.042852034112027544,36.68863693342021,0.06365178071498982,32.58750817869703,0.06527138411894756,34.20533903300291,0.04471980469245585,34.51155308002192,0.016695434897139847,31.27738669771812,0.054131567968171736,35.899911158803185,0.0709470172175887
789,27.595897345180738,0.1587108126897119,32.7359664644041,0.19673725021930236,28.967194670202346,0.2061864205804046,30.649406309251894,0.17254602548543543,30.208472657342988,0.15673116394801206,27.47602197096462,0.16843272190171296,31.67008116225695,0.2008831053427425
790,35.99441364188997,0.18467677729567367,40.037406347746476,0.21888522254263137,36.83031333413866,0.23664447950929335,38.752304562212544,0.1879917437478575,38.71731167421756,0.18682061425763993,35.215071597468494,0.1936642557782391,37.934570853368335,0.21086523611596045
791,36.81675636576373,0.21520281998287946,41.41660469482015,0.25688095613934764,37.880539432991604,0.27917880068393675,38.84629527445769,0.2159756938684209,40.62309341496334,0.2202767766525322,36.06089754856128,0.22375262280290573,39.36924958423637,0.25241323826439904
792,31.916307730244284,0.2428844980155229,35.20739512081103,0.28532783692091057,32.22686508472104,0.30743679233572696,32.58586274328429,0.25948429678105683,34.73607904540159,0.2611773129926025,30.66823653208801,0.2801488419444414,33.659952894887056,0.2906923154966437
793,33.54928010318454,0.1764607888900657,36.33378367932582,0.209376810827915,32.895013452674846,0.2459005010252732,34.32830069786375,0.18794380342675368,34.90089236893097,0.1904733996695344,32.33984373443527,0.2149658381637914,35.173855013725955,0.21574538670529259
794,36.95042116396249,0.20304074742980416,39.25335388408182,0.22200344870954955,38.00707355406865,0.2570979492638974,38.241181374022595,0.2164082035353395,38.638489288128895,0.2092565349787882,35.28512199986438,0.21635632262470608,39.57819691269214,0.2331236057477938
795,37.94837390141307,0.20313612883567822,40.197971084130266,0.21187951392205234,38.322806663036026,0.26052005986996807,39.27560306718016,0.2162981743387957,39.68661728557424,0.21037279486039884,36.301864604539,0.21331566489082784,39.83321512309143,0.2328565432408356
796,43.30286757976186,0.22024647477292245,45.20328204608121,0.22938524265374655,42.744538029378575,0.26334947413816634,44.391195949034945,0.24047742838981861,44.88288931527639,0.22889953394262702,40.842187703869755,0.2257372353920547,44.89968724159927,0.24270872390051856
797,38.38962133039275,0.18950412980203643,41.48090769835474,0.18949794894724883,39.35911412692893,0.22467492217574442,39.681938856334945,0.1989607268922926,41.08734659794471,0.20606149871504648,36.65580476502497,0.1822811750579744,40.921236477501985,0.21949242903460278
798,37.249919712821395,0.25639437480785093,39.8452144545245,0.25871124720607275,37.463269316799014,0.29786876144782576,38.52214920644171,0.26038078667288034,39.32052050280049,0.2714785346024412,35.59197724426379,0.23903178625721483,38.763466651020536,0.2875406008262841
799,40.31182024700445,0.13281559364175524,41.71622203998893,0.15771953005708417,39.75787220896105,0.19416304276151256,40.42272603398271,0.1483046951677037,40.81386766227956,0.16002900341970935,36.955512806388086,0.14524432938185058,40.283655789115265,0.17743238328953914
800,41.02313400905723,0.19540010987049852,42.32933520435474,0.21167263006168072,38.92105037309392,0.24768933162789503,40.338417214638554,0.2048372876689697,41.36435816346281,0.21305951918218433,37.41034513733958,0.21285520522432563,41.074046342451354,0.2325236207872484
801,45.83897402906629,0.07537846227761721,47.46038180178022,0.09752726938830149,42.468708862111804,0.12411098592408369,45.404121582601874,0.06994569865645357,47.123822288567034,0.093242985618768,42.54129144305237,0.0934455578647458,45.25861742497408,0.10719984234120324
802,41.732951143629684,0.1517785434601465,43.96838941791281,0.1704222964316117,39.4301088094804,0.20605382061602218,42.04571313377127,0.1336587158456627,43.13266454348977,0.17489803620183508,39.349145830958605,0.17371850992385293,41.803264003319896,0.18791691964865523
803,43.91820510418185,0.14348591207240863,44.321679105428245,0.17215162204800233,41.29204431617974,0.20732074008935283,43.613286985328514,0.1198805371177149,43.9659522171969,0.1542749958439179,42.003449023289,0.16520667123624241,43.74493005223363,0.18357440399292363
804,49.10371095892258,0.21277220574396163,50.54840847356547,0.23341055399937025,47.11575235310508,0.2663790552199856,49.3921814837989,0.195111072340596,51.190532728239155,0.22028312378462353,48.42396395079283,0.23085189478758153,49.65477336019214,0.26587765284322273
805,49.56770037768529,0.16972259750950802,51.34992653210942,0.18195913763785793,48.176893648910415,0.21622265238013477,49.10354404546239,0.15428547617473057,51.491509167843205,0.18040972119660964,48.18851698858414,0.17534623462885604,48.54534322240689,0.22308429499724228
806,45.57458704798619,0.10632336880730671,47.56085439335921,0.14139244334692477,43.098106175001256,0.18398290836136277,45.402195583055544,0.11788549991841098,46.74193695827341,0.13325806253563763,42.35902133428436,0.11752419652011031,43.940735738322765,0.1649070283312805
807,50.16341241867114,0.06278911493258793,51.128548035093075,0.12010750245039749,46.73111356105096,0.14798150339760452,49.06600822463548,0.0876025640925098,49.63700636667699,0.08340406559317923,47.12535646799046,0.08175457026045584,47.67102104047577,0.1266545758750259
808,52.534344288366114,0.062405870726111715,52.80707185541089,0.11364106725002109,49.13822098945822,0.13479296909978786,50.65237010003091,0.08556742272986131,50.82459064152255,0.08146000044246553,47.86300661996647,0.09472155870277915,49.97939154873766,0.10827361019448986
809,54.440391451811735,0.07161186587000613,54.84177024549553,0.12394362359149082,51.01253535597444,0.15687549084614233,52.27308538798443,0.10121932811078863,53.41330212533974,0.10633690032686492,51.16405102947382,0.10233190177723192,52.68770910328843,0.11321163906719167
810,52.081335410996665,0.09867270712200005,53.35878751714375,0.15450128214966696,49.477894945690366,0.16920011729739706,49.32516381115369,0.12581202269803768,51.77812856499535,0.12422129496886193,49.733665581940826,0.11230920968824046,51.192010946214296,0.11785546768994008
811,54.30726660408034,0.07341450880202438,56.59918249562725,0.14354947231410092,52.32593054286215,0.14771123319410379,51.536443478751835,0.09477007091681103,54.070538465818,0.0950247349037695,52.71788995701766,0.08476960877295327,54.20235663589957,0.08358594020151855
812,53.18947410367088,0.10409299733240984,55.723062691531865,0.17071041963480588,51.6416147118821,0.17491119894619192,51.93060004485888,0.1368445210719582,52.61761875790903,0.12465049635051986,52.00080030773815,0.1041064603071689,53.31990310779765,0.11009815300440548
813,54.83325746754229,0.13406106257920952,58.27377779086564,0.2023475411060465,54.40011270737721,0.19641723200368028,54.922920951962304,0.17102015553748492,54.86443289809092,0.15078589901814612,55.061289097591974,0.14601176688645287,55.502743538128996,0.1350127617155799
814,50.68766206600706,0.19899716850415275,54.73575430714676,0.2565817120745881,50.80485435436899,0.24582615467720687,51.8775513885973,0.2287099312771807,50.493046393982056,0.20877151209558933,51.22016276017951,0.21272759006405645,51.919471191984236,0.1917213109346801
815,45.75352273487509,0.16508030460157663,50.25989370365791,0.22733049800867128,45.69674758492499,0.20656296906945162,46.90169344558164,0.19374832094454042,46.02484623173666,0.1718238921155294,47.02815784458927,0.16592335533901462,48.705701674055945,0.1575304184727601
816,44.14185327172308,0.1789125726381562,49.77830943469268,0.24288862663775912,45.90830524795948,0.21233178603870984,45.6751738223074,0.2127798524652096,46.082803407753545,0.1649089983456578,45.2555224386122,0.1731510537123202,48.715667851540246,0.1707259632709196
817,39.86230702753366,0.10805458706352522,46.65031631580834,0.15735789596715719,42.39077194121872,0.12337518929478379,41.83249628076724,0.11567546050799069,43.33998188925051,0.06715518758395872,42.03637250106658,0.09960405328535563,43.83138438245435,0.0869180275392877
818,46.67202384450075,0.15930738209804013,51.44043714283886,0.20061530449518805,47.49409221297813,0.15853459622976798,47.5710783852709,0.1694919195138693,49.47124932419978,0.10915573443367672,47.220763006627244,0.1399006957643367,49.212307628873084,0.12221580921442209
819,41.45398834277513,0.14556772568302612,45.68781545808875,0.19057543460122423,43.36520486552026,0.15129333324564867,42.77248180353786,0.15807894606849923,42.81171254385563,0.10497851942225558,41.89007767475286,0.1262029114334454,43.68660774084782,0.10852952621444972
820,40.90554670319054,0.1550360952137888,44.32906061152805,0.1930453267471119,42.09830015895805,0.15587430929711152,41.43605207594274,0.16442497851978827,42.11326271586529,0.12881983774163042,40.37617543547892,0.13007336115701504,42.10348332756255,0.12903158379606633
821,39.73448987118236,0.18155574927811602,43.35831406521028,0.20957654845124804,41.34682616419908,0.17918054950534282,39.708947719945044,0.1745688307967244,39.965373568964374,0.15330124126346084,39.233794777562366,0.1610535236898543,41.90758744691646,0.13961412570492676
822,41.108264457775206,0.11106985366764661,44.747038414337474,0.14131385614136685,41.70365262197745,0.10482007640980845,41.51440959094279,0.11493341253803975,40.32770525652762,0.09683840854418273,39.85802079255348,0.1009885367974137,41.932521059156514,0.08792829148582834
823,41.69377706123065,0.1047995920856443,43.969309564886714,0.12923964530288876,41.63669232728729,0.1086791171853844,41.47301000834326,0.10098865311538303,40.13723402441543,0.07917779249347914,39.246163251594396,0.09922577212981396,42.254933137375865,0.08412236735690026
824,40.79105252028444,0.13257915906049217,42.90745199096682,0.16257305769161554,40.543882674336935,0.14534862946205448,41.084781431435175,0.11695900353628774,38.299425834056066,0.11476414955439529,38.13031596898937,0.12959468133912058,41.90697383684849,0.11761756876767633
825,39.32901016641972,0.07876538176807873,40.46457976537519,0.10376652147701815,38.183112121152256,0.09915727471548656,38.87317462575495,0.05929965683174626,36.52511832569371,0.06864237461950146,36.21702377857232,0.07422814309368397,39.03369326896177,0.0631177306726134
826,36.98581783308116,0.08414175299709385,38.01720276726568,0.10457360423543581,34.683760291723885,0.10610919533416356,36.91462113773433,0.06426531071082979,33.709618118886105,0.07482126800843121,34.690802543353485,0.09331994864923977,35.821013824621446,0.08897076085953348
827,37.23305727902766,0.0579213003356859,38.36631767095154,0.07869256270427781,35.09759696224044,0.08511790711491383,37.13960600202674,0.026528759277257837,33.66293628136249,0.05316434891421769,34.41502613327123,0.056639661383474565,36.766933756816194,0.06117537828668113
828,42.858495476592054,0.0428365796349702,43.630100029893214,0.07148630026239586,38.60541026756009,0.06865096246910199,40.87641591279134,0.02414357389901448,39.28587145467637,0.042147952861876586,40.00293715629434,0.04301471017175579,40.818009189320804,0.052010438913634695
829,38.54417268104993,0.04151711943741757,40.127844877627375,0.0877302110635034,35.91415194739721,0.07309493147460756,37.41414612405424,0.0296455504679446,36.62894688010847,0.04932387965446877,35.99942250460398,0.05124164828406112,37.18340529302288,0.0523931533984976
830,39.75959870005817,0.07701961670305038,39.64195525091593,0.11650494737737854,36.75529709010023,0.11182072429343934,38.62671967649816,0.06715008812095938,37.29233955493548,0.09211023845339712,37.242749784805234,0.08854541525654198,38.1800845873322,0.09278038515082326
831,40.03115113456677,0.1321381259557876,38.89434019715985,0.15703559935020664,36.23694596327989,0.17227080804525108,37.700973318101624,0.1342459228279888,37.35037646173168,0.16273914599563016,35.83656711679591,0.147467963971509,38.00215693483856,0.16776709581834437
832,43.53154283964599,0.10341193137825165,42.85063378952127,0.1255857747375855,41.05643137136521,0.15457998407777776,42.00356535545119,0.1152241672145251,42.27949418213734,0.1336665460847194,39.31722869333839,0.1210378604226758,42.012118929903004,0.13225856539683445
833,47.80373965579224,0.1199454559580393,48.06127552495518,0.14991718940221277,46.46219302941716,0.17730938899192483,46.835513141969656,0.13523056747514484,46.23729396212292,0.15553571212505657,44.42757236281848,0.1483494515857968,46.46899686720558,0.16772835165966327
834,42.77641678531179,0.13940154485254905,42.973010879425935,0.1725770058932636,40.645561894352525,0.2044607296305278,41.15990976268613,0.15253930864748422,40.84330234652677,0.18681857858923592,39.94364827348089,0.18117932912252574,40.61419540403098,0.21048356133514293
835,39.94684977814895,0.12232464534542617,39.38573356419971,0.16495702572268692,36.49878010868597,0.196203628427676,37.010198673864785,0.16217597537726233,36.88254936230478,0.17652998031476308,35.86389579494508,0.1702038566878617,36.48426065260613,0.1952671126963561
836,44.77506619756488,0.08812460849024548,45.13417651205931,0.1141809887805971,41.33755820745442,0.15626461674817138,41.746262896250855,0.11061507933838638,43.23671621544066,0.11992322313419568,40.89641550536395,0.11255813747635181,41.069168111096275,0.13605123062077565
837,48.6053513194324,0.058713158920766534,49.11665426832916,0.08234434330680102,44.8011376916104,0.12466013142020607,46.308900597285046,0.0717050891139533,46.22455500982933,0.0917607456673356,44.696010309336714,0.06603274169425184,44.81805369880628,0.10936855867791773
838,57.066963352539105,0.09816667993532065,56.51237427184304,0.11456455881876497,53.17731285252587,0.15957148335758153,53.48610900140632,0.10480980923135838,53.43204310731782,0.12478382036961977,53.42557060802869,0.10577208247505035,52.8794893819348,0.14018006636778071
839,60.608221426837574,0.06582798095455109,60.712334176416036,0.0807293018004936,57.82577641514941,0.12268269626136388,56.84918433868675,0.047946931860919306,56.22047880319584,0.09098636453405924,56.91775229269158,0.07306325923245709,56.12533215966671,0.09023080757490588
840,58.162609501269635,0.10252991271321812,59.54307614371772,0.1241995183842187,55.28197412879096,0.16307307852669856,54.25649015073916,0.0911470681806487,55.402906087302114,0.12896208866768105,55.596574681697646,0.10641767498411638,55.293021006603965,0.13181504082787074
841,59.24388976209815,0.10545158491624033,60.68155096174419,0.12404017646667674,55.740169904155586,0.17230534335477296,56.556018881537796,0.10117082444317363,56.78456214835695,0.14430782957386884,56.40303222331602,0.09587965060698625,56.417793818665785,0.13772492330675898
842,54.46825840563982,0.11030419713994127,57.18442726625732,0.12671011616840355,52.75056221098461,0.1901199852151757,53.89094536330812,0.10595996829474479,53.71716806443573,0.14941933080879685,52.08813695654838,0.09276985103771372,52.86021725706445,0.14657205734615172
843,49.08167523513127,0.050066461024016795,51.863055974691065,0.0708387113490461,47.75031434215208,0.13751392788709904,48.154611894833266,0.05146169322422108,48.62359888450047,0.10074538015010567,45.51942343918132,0.0494852072012576,48.1647018191369,0.0921217463586697
844,39.60098534481599,0.027035740999478725,42.65750531526726,0.03516635234882877,38.21678175815302,0.09847457621560865,39.098817476469215,0.018063435590965647,39.11987433056752,0.07083361275595905,35.6092979609503,0.0242384766904351,38.508529420564905,0.07952151300009613
845,41.413825796859854,0.03642694469635442,43.43117988422024,0.0507342333259717,39.234909489655536,0.10671055511540947,39.699527122658786,0.03303554280613799,39.72593290288216,0.08772135149399106,36.587988903051965,0.032603175230846104,39.98584108335935,0.09645339154750368
846,38.87841633047579,-0.06533122930886077,41.09044975546135,-0.06863232365740811,37.645042433291465,-0.015356461733600835,37.30233793753573,-0.07815824011367387,38.0434575913704,-0.023734464216121846,33.47750826500853,-0.08974992410185155,37.13191093653455,-0.005320659664777912
847,44.845164782915994,-0.021091470684911857,46.60122893449579,-0.029173890617853512,44.00768977981906,0.025697371855822722,42.189457919299414,-0.03728809624432802,43.41916997476184,0.02503646988755512,39.24336178255752,-0.05506821685244497,42.06867878606636,0.03956633820627381
848,40.31244435467897,0.03752319615867025,42.318934770740455,0.019444243607985762,40.39877219285092,0.08989293639655661,39.20757685277425,0.03446635713342342,39.25395008991133,0.08630203342105956,35.549254974734524,0.004487546913852357,38.101361944176986,0.09734673536105874
849,31.029474757779735,0.0816084293067999,33.693753908563636,0.06276095253421277,31.02076054197021,0.12055848503892923,31.52323164587407,0.05968262290714861,30.794202709750714,0.1262972057965492,26.147005263984617,0.04872951460634198,30.23730220919959,0.12586378442204477
850,33.481891911369864,0.044365827262647504,35.45827499458051,0.022491480207602076,33.04337634731176,0.09673684858076409,34.174808563007815,0.03353344169721141,33.163854851487635,0.07485126156017957,28.458310656942956,0.010198058105821979,32.435951270887145,0.07912435060394907
851,32.94762840156992,0.023471832428013602,34.27185143882744,0.006572431579918058,32.39256751245989,0.09048452986529748,33.82221906079034,0.020921260379160596,32.77717537265932,0.042227251080702986,28.75366971194582,0.004538650171481938,33.23620798775056,0.061308888885887945
852,38.044642540229574,0.04602984822354914,39.711616742441834,0.02094674963047207,39.58065094906041,0.11315520663384708,39.89776991040357,0.04019573446726898,38.76284180153364,0.06339101759501194,36.62829616864154,0.02765124519288296,39.69271310402314,0.07865510368812095
853,44.096944542038834,0.02074682752791167,44.219266637124434,-0.008929366584419007,45.22673684891192,0.0770777251328151,45.19346778948843,0.016052188591132093,44.20427153386023,0.0240959517876075,41.71144456770983,-0.0057495743468421005,44.721798834147975,0.05381118787497729
854,37.19600385638919,0.011057144662015541,37.132672075754456,-0.0071371080176625655,37.82215963384407,0.06919619492193903,39.15022109769067,0.003564357852575209,37.68130850377132,0.012787532194844738,34.11258188177221,-0.016856128873552676,38.882539386637525,0.05815490650872421
855,36.84909605646175,-0.03978148967633926,37.63998076534565,-0.04431075168628083,37.835400851803314,0.025481322461540713,39.12204775820597,-0.03633831274351936,38.28573148275699,-0.004122978751841847,34.64465368495348,-0.057357653671522055,39.4904465813243,-0.003271153222948249
856,38.59285198730002,-0.1042849165303131,40.823899075536936,-0.09750402447592327,40.868568427189125,-0.04049260723726749,41.680663299750535,-0.09583991170748044,39.493597661174974,-0.06657657112329522,36.29522878836421,-0.10931708456712451,41.44412965251769,-0.07779818342637664
857,32.30763671451264,-0.05852885343188452,35.13287866147423,-0.027337237528004474,35.42822748148528,0.02075091549508935,35.27628888401863,-0.04355505172016645,33.63495960192587,-0.0058441186196167404,30.417778569249954,-0.042718019696125646,35.400083688281605,-0.023457329777397087
858,33.792624194158904,-0.042425311095059676,34.99523213240207,-0.020672370282771448,36.24781243193755,0.025657285376242206,36.059355442423175,-0.020745978939729574,34.21501173948812,0.009042592765513564,31.343941877307753,-0.025197579999270175,36.64619417484305,-0.003816283321395981
859,30.778597241349246,-0.08257610850166441,31.955419708457672,-0.06494004913983678,33.1741254430277,-0.016769283480439434,34.642492186041615,-0.04686321548928023,31.686956448362608,-0.024746099003245,28.49964445440527,-0.07447765621746207,34.763693076387,-0.04460493414524838
860,34.75766882471005,-0.08241296242520577,35.1798179691036,-0.06480336653854435,37.287772397322435,-0.03827287901088885,37.60974135440431,-0.059105531659395666,35.04969925695912,-0.02447865275167525,33.50719541664286,-0.08157563399999598,38.46718681115311,-0.047249145712695076
861,34.37377508401767,-0.08430711246897632,34.66074714247374,-0.06020028809687182,36.647276472656245,-0.026533466107135174,37.01545698795947,-0.04943062957980281,34.36197786220514,-0.008651860902145578,34.11261049550363,-0.07422674235641676,37.463863072604354,-0.0426100401689032
862,31.0365288222947,-0.057492499663991524,31.505454244953135,-0.05366880615989261,33.404258329496614,-0.013644836872526163,32.93602331968886,-0.03342579023111059,32.80781332124394,-0.00031350597186071555,31.342292749068072,-0.06667807518120054,34.92932337035989,-0.02878821578862197
863,24.158965778252192,-0.09841212384941211,25.22221046020906,-0.09109768905044421,27.912265993250088,-0.0374809629065948,26.79558073098295,-0.07045928319005264,26.921343518424425,-0.02863695876214256,24.358156429144774,-0.10243546513257862,28.54593409149573,-0.04569388499721934
864,22.342787785476716,-0.024535227258558487,23.620833992468793,-0.029638456032310974,25.06146888607935,0.02093546687840573,24.75083571694347,0.0029392897467894847,24.671504744700428,0.03947689143585559,22.36950014377979,-0.04230580530544453,25.66983006583527,0.012480234260533367
865,19.841581277742307,-0.06628504132774236,23.178718963602137,-0.07019996634953067,24.188244012211037,-0.02653769403950868,22.7290095661345,-0.03364473177864798,23.78025592297353,-0.01790539076041838,21.578444335736002,-0.08721954311185895,24.180385953293907,-0.033950483638879925
866,26.224185309241182,-0.11349185874633547,28.893237466581603,-0.1261314389884352,29.860144987019005,-0.09850639780058992,29.115741205290313,-0.0746193036907474,27.88862840944912,-0.07423668053505314,26.93212530904711,-0.1337055411070314,29.181212158291963,-0.08976113339904111
867,28.17126617405318,-0.1802212722915203,29.927947518473697,-0.1785915637246364,31.419225607071635,-0.16098615319009624,29.523295307573505,-0.12260517215053351,26.88787338117427,-0.14096542139784432,27.25737407560763,-0.1940583425146606,29.253286838916015,-0.13442035236263294
868,34.12575143230483,-0.15342849069759174,36.41937014405358,-0.14599294141394525,36.50138980085381,-0.12767194648214467,34.567754041454414,-0.0934444946378808,34.221209698829846,-0.106641527162192,33.557179357109625,-0.14644691466493942,35.96009798578122,-0.08750058361604615
869,37.18718295347009,-0.13371021201536293,39.01987545060245,-0.1379217002106972,38.93246572027395,-0.11947968966363796,35.90016104516455,-0.07318338151448289,35.04094671836956,-0.09834313693470366,35.13937899105835,-0.12998754632673618,36.52985797577952,-0.06600691178571857
870,46.1323548255839,-0.15312720560574525,48.15389756112096,-0.1572954871254505,47.853083868456295,-0.14110866281767184,45.159930753947165,-0.09483180692394748,44.629042584923454,-0.10741656188523123,44.01712082501777,-0.14307658617903007,46.13761293942109,-0.09011485202453035
871,51.07367436104667,-0.12905025826644553,52.052260841344086,-0.14168136688259725,51.725946190249445,-0.12396737174218557,50.50172233629254,-0.08202613452148509,48.58018320368453,-0.0903530525317792,47.64856279895821,-0.11288178081374134,50.49206439231712,-0.08895005128998554
872,46.87538815705305,-0.12379702838170495,49.033941941861976,-0.13180966034068314,48.51707772991787,-0.12652411827067422,47.24088527377528,-0.08384945088420345,44.075117364142635,-0.09931999180047886,44.965751772828,-0.11459773677955415,46.64713679168406,-0.08245313126355083
873,46.4127735685242,-0.05386348040440539,48.22393931120481,-0.06831814501055711,46.80630837042011,-0.07324714823035605,46.479708408222976,-0.02177521684294926,44.4405839960854,-0.06001258050965157,44.725556245378506,-0.06194789782269261,47.15950033327517,-0.03260257828032882
874,47.43770045244274,-0.021147738724783035,48.98568916825192,-0.02366667045314716,49.34513703827794,-0.03814318532630204,47.07349454807439,0.017394066343259476,45.15836490769068,-0.036398218080769124,45.82710414700243,-0.017892324676284443,47.55911234390496,-0.0060291538713226015
875,49.19687530915046,-0.03170296009707847,50.900713938699994,-0.024017965187816705,50.19412275152199,-0.0402088624299447,49.020078154616264,0.006244183417479659,45.86531763240594,-0.019497048244565985,46.609853995372355,-0.025638447428414455,50.510462304984515,-0.0076013148475113455
876,46.4909847824096,-0.009840204227012768,48.00518366082822,0.01032705000591002,47.833380618002046,0.0036275323632857922,46.4019473005602,0.028746706920383284,43.986946017876924,0.003543149343783842,44.345145922775615,0.002763571654043744,48.42286215145399,0.022874078187475437
877,50.6624634205972,0.010154126843987733,51.244639457220416,0.03752047799827872,50.660528863528064,0.03635221013750617,48.69351112234434,0.04646108617840422,47.46739827017001,0.02659237561264898,48.1593773515971,0.026246574669315934,51.01135777550351,0.05221739007426611
878,54.57860619864778,0.12080414563044678,54.84789108562321,0.13143614954294275,54.71594808615844,0.14033128734508735,52.538769256528795,0.14474494580992478,50.838360754416385,0.1370977018481843,51.67334591488881,0.14298035067920198,54.0509772827245,0.1524891053616865
879,57.865383352992986,0.11291086996476306,58.34697185565758,0.12846559018415502,57.32652734202254,0.14870225595967473,54.595450550712684,0.15474729594637218,53.610400642901794,0.13094457607169863,54.29147157489703,0.13898390282956288,56.469643746857926,0.14102971158550118
880,62.61916599209185,0.08855752547834964,63.009749095353094,0.10501572117983368,62.227981168184925,0.12731351199430227,59.212449732347395,0.11675392342425736,57.96490489325965,0.121690801902489,58.72391375613881,0.11481694121003616,61.41212663372641,0.10714797623584298
881,62.60249150795189,0.015183676187341833,64.09305068019799,0.025591908478544534,63.3099632534957,0.06470503886498113,60.666122434912864,0.04387755897242384,58.57521283346962,0.05170495758422247,59.14409868986339,0.026387330135316873,62.630651854274355,0.03413749337759918
882,63.22881595597949,0.06872292695614894,64.88702099153846,0.08566089725356377,63.21632827538465,0.11690934958450139,61.23081379908819,0.10327699325505983,59.199557616979746,0.08931575402702768,59.20128387790495,0.08807844252307077,63.91546814734215,0.08033591006944585
883,61.688233777823875,0.05155510912847615,64.94947278380825,0.06377386334420876,63.11956996520455,0.09201969959476143,60.29535721584118,0.09112451156692589,59.05984380212354,0.08100719947494309,58.79448753660651,0.07349539704057771,63.37561351950906,0.06898434877945127
884,61.14149947316102,0.0386624580615814,63.37713066515599,0.03425884220779646,61.56877517424769,0.08483217158301676,59.19763844816175,0.08382072146468245,56.89713191932219,0.053966660938508,57.00893931738363,0.04752054936205979,61.036016028603825,0.05420156377106514
885,64.22528462809923,-0.0013471718677487022,67.01535214031311,-0.008266180776413327,65.46496294173869,0.049675012426483936,60.95835210065205,0.038632497550534786,59.99301464851517,0.010165060637385767,60.75613240664083,-0.003277986505549349,63.60946546111448,0.004231242252647314
886,58.423145402657966,-0.011412115754499833,62.5835593188626,-0.025624136777567967,59.65733370177692,0.01921395162116875,57.09072669356654,0.019535562900151026,56.32868217810683,-0.0019945139408618314,56.2489160299377,-0.03513134375055702,59.01205586763419,-0.011452569577455657
887,54.92541657965732,-0.01883281464814984,56.844817048480884,-0.03716111703157239,55.08853370592377,-0.00108919284314676,53.124930655760316,0.005303698384775287,52.501469540363374,-0.021377845415836393,51.61854296823953,-0.06914751246223473,54.51231095764289,-0.026051725872765902
888,55.65782815928614,0.09610422252683314,57.093234246130855,0.07872670180383975,55.674782173459604,0.12062867305047546,53.289691897275695,0.11485849006243566,52.78224596844639,0.09592560663080933,51.78383870640851,0.05757469433351995,55.123389989354045,0.10157245473056666
889,54.2869792920789,0.06575091528503556,57.26415659399886,0.04415530362144951,54.195234437635435,0.0853618629874347,52.375747217454574,0.08431150528902841,51.27243841010744,0.05370405428669748,52.61155232483328,0.026246680211987828,54.96549726841042,0.071240926935014
890,56.11276470662627,0.02245980580365171,58.80009564637673,-0.015388069570758158,55.04907518662486,0.029780330194208914,54.028845873585745,0.03633384702394115,52.372953402082615,-0.008756933781781898,54.40335614418984,-0.0032498840443447043,56.39660814299886,0.024518950639819476
891,54.719008561685,0.028141413813816726,56.54661324456211,-0.018448098486154155,53.58122971451227,0.02680487307951077,52.6255234378569,0.04353212267895099,50.8296435880471,-0.01678290736008176,53.05237545632061,-0.0002603765631922156,55.01720577259452,0.029413026892954806
892,52.598177914780315,0.013919206418999071,53.64511341067522,-0.025200909987440158,51.370844284261864,0.01720708765400277,50.254383037118714,0.032671956628535954,48.63704626515645,-0.02574980789158043,50.19927721962,-0.01691661295682264,52.772077673265855,0.02037263681783707
893,54.79517771926463,-0.03907022044469649,56.334511638653964,-0.07066095772576891,53.99587632505763,-0.038627068727686696,52.00449578278773,-0.0362313040784424,52.66453164461591,-0.07820243381805853,52.803878917128735,-0.07706072385155778,54.87032097917048,-0.031175376480485836
894,48.73896405898893,-0.05404435998003358,50.82797147129462,-0.10245653689301588,48.103559755791345,-0.06281053184506716,46.21132947341402,-0.054869073646244604,46.852944552005354,-0.09982658873797555,46.023629579881614,-0.1037088549212055,49.35243502601746,-0.06304994095090588
895,45.71650389377679,-0.06671796932984089,47.827260677927725,-0.11572053304207987,45.457205815222956,-0.08969153666500797,44.14448891216905,-0.08170033104874794,43.80199160280797,-0.12960391277579594,43.438011438607525,-0.11526993564955472,45.55355769916182,-0.09244443966728684
896,45.125716217088794,-0.026633000562628902,46.52481924703852,-0.08644788773516693,44.46017015506673,-0.04846826024477174,41.1315346427773,-0.038464704236632986,41.68799683283234,-0.1000325785215626,43.30396965307891,-0.08062520621638275,45.41503983277566,-0.04717092890903522
897,47.20709572177154,0.03413629832370249,47.88361794264859,-0.05395574753219743,46.92925589318071,-0.0032870665432035984,43.98413766083162,0.012367278229999014,44.54822970384306,-0.060456901492232956,44.82826878760402,-0.018028212888853756,47.05361301738067,-0.0038892476138922983
898,50.97050458282038,0.01570762784801523,51.63897309970025,-0.07901056315445958,50.49632941472073,-0.03764820866405039,47.686072685333286,-0.013654873159590776,48.148516878237295,-0.08004423239914815,47.99579833643178,-0.040582302127027695,51.17530972116667,-0.03678908920635492
899,50.63977941222938,0.08772730377755777,50.57275625259449,-0.013813559039431537,49.324162957997416,0.039088330018324145,47.27756613729938,0.07457654007675185,46.283226314196824,0.005022258186457129,48.10401172636928,0.03948512294255802,50.2452766618508,0.027038136003552586
900,55.23997509583936,0.15549040450846446,56.33078181178851,0.06355146649769908,55.305064353518816,0.10981490694296289,52.29926387992772,0.15256658328621706,51.0447215553755,0.07987303812417615,53.36230257835027,0.10767919693915644,54.773397651694054,0.10856171752992244
901,53.297568208210784,0.13815888811860447,55.41611084067576,0.046842094644318454,53.76158546720153,0.0944840808332412,51.498196616995784,0.13186312500767267,49.419959406321006,0.07040167448861982,53.00192897136995,0.10119990702488431,53.96602044417883,0.10571608207110286
902,53.21360765439398,0.09225656182916492,55.47847474705837,0.012410035580620905,53.215415048813455,0.05615831138154423,52.5885788812886,0.08248757513584737,50.366800324963066,0.04469157957834043,52.449976018985254,0.06379088963608344,53.61319150385284,0.0678974577943522
903,51.53300686430676,0.040482129219678,54.292567153060034,-0.04193787340059188,52.486413161010105,0.014700825458850385,51.52338631090829,0.038299780038929816,48.67654701378977,-0.0034166248939343224,52.06291456548567,0.024982932611333754,53.092798545789854,0.028867810765416918
904,49.57315003645273,-0.015698421439348426,51.530928052662574,-0.0938636530502148,50.82770004996709,-0.0236237429555064,48.69319082444448,-0.017385908117351797,45.80138913131853,-0.06605995632526977,48.51727072317683,-0.04220845728848492,50.8837746411738,-0.02353810809485546
905,49.41023954403653,-0.02187178934405703,51.44548035234137,-0.10118759759999559,50.31720225150562,-0.032979168698941005,48.41467370970462,-0.024081341587997598,45.95834229001667,-0.07356368634934132,48.033190360637136,-0.04690479330131783,52.146836977240554,-0.0359274788675186
906,55.72304799606411,-0.052348939009422155,57.03853611013031,-0.13097123392206367,55.926754120480766,-0.06586093144461103,54.2120614494584,-0.06111921489890883,51.80257668761526,-0.09821450801360312,53.72476699920915,-0.07708632849455384,57.951938659977145,-0.072129360559095
907,57.32792425361985,-0.06128482869453622,58.82578626776849,-0.11827728963711624,58.832047645423565,-0.05987685903719832,57.194509892368764,-0.07139776570379623,54.630055501916914,-0.09055616664144231,54.65789731334158,-0.08229132029103016,60.459624107817476,-0.08324117918456393
908,59.35919720697821,-0.02835104947499715,60.29606452515403,-0.08008722135210736,60.726079140532164,-0.030083191441470005,58.356376388868384,-0.03913135794880326,56.89980666432375,-0.056090625621208645,55.94766725589457,-0.05497111817231094,61.302158796730254,-0.04808780584635614
909,60.63199632014553,-0.020011107942739303,62.06224716330973,-0.07647682230057387,62.545786349677996,-0.013021364100890751,60.4664263039351,-0.02641507534502295,58.51851013548875,-0.03706227598911653,57.47663588649207,-0.03378457680396155,62.692074903389006,-0.039942207652706466
910,59.51346556857516,0.04913633267652434,61.050056954740164,-0.011202651563569543,59.708750494028706,0.042334032505669195,59.49090275408877,0.022975716117113385,57.33826064071245,0.02707197096377538,56.64894038821149,0.010812617922200568,62.252419682241936,0.025122090975754935
911,52.63723903727447,0.04655841338601079,54.83459547521784,0.0005591515122162563,52.35075658383963,0.05708525128695239,51.485319090438836,0.0355031359068087,50.15854007842891,0.04216790185947963,50.603397789258686,0.016820205925518066,54.54924417378352,0.040134821865633954
912,52.70120676583397,0.09700997769633059,55.252239514665874,0.06078106495915707,51.80739210355952,0.11602883488261574,51.52542559628904,0.0948605591636575,49.424953558908406,0.09895268577238414,50.83570243148607,0.07561968464869334,55.442796633770286,0.09950307009133133
913,52.54055813368132,0.15790810640457806,55.13559862478764,0.11934316548004528,51.96507163845763,0.17353476751658503,52.075393229679236,0.1672364581954699,50.32822285395554,0.16220118781188342,51.65740559310878,0.14208332261532844,55.46072166739137,0.16176341566573257
914,57.06787919242871,0.0787078341642798,58.285526897811756,0.03585675922751099,56.3440862197902,0.10162409055094587,55.183392075939366,0.09025488098863807,53.87621563294455,0.09185450852179489,54.97400294541264,0.06555385794571095,59.1964834321266,0.07100061466424397
915,61.74133479422465,0.16123059965317263,62.84552766132823,0.1302871128000963,59.65487269177376,0.1925675207797912,59.611760956155734,0.18115963368249102,58.69542191084864,0.1815017998575566,59.91066551296374,0.146452766034998,61.790988354929056,0.16147645640151911
916,65.12994508397578,0.14005006215472632,65.72952020636734,0.11182577227108872,64.94066181455614,0.17438564724721486,63.52247635476192,0.1530827909158503,61.796955572055275,0.16707278443570467,63.70317052517741,0.1394715404262055,65.81779407744881,0.13057537178324843
917,65.8594079596527,0.14449957675852715,66.29701083597855,0.12699559431926502,64.84652694275952,0.18125217838359298,63.34516816958124,0.1762733273953443,61.07101147326196,0.17930448629085458,64.93149103454999,0.15402396468698232,65.40371779943557,0.15713001909183327
918,64.17133068136445,0.2285584942546683,64.85547960298847,0.20076702223436457,63.353442344287245,0.26162609843486784,62.733314935582015,0.26580066537134994,60.39236062476347,0.2743065488733912,64.77658368892959,0.2345543303901161,63.46397517713499,0.23293271072117522
919,62.869654330388514,0.2986141047225347,64.43138205359078,0.2781492675956009,64.20735574292632,0.341894641722051,61.69541839796106,0.33583688511545434,60.44530090257173,0.35373509580401113,63.47968651203953,0.3060041588761601,63.24256038922173,0.31348105942612464
920,66.78674519977636,0.28467920358400695,68.92585399833624,0.27324700855631723,67.42172915562765,0.3516866655636463,65.42823344191498,0.3374547185415293,64.72705943836715,0.3378202782267389,67.40036822316301,0.3103626210430312,68.48765900318254,0.32377018504068966
921,65.80413941919448,0.32661137575296795,67.91869381424253,0.322452980686469,66.292931541523,0.40704721441806324,64.29969687447122,0.3918904162404306,64.85583467401425,0.3860849359415175,65.87680920853498,0.3617928621643506,66.32105867672837,0.3646094302133827
922,62.51993839232817,0.34331851823896414,64.23481921134777,0.3698646316225199,63.22807353758107,0.433868040138939,59.84696317039525,0.40691844071516,60.59851363277354,0.41112530485435045,60.861758473785834,0.38438090750946025,63.4003997320508,0.389587121545771
923,57.55419096836023,0.349559460243265,58.81559813314123,0.36617216322381063,56.590197456647,0.4327839423468393,55.416015757855206,0.4146399719051268,56.12239006169553,0.406796213080876,55.65356667019316,0.3787459242450266,58.00367670019056,0.3895533268543519
924,53.83372078913051,0.27869799737421375,54.776277390593165,0.29996921914144553,53.90187184700048,0.3496897618861383,51.78565913688651,0.344616789003417,51.476824380670635,0.3201733861666246,52.16792852303276,0.2972289892744885,54.70540934481225,0.3091271806583609
925,54.13262173124711,0.21168456418660692,54.27373522761251,0.2082536464527611,55.095313294746774,0.2749486891294679,51.79495628829156,0.26842838051635814,53.41336010115184,0.24925055375900665,53.52920946257516,0.21290847198067714,55.683822028076555,0.23942528874950836
926,52.776024078104626,0.2251558999070826,53.14908595667198,0.22252500461118987,52.70219389439197,0.2850423994213982,49.89179984446838,0.28489238965582453,51.59406949789756,0.2673946132324319,51.81685475302742,0.22627719134662316,53.574463844922775,0.2458206329234145
927,47.95560444454482,0.16335023207877736,49.29793911798412,0.14881787216719236,47.78981250420104,0.2165406897146249,46.248748750081305,0.22074816719178159,47.566115088993726,0.20215301798415689,48.392318300583156,0.15445117299572772,49.34323610174722,0.17945199009463259
928,52.98615230016505,0.15710599352475824,53.102503652768064,0.1505432435179856,52.468104414300456,0.21852156105751047,50.75247693049035,0.22410801793541443,52.09974110239342,0.19782575291061302,51.97314585018661,0.14545469606369127,53.07490255057344,0.17729158813706358
929,52.759614692960525,0.13438160282140202,53.16240879438007,0.13169501181879695,53.023053236764795,0.19744372245570319,51.034446596989234,0.20461515315174794,51.634562594568855,0.17181748986059797,51.68610978312504,0.10299967561725984,51.75888629405715,0.15766867849325458
930,56.18118849976699,0.1051498788502262,56.66914414140571,0.11425498417814588,57.19487810470958,0.1559710737709108,54.95063590935163,0.16776701701138003,54.60456975208352,0.1369884493282162,55.78362975450009,0.06603741353121856,55.33205422228713,0.1147117816034883
931,54.979626068250234,0.06218182737476996,54.347469536251964,0.08576313098657261,54.9365366598722,0.11911712022025768,53.82007549528977,0.12982557193722594,53.666172016650094,0.1131108774753429,54.32233225319469,0.033414219426756014,54.18378397904274,0.07429160253269862
932,52.227800095209396,0.07293199058499218,50.71001028687279,0.09829241922243426,51.90272913029584,0.12000233589947341,51.294797831211426,0.13556954436231405,51.72133300352225,0.12285941588634278,52.64061702692321,0.03645924208190078,51.718969154323375,0.0860472560188384
933,48.28181132523552,0.08197185269033282,45.83645912383297,0.10607940223807556,47.77048711770667,0.13735284371890308,47.60653382494752,0.14978498638488175,47.44550070359032,0.1392689363796353,48.62522635844493,0.06171781440772518,46.58630539946692,0.11922667801343885
934,49.90827728639081,0.052306318551517496,47.66786532693104,0.08366826495158244,50.05621103607411,0.11578471687614,51.289545379359616,0.11353713489672121,50.21981512397083,0.09687546622589356,50.3597950810341,0.03767097706185288,48.752928330076735,0.09800345611152964
935,47.39846001846069,-0.005573328127878391,43.23229689141986,0.024099340497587086,46.085647721983634,0.04523534141537457,48.20761139996733,0.04555007720955858,46.901609846655646,0.022080114866692646,47.37777935802306,-0.026868177163480042,45.7111143448969,0.04119785790571588
936,45.545656893353836,-0.028174196505406854,39.95444335898576,-0.025912973624832646,42.735484142049344,0.017015572332059158,46.21621768367287,0.012108930120327903,43.51480563525483,-0.007863385833488253,44.907852242657654,-0.051961373126869465,42.56022633760033,0.010224914816683434
937,44.387711416665326,-0.10332891422744966,39.34523466460699,-0.10494460711799962,41.44137827683997,-0.04798036575980648,44.26564408726344,-0.059295520099901154,43.32552990477275,-0.08266373069073574,43.91690768651546,-0.10735164920923079,41.06719453810291,-0.05626700461289191
938,41.377859723464184,-0.09541107871339063,37.38629826602548,-0.09710269752076137,39.111913116954796,-0.04676707355255494,41.84843612482675,-0.0601953410864254,41.052696208791176,-0.07204047650285188,41.19251337578751,-0.10786028532519246,38.56218338970926,-0.04063828122805339
939,48.512070129903506,-0.13252813561843196,44.387472873802906,-0.1240904188404036,45.41246405773549,-0.06571888835715826,49.736546891150624,-0.09326197666527129,49.07969110715341,-0.09193154907223759,47.93718533128458,-0.12774805286051866,46.04845250583903,-0.06375705701568382
940,49.8043134098399,-0.11273224883195217,45.99853833575381,-0.11050009366211594,46.086245872253045,-0.06136563762430866,50.77704568505457,-0.07810805235950564,51.00846241995186,-0.07629596989815494,48.27308973515733,-0.11536366509533662,46.41273788911526,-0.055521978720928525
941,53.61490608890289,-0.10617236658324047,48.6756172227946,-0.11161153444816513,49.09576820511959,-0.04574470411556641,53.42863170616479,-0.06421254365772211,53.95668852313345,-0.05804623086974944,50.20977430081523,-0.11950627787461018,49.11399767113038,-0.0586781366208077
942,58.276053480253154,-0.13336419675736724,53.49847856612638,-0.1325118222718656,53.67384926903639,-0.07623281060326934,58.292193346027936,-0.09119987358276059,59.994776726249526,-0.0832304298335414,55.128892536858686,-0.1478010993160433,54.303384308041814,-0.07725265657838841
943,58.37249515403806,-0.11571355326340756,54.71697521691194,-0.1201591935473794,54.42961466898902,-0.07642529980423367,58.86198065270448,-0.09516499915962343,60.052701171119466,-0.07411377169190315,55.207026901656036,-0.13672536031151988,54.36408743651172,-0.07299190094470287
944,57.32011832087993,-0.11753175993469066,54.639745589361226,-0.1289701030718995,53.68394127978143,-0.08056417884956851,57.94641092384839,-0.09866677732897039,59.111286537523014,-0.08256718916080245,55.178440654480816,-0.1324166749829439,54.193281173977496,-0.08589999674762341
945,56.36854826868738,-0.08452599243175796,52.627470440415706,-0.10035663339883139,51.823606506614716,-0.04806724880785506,55.60720891638651,-0.053954807483389426,57.66211111987813,-0.04484832877663194,52.41963512463278,-0.10454574605633181,53.08349321375677,-0.04907350481133459
946,64.06538313935597,-0.04460873432359938,62.256291982533334,-0.057728419478850324,57.95655181848257,-0.012047605012300698,63.89662763789765,-0.012352334638448018,65.19031709304859,-0.009018238789899873,60.75546708502428,-0.0688851044358576,59.897402932092405,-0.012248842868293723
947,68.0929251964132,-0.0468628403282791,65.42763101344127,-0.0668826838644809,63.78748062673337,-0.0055383398953835275,67.09295809117866,-0.028675226359925893,69.61397920105613,-0.0180296256009306,65.56330178984284,-0.08271395030205261,64.62487833702251,-0.02331911789780528
948,66.12117574607163,0.0032855217386035043,63.35166553804819,-0.016126392603391985,60.88685626528716,0.05013750060078628,65.05112841228696,0.03486518660302074,66.75678307632778,0.05020492557670385,62.85612303426821,-0.018621278435560343,62.00094164532321,0.035474914710212725
949,69.58278713292978,0.07425805796580384,66.75254229646742,0.06493534958576754,65.37641986350371,0.11447337370675845,68.44028316809613,0.10793467994749217,69.41229389932187,0.1313503295230929,65.78096572751865,0.0661391364509719,64.73248022823162,0.11551656624322215
950,70.1559363600247,0.037699491929315314,68.56165762116248,0.02379411138489884,67.27185210197268,0.08979016063608913,69.4937242918674,0.06879187835750042,70.11818486626063,0.07954914654663651,67.47037106542874,0.031171025593202194,66.03202598812908,0.06587968541330991
951,62.47705822079328,0.05737329240103155,60.74831884607355,0.046894311056547004,61.485719295440134,0.1149593881832438,61.495164671902586,0.08968393511658435,63.35362929048647,0.10406047584469769,60.550687335388005,0.05253525331119217,59.77156325676497,0.08200532661535298
952,55.22894428377373,0.06169317821327609,54.180088314384165,0.04635308063460046,56.48354179110012,0.11849162856854424,55.01948219526385,0.09426941778398777,57.38717624029866,0.10143518979695364,55.25643261245851,0.05189341744845651,53.92603289168804,0.08364328842613195
953,56.9924869363,0.04428287907156174,56.538376262733216,0.028069881865953654,59.30093956991479,0.09994531809633941,57.89330193620911,0.07412058934410103,60.62860319319607,0.08064190175296158,57.22908674845955,0.04339415891650182,56.44469505862631,0.07601780206971116
954,62.24123291233202,0.028227829514539796,61.03171406759014,0.008439652807168616,64.90979913517678,0.07904568925481842,63.64711646270132,0.05355488632486159,65.87731802624704,0.06319305129259244,62.6459673571101,0.0326804624091309,60.49190548972226,0.06966574231021412
955,59.46674635291152,0.12411346583734421,58.53380482555632,0.09860497977331428,62.2901790781945,0.16743971818956715,60.56166070140697,0.15895923143339194,63.26674812658588,0.14782392159885685,58.96846389983831,0.12216895960094293,58.39439013321804,0.14677972289758848
956,61.94089545367933,0.18913200239183314,61.05712172354573,0.1650029241104195,63.5882357531287,0.22917351448155898,61.32271071177766,0.21947708995557455,63.81664823384901,0.2051939510829893,59.99917308995521,0.17507973174863103,59.89660098084008,0.19873376456762007
957,60.07952859889837,0.16634506240394673,57.835671868226804,0.1349544330996761,60.77501302248979,0.20290289247433263,58.72231252122322,0.1910418705045563,61.64133106636656,0.17536249991122654,57.594548521666994,0.1539007696172602,56.71689871076575,0.17024558885025645
958,55.80957010880512,0.10596350225790899,52.908210354821875,0.07754397202369442,55.22413079234933,0.14420468030545666,55.6474037688773,0.139506003674572,57.3891854864658,0.11397446995673506,52.775491414451174,0.09786980000933419,52.115380604937734,0.1236430820236166
959,52.94816591765591,0.09113529931546313,50.23965815371734,0.06986212132515149,52.33087864398261,0.13582804273237012,52.49942265147507,0.1262040498438553,55.62341249747253,0.09637589286526935,50.82798428547734,0.10398664612130322,49.56736158614213,0.1122525876444725
960,50.09288486763324,0.07097232575666468,46.86909455667896,0.06598544087324734,49.28280238903962,0.12478065727126121,50.194424838444085,0.12211836989138612,52.33962505019398,0.09015100208193236,48.788933202075896,0.09893289581635123,47.72986411685995,0.10464407393790112
961,45.88509883356807,0.02737582418747442,43.25974963307435,0.029878334009831232,45.53932095634632,0.07750909659743538,46.99428323229477,0.08911255130489654,47.64060728200395,0.04889997500636205,44.11766584930136,0.0431815541956583,43.15037824954398,0.06161797746862823
962,47.40612037132696,0.02758540928629257,45.60367688573727,0.027335559903554393,47.55165945764196,0.08342549145453651,48.74440750608238,0.06612728427159154,48.52775036712036,0.04642953342880211,46.131155356886424,0.03910569639372634,45.157040896415225,0.06918868119705725
963,47.20152341776007,-0.013701012578838814,44.79134052824464,-0.028070459259821583,47.50619100589344,0.0345399100495683,48.94854650985771,0.02911508000379902,47.84945971478835,0.009472496276070497,45.95166359520351,-0.0049521966811090865,44.18640332827656,0.018002157767171633
964,47.62229108285353,0.002977037440429684,46.62316063622597,-0.005055684783785902,48.3057621446153,0.04914761291185367,50.23026120569738,0.052861662128363754,49.43588937585943,0.02544378006226377,46.81210093137867,0.013880432423258362,44.502704215148796,0.03987469249747565
965,50.702338307333775,0.015339254512265536,48.59754589040897,-0.0004695809030522101,50.513332356093926,0.05043114328174764,52.01200607784977,0.05806804688270917,51.71940867468134,0.029092864991320497,49.912726555790876,0.018606759176354605,46.54682844060892,0.055934347746017604
966,53.859542290511165,-0.025891002576537987,51.47970535700276,-0.028131761046473306,53.72402703255699,-0.0010226630920461277,55.292785530317275,0.0006088055194831323,54.8372862454797,-0.0012084434367868237,52.708929397629525,-0.03400051723974804,49.41101094935368,0.009916168435604899
967,47.81880025775108,-0.018332623529156062,46.044660176301235,-0.02044432449418623,48.20213091951301,0.02167573452111452,49.47583412071477,0.006420487062585332,48.95522085949083,0.004042891236849312,46.60477659558082,-0.02769077564859534,43.40134218454974,0.014220676888097646
968,46.60420139446278,-0.024843593588392752,44.93953161736041,-0.02551125349590897,47.10077082011602,0.009584945174885706,48.746531127023765,0.014587440588732799,47.88031713100924,0.0007044445682532446,44.67723397268144,-0.03308817109561786,42.12193580627514,0.0010524000277708132
969,44.99727740224462,-0.054050474756390424,45.536050653219405,-0.053289508861756194,47.434914473710464,-0.015233689583833539,48.145437486908094,-0.011662986969776173,47.32939417422999,-0.02251654269554365,43.19153923934512,-0.060445306462558926,41.352830668931695,-0.039916038057379366
970,42.73578289082343,-0.1302678719344586,43.78073586379378,-0.12647869739261552,45.36557640433537,-0.09309319683822388,45.05880276656251,-0.08106202230280549,45.03735079233269,-0.07634333325795864,41.139793871047615,-0.11519403761083964,39.564854408504075,-0.1140602164122332
971,47.67737951229332,-0.1115472913640285,46.454410607855905,-0.0947424171900069,49.18364251530207,-0.07913340658837885,47.69915237266909,-0.06336235887538531,48.737004037202226,-0.061032975430395264,45.32445418487251,-0.09447494835270978,43.370911649236476,-0.08977397599286578
972,39.38351123865203,-0.03289953283374798,38.06703799823486,-0.02335491974766169,42.115397814700266,0.009849569810658465,40.11390216942016,0.011169809576558578,39.637763154315905,0.03193202045940482,37.483707553694884,-0.017405459844740265,35.02882907663852,-0.014384409803860122
973,42.350389662971196,-0.049716871838835865,40.88930893111317,-0.04238026145191784,43.957072421006636,-0.021604175152660925,42.84297110710887,-0.004340335894356499,42.36999202839484,0.008004772993083376,40.95391837946999,-0.04850253449248896,36.59469225113717,-0.041370214509184024
974,43.424197689669214,-0.06049415331655692,41.44493803089038,-0.04407797307957977,45.869424810391465,-0.014098469360508103,43.859041552371664,0.002327240415850234,43.65372276486071,0.006787618518739685,41.858690036313526,-0.027323546844269096,38.904009329651224,-0.051856157101377094
975,37.86553739754949,-0.09470809211980144,36.42109843737821,-0.0826326182671688,39.617458930239366,-0.06753836097889668,39.75858297237557,-0.044903343148646385,38.8088994993082,-0.04140150221462986,37.71159705920388,-0.06668385082587805,33.67476101328326,-0.10948817040584355
976,38.951622672734885,0.020623419071040143,37.869262500195234,0.012309197596663515,40.39458848796695,0.02806170563658808,40.70593147749264,0.07880531307917424,40.29417242749196,0.06135251608984087,39.733884626679995,0.03970669586131472,35.2769759199702,0.0014004709891654865
977,43.16842073654164,0.031056065916678904,41.68080425969693,0.029759391680421684,44.18220156065669,0.03908509318115952,44.18846480977881,0.10738668360221729,43.287624252957606,0.08536215474882092,43.04044435399865,0.05976623547544869,40.47213404977711,0.021744939824876165
978,45.689423052805786,0.07787958943929177,42.965473040813066,0.10138809903543712,45.24516473467081,0.08265407819181178,46.50187446954462,0.15624044001718743,44.38956069738048,0.14919383075422998,43.87853602329927,0.11637982866500855,42.28099556944423,0.08150870073127563
979,42.387158128567634,0.08337070646144923,39.16775068141653,0.09046410258289889,40.84036042966814,0.0889521744196295,43.45113591270783,0.16328172143911063,40.594339328607596,0.1424817352538409,42.15632471392049,0.12702265751708114,39.75963527504317,0.09077493733171418
980,42.06246334473665,-0.04654784067130556,39.92756600831525,-0.04597350506317638,41.511690245635585,-0.031171086314310238,42.62005403680465,0.0300290031513558,40.00364080169304,0.02365785185365457,41.521586046061515,0.007244663540809496,39.028310982859146,-0.01713977304968893
981,47.76761827158904,-0.07001695332624522,45.29272558042557,-0.08036300699350285,47.526109510661854,-0.05271543607913117,49.2719773315753,0.004731541985836807,45.95943132691674,-0.005510357433514197,48.25643533371709,-0.021127191025091842,45.413743333226236,-0.044645200225340916
982,48.62959992355954,-0.11551055910844693,46.527124993957,-0.1312951040702418,49.04513844703469,-0.11988385334976602,51.68859534768704,-0.05006077095634341,47.255604442931954,-0.06041667945826395,50.581393440735496,-0.07844151083490326,45.966020051936496,-0.1066020606913891
983,43.4556380532208,-0.10049995798102855,41.74203297117218,-0.12697055262254936,44.58000431941529,-0.11482507885275767,46.397693562752806,-0.04714400747745413,42.65858887744891,-0.05539554117772131,44.34188437972023,-0.07668977644604297,40.3933879365957,-0.08781670957233546
984,42.88381670974225,-0.04448170707851353,42.229899503068296,-0.06689424166276607,44.58159556056303,-0.061458507544476154,45.84939934356534,0.0021747723629656976,43.199936929627384,0.0018890730311938789,44.59639128172283,-0.0377684068337047,40.61029517700333,-0.03503771907568631
985,40.66622986668149,0.0049933943166401325,41.48867908180268,-0.025234692535610493,44.29236713904751,-0.020126343481160106,45.766890779215615,0.032540721717093844,43.47959023030377,0.042831350473931204,43.90442164077578,0.015628612991866127,39.94206304031067,0.015222972314078806
986,38.00258747994416,-0.03361869097793985,37.89839175676582,-0.06997369619403407,41.38148263448913,-0.0666159164551483,42.880012349026444,-0.0008265879617776542,41.38556270431084,-0.005249373035329838,40.0918970414071,-0.026587690143148553,36.93435670061434,-0.034401435553830226
987,33.76855548696837,-0.04299375324300151,33.44215409943894,-0.06944981656723812,36.23017563481928,-0.0812954040961493,37.669960440692,-0.013944952563487593,36.98517784581463,-0.022196134522296098,35.71221078224453,-0.03473596786144283,32.54283357144788,-0.05013292813396205
988,34.69695023139532,-0.08859263095649862,34.203841200335326,-0.10286659099633719,37.64008579729967,-0.10966754375192815,38.406176000802986,-0.05132932520823907,38.7263915611025,-0.07601845655638027,37.363588921959035,-0.08902340055062162,34.91077288780105,-0.09005593313641257
989,26.60377074744526,-0.03229555558053892,24.81806738270359,-0.025156572487799185,29.014975825104624,-0.04775833847964762,29.228394837778122,-0.006212656797739909,31.05043330896223,-0.014436427868197023,28.410187350302447,-0.02598496169304939,28.07784399249403,-0.021892675757516508
990,21.17515679528523,-0.0004167922750854306,20.008713160924838,0.006192479921424602,24.58535954495933,-0.004371069769345362,23.75750312000171,0.02341879996985407,26.29529175054898,0.0176520682135027,23.2868173378213,0.006536779066377299,24.23213946377306,0.020040751953611897
991,22.230353561567966,0.0034765960911002786,20.896674739529878,0.027903167363620245,26.013555850846807,0.002901161579053976,23.765941278085695,0.03355203039215675,26.45458514297873,0.030027112613418824,22.34990309304541,0.004784784603852671,23.41919808298141,0.02323556554054591
992,22.22087700323589,-0.035424165878123,20.045676838548026,-0.011287677638923353,25.898792619528198,-0.035009571406815126,24.09827921213949,-0.001985591082443866,25.761360246077874,-0.007842602164007449,22.996702348672876,-0.012220863671131293,24.061339255767002,-0.009725751425191354
993,18.918642070290844,-0.059624344105757614,16.9466680089768,-0.031191772556489597,21.545176583060282,-0.06909768280619974,20.26055354249092,-0.015099952832977236,20.842668907158703,-0.03131074336279767,19.13212016276431,-0.038961824827807294,20.259842275869953,-0.03116886505646286
994,13.024001249634782,-0.07778980038523486,10.926993136481755,-0.05195824029906157,15.856148087152828,-0.10112426259465603,14.674677000834036,-0.033213156128642826,14.863734527971587,-0.05762495536875482,13.869995213169872,-0.06641477775702427,14.250940200936455,-0.048595225796375166
995,11.602948698634183,0.010721714763387149,10.124270991347956,0.034208050963486496,14.887688828952381,-0.018139402570236024,13.872771957938959,0.03997123203305035,14.561900755295433,0.04011473856065108,12.256084395676737,0.012149647068089534,12.71392260040715,0.04737863892666926
996,14.548335901845633,0.028974621863265132,13.096782534720253,0.050965490942427194,17.55349891573792,0.006956776187535645,16.248550457812676,0.07251143443989744,17.487717515336566,0.06618143056990732,14.781998209127309,0.038070430239853466,16.255206797912063,0.062196925502885705
997,14.32282968230763,0.034789078252810836,13.859847340425475,0.0746130425728611,17.70715525607853,0.01810852561617033,17.70375293590823,0.08532504173176467,19.566891148626937,0.07538164099356844,15.476127384729065,0.050536147345547976,15.6210575100943,0.08559308924743916
998,16.82266829975904,0.07724979301997156,15.1779798930513,0.117392044176375,17.8206275345017,0.0670319323248689,17.669508648299242,0.12143897823242437,21.76405127877739,0.11956181545651245,16.04701942324081,0.10556949589187092,16.20527648907619,0.12579627980085
999,17.57557846618453,0.07007536652198067,16.264162088268893,0.10481885893960423,19.0551610821375,0.03768538416569323,19.00464728934928,0.12154757951733296,22.50027813137681,0.10970793904531363,17.352974151607313,0.08937523685567147,17.540900976453763,0.11215123734351837
1000,16.830869427745696,0.12065131725751493,17.567120922104223,0.17564844487021516,20.59785795344688,0.11089019812818166,20.23418553356214,0.19277778272171153,23.96326110378275,0.17670394795198463,19.062731191400985,0.15486932245816187,17.695018247083958,0.18057612403872106
1001,23.023451294614343,0.04063609318361695,23.50845469125522,0.09651314122479551,26.369094245420584,0.0321884678673898,25.355602044043902,0.11360270293546884,29.76478864301711,0.09672651761469264,24.348512759832232,0.07607148274539938,24.001289171206345,0.10522694665135301
1002,20.697609482629517,-0.022846736917802937,21.1433368282964,0.023619865477930088,23.781374042691922,-0.033315055820436694,23.389593011996762,0.043390230542963974,27.52030703078926,0.034391106233805646,22.64402927949149,0.011253244643230591,21.93559521486154,0.03291018021749922
1003,28.721590190024596,-0.04396451807514595,28.917117218567313,0.010232128428323401,30.866190649845965,-0.04841329424030352,30.62193510068813,0.00950831558910235,35.16440227412928,0.000893659198782714,30.3212004714284,0.009975570593114134,29.060418696981163,0.007404975962906735
1004,30.910097668803882,-0.01038656492392306,29.967186985523675,0.03668476532488704,32.7307988031794,-0.005007155740950259,32.29427368513224,0.0423545247359388,36.35605669513536,0.01258304973873713,32.373972999773656,0.05370298574034415,30.831165529654527,0.03396147638449912
1005,34.299819111127135,-0.022666155236320554,33.631407272463434,0.018389212577716762,36.16671949183001,-0.03451342633666525,34.93157195123977,0.0059841644319381,38.69459274585835,-0.01626201406206959,34.43022768714705,0.028726147441417122,33.16298884508164,0.0037164781706421936
1006,28.42968706342164,-0.01557254897178793,27.119714805543353,0.02300897106491042,29.136890443142505,-0.019228782264156637,29.865354215572584,0.012122446403690656,31.690220117344428,0.004802572383666751,29.382717106447807,0.03400924124621335,26.687853096945695,-0.0026809073621946074
1007,25.91399243972451,-0.02957449005292482,24.80075468765652,-0.005349212884631797,26.487245668551644,-0.04699893018317629,26.67005921012379,-0.008653221026600832,29.36035512057549,-0.024576369760036958,25.93291035021085,0.01172860691806906,23.89829125337194,-0.028233915601617462
1008,29.77433099734618,-0.0017882848730035594,28.36902366703334,0.02237898314835076,29.757862919961397,-0.014949238101052337,29.956061519622917,0.0382564777116103,33.7223777273082,0.009909255432141682,29.399766839338056,0.042297623589163315,27.37557501132799,0.008896261026492519
1009,27.478600126646818,-0.04640727267092062,25.252565183284975,-0.03909155443141142,26.335853055763117,-0.07206189550996825,25.838351016845426,-0.026071470891409952,30.412031939280347,-0.04770287766368961,26.45527546564795,-0.013117504659427195,23.82373401093856,-0.04697487916691053
1010,30.358181952650533,-0.09428154933938271,27.886372212404908,-0.08726640381601419,28.14816292311238,-0.1118817623451103,27.967524723920725,-0.06427178037297836,32.1965218103951,-0.09852852999656059,29.245069857371963,-0.06444521687363317,27.367356620789923,-0.091152656772511
1011,36.509798788606524,-0.07317927658274617,33.6817902238865,-0.07664801970684565,35.0220323486918,-0.10593131681510035,34.17133689258189,-0.059129522570998634,39.15053227094541,-0.08481655055728497,34.98961216396568,-0.05190717293767748,34.48871650228807,-0.0916295997344371
1012,37.68733922824105,-0.16762869053574433,34.60141743837965,-0.17328578644706571,36.06581221764924,-0.1698837369142382,36.62002547101643,-0.1405440998688527,41.62091895554755,-0.16255064399137,35.96255110012835,-0.12007602987370841,36.70357566307337,-0.16868633722269025
1013,38.255449454866024,-0.16147814141743955,34.82436070931784,-0.17270178781262877,36.37168802383166,-0.15163997235193677,37.91770143554484,-0.13074639897895388,41.040300916099625,-0.16683286609441023,35.31444954640798,-0.1242855734978506,35.653043668528575,-0.17402290241654497
1014,36.343694135529105,-0.1925426359136356,32.52695571138791,-0.2167515659497176,34.72807979117795,-0.18592567713548555,35.803257905895556,-0.15617360827059434,38.390920547514845,-0.19345514837352262,33.22539657818001,-0.16412208309790757,33.96136073858398,-0.2048837578646132
1015,40.88086084298845,-0.15862423854690488,37.0761942277944,-0.18856831162173726,38.73904605967733,-0.16595380615619598,39.15689205314792,-0.12453679965594264,42.293462041504725,-0.18278097430801882,36.71265664665134,-0.1496978940444851,37.75550321356121,-0.19453317361192846
1016,45.45524995726516,-0.1883316287744561,41.857044029503626,-0.22183580221213714,43.396520717379126,-0.2116474615747759,43.425488618181504,-0.16249495750671455,47.54495617655115,-0.21184368411635285,42.87038607314814,-0.18160667996566154,43.50646592561436,-0.22589913715967297
1017,46.99400961954139,-0.15854345959600807,44.71084288525659,-0.17713202582352727,45.11346641337637,-0.17698380965935182,46.54430499606989,-0.12215279919217492,50.10184924582114,-0.16998355345176522,44.96880491250762,-0.14334964610019987,46.49453365198052,-0.19338856044116612
1018,46.57935887712486,-0.12222866536766042,44.649072996406225,-0.1241111326715488,44.697575068616366,-0.12436160745177195,46.64590343369346,-0.07672119630683749,49.67460457629092,-0.12318577038866348,44.07712115523776,-0.08719025646744404,46.68715113533931,-0.14405286654914215
1019,46.56579551520353,-0.08256805648404025,44.038213515017034,-0.08515885215235357,44.21278712431601,-0.06708159216810985,46.18059085260952,-0.030962591637707614,49.173697479247444,-0.08258299370068697,43.43001298245494,-0.06073457350625962,45.515108614298185,-0.11266547601412899
1020,44.64007203053274,-0.06349943626001635,41.26367259879976,-0.08868756499576859,42.202672949973746,-0.0433295739103241,44.2947880652628,-0.01212144364190127,46.33465170944683,-0.06086697270132486,41.22289015615773,-0.04615989494021723,44.29029335485357,-0.09679299399105981
1021,47.714367915294616,-0.07728814752669153,43.2107300954828,-0.09531574679220628,44.35060275028927,-0.04099417214344399,46.152412028771096,-0.0392261457283909,48.18154892032286,-0.0784771815988873,43.92414485572804,-0.056859829967781106,47.52406741054138,-0.10090011963722781
1022,41.83231864671451,0.017834414696635385,37.03211883556869,-0.019517419837035407,38.48332869264175,0.04481962158724816,39.60987368133728,0.04252336313007015,42.280794044919105,-0.0033362386878865342,38.150116782565824,0.03205620476434128,41.512582828765844,-0.014150108265095803
1023,46.247705682260985,0.0398511561200976,42.22362357400673,-0.0032051871631083584,43.19632436525494,0.06754207489261924,44.11708488192758,0.07852321021741157,46.65342620345251,0.03751512834345659,42.34845341913035,0.04413113137916651,46.65960065944205,0.01940316512863889
1024,52.666941113132886,0.001490551097346405,49.25649058365902,-0.05162178411028415,50.66113183332601,0.038386182560583196,52.53602954305635,0.04767758910909089,53.752274812882106,0.0011896489499077759,49.54789108168203,0.008890102175984708,53.949496357772176,-0.014992253642796268
1025,50.838825091060514,0.03881709060168215,48.552493782149014,-0.02440269208281745,48.49566076588634,0.07245782410552833,50.832062201266595,0.06543760704985552,51.164023437232785,0.02580288041199702,48.22268985160561,0.030797479414829885,51.259843681500826,0.01015365305196524
1026,54.63047038732013,0.03899836259130675,51.75980941102654,-0.004308169139891828,51.73097015989078,0.0685505973586089,53.61602162239744,0.06981134168418578,55.07824641094718,0.0354484523370646,50.670408903894,0.04020735230068005,54.80887743701976,0.024935993153940628
1027,59.540442378058415,-0.014174972085495471,57.65699504242936,-0.057259152658614136,57.17912383917266,0.03530166907622652,59.084314515402355,0.027736619997688623,59.53809313958746,-0.010335900051529208,56.02981804602734,-0.006604701788872068,60.53132887458203,-0.026219383130767424
1028,56.0632227509886,0.031205419783792567,53.824982182046064,0.0014951156895534543,53.28442230501355,0.08003003794827639,54.41675790649774,0.08007249250077082,54.50944158997254,0.04420070785504571,51.58530612808644,0.047982142030166146,55.60953023058027,0.03359182568590538
1029,57.357375377160444,0.06589274306129932,54.06974142576388,0.03197640607121285,54.1605754601844,0.10623604835928248,54.99478908694935,0.10662341746511918,55.170308562770956,0.08883630530196036,52.595103529579475,0.07634325994864469,55.2040606479816,0.07352800654603123
1030,54.42086821895609,-0.0013169620997225719,50.853194991435075,-0.02743670871212953,51.34229022537893,0.03680619207126337,51.66282892334135,0.02853226539193264,52.16808354311915,0.016856384371135156,50.19682780402463,0.013255608968309523,52.40190260572453,0.008444341958562182
1031,48.185337451802695,0.0027581734419971724,45.02049482522537,-0.029812650936091114,45.491469396909196,0.03872019292414847,45.70901738637501,0.028736999586788277,45.54533167178871,0.027390271836441247,44.085925957356395,0.0022916894055836166,45.58890766460759,0.011388875871290418
1032,43.63290861024539,-0.040872486159711924,41.40082850251035,-0.0628326392124397,41.34080114838824,-0.00874940456656104,42.00736290642352,-0.009331769911199765,41.32978005827343,-0.00941058943906804,39.35026337899333,-0.031053824859347566,40.666386293933925,-0.0004399770917493523
1033,43.87225131169665,-0.06318517484597636,42.74444237006267,-0.0762153745848646,42.06850146592275,-0.048622842670897136,42.24998601566446,-0.049103337454497374,42.02619014547822,-0.033398408816790584,39.72322460356637,-0.0520690993607162,42.44440208075865,-0.023870796538964394
1034,41.25561821122019,-0.09683606860543269,40.32352459568838,-0.11299440541611364,40.234121215154,-0.07208425805437121,39.648501156121995,-0.06743319265344246,39.029461958809996,-0.06337731814015352,37.17990140185495,-0.08245984060880099,39.95062073575064,-0.0476975588653327
1035,39.5002481465246,-0.06966209343415142,38.38292130121661,-0.09175900715547342,38.60224275952806,-0.048151226100497185,38.48231798049444,-0.037475985642489974,37.51860028854237,-0.03593084586160172,35.38080717506933,-0.05079027161294407,37.968140823221916,-0.02100250415427145
1036,42.62502118069375,-0.07302707414864396,42.6086290631553,-0.11004483261494719,41.43490087141325,-0.06265219150250781,41.71732400862347,-0.04210970612906456,40.67081937543974,-0.03592334710387344,37.87348621351743,-0.06087026467620044,39.8703421757991,-0.028815574235676662
1037,48.60213281705953,-0.051958881512803715,47.69307707966837,-0.09886472521005027,46.91757340023769,-0.06027155783209265,46.783894749218284,-0.03613590843531766,45.954695088246325,-0.027255922196445174,43.276516393440936,-0.032859793227681434,46.01151648855456,-0.012805260392876362
1038,46.30342220194353,-0.057609108279006414,45.46184202351425,-0.09677479306617735,43.30566686365905,-0.06183664412352644,43.580415133407925,-0.046611499183918235,43.079218924943525,-0.03705472904485397,40.399536705159335,-0.031514410122776115,43.0424283457705,-0.013061787586508625
1039,48.78916625422324,-0.0879518539914659,47.46723366795411,-0.10995385313934529,45.97507177262355,-0.08147363304954251,46.212566210567154,-0.05429565699576294,45.32827023469171,-0.05395133438720507,43.880976849715616,-0.06767509480951325,45.52085815652623,-0.02031284973122205
1040,48.55762746723106,-0.07941403976725801,48.98963568701605,-0.09377081410787232,47.35556742979439,-0.07669183521483615,46.33126595714523,-0.046044898020481055,47.138670391767796,-0.04377668902001415,44.93124744085144,-0.05871750138235565,45.58266990412301,-0.01743851999774739
1041,44.04509792239804,-0.06526449026494398,45.67573022955152,-0.06910026311451462,43.433003543774944,-0.07043952952739868,42.72191049513953,-0.03188568130680004,41.793630825326645,-0.039114269902189656,40.51339214071242,-0.05528046691305466,42.424883273708545,-0.009534690572394179
1042,39.85794482438009,-0.06640947275163375,41.13763925543516,-0.06851275539028895,39.18184151939155,-0.07837115722163274,38.178506731633675,-0.03726130336654278,37.96484937688126,-0.04940505624973383,37.5116480959099,-0.07423583711001282,38.540334159054055,-0.021071615891674757
1043,42.41170803181753,-0.12519007863119175,43.64750787422513,-0.14109969625806243,41.171899470310834,-0.1263368093688712,40.627479405930075,-0.09408533059816349,40.0526886901867,-0.12929984046887333,40.262989596828746,-0.1265467606769524,41.49034918584191,-0.0803432054799408
1044,42.08346247634778,-0.12111140115452597,43.09832706247495,-0.12776086768479838,39.55020794375059,-0.11138747475555354,39.913166073967545,-0.07702950740840497,40.23641314895289,-0.10567949685171871,39.648355590009594,-0.11604849611673618,39.46392628818242,-0.07072165133924418
1045,42.17234979680769,-0.08639260184730604,43.40390319813232,-0.09027907144154226,39.62808376475348,-0.0657198743495682,41.27112344963802,-0.04983811056635609,41.50259531920872,-0.0682906483737097,39.96719433118534,-0.07597093971126559,40.21449351532709,-0.027649561152234624
1046,43.091084448182585,-0.09410619105916934,43.46896050267297,-0.0785072662271056,40.03745992196802,-0.06654432787877565,41.718134114202584,-0.0517611506413837,41.506686594935054,-0.07081390076246379,40.66040981844558,-0.059349588675717026,40.55154267563636,-0.026586420463488483
1047,42.376352678746976,-0.05678575838069059,42.22308255123358,-0.050068951689196325,38.42753006116829,-0.04262255667600092,41.182912941733285,-0.028225316657480494,39.89196385620983,-0.04193430084065834,38.998311593340446,-0.03614587446608412,38.38285128188494,-0.004358098382742294
1048,41.07131010724643,-0.11238735069347003,39.65409175066246,-0.09677032480431094,37.497837919438425,-0.0829646754556591,40.35292716174466,-0.07388718043063419,38.30396485166409,-0.08334219790387601,36.669613939843295,-0.07850675426918217,36.57522151499372,-0.057558859922381564
1049,42.57259787813651,-0.13502302388551823,41.08015581699232,-0.13041651376254698,38.6246062427553,-0.11042137456604237,41.98779249939772,-0.09823168773325677,39.79087292078518,-0.12558605758785643,37.84763210937631,-0.11331506006161442,38.83380201239193,-0.0998334719306178
1050,41.78694306448712,-0.06571522259028434,40.11426763762029,-0.05168777162662313,37.648908186795694,-0.04166263410232528,41.564405593069715,-0.02733617019083971,39.338419738799985,-0.06517320704863772,38.961110249127394,-0.037686380340006445,38.28566997666427,-0.02965297879264468
1051,38.4450800573945,-0.10789772445659962,37.55020535880122,-0.09881372840563944,35.910492169184444,-0.09722284210972594,37.756024717642134,-0.0817547803431556,36.305964637055304,-0.1092949665520193,36.57133131701327,-0.08853595472125109,35.301880160533216,-0.0921903512195063
1052,34.164474890550935,-0.08760690496396184,33.046416195346026,-0.0862979935661801,30.739847661391515,-0.0756838166326239,33.13560902643128,-0.05982655694274555,33.59042143948635,-0.10293580880454478,32.619450335809404,-0.07935851893938796,31.90823212605745,-0.066535871302961
1053,37.348980254582806,-0.08754816340884919,34.033385846278165,-0.07861598716556836,33.26520604047269,-0.060244137096610625,35.95273239147103,-0.05259184580930988,34.53982427852585,-0.10565614322184992,35.48324529602916,-0.07108064821459881,34.14230325091468,-0.06356812070591508
1054,41.117789581347104,-0.0323373804419788,38.092449517642784,-0.026153011935314937,36.182145110578006,-0.0018617995432642295,39.270345486285564,0.002571937698370892,38.12504842857059,-0.0527997646691268,39.03627605469458,-0.021650251195897082,38.46929124704975,-0.022535212936418438
1055,44.27879199291331,-0.011668415715068067,40.9738018450102,-0.017115733583161527,39.085000864497296,0.0002698703856710456,42.51070459824942,0.023111449787829773,40.47151960383183,-0.04363365160206466,41.894224284377884,-0.01826904303365568,41.386690976775064,-0.021388429838954354
1056,44.214980634652605,-0.029534549515313754,41.34252706372635,-0.027736300202212204,39.11846562993979,-0.02251505545617905,42.44798647374245,0.011643170868879026,41.1479364739142,-0.04994394029603413,43.118575512358134,-0.040168112673218154,42.21275447850917,-0.046102700894621026
1057,48.19311030459343,-0.004583920973463948,45.241376208033145,-0.0005828798745172985,43.0017970955474,0.024677517810373324,46.911810481908695,0.04126159905573944,46.237170971899594,-0.01374470116137282,46.78390130878056,0.0010690110058565044,45.67006206895604,-0.005263274067839056
1058,51.45307600671621,-0.06142719458951869,48.03214779548149,-0.05269889452070678,45.32264572501346,-0.021258127731728527,48.369780567073576,-0.01183814967879148,49.61313299972247,-0.07041773744447362,49.65934049056301,-0.05507677006841964,47.441735239053706,-0.06970957905008034
1059,55.33764449814194,-0.05960905268526502,50.999050511541036,-0.032556533339823474,49.67538670282493,-0.006285007809348705,52.242438032056455,-0.010222277132253006,53.2803665835788,-0.043137881146758976,54.24811355572424,-0.03758511931581771,50.46654648156284,-0.047738365523992896
1060,56.018168569532385,-0.10269238532305708,50.70884638767683,-0.0718579174387579,50.52139990803753,-0.054969396650234495,52.60390376295389,-0.05615675624230422,53.15739326619172,-0.09474513541917956,53.36420941313666,-0.06935285493978363,49.83216566241148,-0.07591121625028018
1061,57.64985883617402,-0.100192060964827,51.86866203942791,-0.08269729909704981,51.62189303692598,-0.0597801543112222,55.117256908606144,-0.05390737316239569,54.46466473353163,-0.09270438616949508,53.864443283126135,-0.0756820736325244,52.06503178221688,-0.0703564959999237
1062,55.95927608776016,-0.060140327682476825,49.3901290004138,-0.04247494952431713,50.45845520460731,-0.03723428979368879,53.71632075254538,-0.025069739507105546,53.9653225634025,-0.04106987713031353,52.7388609319693,-0.03403577255067148,51.43159580049753,-0.023845993323616532
1063,55.31504498262549,-0.010524648940734176,49.789767620004866,0.007418929969632879,50.343713376449024,0.018874733770085396,53.797373302723976,0.03930590044618082,52.93640151002724,0.013257430550950407,51.827779561442895,0.022698136947928202,51.362601519931616,0.041002709764213774
1064,60.19120529401881,0.0852552266737909,55.23471756208615,0.11857873999367888,54.63994226791688,0.11424264584108608,59.014842414531216,0.13991713224627716,58.65650359051398,0.1301731626913689,58.18019410296898,0.11609488346038091,57.05336307670794,0.1399327092104941
1065,54.45971584937766,0.12059699581166336,49.87472279462185,0.1642443818369246,49.464481817592684,0.15018027469610554,53.280269858177256,0.16923460849361727,52.58682501602305,0.16216039928121712,53.472499794347016,0.16190035263439762,52.64159379232617,0.1831164715621865
1066,52.623918062970375,0.09468178605946623,49.3350751680391,0.1539605620919269,48.33642838695095,0.1419787598103022,52.33933379944525,0.15233138739952212,51.51039447529378,0.14251836678413562,51.405577091478996,0.1367222888954013,51.283277760047845,0.1577296034602269
1067,56.73862264337796,0.13323006255811504,52.64099113796774,0.20272452321073042,51.564841867030076,0.19060048586168907,56.377369836583185,0.1903337675725578,54.40378936299184,0.1946507743348333,54.22742073634598,0.17275800869440108,54.38353095107517,0.20680799229296914
1068,59.21638751279441,0.05681056336751314,56.67892217675515,0.13534069948683108,54.27435547149998,0.10106077923903625,58.748297828129346,0.11248789963725998,57.930665204338524,0.11496181019375436,57.2887758313998,0.09076106296353484,57.59844156674993,0.136479632878924
1069,55.724419299996995,0.06676958971094338,52.72959848815585,0.15987338425399428,49.540801158124914,0.10681256064050416,55.07377625513136,0.13082158575227998,53.81063948794133,0.12542094275728646,53.75834844447471,0.11317580932612878,54.05293549531835,0.14997304379449822
1070,56.53369328556418,0.041232085542491276,53.86996706419587,0.12794159134833652,50.13761331204275,0.07335147256001158,55.9972676286148,0.09510445819833983,54.175823632308294,0.09185139000032691,54.79022082919254,0.08954489851932261,54.695822782647745,0.11817130340733081
1071,61.579702819290205,0.026097980026759546,58.06152204373157,0.13567507104898663,53.797601892107,0.06595471920705304,60.11314732961608,0.10345364760969891,57.83433717642005,0.06848865841678999,60.15057759577669,0.07597127443521247,59.096798759041036,0.10395778856521201
1072,63.38140922590337,0.004852368650496167,60.21942011114818,0.10087366792780103,56.278486614544754,0.038297128214964726,62.897840537079404,0.07488536344029324,61.03547468845414,0.042551411075373705,62.229945678461675,0.04331054112402296,60.943555535660174,0.07644563530663806
1073,61.92996915446167,0.03298506650435241,58.42416152999184,0.12695128439010578,55.83841985767657,0.0422102487389896,60.91891219697857,0.08371570339286005,59.51793892619201,0.06411508113122642,60.98288888691034,0.05632809931353678,61.22440689504403,0.10421242947733818
1074,58.44383602585981,0.034543241870215985,55.241783488517406,0.12315868722353689,52.83072099628271,0.06093139209257119,57.55745655575944,0.09264239926282829,55.951574146548126,0.073404912981127,57.78993471227811,0.08322886016694657,58.254622554504884,0.10988964099525488
1075,54.055810910973356,0.06891412417495699,52.30639044825661,0.1678984521097528,49.866853821341536,0.09822659677165602,54.97946864236265,0.12412194675522206,52.97690650107921,0.10509469273715921,54.400103002681924,0.11715287699670905,56.313710490663425,0.16560842054456099
1076,50.51741227277688,0.04213390074877273,48.01957552891663,0.13186361474463792,45.86839671971062,0.07007416408151382,50.71335769226393,0.08776111277699411,49.853513480631904,0.06608572692859219,50.258954457577715,0.07583264304832997,52.339025937137706,0.13301739723446845
1077,44.15487667670148,0.09654403841082151,41.969360511499325,0.1850462882134872,39.66081808232164,0.11467204433914505,43.79484263408866,0.14376503044137123,43.93034031733841,0.1147901455750776,43.24240191336672,0.12758488469291185,44.76505432810502,0.18067069536767796
1078,46.68214106021508,0.17275429099063525,43.30893367550493,0.2656622745675145,40.88800434329197,0.19505439825975968,44.7711508636565,0.21749108147113813,46.27721090957116,0.20252824543749604,45.48843539555308,0.20841760924250016,47.162555873379965,0.2491656837554189
1079,49.69219688393379,0.1849019368320617,46.77328178106083,0.28088895644854256,44.2116758964828,0.2147741901730994,47.31808270376674,0.22495468799042434,49.368164520403745,0.21879876236308535,48.056886237316974,0.23124701123077823,49.74431902048999,0.26896690593007877
1080,47.31825908182748,0.07343221739114639,45.48629000900549,0.16952604925912867,43.650484761462835,0.10983750648204066,45.170716148290694,0.1057748268518846,48.390195544012386,0.10370689310753878,47.45315375253494,0.1167496794609916,49.43449249702859,0.15370670847177131
1081,48.82052523021276,0.07224071542787831,47.23850997402491,0.15667384743161958,46.16133156562293,0.09893234797398875,47.03541534046064,0.10086290790444888,50.17071279538655,0.09193459440558717,49.213021398666115,0.12367951404885474,51.319836868665746,0.14582464990761848
1082,48.94915395703785,0.08578483046988908,46.23751463582095,0.16264174675843823,46.22316497006227,0.09674438266146693,47.83699099838364,0.10370582372808661,49.56388931524229,0.09817477723792033,50.210773465018484,0.12426615720221987,51.285049758004945,0.13448922540262295
1083,47.18278360649321,0.09698088197666585,45.03332337591516,0.17558588878787118,44.67601532892897,0.11860987608451803,47.507968953498796,0.1182872984137166,47.85059145615476,0.10664884983331263,48.63245568303579,0.1448482508425748,50.7147790815163,0.1410679580921609
1084,49.988003479554806,0.07780649959341564,47.034800615045775,0.15969006762839003,47.264564175643216,0.09136007452520642,50.48809692008991,0.11080374623463582,50.486082264556245,0.09675786379987622,50.07023077899774,0.13136005601024547,53.300593291286525,0.11439480628879328
1085,53.399886193736165,0.09316556928717487,50.73632634482027,0.15553893738867636,50.99410842797313,0.08895572071679167,54.30836350592904,0.11261189942440705,53.62843089658277,0.10815702250195931,53.93020459044058,0.1404584411698172,56.760086618508225,0.1260299467976752
1086,49.62972801541309,0.10697710104360733,46.908660497204295,0.1623803853435005,46.49578684799487,0.10017326106520427,50.02927456452685,0.12850787719639148,49.60122755692804,0.13074946567391982,49.265454667515556,0.15621353410387487,51.6369597592826,0.1439422576848763
1087,46.46361446620786,0.1644710280697429,42.056451853849154,0.2188182348239708,42.4491153321728,0.15840380109254742,45.97766176259558,0.1834648905003,46.43686886281618,0.18573210698641757,44.14406418855032,0.2198781933834585,46.853034165082185,0.18939188307604218
1088,44.25417793859079,0.10404324405597672,41.744942539205454,0.1624028641236678,42.554032809744385,0.09997966462561084,45.92318505379857,0.13707621771226303,45.19139252994048,0.1304003116118842,43.35998697592795,0.14797928587464534,45.15092375208998,0.13051822405782743
1089,46.49838104825977,0.15664138270750627,44.30047828420015,0.21834107792072388,44.89318969917525,0.15965477359601993,47.98096057474357,0.19028175382191834,47.33029623176143,0.17773140930698125,45.83589601000335,0.20038706074798793,46.95474029247976,0.17469789163175786
1090,48.855192678843466,0.18116314268074768,48.22193687569624,0.22747657424600712,47.18349998145676,0.17650115147436451,48.994349586037416,0.2206127236775933,50.5612702708565,0.21189629910920976,48.199424452909525,0.220055092210233,49.40249180916176,0.1964196959088542
1091,55.859032916609706,0.17023520528064537,55.2219887354586,0.21790884460267876,53.60142684527996,0.15979449368925103,55.605291455673665,0.19819132311642632,57.57330931799636,0.1866210395930174,54.91720710781668,0.22049731742758216,56.45166086980581,0.18969760313128078
1092,55.86895707582823,0.1764906584440312,54.71600707173504,0.2152907144762583,53.19570743596302,0.16075150693191842,53.913271186505504,0.19871814785299258,55.81490342502629,0.18008813516343475,54.596184860608936,0.21466566161444195,56.12013201530246,0.1857529996376367
1093,58.02694530044428,0.1995711169805658,57.30639308034296,0.24794879706073936,56.27862097016322,0.1935373351009155,57.25023869444564,0.21700545188777423,58.24380001863082,0.20960869048605177,57.60831535553778,0.23239610173625255,59.34681270183569,0.2335299394242557
1094,54.65561985441114,0.18343253703879328,53.793090415672864,0.23256363141615324,53.91042794687366,0.17385232367412484,53.14371295303943,0.20257945274651037,54.77752477547795,0.19391887190157253,54.71531239685127,0.20987827468744927,56.08148352569013,0.2283355622667392
1095,54.227392553591834,0.19329062849545217,53.8278017078249,0.2525617341274654,54.33644276382418,0.18122369386501952,53.302118625341066,0.22030275926491452,54.885902115431634,0.18994556979260954,54.82913296220953,0.2125959856793494,55.70458525060496,0.24158794717847137
1096,57.58814174181313,0.17573443496947888,57.933706522989496,0.24759990982929891,57.37808395995315,0.17503464545747438,56.57051099935488,0.21312623765844022,57.917236156882474,0.17844037839879023,58.510871578029644,0.20122029069114183,58.756686883496805,0.23424893873383487
1097,51.881989323248696,0.13424220292354117,52.984545763056694,0.21942236914605726,52.55174709227934,0.13975268512540204,51.6516803816272,0.18744366352363287,52.81433191230939,0.15042803389856774,52.28065427165974,0.1637970398386697,54.18345602995152,0.204499123159318
1098,56.72074474618383,0.058742384992583725,59.21405616539903,0.14342005831278665,58.452166652155796,0.06076369022298378,56.754456169363706,0.11319690025202336,58.261114900668815,0.07137672640877996,57.63075901874888,0.090734698706316,59.27018293858594,0.11732630175166137
1099,54.24749926151682,0.06554236029829014,56.2023176451526,0.1532615675871166,54.53704819111504,0.07461139940831382,53.76338957943161,0.12481976258797334,55.69639451697359,0.08301006766396554,54.684136068202484,0.11069317527836711,54.99434543217687,0.12689714299104687
1100,56.281639109143356,0.11198765397086083,57.547135063932764,0.20586083728229515,56.022820642273324,0.11703577301198059,57.14198555748019,0.1608033105359275,57.47390093000828,0.13941746212122158,55.80408680822286,0.15389739057488042,57.0635421187723,0.18940347057370893
1101,49.70110534506712,0.11213245019083598,50.6028467785815,0.19634665862706432,50.145384802614586,0.13075128390825688,49.68795592128028,0.17089483458626584,50.57449478069859,0.14232324055743947,48.803530410127685,0.16251220938630445,50.33308991455013,0.18749860050290199
1102,46.96732979890033,0.08181026751103801,47.26285023234463,0.17155623508154008,46.893632959050684,0.09471193340546674,47.89105637779294,0.12256389128559336,47.13795297835455,0.11459875693002744,46.28158369885764,0.11970967414176445,47.63319038427894,0.156700145677601
1103,47.866292835502875,0.12647552815471305,48.050283486082115,0.20506544032943674,46.92301216908733,0.14496093313752922,49.08994972011432,0.15948372995160146,48.3475617324393,0.1556907719401171,47.099879364857564,0.16060083053479068,48.510051699676204,0.19293016179140463
1104,39.731361286339165,0.052384366645224924,40.20915993020069,0.13306855848923638,39.4077423818527,0.06780239146255843,41.870072574529345,0.0764235519447989,40.11494439989506,0.07277226175991777,39.76317473859334,0.07319804483468742,38.91293320136167,0.11428308139805862
1105,38.82214438137271,0.03657566372256729,38.43873523644077,0.11126355151791237,38.29190350640603,0.029073930633513285,40.162401194005845,0.06004257940513862,39.31449328745095,0.0518164345577919,38.75050153679522,0.04378358976533182,37.38798132343248,0.09943284842923225
1106,40.08851661048101,0.049938281170348243,39.08429277335967,0.13133507974323044,39.1838397556159,0.05077084559037859,42.325632878921056,0.07486497454503216,40.99621100185395,0.05994058564734866,40.33710550996464,0.0672832726692957,38.72799196390187,0.12289138592085638
1107,39.648856870787114,0.07579024994135104,39.36389519249273,0.1560829071996459,39.68779364979248,0.06938308210545335,43.862164160749096,0.09985590032841707,40.84464117699223,0.08428374220186913,41.73636724478704,0.10083832214873638,39.46465699103794,0.1454081882804905
1108,36.55557363652564,0.019529101208620638,36.26958936220884,0.07969125071740177,37.36892059611607,0.01666303755211351,39.933625883378184,0.026474563872339492,38.07183349543878,0.015663247895798333,37.82398658966145,0.048077254671736215,36.4524341078075,0.08785554778380278
1109,38.823912542544505,-0.033974644487231156,38.073612685851835,0.03204494893207293,40.29117100505616,-0.03618148163168232,42.151584043758064,-0.01200777246730423,41.24014975961916,-0.03656772354204685,39.980487068979926,-0.00926326334182725,38.54243012378693,0.031109947422670654
1110,40.15592616483973,-0.10878588445322301,39.32505718099127,-0.03489377169418048,41.544448857798756,-0.10648834318889747,43.77900454823696,-0.07576226674988783,43.347196821970016,-0.10028486116152407,41.59069825186555,-0.0679987564921482,40.731548777142436,-0.04213576716450489
1111,42.17092216338343,-0.07360871520494883,41.55764792107617,0.011966139282787808,44.292411381739726,-0.07058794220785405,46.18070006295814,-0.028596955552192153,45.6770136741563,-0.06941653242106957,43.80110473683786,-0.03384754539377514,43.35782471123713,-0.010826423614018896
1112,46.433089839844115,-0.00770516222935555,46.02283135357386,0.08128106837303262,48.28293729454984,0.005268769309119282,50.39843737434707,0.03538976193352478,50.24613157796357,-0.0015194723025055389,47.145006828221895,0.036207511694482074,47.95828001650755,0.049740290895771366
1113,47.73996500810001,0.058914220907226644,47.02276022723435,0.15049048834642606,49.25775870127794,0.08584954234220955,50.69601033792204,0.1176190540386594,50.49871252392919,0.08727616412400944,48.27216561642394,0.11846304387502486,50.23497443646379,0.14353928916289793
1114,45.332139231892796,0.007873066479779485,45.043974591176024,0.1004562027448817,46.18794001214142,0.0391477458036496,47.532400991939184,0.06877939764883621,47.381317636226285,0.04004000122943395,44.811857027007306,0.054682213864128554,47.49771064165689,0.08356650124035184
1115,50.15593395004066,0.09475361520198458,50.09139622124802,0.1783691250931539,50.30829053856892,0.12968374000116029,50.46755441374539,0.13874163832759123,52.015547699031984,0.13235979946390405,49.300077041040254,0.14810129485560283,51.0190170792627,0.17136981089069822
1116,51.46322686042866,0.0799423466066573,50.22083635412855,0.1669776794058918,50.72366018866569,0.1269654645367417,50.86487384527794,0.117463148869348,53.632928207547586,0.12833462668899537,50.209592224234214,0.14440950397200064,52.430455314203954,0.16818154671643307
1117,49.4685883972634,0.0423317414543285,48.994382120277976,0.11722357782572132,50.57388623195998,0.07783449988450428,49.50095494164087,0.05710798202994845,51.87207089945705,0.07319529380011444,49.097526227282216,0.10578626065466538,50.43580693331194,0.1308621513960212
1118,50.36501004472452,-0.012983506831774187,50.40400251281464,0.060203980674354646,51.79437920054931,0.015228637895664587,50.86132908255641,0.0025329724867369716,53.15582646197924,0.013713418660138591,50.495553884006014,0.04013409043657269,50.94334163039052,0.08142770533279142
1119,49.597174771760805,-0.06337398882780017,51.144562623644035,0.013915550985818852,51.00799174670985,-0.024254524050895176,51.30482059332416,-0.050944731148019284,53.656330847703785,-0.04693167866248937,49.65505040707468,0.004203433570640302,51.039944371319265,0.03195527670333591
1120,48.06681686439941,-0.07990462544543805,50.659580946599256,-0.00973769295785129,49.508176573165166,-0.03541986785311011,51.0605439740171,-0.06374535101802586,52.022698378302564,-0.05898835808807021,47.82909724910476,-0.007388590716759437,49.15567504302398,0.0077491384911984595
1121,45.62547967099579,0.017674697964681803,47.48895110973684,0.10331205091626025,45.90765891801709,0.07339482403510444,47.20432893391106,0.04500775398138486,46.88361135713311,0.041885426407047684,44.0317827266432,0.09533344924837922,45.65871778410581,0.11823246146866426
1122,40.539924137920444,0.035161038042955894,41.53876657305655,0.1327387135535071,39.663481627886995,0.08582598602219518,41.016524910543176,0.06963264721975385,41.6724235145812,0.05996795517259014,38.15673521802768,0.11410576981695787,39.97586235606297,0.1424921419354957
1123,41.898793988399525,0.11115479629567393,43.557071395637564,0.1984370196485159,40.17977655117443,0.148588855208249,42.4989855135945,0.14965980964100067,43.56957151256754,0.13819510321364425,40.07097287610607,0.20173175970545948,40.54882018006397,0.21595311698385383
1124,41.892748639463335,0.06227477980043086,44.09622138128806,0.11657083463780583,39.766305797902646,0.09049989285520693,42.5825382118504,0.08418054188538278,43.668804422390394,0.08527486260617836,39.76539226334942,0.13249332848078985,41.4167060126953,0.16025113077574515
1125,42.37917679385967,0.022425864742873086,44.49334897800518,0.07665843854586184,40.06933388090589,0.05449675178720604,43.74435546197708,0.0433765743371782,44.28184806641846,0.044342163418236547,40.02133189606649,0.09262343299040068,43.060798489145824,0.11446835801799404
1126,39.846710774947745,-0.0757641921255383,41.97190889735182,-0.015201507716077329,37.53636084763126,-0.056185097744388415,40.78598963876745,-0.053506300410810746,41.23781324464243,-0.059604651202390474,37.39290702216482,-0.0069290379781423855,41.08621936987356,0.009691689298586548
1127,38.61712516500387,-0.10264112783877728,40.736842368048386,-0.055596577429303864,36.60730794387384,-0.09506772670658205,39.79253122866242,-0.10593537463178282,40.11655765532505,-0.1107085670099834,36.936369004038916,-0.04577435956199495,40.06651294787903,-0.03181811777098342
1128,41.355143104993,-0.03906742232601059,45.16939316728289,0.014517544657046768,39.99889311063655,-0.03600992961024929,43.15163387750553,-0.03172912115259181,42.05711863380408,-0.043307459511243464,40.5903803807658,0.02477281072631708,42.710335876894334,0.02983256269492671
1129,37.13562345183848,-0.037993104136627154,41.338440780340335,0.01515785918314405,36.46746095477065,-0.0385578712207182,37.84299564186168,-0.029705582917747317,37.302356915930964,-0.035313509701162794,37.190179457442504,0.02018258698593859,37.75486038382577,0.03524622972339592
1130,38.17488497805697,-0.05522136708793779,43.5691428748284,0.008597911657912034,38.279089038189646,-0.04752728170020673,40.34613695897025,-0.0416154418088593,39.36058450562628,-0.03394796030364361,40.21018665221427,0.015418281284600144,39.311562602899464,0.02881092369474039
1131,40.02619516976146,-0.09236515890002336,44.675794731657945,-0.037515130374591164,39.16014433980174,-0.07980551515970308,42.019212499117955,-0.08237812002847478,40.42947050671357,-0.059622896294052596,41.529674417627746,-0.017635175694524392,40.93399041158684,-0.01731606855688087
1132,44.62473515186764,-0.14255655510937923,47.70665532684683,-0.08592294412917595,42.61175202406534,-0.13125464608435186,45.738742616058175,-0.11203115482599886,44.57831679076823,-0.09655243874126755,44.37802686420457,-0.0537132743876388,44.5227065700783,-0.06876764439813494
1133,47.97823971387702,-0.1592697298569863,49.91104913140078,-0.11125449977848553,44.74812252996295,-0.13401849985254066,47.66591430319126,-0.1384970233943393,46.85149410325217,-0.10289110200893027,45.25412515677444,-0.07737033954229698,46.76377917795041,-0.09909897209233709
1134,47.70273173489626,-0.19701173328849136,50.34053598617136,-0.14692385672996214,43.2367022309285,-0.1734360271000363,46.487230188391635,-0.17788982558879704,45.80474889472529,-0.15494474604868758,44.122275691977464,-0.11266711793305996,46.9857917800723,-0.13581709761961785
1135,46.8369615746486,-0.2216972682797464,49.69284955410011,-0.1655095095625832,43.371309570310785,-0.19281722177065833,46.42835103062787,-0.20644966748922905,46.56438278483166,-0.16337544178591643,44.93648475634703,-0.1287592961322206,46.597529140774284,-0.14563867764279864
1136,50.0350097083157,-0.21364627647008805,52.27387514322197,-0.15304053485649768,46.703434691573676,-0.17521120385557354,50.74343710731317,-0.20156945138800453,49.963942236676495,-0.14983110189146567,48.75874884642613,-0.1294302757422064,49.85394697614828,-0.14398993292094078
1137,50.223075409623775,-0.16684862327101552,51.407176638921214,-0.13108705139506416,47.09687048314254,-0.14176968529428313,50.136706439441866,-0.1633012235147937,48.95585536043056,-0.11755556632532509,47.48255961382874,-0.11441529965665762,48.15990068856671,-0.11045274518799038
1138,51.58431747442936,-0.11642115249913468,52.269344699432374,-0.0872637034715399,48.578659855139904,-0.091155628447202,51.18851962486267,-0.1133730325160571,50.88465492206648,-0.08212509049979641,49.11742932797813,-0.06882497870207865,49.12446928657728,-0.049349997343727345
1139,45.2117404727549,-0.18276754248088523,46.004340330043746,-0.14614457140209294,42.60399920964518,-0.15906777408760825,44.94722064082096,-0.18777732529807734,45.72376442417493,-0.1557301373420098,42.888842838747564,-0.15127156227555522,43.02645958436271,-0.11870105786780101
1140,46.55584382914049,-0.19102316241196945,46.96066603905584,-0.15441894327690708,43.86036413363396,-0.17347849298868515,47.004265038764345,-0.19069629629680873,47.57969808173947,-0.16706413693675698,44.49784168654236,-0.16639855847000032,44.88974913908418,-0.12854207788404765
1141,43.06277330378925,-0.04875793116181561,42.90906493478162,-0.025754812143063938,40.15611539652043,-0.03490938730698549,43.10028476324409,-0.05046130833078667,43.06386670528433,-0.03274299717497512,40.67863738475229,-0.03534507982845355,41.65749216764706,-0.011118336538347668
1142,47.64646227486221,-0.033193826129289505,47.085686519583724,-0.018054687869007376,44.4217048057591,-0.04039537654118126,46.788017001799666,-0.030942945162842978,46.363504242184874,-0.02973632876963592,44.21879380857834,-0.029014520439419246,45.38352914790623,-0.006494717590092253
1143,44.365919490922835,0.017207349780340064,45.00113895801675,0.018567956172503883,40.04580051477076,-0.013257633989281922,43.52904111901003,-0.009461939257066917,42.56344510951972,0.0009760748829615877,40.39893203838737,-0.0007429578796504829,41.56085079121851,0.029494328249322566
1144,43.351703915860575,-0.051028382146517656,43.51794661044088,-0.06408396022659242,40.35257505315077,-0.09619804365297915,41.824099743809114,-0.09049480314786572,40.1335716870658,-0.0732876706870725,38.23092351827553,-0.0738495681176481,41.048628290343096,-0.04731521888787757
1145,45.01961807964868,-0.06790045244421536,45.237136601207936,-0.07472507248736822,42.007906908621905,-0.11680463296598809,44.885604463150926,-0.10725287754370805,43.19690779165888,-0.08966418689291601,40.93440801656396,-0.10130996862816295,42.42255682467481,-0.07259758441834918
1146,42.65033254908949,-0.07325524401067587,42.31683447357795,-0.08901652046049548,38.90632564564867,-0.13097375345811807,42.26622904811166,-0.1409856425414717,40.128391056510814,-0.09261041334936088,38.46414726551086,-0.12396442499246496,39.49892752487176,-0.08989056389629221
1147,34.96470071991966,-0.06534764362815146,35.27084948966111,-0.08083110749778637,31.54148750515165,-0.1068451793140869,34.09561749745706,-0.14283325068622688,33.83173428409355,-0.07700215677843386,31.94237872248455,-0.12484260496682797,33.51191366356983,-0.08786068144076609
1148,39.1391455443704,-0.036639921153344586,38.831061111350856,-0.045564770375828886,36.01271751542698,-0.08255850015388987,38.220667419342774,-0.10343466090791975,38.536541169390894,-0.04287763161413842,36.18448928967816,-0.08715612783710144,38.4019220912976,-0.046375610447800544
1149,39.60012573843991,-0.0819938099708038,39.21090820579214,-0.09171924546642109,37.7137618456196,-0.12021507914258099,39.80821439376412,-0.13927338193271674,40.51008707108444,-0.09393369681877564,37.60677726279715,-0.12278515067500632,40.07620902724224,-0.08377825458265936
1150,43.92444566199526,-0.13514396444427948,42.6614904564548,-0.12792876863016256,41.39976200323248,-0.1565470887052193,43.24051153494105,-0.18067690205085032,43.72554864433174,-0.14215374091502675,40.77749900377714,-0.17156545837065362,43.456457594082835,-0.13224948725044222
1151,46.60491772007081,-0.1219381631620696,47.08476249211688,-0.10302411372536244,43.66170232629215,-0.1269701450745399,45.86344214130894,-0.15018370191444513,45.04133766061426,-0.1385902300534148,42.94906141504476,-0.15275160901746834,45.77612766372549,-0.1161205584233942
1152,47.24227101418378,-0.04786220027582577,46.687510288436734,-0.0486988965432357,43.980042629758984,-0.04471561638683431,45.86174462736912,-0.07439491029744102,44.657054503928535,-0.07864243911090661,43.38997706929802,-0.0858789804536366,46.45591294534583,-0.04117280845442366
1153,43.94805685480299,-0.01967913558590665,43.327958860501596,-0.009825600292812455,41.676327922595334,-0.01958817993563027,42.450031101411255,-0.042519663252857616,41.18212214043831,-0.03863681148328609,41.396791003296336,-0.05203997475353066,42.10347687423877,-0.006203304369319512
1154,44.641493575270125,0.04690368710586231,44.23996768204502,0.04446649538859638,42.62472571696201,0.049326709665291436,42.94498689774463,0.03887447614547826,41.88727209249305,0.03088902642207628,42.756201849212836,0.027239178598557203,43.54836461272892,0.06419237282458527
1155,43.980747372679645,-0.007286456205188659,44.181567900113066,0.011852270581040648,43.339787394909884,0.0068754473299775295,41.77807129061834,-0.008035989683329844,42.25621003599266,-0.004489074001173846,41.98626173792907,-0.0016362914057776378,44.12213975672164,0.013517604019803791
1156,39.58652114815409,-0.03014310457542292,40.06806180940646,-0.025103856195692397,38.873478705663935,-0.036226849380786255,37.343297252776374,-0.05642970728555599,36.806476965268786,-0.05268094340150254,36.72909810570869,-0.04411120615802813,39.864199720613506,-0.027866673022081796
1157,41.534811571020775,0.048357991172486126,42.460996398327296,0.05173871972789236,42.50411157527817,0.04641406750002974,40.12230607625035,0.018243120211472386,39.61402078764759,0.029545965090365747,39.44408874490294,0.03286188920482379,42.150220513559645,0.055336339803430085
1158,47.44752825144008,0.04331764507691532,46.78747365886267,0.03219447530805069,46.03213345351574,0.04403188352697494,44.973218004035985,0.02121357847643938,44.177334015892846,0.031571011005029,44.5940399952413,0.018832723420453043,47.44338200797051,0.05346131554995785
1159,49.203517494207134,0.06468461446894429,48.24571252501486,0.06623483119244095,48.3404938316888,0.07720208942202664,47.33742493685683,0.05499168649681016,45.88713161164681,0.060332113973991214,48.24411581576917,0.054674778960405644,49.05666162687889,0.08610635622119556
1160,46.91546616745043,0.01202816164677254,46.24498196122798,0.016438202134409233,47.05706271150723,0.0026956599738231293,46.53493590010342,0.002648512669208968,44.76619127218179,0.012127854833150646,46.9309048305255,-0.013396074888402809,47.921312678632475,0.030153461802606328
1161,47.457163428206606,0.03609447948008265,45.755777129363935,0.043539164702255405,46.958370181666886,0.030388439576944516,46.75641369665779,0.02648823248543144,44.0067310028206,0.03873874548394955,45.91346712309391,0.02307687541689994,47.33864737431637,0.07301956203710833
1162,44.493940931838615,-0.00918042696890713,42.82578456691873,0.01061102759941258,44.69013996150188,-0.03226091618099479,43.78703783839926,-0.018100539391514903,41.7571715238868,-0.012372597102983038,43.92311740268251,-0.016979373530125273,44.18988234589847,0.019991081849595693
1163,47.186975516198956,0.023226948499244702,44.76098038715642,0.02252122586762178,47.59993182417078,-0.011822773175692169,46.59134061555294,-0.0043802601416892024,44.23835366239957,0.012791008582731443,47.253733381441066,0.002576121756001394,46.24397553255416,0.04043537267061078
1164,48.62609297521172,0.09154657256708426,44.758703252107004,0.07291641823632324,48.71534644096467,0.046794102059923515,48.867842086075896,0.0554038915372381,46.3233984810652,0.07856677196555029,48.39346552117193,0.06003487459965299,47.17489879353145,0.1180846386785114
1165,47.480195584274334,0.1013715166452451,43.82016227225374,0.08333678783483411,48.15094374586468,0.06511972970584204,46.75807128445931,0.06141606767988421,45.313297981036825,0.08367009721916306,46.853564792772424,0.06975312680036325,46.37763232324802,0.12943748562010302
1166,41.553140004732434,0.0816011624118437,37.330082159186404,0.05358530400225238,42.22236319960848,0.019337394547736798,40.90025360530006,0.019641581638170365,39.9310306364216,0.05860502628609697,40.950099360571855,0.04478780361792548,41.320512495278614,0.08225287137735984
1167,50.02774593552033,0.05484870420070223,44.53992554988311,0.028508845441152196,48.83103831599473,-0.012005387157306487,48.74680528650004,0.0128946799216463,47.16482000069112,0.03336045306121631,49.34665998040943,0.019751508958807333,49.6022919134858,0.0463981452451288
1168,52.13492414391098,0.08979441518422517,47.713422313214444,0.06768967338604247,51.75200042799341,0.010306512534367478,50.05150301074707,0.0426897324170285,49.34984248300184,0.061017401723509994,51.16710287133336,0.05600801796319145,50.82294077024915,0.08928490488462867
1169,50.36686325125518,0.165422248445124,46.79239251760616,0.13901157444852988,49.8171426515203,0.0921635947317506,47.519873927525246,0.12449933666402845,46.951492267353665,0.12553109995994038,49.65744540797786,0.1341711358559935,48.41082570046063,0.15618239258958508
1170,49.09229252353363,0.134408786318966,46.541097872142096,0.12757671842889085,48.856215018209916,0.07212641450522539,47.35322614814967,0.10313850938831243,46.787559052303926,0.08855462021181483,50.095293126862785,0.0954028293237885,47.691278373187835,0.12378577186083439
1171,42.487102748607484,0.25005626292271255,39.068113826068846,0.2534910097047469,41.687494126115084,0.18105842946808903,39.66341011001064,0.22714204879542374,39.07006860126242,0.2127410146129068,44.08027864791851,0.20994378143626197,40.17273113092534,0.23825572157278962
1172,44.66143819225613,0.24502952857511984,41.60903570213948,0.25359682241520637,44.45887383342139,0.18897158343177922,41.80591407644073,0.21025258126193336,41.76237796805475,0.21326992085724059,45.50878950771274,0.18282996781577274,42.462781848479956,0.231761018944508
1173,43.209205322893176,0.2803372638154874,39.351699003204146,0.2835385261878477,42.53081329058386,0.21197222683781697,40.40909140260018,0.2547831130466034,39.819484818549,0.2626688243055696,44.471550954109205,0.2277104661977466,41.27521813017466,0.2776194548138758
1174,46.91789205763544,0.22645496933513226,42.49148361569243,0.23374655726818383,45.77401071351697,0.1619346425642776,43.07445417780659,0.22099633052394124,42.9246418926879,0.2190665801138182,48.02069767500873,0.17544858456337928,44.356486514503366,0.2336713444800497
1175,41.71029115478645,0.23524108814979144,38.057697677645635,0.23530135819165832,40.00602167802534,0.17034007271896953,37.55809780108439,0.24401059748553866,38.877297431943354,0.23699282815257278,43.49283907800203,0.1845697396244414,39.799641847947576,0.2464971743264679
1176,38.38444410986724,0.2262370484633193,34.984364202922514,0.22220593859836205,36.71185898126832,0.16584851019706845,34.54719295579143,0.24061835807511003,35.45316863822704,0.23526101335706476,40.5500299991353,0.17906671779793173,36.00776376627669,0.24690680422294708
1177,30.396835223769084,0.18956843289130348,27.961960630914167,0.17380770963437314,29.193130321516016,0.13347473996953751,26.60378319845869,0.1943018139644861,27.941689779841383,0.19798446072919218,33.33295699705795,0.15797005956638033,28.0542533925787,0.20008024376086633
1178,32.46314546120156,0.12723618660953953,30.051693572862938,0.13282091722579079,31.462714444520238,0.08243620051287709,28.624608449062553,0.1385298902640898,30.151797851067453,0.13801644038263766,34.68725278880511,0.09825532097915474,30.015262856331148,0.139581106285591
1179,28.42023837820953,0.11425250913226892,27.13918673557821,0.12192790355691882,28.54391622079001,0.07032096434505997,25.302020366439905,0.12634690451982672,27.058851762778346,0.13994738115439906,31.554761926104547,0.0837335030555919,26.499085264998612,0.1337522239179801
1180,31.802758384746852,0.09680907405118044,31.438354082910628,0.11176508999272443,31.17477028125672,0.059681745558510406,28.924871344450157,0.10817138717419744,30.484443568633477,0.11597129621222653,34.614840784062125,0.06465230741275599,29.65402488505141,0.11919850688893746
1181,30.932919415942862,0.15371519071891865,30.878460911654294,0.16616535110516512,30.69159873803899,0.12054495667195772,29.754786129437157,0.158530695805222,29.86129986773038,0.17885915515751896,33.29713405998079,0.120064619773914,29.254907105059548,0.16321397704922722
1182,30.51537595838941,0.08169946120608096,28.97455792234357,0.11430667397343587,30.527852672591177,0.06634621451699957,29.310678404247724,0.09459922281596558,28.5294523929548,0.12022894654971922,32.629702726050155,0.0538787883231472,30.21622252236131,0.09901105806809905
1183,32.493594658210526,0.00820287408781015,32.98237019503893,0.03172617520023367,33.93810814199055,-0.0084680082291628,32.719126146223246,0.027771958329842684,32.248266033034604,0.052818199046757976,35.865141793691365,-0.015253779779064848,32.86329019766205,0.01993946204106134
1184,33.91363656313986,0.025736228399364933,35.00552959283532,0.023292038569537536,35.447763876449756,0.010681795129884292,33.25417019162262,0.03268749794974312,34.25403896073335,0.061627478297343594,37.544854914961185,-0.017237032288739115,34.27864919864537,0.03694659188286976
1185,36.85400778285259,0.06845881267576925,38.74112824200282,0.05272852999083504,38.05605257275677,0.04174899778058223,36.92671189996467,0.06238639583334395,37.633108484328474,0.07962413998294969,41.39023907283506,0.015586989373513882,37.7331009774244,0.06658936846014543
1186,39.83406096024178,0.10142858233582233,40.8819161158665,0.0850443672016303,39.32491575040531,0.07217999219490759,38.57924037897608,0.106876574765411,38.97207811188282,0.10885886671773091,43.09905120575845,0.04307299426065668,39.72122219559935,0.08584372099214248
1187,35.04715116275176,0.07226747606277578,36.44403236126538,0.059561579406945106,33.785400685650195,0.052700700000529746,33.48400049310517,0.09147872277393782,34.84006562852984,0.08632799981466308,36.93159878113519,0.01875997548841738,34.580212810588236,0.06611076995008759
1188,37.518950457898754,0.06457370438493988,39.059301530661365,0.02515769481420973,35.58029516438151,0.0449574473397256,36.439404818888676,0.06689902687084137,36.48374891083843,0.06430964782079789,38.87749219895994,-0.0009996501138795008,36.2866355862334,0.05272964922627278
1189,38.69181956082163,0.15523843609222904,39.474621852977506,0.10215261480115792,36.3916758488899,0.12138886145933758,38.33248365356039,0.14362674381287485,38.33367650136942,0.15197244033761348,40.34568113471511,0.09510638049317108,36.986689515154175,0.11662028428127345
1190,41.27095254980226,0.14080922728902154,43.43943010034944,0.0983963324959049,39.47323841373936,0.11657177047555581,41.20348307734578,0.1406624317184842,39.616794240016745,0.14725148174913888,43.57824807184368,0.07335917350551754,39.85824638830253,0.10188073243716818
1191,43.77848794596947,0.20240675124851906,45.489853699570624,0.16970497387035458,42.36341888326807,0.17459541285006816,43.405404263753475,0.19344078177339183,41.50211999627119,0.21304758400183035,46.76208451216815,0.15147569938674607,43.28080698303636,0.1575309273862847
1192,41.30841394294771,0.15620367073398117,41.48756655234279,0.12757725596044175,39.11203532270029,0.13468808217541456,41.851884195827786,0.1467898677177247,38.295981834139916,0.15900246414626004,43.661029568274294,0.10311543207443127,41.397299329991654,0.11651790172771738
1193,37.2061283156573,0.10610853695307348,36.615321573417944,0.07557228824701757,35.2102992709627,0.0889315009187974,37.838722690898166,0.09383863967657217,34.23581684866421,0.10651976641559444,38.6968195632342,0.055871249458404354,36.38423347262056,0.06875050765606254
1194,41.0060668777639,0.04852417439318287,41.10724517314766,0.0199164832255793,39.278092948650944,0.0265517671975876,41.857553191196466,0.02277672420584578,39.511153744260966,0.032431842111088516,41.908817256180306,0.009614242435603916,40.55702816546378,-0.008730055490341237
1195,39.275876176029215,0.08015533716825265,39.39820642535432,0.04919322887911148,37.34600134796316,0.04412286842767271,39.723117571444774,0.054104388092620914,38.023001473223495,0.06240034627290686,39.99454227589969,0.0355977020061861,39.17922738256828,0.011268894482464008
1196,42.178504969691026,0.02727034017123328,40.04069262281259,-0.004576116170052626,40.32641953049798,0.0034853458207040333,41.99120554793445,0.004282488412881867,39.54483153598811,0.02129164003306601,41.08211296564917,-0.016596432704969015,41.32675667178091,-0.032728200347925784
1197,36.296019943520854,0.05437686456844808,35.96080325922013,0.03332463258893649,36.00241930982529,0.032548962460238,37.77792902003071,0.01021367684879111,34.84391133915756,0.04984812583454751,35.69523677432239,0.007117324368657037,37.064373417198155,-0.013948204090081646
1198,37.50494541919416,0.10336127732273018,38.38856156882494,0.08118749900240751,37.924971234514935,0.0728277789796093,40.22925081597812,0.05043829205269354,37.618581816977496,0.11116799282296219,37.230713036380315,0.05608151530610446,39.26727301144527,0.04951087751962524
1199,34.26868463533054,0.0773680180844573,34.55062361397415,0.05025578188617055,34.50699481953778,0.038595418592792946,36.73981410030065,0.02193896841612078,33.796714092045775,0.06332703859246801,33.62789833429366,0.034995945237976625,35.76324973997359,0.015526340595107123
1200,26.86889676468215,0.10220050853976453,27.652055228801572,0.04852825646158086,28.227309624335895,0.05580922437930616,30.17077316130336,0.05033347662657371,27.399279623619318,0.07298535269341175,26.744277022959917,0.058314508937204156,29.319586334599283,0.03957035875672257
1201,28.863506100287463,0.1108668992675028,29.62891498888157,0.042605047888011206,30.824722315715828,0.05789132921639578,31.36628539306132,0.04363262754172562,28.939514759628317,0.07553386748876567,28.3228155366661,0.05459604709656511,31.42543307993298,0.04094042257921125
1202,28.85232458642628,0.2089179364229982,29.674403643005107,0.1683315636312852,31.672751915692015,0.17142366771808504,32.841980733743235,0.14691503316181218,28.756538546819232,0.17573416927952512,27.801054585465714,0.1612944299557525,31.44424157022831,0.14673253920196025
1203,22.04375929087377,0.2095370869877625,22.922402416721,0.1662705305796135,24.0373422108614,0.15100922895280433,26.535038671267355,0.14706767761792938,21.973086994149526,0.16651046763437116,21.742130763303223,0.15299672766309227,25.142301090982897,0.14896451660149695
1204,27.076276750907333,0.1855963431628688,27.131497245514243,0.143034751720122,28.29525946375259,0.1339254342398999,30.79829622463041,0.1452255319971406,26.363702814553065,0.15300643256381258,26.55662018962975,0.14986293124386568,28.960896010743944,0.1260721282974819
1205,30.137426286144873,0.15615127236281878,32.30211289283956,0.1173966848504316,32.96732472119221,0.10493389261737691,34.81417948761654,0.12437765456404212,29.979640282559863,0.11947876867348654,30.708894891320288,0.11134885228323736,32.44505047621685,0.09748603244856704
1206,34.44459964833086,0.10951344897210893,36.15644991936294,0.06342316899591884,36.28855638057503,0.060467827780118354,38.7052190367353,0.05947768563134655,33.6977955185034,0.08518218640264318,36.38939702583028,0.06978266189500702,36.58900581049169,0.050635968760721975
1207,37.309889392711526,0.12697129437737553,37.63531418691745,0.058327236931174004,38.737132769322436,0.07265576334094252,40.74671724647757,0.07635470665467348,35.103322584824895,0.07786486619043985,38.580982244351176,0.07856391585020765,37.0958226993124,0.06640028540206423
1208,40.38818000699447,0.07710641008036398,39.318329215934476,0.04110946341398941,41.136599449892316,0.03679752890453574,43.440143212185724,0.044503109151502074,37.29989613824796,0.04983786524442107,41.661940408437694,0.04032322025284089,39.69854335422987,0.028322761677957754
1209,37.24718054122328,0.06706369455601785,36.50097097971705,0.03198523534788716,39.503226768680484,0.02885008209576783,41.05201602721793,0.03454917579586217,36.04849941967133,0.048624868889260715,39.62921941298616,0.028977216047744673,38.62836465711963,0.014548848099596936
1210,33.039424310534386,0.09814771357323873,33.7597912494175,0.05393883607772246,35.369520639525234,0.061787800336533624,37.32779410210483,0.07309681285263264,33.75152299380068,0.0722406754434124,36.840264945316356,0.05230551531949508,35.76476221016748,0.0575184805509903
1211,32.3440163294264,0.07374342289386382,33.510549440711955,0.03533709900593171,35.69560412208201,0.05020624897776279,38.784532385673344,0.05808004497001261,34.412175760054126,0.04313315956952244,36.33442786942558,0.03210704059242736,36.28264652859687,0.0400634085085729
1212,33.688788770920496,0.041010744103168476,34.716431052370055,0.004180973164734191,35.930553859681595,0.017634995277334416,38.98303786850839,0.030587320565393036,36.31846276857828,0.023446206092662847,36.79241042649055,-0.012532346934174205,36.10590416926378,0.005201298659303301
1213,33.08989441190404,0.05338222606033836,33.12507075542692,0.03304381529204552,35.07585826092586,0.03746532015523766,37.02148397571175,0.04479558983925844,34.46543622399104,0.019763273869713573,35.27793487500248,-0.0035606775743643624,35.773725030608375,0.011021263703085909
1214,33.233692478833426,-0.015290881156472189,33.148993528354175,-0.029725464395908577,36.45717911355901,-0.029570291320064224,36.569602320782614,-0.023697069224894805,34.739765923330964,-0.05196967232711696,34.80475909693423,-0.08800691572470822,34.821304655689374,-0.062380167678596096
1215,35.584669029915844,-0.06536265531703703,34.01068046570272,-0.06851799837115483,37.321557742672454,-0.07675300893796136,38.41363608730145,-0.0727165907324949,36.48988045446736,-0.11809657913284306,36.11937123035088,-0.13905990370005955,36.10972859147261,-0.1119093365325095
1216,37.19082222552531,-0.07774340030082955,35.06255628784315,-0.08085887490296648,39.68370159748016,-0.08617227245830197,40.00486584830373,-0.07963802306175169,37.68052728283247,-0.1312857572822459,36.765177601743645,-0.1459559017809477,37.04909555698827,-0.11298004077105596
1217,33.27548345097136,-0.07099964511618642,31.64365071764187,-0.08363143552287132,35.13323163597916,-0.10418528515622401,35.807810197710765,-0.06313137676597666,34.32455541167676,-0.1140144514850496,33.28486126248735,-0.13424287855653078,33.248527423561185,-0.10224994801357055
1218,33.1418519706902,-0.09461256607469047,32.79854300748022,-0.10017983039727463,35.54515590723997,-0.10509707194604635,36.00747822363477,-0.07450750859013013,35.028064714620356,-0.11123595608794348,33.9760925377798,-0.141351361702426,33.548196225544324,-0.10311949314244641
1219,36.92932746918078,-0.047513997551160696,37.194269494192305,-0.06367167386416127,39.38058964900851,-0.0469101586887201,39.144288649686196,-0.028878781849035286,38.0918953195505,-0.06982875462743886,38.09333043344418,-0.09270884873316229,37.19401551430227,-0.06836464263281947
1220,39.460083417424485,-0.023247391147417903,36.93547864364148,-0.01864546998593706,39.33006977450667,-0.013010611374475633,40.431293238399846,0.012938634080071683,39.61639195117498,-0.04263162870669726,39.61678411471271,-0.057313877706081234,37.68932158215938,-0.02062321866238642
1221,39.69088138550715,-0.05362007497936213,37.665568666817094,-0.03872549970385358,39.46472660200619,-0.03577768221665782,41.68097290122784,-0.008753553387170328,40.67515175146297,-0.059752220137898215,40.73731974007174,-0.08283990217378123,39.28046622289699,-0.03623817266114935
1222,45.23400707292421,-0.10991748886185465,43.86963363892661,-0.09285087124453668,46.4331396993299,-0.09394734048156911,48.253860588040965,-0.07901184816118281,47.86418343721377,-0.12158002721976381,46.74731294949381,-0.140613059304969,44.55541301095678,-0.10888131839231811
1223,51.847378427479825,-0.11492368776248604,50.09108781630737,-0.10476213875770095,53.010392404515585,-0.10094405600074471,54.84167604649886,-0.09086667300930208,53.35662577620524,-0.13862644005343197,52.680815849364706,-0.14470554369350092,50.60318212857051,-0.10998038896745928
1224,54.22982062312115,-0.12451172094959026,52.69423552298366,-0.11645546774011548,55.590431021459274,-0.11432101484876112,56.298382204655596,-0.10400871227845851,54.7868248693471,-0.14174719249458095,54.12419709286776,-0.15366052506447245,51.93833430483125,-0.11092190824304493
1225,56.75436399916354,-0.17568798116435733,54.060270464939684,-0.1856810449852656,58.63622645517947,-0.16367378797852541,57.14244869747767,-0.17136259619646887,56.72701585422054,-0.19506423168461487,55.8035368659257,-0.2079641841781154,54.008728572307604,-0.16669161206721297
1226,52.93943548846706,-0.1409574943392662,50.415935333361105,-0.13803918358272999,55.13555519271068,-0.1243320020579803,53.00964561546361,-0.13761378732553556,52.59398332113436,-0.1411535619167871,52.0966873807422,-0.15933335343521002,50.56222868267884,-0.13847796500029486
1227,47.20758677080734,-0.05959962464998464,44.06707360470495,-0.0692238951131868,50.349235028252494,-0.05871879639831754,47.43752873286445,-0.06589987005703944,47.04010655546174,-0.08157253796919178,46.77581643135201,-0.09006946793588516,46.07029920519431,-0.07495200117404195
1228,46.3499617887922,-0.08623969965765606,43.8382921471907,-0.09475522960381513,48.13139164693182,-0.08085864793522743,46.412994431474914,-0.09396764751183546,45.52053591855616,-0.1089989428759528,44.65105570300533,-0.12408436030293793,44.88989328947463,-0.09137204633381997
1229,47.16461030543029,-0.11136242828274254,45.49563176697909,-0.12341213548602095,49.61863605387955,-0.11155385406388003,48.109000935216,-0.12477702192822616,48.06960805605203,-0.13518266593237502,46.204089332371595,-0.15013320658456292,47.212526194090565,-0.11716977518056451
1230,48.87276561013883,-0.09353229628228416,45.2474409009255,-0.10510439989336318,50.01808940068341,-0.09413940791062247,48.28136503582798,-0.09599656572329188,47.1654925683973,-0.12330053372337241,46.47612742386095,-0.12858146886400457,47.49189596372085,-0.1038678369384289
1231,51.78068453144139,-0.07103327026719705,47.95121259332458,-0.07259641438722951,54.622068625986614,-0.06525614832874016,52.15235157505799,-0.047580256154229755,51.71948111089358,-0.0797310500586723,49.19813984699893,-0.10231839002580631,50.63965481001628,-0.06360625056081798
1232,53.55681812736742,-0.023845427628610784,49.94386470849078,-0.01834294986816703,56.849930100707496,-0.01963146154035509,54.66488837837665,0.009192575481740309,54.062869601060434,-0.03389100451506023,52.21144741126395,-0.04887199061786569,53.52203764342775,-0.01780703108576602
1233,60.695732663013075,-0.005185657494216067,56.932742079586305,0.004771929585350472,63.96775457448429,0.0012759799757895512,61.58011208370674,0.017461892894703023,60.45568725854838,-0.01818936836650855,59.12613004978497,-0.029553934876369575,59.743366336142145,0.004557567239969213
1234,57.18656402028767,0.017966985582379576,53.69238978802538,0.02567095806014769,60.02727373860401,0.006189800403067823,58.97226632763142,0.03707630480725444,57.68673448581512,-4.700747673248157e-5,56.12812092382544,-0.0032442192851343706,56.96947479047816,0.028409957439444824
1235,56.951748689193344,-0.0051698762230035795,53.71447215394292,0.001734886995815762,59.29395009887192,-0.018427848110363115,59.85892199641949,0.025072560610344016,56.77634679321617,-0.019716963158918605,56.362185101711056,-0.0204266459072725,57.29829591469712,0.013888346133777738
1236,53.41407365657371,-0.011720039938525823,51.61076870932518,-0.0008276475200641573,56.134362798595035,-0.03019124054555925,56.78257086196244,0.027633752187115675,53.74232343595064,-0.023274662351627704,53.88811929671601,-0.020564538008228134,54.58197567030632,0.01930532895998432
1237,52.781168682896926,0.021976354692520954,51.64565217333231,0.051000022753326865,54.732591961730996,0.016326098103287875,57.3910539869008,0.08543302933355582,53.45120549782152,0.011046603479387539,54.03934739673076,0.014965399130541589,53.39198139423661,0.06317042960081817
1238,52.39808986792316,0.05008179352719418,51.09856728919405,0.07655659649571211,55.151341687283704,0.03038378880115747,57.63930598103432,0.11211293266735203,53.4911978338284,0.04028757867435765,54.810186143284376,0.035160290445585385,54.08978868932965,0.0904904104531165
1239,50.989154288593106,0.062398668081301956,50.68913488448225,0.080827966590242,53.52684512123041,0.05944215867341503,55.40296403978373,0.1150521382845725,52.38539212465375,0.05770753086781191,52.00094765296022,0.06016045565776837,53.07442544100021,0.1077123094531473
1240,52.7831275577918,0.12154955974704983,54.270747140432604,0.15436396760016843,55.173288910470504,0.12717200303985993,57.11195362631066,0.1738925109392102,54.341558356500606,0.13098308149553847,54.2423269318138,0.12918337686002226,54.976844360459026,0.17426272151388567
1241,51.4517191319015,0.12469462674633729,53.300429719913126,0.14995550595115015,53.52751346878176,0.1395101145472931,55.151195525907006,0.176103298674127,52.487839411838515,0.13937148117913317,52.80438478663274,0.13499652739716306,53.703628882072465,0.17554010543982784
1242,49.77313938134664,0.12038649253271982,51.39948500459191,0.14961563030995054,52.38218157083332,0.12393906119862443,55.07100281859535,0.16803892280452434,51.20677059912184,0.1306722907594384,51.52159059693705,0.14583592740942808,52.19522300706509,0.18219891050793477
1243,50.85200916174501,0.09682979097889574,50.91698129540536,0.13772309489098256,52.89922740919536,0.10531381510779705,54.82591974336897,0.16013135308337564,51.11096910922097,0.13058054073074968,50.84130344917693,0.13438381544721514,53.155318396844436,0.17086836988709583
1244,48.57096931703748,0.1056848295781828,48.027057029552616,0.14740349030333053,51.40982318429913,0.12194592385127737,52.743719426063215,0.173432289158671,49.29336319859766,0.1436165039412198,49.29574229682795,0.14513570862824912,50.96704135066784,0.1825239583316669
1245,48.99305875662652,0.07014517183991999,48.7684324542111,0.10743794155473685,52.92629689506343,0.06975575833740413,52.95892711899094,0.12349069291401571,49.15351002839429,0.11148687100057658,50.47232723353303,0.11942662518483674,50.89516174892673,0.13892213735197595
1246,46.1112573466463,0.057025772273996043,46.58615268902818,0.0943134266925994,52.32167996958136,0.06669228426943251,50.2908124940537,0.10895820924073336,46.43153552020618,0.08843462333741049,48.959732813326355,0.10616303714626968,49.627920362564666,0.12357078440038974
1247,47.63863400160673,-0.00013812096265850698,49.95486846602215,0.04422018012647018,53.940981037973465,0.012603892456999739,52.778126147285825,0.05429646201441149,49.563140857491625,0.03962029283532782,51.098991654256196,0.0467857667570564,50.65570147156243,0.07439197835151395
1248,45.30959098840295,0.04181325930992053,47.356857714198945,0.07636445140924789,51.072347951489476,0.03862674591725528,50.67747999293803,0.06773202492914762,45.22550134670452,0.0555385907990328,47.95243480691614,0.06894860861780042,46.99556092284457,0.09643213655773988
1249,45.60328461562868,0.03854793826490847,47.83635925346015,0.04512362745522268,49.92035051345599,0.010127303234971404,50.29774009649621,0.044911726357963797,45.178555110186366,0.03944863514678201,47.653939715316824,0.04561508564155428,46.5737247783096,0.07763515158230785
1250,48.62307487536686,0.07829248876616035,48.455004611859536,0.09062171948390116,52.23767382963673,0.04709660057214571,51.79287192038611,0.08881921201883668,47.91851743401925,0.08415000592890702,49.470031154374865,0.08427360016042716,47.350889009122824,0.11232356783559995
1251,51.63509720070181,0.03333243726666327,49.67433279857897,0.03554136155824629,53.8836216299493,0.006659695560393263,52.824669077353796,0.043190779265830634,49.34070643912839,0.04116222598491956,51.67225836915195,0.0335305448116776,49.758386372173256,0.05461679423472701
1252,52.385258739077344,-0.010639938592967232,50.95774797114298,0.0008434614232577919,54.86723457480038,-0.041344264736291964,54.031464067919174,-0.005939771104986624,50.58597512481491,-0.002848627620708988,52.79699161359346,-0.030394209974359297,50.63859536234088,0.004943003074611894
1253,55.97562737065868,-0.08990430193992932,54.03875497950121,-0.0924803031489406,58.47420035255532,-0.13267749238798243,56.640081499921536,-0.08563165526620131,53.50173459908278,-0.08994869734506111,56.13264124387022,-0.12208128395901137,53.69745912579138,-0.07760033100864988
1254,50.7476544507667,-0.09117799636130174,48.94402291659862,-0.08351717655880592,52.562567939296784,-0.1241331953070553,50.80171386737899,-0.07759605109852424,49.21730474792737,-0.09358075052117089,51.15241993683575,-0.11711932602760786,48.456946969263,-0.08502472283320468
1255,53.09478643619998,-0.24374971438532056,53.14550490144592,-0.23313798096296814,56.281156828752884,-0.2773001989082182,55.2211895895767,-0.2420067456061458,53.69583629178845,-0.25719377768356355,55.48380912670935,-0.2816497755555079,53.56935338289216,-0.23061018331087935
1256,51.99147246029636,-0.2957174342960788,51.982985080183504,-0.28519191102706115,54.82105952627588,-0.3242307676323549,54.81518504175443,-0.30419227833198276,51.786212022498106,-0.3056271228480383,53.86838775123948,-0.3199288577625341,52.84035458616629,-0.2784256048685735
1257,51.25881301016841,-0.2547061648086679,52.64630473574874,-0.24159092644887256,55.549576766506554,-0.30595012571462105,55.551996378229234,-0.2680093488301186,50.80079392581065,-0.2685408817135715,54.2949790922409,-0.290375799222693,53.42533833337689,-0.2552573148746003
1258,54.20044881186086,-0.23628544169609686,53.81653389151268,-0.23309319415765178,58.50727224439563,-0.2894218446722696,56.789506542398065,-0.23855676421226105,53.534095738614944,-0.2522770491892465,55.781895620486814,-0.2605840143146501,55.94197918759644,-0.2302969011236544
1259,54.2180870446174,-0.24269511039739447,54.16965349804058,-0.24085304252033715,59.040331243719706,-0.3050470795508163,56.95439832949435,-0.25087674963703105,53.713293179560665,-0.26775771817233834,56.19206189833918,-0.2635149881787027,56.62408576474168,-0.24331095184295717
1260,60.021214519746586,-0.23035519245855135,59.67534800587083,-0.22193640607900159,63.090761562088545,-0.2871671711723607,61.25509751501141,-0.23577581063547998,58.78779574304421,-0.2500788242155988,61.29843079013853,-0.25410459064218127,62.801380611555444,-0.22161844603657935
1261,65.87831278064778,-0.22711515109250457,65.66649352611822,-0.2353748387567951,67.87911387709273,-0.30625390843674355,66.47875875522975,-0.24357807073922025,65.94372823211883,-0.2555630207547742,65.62263526468932,-0.2759739886446521,68.10622592088487,-0.2311648097382152
1262,64.95355504789227,-0.23462986386553564,65.01434305751799,-0.22470565861672073,67.13132489051746,-0.3045495211327674,65.84832885262634,-0.23179729843852712,64.96849550175773,-0.2596881037384192,64.28141229687031,-0.28878008676295347,67.62056838440103,-0.22820298489868074
1263,62.08664635083953,-0.25541101713828623,62.2407933814818,-0.24926512888116678,64.33557729733911,-0.3264436852020873,61.713693316789815,-0.24349134438152553,62.2342792373449,-0.2754759354034624,60.53111263986129,-0.27256610274341375,64.68605654912375,-0.23806465318437173
1264,56.140494475128975,-0.34524297619128314,57.296395335617774,-0.3456412580379701,59.40557617857379,-0.42441348841934645,56.24146042348449,-0.34368774011698,56.11777734127387,-0.3687629011253259,55.24244422225551,-0.38633530060886695,58.329025582516074,-0.32362268973560604
1265,56.317775042365625,-0.2871120427414394,58.032541584246914,-0.29353148443298743,60.1612859855104,-0.36866698431648476,55.5048412143602,-0.2870065585145958,55.56180219660571,-0.31048381158808447,56.74153872379282,-0.3264491503417168,58.6090202542222,-0.2735374572146142
1266,61.26584357969496,-0.29880384423460443,62.983374754662094,-0.3096571633279488,65.20264320253682,-0.3638538463947103,60.713528106906324,-0.30085980781616073,61.07879950597073,-0.334190844768923,61.545946516341125,-0.33194754510814456,63.87628878666188,-0.2671698666268888
1267,57.40611635302084,-0.2922443104388523,59.518653409362685,-0.28458723110149653,61.25450969945387,-0.3494042911549966,56.46775545356676,-0.29028647127314317,57.14253829653366,-0.29752343833602557,57.36564644025922,-0.3202590693986521,59.6944677657021,-0.23660136040721308
1268,56.147191859906485,-0.261523181319711,58.201983504576205,-0.24557484504932767,59.7448818931677,-0.31220545948940875,55.083214314659166,-0.24154993367277022,55.99823642092959,-0.2545294881857741,57.040987923576424,-0.2819555579233785,58.06599897295765,-0.20122143519775104
1269,58.25114214216478,-0.2406639564712306,60.014481440680456,-0.22085941016198077,60.05285311094671,-0.2782309046802674,57.47371936217955,-0.22535376979098468,58.448892323319576,-0.21468055249661974,60.51809872344185,-0.2302892018525572,60.17205438089604,-0.1626616551687225
1270,53.73685803962115,-0.26535523910326914,55.48929666407359,-0.2605039612145862,54.88558699448106,-0.3084916263295201,52.870973032999125,-0.262029656284678,53.62811419996683,-0.2465615802389012,54.77688503324668,-0.2715675078667603,55.79555641962648,-0.19752863189256076
1271,56.919307412747024,-0.27862501401926637,58.88808618785228,-0.25904194028682453,57.292974861420596,-0.32164404230127375,55.384542973269355,-0.26952334135291006,55.92956826622305,-0.2434478951628088,58.28348139205495,-0.2945152510404504,57.82318153476592,-0.22197743905451323
1272,59.15368709058078,-0.2565021459671307,60.244709321054856,-0.22722777249525863,60.54196386946774,-0.27355242772304816,57.517440317991955,-0.23986937796676797,57.23999038952,-0.19965755831267404,60.74026892935761,-0.253621737199196,59.30082898988165,-0.20101254974146854
1273,59.56183474147548,-0.3584422234691608,60.95054739027857,-0.31799914618927944,60.34305772134325,-0.3831922842049878,58.30683386216311,-0.3257113664773778,58.76698943749983,-0.2950171786241511,61.37943443082236,-0.3491237003791177,60.89814972294387,-0.2927183711824717
1274,55.87567238996148,-0.30761480352006787,58.84146259757024,-0.2575795820612671,57.5361375154974,-0.33436912766815513,54.977676286440456,-0.27427764409144895,56.457445807071494,-0.2426027905381462,58.666444171203906,-0.2931648983417794,58.63193416870773,-0.2519892854723624
1275,53.04392318874953,-0.289353582060009,55.21913254418919,-0.2518076293305187,54.12042106422311,-0.3260564459024267,51.47500661902066,-0.2601936857796763,53.20683120185021,-0.22540182659810298,55.55085898957361,-0.2943868640287831,55.81659485865734,-0.2331606681472405
1276,52.180114851527435,-0.30968645266468436,52.8756398205433,-0.27118138974799316,52.119483846962126,-0.33380629808263534,50.6243288407198,-0.2727505574394933,52.41366436933668,-0.24703248440444991,52.663989126358636,-0.3079148526705499,55.28130083465462,-0.2470303898912208
1277,51.85186978295028,-0.2745365056662898,51.9125770902372,-0.24449985861971146,52.84026405806931,-0.2992701451608476,50.86014829115748,-0.2487831165195998,52.32537826255768,-0.22010139602995846,52.3585391941894,-0.2688897703085382,55.98324519626136,-0.2190392384902424
1278,46.63326254088006,-0.24694844765871443,46.81586177204512,-0.22147477443724942,47.70597650490007,-0.27154035591789655,46.84278158456272,-0.21965715269032687,47.269801653951184,-0.19376825277898097,47.50018118532569,-0.2431031316708618,50.72972368414571,-0.20003720099069905
1279,48.80782579323921,-0.2154677729470192,50.05015892417673,-0.1844675331007288,50.30404652350336,-0.2419304470138112,49.99037872407272,-0.1911256011185573,51.09967253948622,-0.15982479092283436,52.4075434408499,-0.21289739357962417,51.32254611677369,-0.17997506574977049
1280,52.13804346179657,-0.1966585164778978,53.636472795410526,-0.19449784305111878,55.00517944114357,-0.23523092976240947,54.077881960239544,-0.19185730589014396,55.11813770237773,-0.1576506385574714,56.59356808853431,-0.2016848828296801,55.480582460142,-0.1780822311036819
1281,56.545473766657544,-0.19268500802624844,56.82682680287268,-0.1955238824858655,58.54386904495027,-0.22599027396246504,56.86909923256061,-0.1793715750591601,59.18420399934507,-0.15127772479309642,60.287279645414,-0.20423029191189077,58.91024531691261,-0.18069069834519802
1282,57.7766770871417,-0.14847592547647967,57.92825335847244,-0.1691417092534297,60.30049072169046,-0.19583963731018364,56.59188769830675,-0.16147719551763204,60.18684926689068,-0.13459857988430118,61.605174519331555,-0.17624592885234508,59.062445333185096,-0.15565604258001478
1283,52.795299614565195,-0.1746101057170323,54.54608993503215,-0.18757744391157102,56.55825410450079,-0.215371750724146,52.20834824953239,-0.19293446388020824,56.616456604278895,-0.15255192646200014,58.233207081802966,-0.20213913981409173,54.798586223731675,-0.18288307426256797
1284,51.697504725882894,-0.17138518303351982,51.622258531862514,-0.16015163552023137,54.58080635256764,-0.19709730220449082,50.34956580881932,-0.17247404882665857,54.05919874926171,-0.13099545153944955,55.154797984367,-0.17215462084849814,51.59738656609264,-0.17294346987177536
1285,51.46020510079771,-0.14145418209474966,52.73999614421011,-0.1271666107130193,54.776180357542586,-0.15784827621473177,50.56234075625535,-0.14059990438709377,53.4995843800847,-0.11430542747527091,55.76724066906725,-0.15406139793180523,51.74694270289457,-0.13664327420116976
1286,50.229433917387254,-0.16458746144415345,51.596962086383016,-0.13732308889492123,53.20518438529231,-0.17289515735872885,48.763776528850855,-0.15477969879573578,51.651902202432794,-0.12673321880845143,54.15787032782965,-0.16505555788790366,49.27738227512847,-0.14225095057768375
1287,49.02505528160645,-0.21294652881007034,50.21949212862076,-0.17846194454763958,50.99492121370807,-0.2140792848960477,47.3549568277594,-0.1929204615344926,49.29893235167273,-0.16696714509757307,51.88930685937727,-0.19426153242810562,46.469857761117254,-0.18096460586327046
1288,53.23815704763688,-0.19713453457355182,53.63409760282923,-0.17956582473672436,53.72818951565903,-0.20906547107414664,50.60561145603471,-0.19004437418187917,52.339627001888395,-0.15486260488134362,54.463058272370866,-0.1782133243970406,50.63385844805936,-0.18409686172760273
1289,52.90616315926461,-0.19131506264774037,53.60268420328856,-0.17858102828935116,53.702059209107276,-0.19596574548204052,49.80369789350037,-0.17754855092195385,52.93475787106576,-0.1529244299601936,53.607548357173265,-0.17414828143303304,49.334594158321096,-0.1696554265934029
1290,48.304762584702345,-0.22320842200187327,49.45111078441913,-0.22248290490334524,50.88367327708623,-0.2271815442276203,46.44731833366357,-0.22848208560515193,48.417549070399346,-0.20784735547730768,49.11892762724632,-0.22204841257321253,45.666949938334284,-0.20822108378961285
1291,56.32170157463069,-0.23564130129042332,57.09057675102188,-0.23230910165109167,58.59959591508549,-0.24236790519335966,54.24140074070696,-0.2366125146322656,55.98080216820102,-0.2160803621156936,57.371118139718405,-0.22002865074451133,52.925132078582365,-0.2203522144384062
1292,55.58085834731461,-0.21548570936141173,56.064772275640415,-0.19548930898358885,59.41802118516938,-0.19550182084773093,54.78443900537921,-0.20843147209813578,55.7248712666788,-0.18446044513580617,57.444982255790215,-0.18422521008157405,54.07732745318612,-0.18337668217920827
1293,49.64919807708586,-0.11844614232033676,49.830850897541985,-0.10217876617294383,53.931894564370836,-0.0977452464937689,49.07068524067657,-0.1191516185553676,50.13710916010431,-0.08245284985288714,52.547892059917636,-0.08741619651787222,47.60403699504951,-0.0853047947391368
1294,47.65504038590085,-0.10240052883020608,47.97248884348082,-0.08724334177269212,51.85715324998857,-0.07411818835117737,46.99860537638331,-0.09879612794920159,47.10237125386642,-0.06312337562460714,49.184423546581485,-0.0620183985166972,45.438928136590526,-0.06352957399637293
1295,50.01746396223321,-0.14830716472407765,50.13429779850956,-0.13905981592602437,52.485665972207926,-0.10025075400881296,49.82863032437614,-0.13818512476226125,48.49493169569645,-0.11560814870168636,50.77865048790491,-0.11649369404880851,48.05432521616807,-0.11869000402929951
1296,44.688530450511635,-0.1320028867613395,45.066117875515445,-0.138860617746308,46.35850972623243,-0.09054832877067967,44.89812108629262,-0.12666269249975287,43.92950682594626,-0.11032291162663758,45.57487166265477,-0.10927980403466335,43.30040815331354,-0.11885036339523758
1297,49.96501263885446,-0.14395589468772887,50.44430674681254,-0.17390767592915643,51.51697029246428,-0.12502922774698216,50.92535312163993,-0.15490236258502307,49.38310538228298,-0.13926897172232294,51.003885381293955,-0.1370887102396521,49.27094313620821,-0.1628915017462219
1298,50.47905291553342,-0.13830652406941352,51.21967510918749,-0.16494589041179902,52.309438056337456,-0.13439898681867918,50.39239395465799,-0.13816973682689496,50.50728392071372,-0.13828258545742225,51.82146739339427,-0.1341381998144058,49.67828383772939,-0.15512544833591263
1299,53.71857262193415,-0.2079988589242962,54.73113553491154,-0.24248032517030182,55.61844124209139,-0.20451998438137003,53.39802605533217,-0.21888509890903918,54.2572547170047,-0.20705585194670748,55.22318861812426,-0.2182016971539546,53.14165801376806,-0.224418162556796
1300,53.41794779042567,-0.22208786131180677,54.102324629325054,-0.26311118774547515,56.14781074787985,-0.21692482638630606,54.41485746266799,-0.23991454151787178,55.799156892153846,-0.2173021704898879,55.480282164628676,-0.22352611281257606,53.16105772786928,-0.23435332330310377
1301,57.35145377469168,-0.21486767269052243,58.56221988639318,-0.25107840767402995,61.10616205728127,-0.21756331812535462,58.46384566983752,-0.23060353011308593,59.96867807208878,-0.21513761767886994,58.56946094051991,-0.20422795122144163,57.837332119678855,-0.23387730542125884
1302,55.813075408334676,-0.17593483398963602,55.51183470730257,-0.22686749537304138,58.887462447217644,-0.1779833617257241,56.61034192326417,-0.1936822868214276,57.89893188589227,-0.18784967081510484,55.42365383040956,-0.16914800990372142,55.485125299882235,-0.1970215464198866
1303,48.44472279291904,-0.16573302258782283,49.152132994206255,-0.21622431287366528,51.34218869325659,-0.16036508559996573,49.1791199813205,-0.18616072467523007,51.52374759518491,-0.18494730237333018,49.021309911600994,-0.15674681029988596,48.700357213240586,-0.19327204599267164
1304,46.59074668265453,-0.16091167382727997,46.203884926250865,-0.2032631146804699,48.628142778617224,-0.15383591097010438,47.6629850016642,-0.16714665982308458,48.96989044840784,-0.17055957825068913,47.133354965858715,-0.15049029279601284,46.06932313836119,-0.1841927863223358
1305,50.330235898327416,-0.1939837427066581,51.05789776653729,-0.23680405606789046,51.75060853875435,-0.19358428931920166,51.522023227818856,-0.18552352981174372,54.04992066226556,-0.19491896163788977,51.466471006651425,-0.16947902190273897,50.124963740996506,-0.20441789319853687
1306,48.69299462629048,-0.13859728936373006,49.98648726112463,-0.19070498648503817,49.838916103188225,-0.13282353691656132,50.94557100602111,-0.1324390833364546,53.22271457699988,-0.1447744887643882,49.861841118055814,-0.12710238876241164,49.508431634897946,-0.15204778547257505
1307,43.60468984747815,-0.11899218411262337,44.47251618932637,-0.1647229767974994,44.78896318160557,-0.11424660031322442,44.81013682181377,-0.10668860530728183,49.09529057229412,-0.1209212135042604,45.543935514436605,-0.11292993212538019,45.476195775538486,-0.11477352811790177
1308,48.59980558859967,-0.10220546851684537,50.12437658745605,-0.14721524867460156,50.399467889309435,-0.12037211182064081,49.13471284388816,-0.0875847807554284,54.32847146602231,-0.1074312922921597,49.99213244927341,-0.09743512509236446,50.23504662966879,-0.11073249794020418
1309,47.5847923933799,-0.020227517151323253,49.9291961786395,-0.08440962632217103,50.94945780030058,-0.050514945477126545,48.02481911160115,-0.03324463852197398,52.94860752881165,-0.026323894390196355,48.97480381942887,-0.030447079941450468,49.79909704014071,-0.04115935916222767
1310,50.55857553756859,-0.008245061628864916,52.533897613404264,-0.06493674341011087,52.76268025106919,-0.00911690479555008,50.62684540287667,-0.019003563919195637,56.43402153114053,-0.015864842130275187,52.271475354217706,-0.011026891454868883,52.03849174455642,-0.013070354658640669
1311,46.54361817319115,0.05337088005320448,47.97273648165805,-5.568057471975335e-5,47.985528064789335,0.050709217034488135,45.88893797779528,0.03789949165484886,51.365118700869985,0.04415824627902837,47.37292647438019,0.063118717698048,47.3120124318704,0.049566606478600866
1312,50.30772509839883,0.00782121553615715,51.52521789596882,-0.04842311692063978,51.249698493534595,0.011159808784422288,48.9241780384717,-0.0005532398543632785,54.02515536858473,0.010501196385749638,51.20626511236239,0.03023124342380226,50.616076503707525,0.013019124807262358
1313,44.796931550625146,-0.01145475019606387,44.846017706732994,-0.055343451849537956,44.33405941001499,0.002684838678249868,42.46122981493748,-0.012702585269123223,47.36075170581661,-0.0037260901481287294,44.91359056144976,0.028098053506308215,44.22791179550767,-0.0061414824480928755
1314,45.397193210253945,0.020865583308184783,46.41839023925453,-0.008395167258495921,44.562848542790164,0.0487967893077878,44.58984624421489,0.024814739183651256,49.282544817299495,0.029589919951063758,46.76717128980738,0.06332069055793406,46.368801553701715,0.028102263771465727
1315,45.70620289293511,0.08500231179701524,45.98165188261306,0.052643977775065576,43.30891947165932,0.11908216194452237,43.35437664027598,0.09572705377013668,49.21395421250524,0.08568203028899886,45.95177240941815,0.13857874351599442,46.37595388302226,0.10182513081899289
1316,41.01213755526841,0.05367192285818225,41.510039396317,0.00592292660442216,39.32420118529624,0.07876589998067514,39.74089627102283,0.06089909988554039,45.07031859136515,0.042607849135243424,42.00990708579287,0.11650694387451417,42.307302734843226,0.07383578046170745
1317,38.91467888248582,0.07854772220110752,38.83435907436051,0.016931881989986963,36.23480011858191,0.08018771694807098,37.2448169984871,0.07830426143135508,40.95618960284618,0.053337130987762375,39.70485197901714,0.13078130400429605,39.8741121183368,0.09013985747165504
1318,41.00982878238635,0.0961006651561275,41.60103644401523,0.03684242185379743,38.58876052378336,0.11150365991292785,39.423925467132236,0.10129035099956644,42.477243151570406,0.07364858408259392,40.55143701173221,0.1560288274672541,42.3689235400721,0.1157956051498409
1319,38.33529760748497,0.0690585629785067,39.94229552149674,0.009193890817117287,36.92675862930044,0.07833363525957607,37.4143933806517,0.07433877220516286,40.2218297186003,0.058426162893723745,37.23489809813581,0.12040845804920547,40.89548432405921,0.08658843798055518
1320,40.424124796618614,0.1330285656296946,42.24243135961822,0.07077134651472675,39.76723453817,0.12073644749513875,39.53759034172626,0.12812617725261863,42.955407774733246,0.10772763572469614,40.61163028124892,0.17168139754981748,43.278956899762136,0.1313510993839724
1321,37.44918950256966,0.13379983829807443,38.590198097948644,0.07598407380830229,35.26719683128406,0.11585325505383913,36.04754165427141,0.1276024881150916,38.97875568887383,0.11258791821321892,37.18938935000222,0.17599175896961233,40.01048865923687,0.11260728758944706
1322,39.55880474271027,0.10251615845861795,39.98633006431311,0.04371202225653109,37.03296935668177,0.08210931178876901,37.8898080893826,0.10552029741508404,40.096721273086864,0.07747250938032316,37.89527249024055,0.15091126796020082,42.317219383999706,0.07717008323022201
1323,35.895650213597946,0.04055561115924185,36.05788145381315,-0.027196554673481574,33.606446773129306,0.013558725139346417,34.413407032434094,0.03712975676810283,35.36388337271423,0.020895742835111378,33.29540573535041,0.07854989817407411,39.26398445205453,0.01159196508088645
1324,33.34894156103608,-0.0069266637689620394,32.835603763210685,-0.05188551965186099,31.275141413911577,-0.025858620480274114,31.3441389074285,-0.004746120980153187,34.67458378118577,-0.017370022171403317,32.528362132045125,0.04318822312178848,36.76869725374402,-0.0313910489940487
1325,34.40432408489319,-0.0348736934295369,34.83362684393421,-0.07643224429262536,33.12377734603592,-0.055206653809426846,33.96075517791221,-0.028933335447794032,37.65209354563665,-0.05247298598318404,35.13586567317573,-0.004397047867431975,38.38571727696289,-0.05383454465824314
1326,32.90749814806927,-0.05445254166116567,34.22181228135995,-0.10167895021918731,31.897150070876936,-0.07743106477985051,32.73683098459447,-0.07155492102732523,36.781556753565596,-0.08282924165905532,34.24897990769686,-0.03742205063376151,36.715525050790056,-0.05742970586881131
1327,36.224226766497075,-0.08607687449917506,36.136087872658706,-0.12397667832990299,33.032298341447984,-0.12132288037866848,35.17870071597944,-0.1117038625311024,38.948251892516396,-0.12158132914808002,34.82005134230526,-0.08754652129039939,38.26143435366347,-0.09817824050920038
1328,40.37052650891332,-0.12862015355282017,40.56607497462558,-0.15061190671347074,37.25730011789387,-0.13653893520910587,39.558215149564504,-0.12780085372812056,42.59193626353763,-0.15354825799038985,38.50650521260746,-0.11576219921854794,42.205697834333485,-0.13214229548554723
1329,33.3504783558216,-0.13514858979446429,33.056608299913684,-0.14243173429403924,30.51328707419249,-0.12348150661656129,33.08599729229425,-0.13171211777793013,35.839641013443526,-0.15224676282547098,31.98334310240768,-0.12077413946896248,35.509151083083246,-0.15387101302537826
1330,33.88512173663471,-0.11077113034408805,34.10276121741325,-0.12150882155184867,30.681402136153718,-0.10718527875999954,33.62554508292482,-0.11123621405407946,36.05708924458195,-0.12275599583991127,32.536833108410846,-0.0915746191019263,36.58863190003628,-0.13130258659246447
1331,33.30000030920815,-0.0853341203906009,33.312898127694794,-0.10837307639293935,30.092063065829457,-0.07100500263861992,31.77496395360505,-0.06771780200645423,36.02891485005826,-0.10460986803510348,32.16797072884631,-0.07611028689766967,35.73412295140097,-0.09974414323323787
1332,30.463004319359843,-0.09454929463872846,30.692533856447564,-0.11815772614580795,27.785148382975553,-0.08622533484669495,29.550040137586606,-0.08389054342269261,33.21709947960346,-0.11604428273276232,29.60286035463487,-0.08382441374674757,32.761387742902095,-0.11303627053870333
1333,28.29557636076307,-0.1930011385198184,27.96614442823833,-0.20695444436557214,25.43551667377429,-0.16162800243014003,28.174368324536875,-0.1745271916841901,30.669572141578453,-0.19573866438289872,26.263014130749095,-0.16064072580576672,29.541954243349416,-0.20062490945265563
1334,32.36635460866016,-0.17099708703756109,32.326517503338906,-0.19178230499682944,29.516148553372158,-0.1526760846746868,31.73476566446891,-0.1639580839096561,34.73207941765893,-0.1797114556149313,30.63686709318572,-0.14931619398340737,34.73037082043393,-0.19418470482226666
1335,38.96575371257791,-0.21094513769984752,38.51591502668266,-0.22473972801950792,35.26528051396674,-0.1826043927563034,38.132443748411404,-0.18751832248783473,41.26734403665003,-0.20457343861517166,36.42387005742931,-0.17693007744977657,40.38511692718376,-0.21974803076888477
1336,37.14552531085233,-0.2026243327326577,37.050538344409325,-0.20639011209408653,33.7202278010579,-0.17628883349744429,36.30660083830045,-0.18126127171874368,38.82942302258949,-0.18919314924588415,35.580141351764034,-0.16309889867135868,38.72563469468198,-0.1966253916971945
1337,39.12482964270978,-0.12311227073919398,38.078705687621834,-0.13454267714328771,34.689525433038085,-0.09677585369781855,36.442043619490654,-0.10012180812448727,39.8699311487185,-0.09951425158948508,35.664575005367205,-0.07588111860066217,40.08883856509431,-0.10612639097433674
1338,42.01288194801699,-0.09013130280050732,41.34804287671149,-0.09396969458133339,37.30441713993179,-0.06288573827139551,37.61053561263307,-0.05628264827362997,41.63420592050211,-0.04260955527240828,37.21704973585041,-0.02676997110825667,42.5837722734592,-0.05661632913399295
1339,44.76570180365548,-0.038566944603960186,42.98571082013197,-0.024527892476775157,39.62466863224033,-0.01644601034411849,39.60180883328538,-0.010977178337665278,43.95477965201532,-0.0009027464723825318,39.41230450110949,0.01458527529942473,44.335641641980416,-0.014466971273775789
1340,40.92999062827508,0.01899866273249697,37.36726123333965,0.013565268032522977,34.57034877811802,0.031889385373153945,35.565142035932254,0.030374592077059913,39.13059021012516,0.043370302440166986,36.66260816405115,0.055319801947047054,40.802206205755226,0.027991855162077254
1341,36.64591256549016,0.01840927328499676,34.60064547594953,0.008761026541946399,32.554770501342674,0.03793268518047274,32.208249881537114,0.026253695453037244,35.92256484053387,0.03402991307683964,34.05245592017613,0.04702525972832218,38.345288416102115,0.020958564669309024
1342,38.80452414316619,0.05322665282528253,36.813642364293784,0.04332057465563451,34.236602029498265,0.07095571456174815,35.38880394029962,0.05495916949546337,39.4040979227166,0.06841126662761884,36.214537368039394,0.07761476637052148,41.87768290771598,0.054607501383755606
1343,37.57387090738572,0.053619154209094105,36.36221536287772,0.05527773440525904,33.87506686429624,0.08429678549654937,34.92036659736079,0.06631877637296998,38.626919410624076,0.07921244915690963,36.534829340812706,0.10340479577853737,41.59725742061699,0.06637874323652207
1344,42.376067568227185,-0.03211226111550506,42.03778525032774,-0.029530387901430134,41.20990257135212,-0.006877779472885991,41.7643243732647,-0.02241145356668551,43.624888290587336,-0.00438363322014209,43.13398701930582,0.016155962538961392,48.233144092224876,-0.021228983133849917
1345,47.32103649857254,0.02634857737302015,47.14667091787972,0.027764129694182165,47.649261727255386,0.047829373865129726,47.47762612151945,0.04085666052749876,49.24679733654331,0.040992915559983134,48.14736419588947,0.056737659305344176,53.15507176141388,0.04293516300516846
1346,46.0258107376539,0.04441532129214991,45.208187251508896,0.038449134669482306,46.09272428438637,0.05808355469285188,45.58241130600295,0.049491195958543927,46.974856669126126,0.06996921094400466,46.33962042048202,0.06553390596760394,49.970158096800176,0.061704572439341604
1347,45.73314280800379,-0.021895183242559346,46.864928929454415,-0.0014912218636505634,48.43515097163829,0.004313189919720241,46.31768270739812,-0.005418043538643556,48.19861064029557,0.011472832479642708,47.11266766557233,0.012552996066313065,50.70014745821196,-0.0005551929681386018
1348,44.78386645580497,0.07735235738849877,46.22477164691308,0.0813276826524209,47.66097908417265,0.09104441575623198,45.13924896206336,0.08196598299826276,48.079140503304885,0.09596770118856379,46.681701547574114,0.09540538205193172,50.73782928255816,0.09490593112024535
1349,40.61816451404765,0.08079350647144797,41.701857222792,0.07569704628080376,42.822313639603344,0.08598563636078202,40.282423347640105,0.0795122492247917,43.4458753292002,0.09512399605522102,41.334429645042015,0.09868495928116056,46.11061030610437,0.09577465493384599
1350,39.784602859947356,0.05601798514602942,40.22341250476156,0.033383120091092185,42.13284632082569,0.04848936204684867,38.35247298694115,0.061812368634780804,42.398988182828546,0.05712582274470316,40.2423724615036,0.07174359396691304,44.12530773811219,0.07619197441012494
1351,41.476967299235085,0.15077865098560414,42.97444249935408,0.1255221997160495,43.666326074742265,0.14257059144215564,40.84444045579082,0.16211647586607478,45.37492772965096,0.16597205090271083,42.23469070997622,0.17180489375413233,46.36106567458131,0.17220944886873077
1352,43.18659678385316,0.17807370661408772,44.73770161746267,0.14177764814318683,45.26269761681849,0.17151982786572922,42.274816109770335,0.18679286567888953,47.68796419025038,0.20678346676594705,43.63685525127801,0.20763730074882258,47.68242967437149,0.18740114265523153
1353,39.99739769599838,0.12716733325526003,41.90122885998635,0.09641327302604037,42.71309466057498,0.13930605034121346,39.28493038977572,0.13237560082862193,44.260561310157684,0.14704058752278965,40.5164358470622,0.17234472414426028,43.814734157494044,0.15445163934165715
1354,38.668385415656836,0.120497715246801,40.4953479418496,0.10206934851091543,41.018337486745715,0.13690305610984557,37.359889371590945,0.15539060373088517,42.602272630461684,0.15496608909071857,38.772655912784735,0.17329505375581447,41.39819989564904,0.17474668530584175
1355,42.70037211377531,0.16051716384027992,43.33775289184849,0.13803629123078692,44.286512023058975,0.19090501420375292,41.992957013682414,0.1943940460709134,47.264900862633596,0.1993703628981319,42.658839749886475,0.2012830117511194,45.29063661247076,0.2077174789989309
1356,36.47437257216164,0.0940771310470751,36.905180172483256,0.07280579503755936,38.404837787996215,0.11487820439404756,35.33982293738115,0.124894444135082,39.667137259317926,0.12811037776712572,36.20787004116689,0.133228528342048,38.69500999758256,0.1460282900710071
1357,33.17628360123334,0.06395489339142506,33.58613244320499,0.04898338064408842,35.075240470223186,0.09342959661950888,31.59599776165587,0.10371335696493583,36.18741062113667,0.10903849975574609,32.54517497946756,0.10108804802440424,35.39512356767897,0.13391432947226306
1358,37.01715595631449,0.04531209716083694,37.368501934227474,0.04417868643384358,38.55858433242925,0.0832547635077156,35.36918338885677,0.08072281744577148,39.48577415769764,0.100789818303155,36.57154271495817,0.08373430608814775,39.88103474367317,0.1255418029952285
1359,39.547355510341376,0.13690645849396407,41.30833387082863,0.1338955518243052,41.786241382305285,0.182198873159016,38.00283590425718,0.16380728150014828,40.86070934045974,0.1985464126689191,39.2302516482618,0.1648974082600001,42.25935296133744,0.2077771722684241
1360,38.40580794089079,0.16479441636860725,38.213936569784366,0.1703106764007833,39.09620444907017,0.20441514332029134,34.07226448326204,0.20675708696755865,36.91879746414904,0.22940875406574113,35.28567898316996,0.18390889830293716,40.116834274001576,0.23595320757272847
1361,40.71049492791705,0.15990836814239254,41.59579715187249,0.1795651558294682,41.118438440743574,0.21357747911722608,36.28566854155838,0.20283951768034572,38.784627049604346,0.22857687590424322,38.1607219576082,0.1754666617193279,42.795932551989395,0.21868741487603943
1362,35.78092159900332,0.19579759661460475,36.33174192685852,0.20881652428713088,36.37296391991882,0.24177202810762188,31.897041704600827,0.22637941094898736,35.019488790286516,0.24690391981413273,33.59642487272172,0.20778827132674513,37.634108876400475,0.2671832297771892
1363,30.30324359816667,0.14815729329554878,31.351871616287205,0.1640196840784851,30.374709469015308,0.20351744465140986,25.59821437741748,0.19046589836683978,28.817025373835925,0.21097044561038142,27.61965881953621,0.1654840533914635,30.405653249642533,0.23493661098931173
1364,33.163940664569935,0.14385192139504016,34.59438262309845,0.1526708253971232,33.73213373257506,0.1952906263499255,29.180875948214933,0.18183662626839972,33.448542863404484,0.20769228126333916,32.56785725257947,0.16616296778871362,34.890735756993685,0.2258136950636906
1365,37.58651537368729,0.10482784533627436,38.1826395274997,0.11064068235407325,38.33298741045078,0.16277547307848664,33.59090826787181,0.14808859601212238,37.10339223114527,0.165700095351231,36.38074485335806,0.1255113870861032,39.725948605050235,0.17062717459006055
1366,39.76920534973586,0.03810481747086782,40.74256958671779,0.027857440892262872,41.69305836869857,0.0827567634706875,36.81662018896118,0.06902830403439425,40.01919231804287,0.08529539343252768,40.12805524031185,0.04286573762454732,42.24736825503615,0.08678770020078105
1367,38.30275155695288,-0.0542319320122796,38.97724961181487,-0.06763500472995178,39.73850380406394,-0.017729976556833033,34.853488377554314,-0.017213160723137486,38.78726481207969,-0.003438334002615541,38.510278863891116,-0.05790562719894514,40.725498175639075,-0.005241308306875109
1368,38.57413654654068,-0.03546977998515869,38.6944737086261,-0.038635094109300425,39.98392440306556,0.023084239931373936,35.89945658443552,0.004399581616079382,38.56212800938054,0.02282780303993774,38.26766752945445,-0.027232396475724834,40.781547302186326,0.030478296729484176
1369,35.09492570329334,-0.033934873658761314,34.19225166951742,-0.033534672830371634,36.96844225532601,0.01655562038561288,32.480012947206156,0.014112120666466707,34.34267216388878,0.022308114852958468,34.09978189444545,-0.020707664860147683,37.05736327955346,0.03361876684584719
1370,37.98207622890412,-0.03354379554747347,37.182006657646525,-0.03239010124506503,39.21126198999294,0.007861291769433666,35.62974143130516,0.016274017045483504,36.760182338376126,0.008730351134263039,35.23658971671361,-0.03358263142953879,39.997243820314885,0.022511668182122562
1371,36.35372847419733,-0.041799655262343555,34.233670658915095,-0.05033684273566093,38.16795876746153,-0.016786646814566382,33.47974299730204,-0.00938345256548332,35.93973556589277,-0.0228859022401554,33.188181774786145,-0.07141897524415167,38.43747297815796,-0.011774213581881923
1372,40.914683462943664,-0.028939678205559517,37.82578191705652,-0.05969739809889773,42.314316842996874,-0.02349169740854074,37.27666698690885,-0.00622472286866009,38.7836140901116,-0.023222837396372837,36.68443485864701,-0.07248572763667546,41.204300304283656,-0.014735090794882381
1373,41.73942221913024,-0.02363995587913115,37.92914913008468,-0.05643071754030012,42.396933961511856,-0.013435719357698862,36.8891962515095,-0.0017957477963985724,38.38740449001277,-0.030592248670055642,35.99995055987452,-0.06830427445535853,41.51791065485568,0.0003013927973800276
1374,42.95910462778522,-0.005983265623961665,38.71735789469876,-0.05528121676691149,42.787310360604124,-0.008280973986982632,37.18704742962928,0.008759359815108704,37.24429831451719,-0.016404993427649672,36.51963117404306,-0.046257357062479056,40.47140179295185,0.00010175602730894129
1375,42.613651002376145,-0.02678603212254848,39.20768294417334,-0.0831603663040911,43.273789823638054,-0.029913444668908787,39.222189102742846,-0.023075000077584666,37.19389931290727,-0.04619337242786895,36.98970553929203,-0.06734109362642925,40.571526339283,-0.019683642328512406
1376,47.152576700830025,0.025915909859989893,41.848552738804834,-0.026541301550492124,47.3963022440923,0.03770567106305179,42.14853200393824,0.05357028843984013,41.19342362684839,0.017561421701703144,40.64982212982625,6.805357060333996e-5,44.44727935259047,0.039329193149048244
1377,46.185903496651946,0.020171376762878803,42.408864655645885,-0.013613891241195282,46.98347506584757,0.02431551279979617,41.81010499367635,0.04741652313405527,42.05514477051193,0.010971951109803818,40.36514487389944,0.0059275928995205516,44.296613151227355,0.03804532918290854
1378,45.605235451921054,0.043153516539890434,40.93010076664484,0.004679595983571306,45.637059099953476,0.04370613977122362,39.43699941315928,0.07730819694968906,41.20807546949357,0.04416929151578415,39.92370908951807,0.02717528609015635,42.91792697003338,0.054074301028866005
1379,46.17549264344965,0.05109818829128049,41.433016397426385,0.035652980192103126,45.95327207544691,0.05368595015259506,40.97945627169477,0.08998628970302691,42.12939246418931,0.050421055202831494,40.62382439732606,0.04714955387985442,42.68965025103873,0.06778770414147896
1380,46.0074392665252,0.0310115402743101,40.78936059218503,0.03023843076411249,45.253665611175094,0.05350092268664315,41.82855542856295,0.08322620668611284,42.387636542235,0.04524066619935865,40.856583439832065,0.03932740710456336,42.846449724570036,0.0662913669216115
1381,47.75514795805834,0.09595694343401459,42.639204184413245,0.09810890141135355,47.34474724229613,0.12797767999967896,43.96130097087527,0.1518863765339997,44.65441518888343,0.11650271798797335,43.34285873450919,0.10203747666971667,44.7450069134597,0.13285025231253483
1382,46.50701914502343,0.1018529758540405,41.02345141390711,0.08840247628463181,45.38892744726867,0.1339129499252742,41.66556064792282,0.15038832929358642,42.36536524099922,0.0989293464735435,41.564518445803984,0.10176844459503057,41.62034175312749,0.13910472367907137
1383,39.539835859164924,0.07605881401028286,35.80555928868041,0.07892020035197099,39.84023331291823,0.11674901449295294,36.4940811801858,0.13762172167542308,35.874611439769026,0.09853817922625377,36.52696073079006,0.07826920345325271,37.2020351142286,0.1321220657435956
1384,43.6697600160798,0.095792426352862,39.953724398292444,0.09083885690750468,43.3214556302882,0.12451379964650024,40.58365235559037,0.15644313672743185,37.88088765042251,0.1149824019089921,40.74514760549406,0.09663504612090025,41.17580510836514,0.1404208742916885
1385,45.85889049481234,0.05142123420335534,42.788099125836666,0.04612338763135589,45.168131939105585,0.075031679200474,44.232327241443286,0.12318756151830403,40.93572430866843,0.08377052237613163,43.56925803899834,0.054414363168105835,44.315208785221365,0.0833825512481395
1386,45.80903070071063,0.09986892736555701,43.87059082134334,0.0969174914311792,45.84614515326124,0.12351556595563754,45.77894928375696,0.15696094569188423,42.23176496509168,0.13041917579076706,45.00647285650882,0.10091167908104626,45.56671076267007,0.13120527969090492
1387,46.92876660866861,0.09150447208450832,44.631640303760356,0.09887401975854115,47.384551822448095,0.1120101092367691,46.94723403209271,0.14449101617975713,42.703645304441864,0.1126101103188609,46.47352443163732,0.09090024817423419,46.01618647721559,0.1266419754437399
1388,45.10039819857313,0.08945993906063805,42.81613836356097,0.0988028518343054,45.52008801995942,0.11030172491685662,45.241864999048225,0.14133551377624648,41.36579828641867,0.09610170271850108,45.512766499899996,0.08757556470846134,43.89042761340722,0.12575347345539992
1389,44.85919792790539,0.016875912807469782,41.37129778672214,0.02688233546117815,43.93285876329915,0.04106316856296893,45.184808277107614,0.06282762491051284,40.075493579877126,0.030682799022535685,43.70279247757017,0.00797988143325105,42.13044093029928,0.04874471522353996
1390,49.1648613700371,-0.0032444687674596517,45.63326402171724,0.011766789052274004,49.14820957406721,0.022867307710521284,49.323181694214156,0.03634784774881226,45.6527343088497,0.015364818488145271,48.327922078346354,-0.012513075364723658,46.96273680117589,0.02462348091255004
1391,48.681930598800236,0.02691374560853231,46.00185024547753,0.06330411201377714,49.247928040317106,0.0660109028200652,49.051325627160914,0.08348556358299886,46.165116108231004,0.05834061406564153,47.22722514336634,0.029860501100715038,46.06504391828133,0.07411457298370086
1392,48.64934462030516,0.025830688377539518,45.50051842133212,0.05172299056506067,47.616000777202096,0.06321721808823141,48.94704741183472,0.08672973250233199,46.46864333355644,0.05227696765402438,48.046257551807955,0.037617843322094835,46.7169597502303,0.07233701142084692
1393,47.74932656624042,0.08209170132191633,44.4582456212959,0.10478437669072223,48.19894470491011,0.10730552105104454,49.26833177640998,0.14197345055230998,47.069692184133686,0.10429475067565572,47.583265872902174,0.08009910840967288,45.90418324257342,0.12399850554414303
1394,44.30340586963774,-0.017262462227817764,40.08793495907746,0.013319981316192914,43.882196227621165,0.022665696644007003,45.41279800746281,0.06404881752901738,43.3868458439752,0.014347456409748414,44.0594220020341,-0.004421446048122642,42.17384635734881,0.040316743669388325
1395,47.92415045647965,-0.029917512088738954,42.49106051167849,0.005783527129081193,46.73673101338786,0.014923209415282149,47.9403862470154,0.05650619211535379,45.195853456582185,0.0029519564977846025,45.571711378267956,0.0011871083679922119,44.87446122433062,0.04239134073924419
1396,42.23185905163714,-0.020022511668022654,38.65327230478335,0.01920248941443986,41.588846625473785,0.05162807030214858,43.31021213308561,0.06526867605981158,40.26302494445047,0.02482373240121879,40.54633276458958,0.026768074473152298,39.666773215234564,0.07081443957087642
1397,43.34665262472942,-0.01882984474763207,40.13196435748306,0.022133251091289094,42.353757662871125,0.06242528817870141,43.37282042977746,0.06060820515738513,41.256882814667,0.024774971840573715,41.45696470502006,0.033469885447483166,40.95083915141853,0.07179484843177669
1398,40.36645965009386,-0.006413537045075461,36.400223313560126,0.030536148058992206,39.02713118151199,0.047003278135180564,41.16703400489292,0.05280834887733031,38.169148765950865,0.02890913011433279,39.13597876140613,0.03950572042680306,38.788408342876735,0.0674385738530354
1399,38.743714648218194,-0.03103730767219082,34.909114210226186,0.018289824193001427,36.5700340493543,0.03891211890113804,40.1882710001506,0.0261751396800301,36.78277152012068,0.022981893953789342,37.63224710108182,0.02654170740895388,38.348762058641675,0.046167094158838
1400,43.239497516971525,0.014378104204572306,40.56705174192449,0.06356776521219802,41.8995839839227,0.07107682710408628,45.54183662939338,0.054897294374361236,43.35220928163555,0.06449250550843834,43.06710842480957,0.07031164969605135,44.093289859084535,0.0688001384931437
1401,44.60812112830395,-0.0015964890268071671,43.272306503024815,0.05363825501601919,44.41247407268524,0.05609683819321665,45.811111469513975,0.030388369100608627,43.52940400801405,0.050975670128628234,43.4000511059286,0.05069746409315987,44.22965309824405,0.044648544387843644
1402,43.383328347195764,0.019158546741860127,42.31813791197057,0.057651197637077864,42.82203636539482,0.06864732639243765,44.97521929801916,0.04091073659891275,42.263966985609855,0.07080492719989337,42.29099909289525,0.0726719592392598,43.792369270881494,0.05338142003100388
1403,38.92812866957017,0.004897670276497143,38.0635289852442,0.042025212863141245,39.3413912530618,0.0462435794863046,40.125293602229426,0.007561167346072126,37.13045852674974,0.05370912273642081,38.73303257243277,0.05546098443114425,38.955467339301805,0.019514074025339036
1404,40.759430609471224,-0.02051508050431958,40.15717014694373,0.012214472038246344,41.084066919560456,0.01848595737994924,41.471625076437164,-0.03834270216257116,38.732571443863584,0.01563553786068361,41.4170890688711,0.02573893054448104,40.550435244505714,-0.02345341067045306
1405,37.69280972392685,-0.046628411650591305,37.82708840030964,-0.009005596249189625,37.947719379889534,0.010183828070410864,38.12095130654219,-0.056184850902760874,35.466415480069514,-0.006858218224013023,37.36738634596832,-1.089876595879169e-5,37.69278005705753,-0.034783787513500954
1406,28.819641028462204,0.013559589771339198,29.740086902255047,0.064659625252188,31.002669397357806,0.07991402485977811,31.226501867296417,-0.0010992589214978699,27.889347088892173,0.05907690037949166,28.944921409385206,0.06995385486408813,29.46846524730427,0.018559935303327262
1407,26.833996097016982,0.023678623592561825,27.756751364273523,0.08701388262633183,29.04291921384049,0.08755151487653935,29.22118456215127,0.020101565458536218,26.801910512366906,0.0708261119956081,27.61374787800853,0.07945916815233106,27.38843400235239,0.04279035950476322
1408,30.007180050756862,0.030511522763319778,31.49353898079903,0.08846256545360993,31.269299869634935,0.07623400096440813,32.881358668507346,0.023965279204735873,30.69446572900717,0.06353252486640647,30.76908434941052,0.07668654871586406,30.254535446409143,0.040306066845467454
1409,34.34954045046857,0.048549378477918397,37.213922041368114,0.10709729039722041,35.828493866789096,0.09477458889645785,36.40387365273571,0.035749266612059946,34.909614093708484,0.07880131699586657,36.41681929890443,0.09280772927949568,35.503858824983446,0.0626166218068057
1410,35.16114199244805,-0.008836285252479936,38.445504086392205,0.0395714627567454,36.848665321389056,0.029304252724133742,38.0230387874797,-0.030681285681456078,35.29498744522195,0.007656844298752277,37.68556358020698,0.04341814944401959,37.39919730497638,0.0014769267641814186
1411,37.30257238107389,-0.03264791828916781,40.27753331878219,0.01620136474767865,38.34369178470085,0.003888021314029086,39.86278279336218,-0.05116526248787924,36.61864052423641,-0.0219216458536644,39.28235242755958,0.024632137515666806,39.57724070442123,-0.009968924480323611
1412,38.17727415637104,-0.03863941603928157,41.506629706532536,0.012831559899069683,39.28535704737219,-0.014925761485115159,40.653645688014,-0.053695646369629445,38.257899534438735,-0.025424111781648072,40.4051848397942,0.011918944036765768,40.62996437740551,-0.028459823332131328
1413,39.725166304866065,-0.04430372395182018,43.98539045415369,0.005960790327717527,42.310433435546734,-0.026399960466397993,43.498137179607575,-0.06483104724209639,40.75235534665595,-0.037373392591935534,43.59875612467188,-0.0006535052043946873,42.9833646147912,-0.0313190489238793
1414,43.00365054464039,-0.043026873805177335,47.13970427087085,0.012356407199698386,46.92754868403043,-0.011451710887828481,47.25968872104072,-0.05647366466149295,44.04889328802617,-0.03335959363234041,47.002925931982126,0.004711221046460736,45.575108441354544,-0.020686215891576723
1415,48.573952048009225,-0.0017797300952586258,52.68332904302373,0.040702914856025105,53.617051705723256,0.03239170623488433,53.72273453282428,-0.019858541660468947,50.01839733460628,0.024457539494361,51.035999761462875,0.048398470816770955,51.20063348987176,0.03447071447535842
1416,48.71042287402097,0.022302486411935364,53.49955098522473,0.0559311067663474,54.070088463204804,0.04276804860652408,55.015656351583445,0.00727606670889655,51.41345206833741,0.0434864244129224,52.17203021167457,0.0685234567819765,50.92257278902356,0.049338579180596094
1417,49.161633074821,0.06541892501212146,53.350606773244806,0.12744475948700715,51.81625992044424,0.09867496865629935,53.56674631906767,0.059262447578801114,51.75221909718378,0.108717075960346,50.979882554162145,0.12180767766234685,49.67902127155092,0.09627376279535524
1418,44.48938564423783,0.07070602769667475,48.31242166547418,0.14492423457422518,47.263787998801206,0.10248685116680945,48.12972777726121,0.06853187460334564,46.5789510365357,0.11908123914359336,46.251946165454356,0.13555207780398426,45.494613803090154,0.10932868557559593
1419,42.51873813360269,0.13871183007834595,46.36839759375016,0.2180851062683275,45.60345616651073,0.1632725822554493,46.40538337944805,0.13027700408130585,44.429747621117514,0.18587351076768777,43.853615853704255,0.20606600612973452,42.65333838904308,0.1593825005639898
1420,42.39398466699316,0.12773511351327968,46.48222900541745,0.20656228712145738,45.01219780309971,0.14930808624165834,47.51484046102257,0.12246411999779581,44.76183628474952,0.18004109445726238,44.519936097995995,0.20862098854160063,42.5832716435728,0.15207523455870325
1421,41.155802536744766,0.15400521554134974,45.181598614943645,0.22745877085915228,43.0028609652676,0.1651091801671768,44.74243632098218,0.13885662903716042,42.65351954074014,0.18069510569053543,41.356041806901686,0.22454853586753318,39.75262440395748,0.15679519942160858
1422,41.132435050614546,0.15916338370878244,46.159726823801975,0.24358998073541632,44.21935197785175,0.1628066824593183,44.416064295095545,0.15079447747832,43.597593284726855,0.18798110063182252,42.27082894188153,0.21812460135552345,40.8025824770377,0.15957768745287812
1423,42.34015394713189,0.11652448556916382,46.34230400651303,0.19660736861939682,43.49467269043335,0.11601590963453255,44.90730387494588,0.10215600806933849,44.635932722738694,0.14036293273955305,42.651366443189374,0.17936899752863222,41.88208004271337,0.11944885222582026
1424,43.036507028904225,0.06263302135721054,46.282771958280094,0.14094457945356004,43.75674683221654,0.06613021878406673,45.73790567814655,0.037700391445539244,45.02692183408237,0.09768514118240153,42.555862671996856,0.11985485120816544,42.70573973515794,0.06823775695856418
1425,44.61191344993039,-0.010511149325673343,47.6878700237134,0.07075258009538192,44.95985830007118,-0.0009243167536128463,46.88824319630573,-0.028167329265499575,45.789706878513165,0.033670079825054725,43.66722146831019,0.04942969792490292,44.493842025888895,-0.0018565357196165576
1426,40.5758845625962,-0.006273444267566374,44.11156899355441,0.08427730399267094,40.66888257760711,0.005781941368207041,42.37359174736075,-0.02921137833490242,41.88225319310248,0.042926898495408615,40.42790786397572,0.06203115243050258,40.43760183672535,0.02296753164254377
1427,45.028705874804444,-0.004434481392039989,48.63626770546277,0.07737206236016583,44.440982897602055,-0.011755566812148219,46.141033770174815,-0.03664609765414894,46.95731790420212,0.03917743131316565,45.007758578436146,0.04122895141873553,44.50158205835162,0.025703098817683255
1428,44.23477797661575,0.004139831374698208,47.5547538052014,0.07232763086654476,43.7962653478167,-0.020438647080570506,45.32935682491403,-0.032063954383217894,46.25038515482508,0.03735817771635427,44.819849745608956,0.03592350687705336,43.75623085759557,0.032808317399154914
1429,41.00054108287627,-0.07567971978978101,43.48216426352959,-0.010563675500292379,40.57873388729921,-0.08984753904362394,42.150236753242694,-0.08793484520349137,42.94592601826808,-0.031346411308915835,40.672796447622446,-0.03531627382493833,40.18837607725531,-0.04343356878631467
1430,42.98547946191853,-0.021612817049070095,45.977934811909435,0.0460967576615821,41.70874870979563,-0.027068891035161097,44.81950415281943,-0.012090760871054344,45.0349977436549,0.029095673625057182,43.322999862957474,0.010572205275379078,41.81450206820543,0.00830743814532758
1431,44.67911792519609,0.0187433450407428,47.294920229296835,0.0851683918875272,44.147852579299034,0.016499459666452332,46.75527777683382,0.03788132386760964,46.61363211669744,0.07214837925368482,44.852661469125366,0.046682641624658336,44.31554267505387,0.042285953379424965
1432,44.41196137522185,0.028930789594842545,46.21855535710131,0.09130587292698163,43.560385972187774,0.03514793270672013,46.77330873021958,0.05565446844084099,45.478779257810125,0.08496264987051977,43.64323623190805,0.05680970356399405,43.83529638206311,0.05201769684781234
1433,45.61288960069143,-0.033383457562396135,47.602754768637865,0.045469112451974124,43.7022106793777,-0.011124085502989118,47.29124418386813,0.0058645223016228765,46.27765279966144,0.03157960102805523,43.79821126071431,0.0001515210195261671,44.58821420300034,-0.0014332142109429215
1434,50.28580422494221,0.008572947661267592,52.50328280473429,0.0724036729198328,47.95735910010954,0.02735378691570883,52.66747387099643,0.04448209794819442,51.02188040573666,0.06704681334552144,47.71623477211081,0.04308058999342328,48.27217048747353,0.04477672960303087
1435,48.15088789544574,0.04965297454998918,50.90524397857875,0.09810588931448738,45.70951307514302,0.06455396752885417,51.03732260089215,0.07736465346299481,49.54515939009666,0.09331154605859046,45.34639067069115,0.08062515588680316,46.49933690668973,0.09033326767532684
1436,40.76460717198627,0.020379046811139695,43.84325685156229,0.06963150756171249,38.76679849122323,0.024516493248207667,42.75602143702827,0.050914617448415356,43.072009618949025,0.058282088745007066,38.665180380759324,0.0454007556138183,40.85243511301934,0.05834464071553118
1437,41.54945213536472,-0.018358679106352246,45.894424328876426,0.038123888845129475,40.17135125735788,-0.013658533965343694,45.08164628186587,0.013004943163209479,44.062267697214466,0.023591882660503077,40.41949576187307,0.0035379804084848913,42.06071970543804,0.008375741642540787
1438,38.54830679151893,0.05475774272842704,42.20036473539928,0.10594804275931213,36.903638096092074,0.05253414787851461,43.88654695318918,0.10100523025664963,40.96171211792086,0.10528766035330014,37.90122495998297,0.07591952325838128,38.87042871691482,0.07733852605579761
1439,39.3630609743581,0.126960419852483,42.79885863129196,0.15721778810489784,37.690093885398,0.12809745919877616,43.23636518286137,0.17276169510647982,42.11709663883124,0.1570550297981534,38.77494789356827,0.13628418014929827,39.84523248557247,0.14606566559553014
1440,38.79230276335575,0.1848200179160679,42.60121086006922,0.20125397375571913,37.90572408675426,0.18013439174264456,42.913269188924176,0.2070905145889424,42.22898154583728,0.20067290521758815,38.57339194435011,0.17867060772400783,38.71707818999372,0.18834444198084382
1441,43.743009600005294,0.09901610668715109,46.55813022962688,0.11397406680901662,42.57325910077924,0.08616082814390351,45.864582434028385,0.12204087867205318,46.24791158792952,0.12249279009039186,42.42798368901966,0.09129416521390442,42.84092728123753,0.09983140386828362
1442,40.967371688658176,0.10749758078511712,44.067373472479844,0.12430002763460812,39.28289021096219,0.08762713527300862,43.188407723108575,0.12383391803663621,42.492569697292126,0.11444195645309638,39.35933163586354,0.10205464206713759,40.357197807065795,0.10466093805969823
1443,47.91547022135508,0.1283137285998445,50.42729163965018,0.15285723006867333,46.864032300285565,0.12076880778356999,50.974073848260616,0.15411266146176092,49.75003849699952,0.14974679007616865,46.696791473111155,0.12178218533223509,47.30188902659677,0.1264294948055291
1444,50.020121341142534,0.12591110116292564,51.40990610977599,0.14142787887036354,48.101809534236,0.1166299097143181,52.401527331774965,0.14059611620481433,51.47743812510111,0.13737945023063078,47.88466993494002,0.1092855622003689,47.805138573264955,0.12035919873322998
1445,52.068186015016444,0.04845072521826843,53.18228634023875,0.06428142118657729,48.77498412154104,0.03797124631295494,54.50450770119207,0.07207881138372542,52.60635313130309,0.058547696055630594,49.711134975865505,0.026317122765785003,49.2813884125323,0.04410505121999223
1446,49.61749637198412,-0.0072274807564392494,51.10173108344489,0.006046175200929808,46.275860106110684,-0.020897958777192503,52.49829254441561,-0.0007633081899889316,50.11294011313331,-0.0067968215521293784,47.254568474863646,-0.032683401766363106,47.109817765554325,-0.013262451663455774
1447,45.202035935198325,-0.030111119749042122,46.635607086282874,-0.02187268026072836,41.72616840550024,-0.056571180055830145,49.31779907147819,-0.03563827375634158,46.06030750445637,-0.022802039086844854,43.092927256322646,-0.06016055573630547,42.95203491418465,-0.0433336949157186
1448,47.73494376097601,-0.09864029573748355,48.69341040972911,-0.08124128138195053,44.070666654867594,-0.11872378250646788,51.9495994738932,-0.10289591003318935,49.13285867635173,-0.08728763270526685,45.877902824773386,-0.11859043010119874,45.24945292216316,-0.11060798090935813
1449,52.286815572831316,-0.09243811325368294,53.73415010345472,-0.06571008643414541,49.526004302505804,-0.11362899198513651,56.3526772118012,-0.0909533497299994,52.88898337391967,-0.07050517314905685,49.977259733747175,-0.1000144595409254,50.28740149634569,-0.11256343272673398
1450,53.465748005410624,-0.042113859670284054,54.912195527506924,0.0011860675944061067,52.60839023933043,-0.03916372787588088,59.04447907270276,-0.018560709911786977,55.28933070119897,-0.012601085539328032,52.60939858628007,-0.026959884033783594,53.16518836610891,-0.04428348142557001
1451,50.485034033879046,-0.00450931586065514,53.523513565165146,0.03187795100579657,49.088463024106076,-0.008593771950049095,56.67262886776042,0.02004780608457917,52.57433601475423,0.02874338507037593,50.3705726380373,0.019118045326691584,51.15304508562103,-0.007471707975278675
1452,45.756093406729015,-0.023422853117473004,48.793645672056094,0.012497764956463618,45.360370268191076,-0.03036329176358744,51.87574768537431,-0.006369229015683587,48.79114578889862,0.01978687965824654,45.83020313749905,0.0015741521122811068,47.25562799588258,-0.03420067500550361
1453,47.0960477662777,-0.003637791055591802,50.948189798747954,0.03340850831686645,47.316863060860406,0.00035938234061898516,52.58542810390426,0.017367347414211053,50.738163764328945,0.04770372984936001,48.180785250107895,0.03319428166666099,48.7248170619694,-0.003066129568429777
1454,48.8725116803289,0.04845267443678141,51.9180675486928,0.07296216727210468,47.03139390201103,0.04923232188987322,52.67185997564732,0.06656006053930241,50.983187605762396,0.08689675057778001,48.60636596006663,0.07927956278836368,49.777550829338,0.0488322966951779
1455,54.92769742562318,0.025901764906322424,58.069825186236706,0.03183503082687298,53.44765445486614,0.014933754996142806,58.12847489592933,0.026389890592795586,57.52805256076665,0.03243967662797844,54.79901535470968,0.0374570128046703,55.85067894560712,0.002056249944704994
1456,51.13922204534446,0.06202296942912851,53.7337668019132,0.06450758415738397,51.456796891054296,0.05651879488738107,53.30753093091267,0.05255520806481231,53.69042121100418,0.06632775979026398,52.41982586345836,0.06492882439524329,52.56370738040488,0.03224035418252717
1457,55.866201719071576,0.10753278119909168,59.189771568856315,0.09591792116531947,55.58228926164749,0.1015484251941555,57.93219211662062,0.09669657261394157,58.31597685696255,0.10220714772090626,56.9013825475151,0.10467166472865147,57.95055553005665,0.08530646237095002
1458,55.599482865415986,0.08894747692396533,59.30950757451203,0.06089877335187693,55.816718748788986,0.09060107033908249,57.61949871030316,0.07141386157569907,57.535345928622526,0.06926778748211883,56.71542465345814,0.08582297742798978,57.86826689128904,0.07537687670048863
1459,51.17544244143726,0.1650710762839888,55.16088558091761,0.12112222672461076,52.76044054414832,0.1557012020132914,55.34373167460774,0.13004226579824277,52.883885058794924,0.13291466614469505,55.062662985057585,0.14790183642246987,54.37074576165205,0.13917648405901675
1460,59.08969758406411,0.14509191918520864,62.23335578413692,0.11175974970574461,61.428921058928,0.1411314820681118,62.52661948389922,0.1183656443460382,60.565407135218365,0.12776306821418162,60.694473656891205,0.1360334056224164,62.16932189752609,0.11144945814538744
1461,61.05270499492241,0.18829750772723344,63.58370122096424,0.16541504394390885,63.29260259660067,0.19435776946527414,64.21411572061943,0.16811075049631333,61.208948997818,0.18850616415882882,62.80114946673736,0.1920969145786385,64.90436124884609,0.16205234214385048
1462,64.24480382925205,0.1500681263231216,66.85339164509502,0.13600696704285375,66.54984679736914,0.16915436762975175,67.10786954189176,0.1218638615505154,64.55328408045837,0.14372279159242382,65.90109495023768,0.15792293777004499,68.38482340529418,0.12071319027046273
1463,64.9546153024391,0.07864481652781498,66.2707882893332,0.07230164158984437,65.55241762135553,0.10200378553824783,66.87020038551981,0.05797282502227176,65.23133716451967,0.0696084984400952,65.37117705715157,0.09502459256122625,68.31593620891422,0.054008908807152194
1464,70.58325807286002,0.10996606260745878,71.54220593801115,0.10543400561315379,70.65804396957971,0.12795335716739853,72.78822568247176,0.09931436513688073,70.22373573501383,0.09315470782816362,71.03113562264036,0.12018418205492383,73.38312537385247,0.0728196881483088
1465,69.40442164910729,0.21213475869508266,71.89494598143366,0.21866967281458072,70.67350226464809,0.2306170269046616,73.16459768043778,0.20710442793390768,71.36290214899432,0.20568807175778764,70.9026748738077,0.21648315852788427,72.61405745078135,0.17143681063168378
1466,70.20474527105533,0.1846986861078657,73.94402809046366,0.18859323314815715,72.74390874169457,0.20564661212878838,74.42448197737,0.18429419148257475,73.71503672078585,0.1639948385598073,72.12069348939222,0.1842662352833111,74.27694195926513,0.13549857024151385
1467,63.55920488055057,0.256354536081214,67.86558636572177,0.26962498710481675,67.15620437200847,0.26461777925060503,67.42572320387241,0.2545844411852213,67.232863653345,0.23209528148648506,65.36139966882095,0.25358141800213113,67.53959780010204,0.20651162507227086
1468,58.78703179882871,0.22982813935753055,62.63558639244438,0.242444179119805,60.761991826613894,0.2539803299764582,62.880634189611996,0.24255884625059793,61.51425444198085,0.22741582466349428,60.16375362081028,0.23597652550153994,61.8977386272536,0.18582965845515714
1469,59.42944220727385,0.1578884368171599,63.068746528549994,0.1727371472178025,60.81390099271534,0.1885913064241234,63.90806666901332,0.18027466807952014,62.071988112313704,0.1735319850844398,60.57890477106505,0.16956948404104313,62.05113129609899,0.10628939900463114
1470,58.50128522678661,0.14137249599725485,62.321566317880794,0.14969498522927382,60.354489530950055,0.15696554067198126,62.486917069183036,0.15084174395567201,60.688735129165686,0.151220371400867,61.07384880711848,0.15404243713343058,61.32134329393573,0.0924410178498646
1471,58.49561354717124,0.08737633737179293,60.69703992343989,0.0882741329572181,59.70864453482746,0.09903576364099832,61.93299029987516,0.09013755771310472,59.64210814439043,0.09705764948161862,61.02856572050626,0.09050607858376987,60.12522608183525,0.03285006372203635
1472,60.48375387735231,0.0628605000738073,61.35017215382721,0.058728718223189195,61.60809834944842,0.050851819792962036,62.123422386428416,0.06860804313064171,60.80167889993302,0.060866583427429795,62.94581421519436,0.05491029160178353,60.84329062726965,-0.010583460712960069
1473,60.582218525923864,0.07635004545776686,61.2723020030751,0.07491850648786168,63.473694686109276,0.051504759321429686,62.3703565490759,0.0812122858582699,62.0083986537087,0.05576464347462057,61.78836165493672,0.06880780958975145,61.03320954728013,-0.006266498960494617
1474,61.27564253692847,0.03423008270399167,62.30303525795814,0.038196413624105176,64.9906830916845,0.019268523109288893,63.20454937206625,0.04867674886597994,62.224611099470835,0.019890354263485684,62.89365863121738,0.02744165956050454,62.59026561935423,-0.033171978197694185
1475,61.334975344818915,-0.016504416142930366,63.27062241685184,-0.008912715177642038,64.63684827623422,-0.049610019386226306,64.44261514415886,-0.017806538711650523,62.959161458813504,-0.03575255522502997,63.49489213933538,-0.04018495556810454,63.387116281396715,-0.08042202173937371
1476,61.96628415556776,0.04574182354516759,63.14599605291165,0.04690984214996495,66.39414931027764,0.01809728720905599,65.68792065668083,0.04289758083949732,63.81157233825519,0.009176577094376286,64.49098419657622,0.029481349306611733,64.36612118419505,-0.015400166154465822
1477,59.038016410196704,0.11867918643229261,60.29732384920802,0.1022047706131137,62.88000250052805,0.07571421755676003,62.383143993124776,0.09162768020001893,59.81298294018441,0.0552457976365487,61.647264310245326,0.09178391218599859,61.5541180082128,0.04027962559972951
1478,53.68702048448509,0.04612434756696712,54.02708069239789,0.04255647874681568,57.42649238934096,-0.004638147879229445,56.7558382927709,0.013137881635130504,54.87474593215549,-0.002631006393792065,56.700375589288505,0.005516432198161698,56.249331947508324,-0.04167421682730296
1479,52.48009875542223,0.11739802151701825,53.351144545217906,0.1152126496705917,57.72945235842323,0.06520094115531434,56.365454885462576,0.09943677009418263,55.05195230901287,0.0683911807001424,56.66807252525455,0.06893592016936154,56.091737014904346,0.03210469747698143
1480,50.89593019142835,0.13051604853570153,51.18030805824769,0.13981002800692477,55.32898124680337,0.08515578306089358,53.10066364336006,0.12570067481558422,52.30081513875706,0.1073201723916679,54.5075607616291,0.09499712313661271,53.18886597609732,0.06741609040048427
1481,49.02539792661016,0.17745084101398018,49.771919996568016,0.18605495013773551,53.50937912756942,0.14906188399195267,51.11872546279487,0.17643815903578208,50.87383248023991,0.17167741952464022,52.91122336992579,0.1458191052358089,51.40022102846135,0.1207463149402779
1482,51.17102402422372,0.22804893193261694,53.15219881017376,0.2379595449585256,56.224623696017204,0.1990315473601883,53.94312479841233,0.22042325532679244,54.660015189259255,0.20992587074662353,55.713836852611834,0.18176410669300844,54.29660811646621,0.169977270342086
1483,50.1488994688873,0.17695259678266623,52.66340869731124,0.20840676071294922,55.75417140563896,0.16512943645029804,54.12641089759566,0.1897315012216187,53.8600861552338,0.1704106359421821,55.91996609816333,0.13233813129173255,54.76056760419638,0.12249675126653292
1484,46.66020134847925,0.16072898081821846,48.886866823807566,0.19288596333767524,52.525530493048514,0.1448224088268303,50.68974384244384,0.16743387072456523,50.699558394361674,0.15827511768396899,52.07409967622304,0.11687992408651571,51.163366065824924,0.12064995836418618
1485,48.969198311223465,0.22041284909958522,50.950161664111995,0.24865630991830415,54.34778166320218,0.18724179648646774,52.858239880532174,0.22058139684265377,51.959152124080745,0.20446195588793858,54.23483734567179,0.15743621795494828,52.47262811237963,0.15602160621602465
1486,50.88897477227641,0.12125177796162229,53.16982668608443,0.14257530674273985,55.32497619687448,0.07547638474555528,55.156876384468035,0.12166225899613822,53.766157036220044,0.10774823320596269,56.39142841299929,0.053912563543569006,53.71207582146666,0.047022620967259975
1487,50.507495259329104,0.09425801384592775,53.16320934489552,0.10064683542972452,54.21258689847447,0.051360328765591684,54.322326700773374,0.0842147420528795,52.894899656024336,0.06881264044473179,55.936687253453215,0.02388753094459052,52.99322416609385,0.014792836531300278
1488,48.82563365277367,0.05222373347828156,52.13592993872,0.06331981451512342,52.32475253418731,0.020273972796512066,52.74043968962558,0.04971641490240326,51.99857426698099,0.03888419980202858,54.873938041723,-0.015656600983063117,52.72982842739865,-0.016405362529885406
1489,43.79063077713789,0.03003810046461737,47.7597724405199,0.037392108507321685,47.00809814899654,-0.0025078098759018248,48.7546789342482,0.041314044979762314,47.081543229580475,0.010947473516139292,49.96720564480217,-0.0348193675796035,47.61913725338192,-0.02492023886575801
1490,42.317980761746696,0.0869806618964695,46.151459022620344,0.08828580833396975,45.27640996431497,0.05549531431712207,47.10048897440479,0.07575132371706073,46.226861969098756,0.07373332871805041,47.637642156978906,0.004481197279548779,46.11604176810576,0.032523742184040506
1491,37.40461059956688,-0.03222337752786869,40.66115014026298,-0.027233608957704335,39.252304489674394,-0.06904961089317817,41.91114135907664,-0.05840353059197504,41.154941846698854,-0.05414789992351634,41.20226624468774,-0.1065270825446335,40.826152355794854,-0.08616176516663236
1492,31.902401848849777,0.014003749361907947,36.71495433248253,0.022667901584521803,34.07987373122789,-0.011343968205392551,38.36474083787225,0.010913293642715222,35.45448916810696,-0.01275857956119289,36.847339377170115,-0.04636853975961197,36.25327037435226,-0.02682729672933932
1493,35.428441059287664,0.061468985481587794,40.69364860814156,0.07427456865247081,37.66587148905087,0.041842946193308986,41.62387769744498,0.05226126560603067,38.916218630778566,0.04626559052391098,39.237589596627956,-0.0027643842480115574,39.32935691318638,0.014783798224314207
1494,32.62204175622063,0.12519016331506538,37.97567329749012,0.1330151474335757,34.91427162886369,0.09896532220302193,38.571830344108655,0.09785547458543883,35.54117006340246,0.10747799065643586,36.68015688402839,0.055344042151953494,36.833285390513254,0.08511341219673536
1495,28.048499316738113,0.053035493982010656,31.390291237193495,0.05911060872659936,30.020025857639116,0.030916817635194598,33.11237318424253,0.034101571700786336,29.338991560728665,0.04249339918125252,31.024678990810184,-0.010233255089883993,30.990417817396146,0.0235503831006211
1496,32.56883057475521,0.09605501896026018,36.18926954001682,0.09211568094080028,35.415427921326994,0.06591862416821553,37.92278594949684,0.08602452414406006,34.07818774269324,0.08813473566500306,34.828033153706315,0.03932463776847309,35.54396484602697,0.07508465837279275
1497,31.64226675754291,0.2154954140670389,35.902247153655544,0.20126943847288478,35.823327174728945,0.17599812239970106,39.356172463511044,0.1938558353601781,33.926210490250405,0.19582803539254826,34.78088479320297,0.14829484850009853,35.8017704870971,0.17962631206784974
1498,28.90540664430922,0.22962771259728543,33.106808282596596,0.21397854666256924,32.67602019926892,0.19829414761500383,36.11003044128588,0.21782495263209642,30.670923568596788,0.2091611969307589,31.86635933888305,0.167147315242185,33.1023460688602,0.19081462050918227
1499,25.245410180441915,0.21860474440729685,30.946584292719052,0.20492020366871014,29.297199922655427,0.19157181628410877,31.650058215899207,0.20998158753850102,26.367055013548605,0.19466359758105545,27.705310966955338,0.15508509478517313,29.093486232934268,0.17099453937484482
1500,29.972223223276053,0.24924386424619885,35.01725686049895,0.20154236932825678,33.07654203897995,0.20352718836637312,36.1446115614839,0.2240139122867964,30.71266141366091,0.21802909441582868,31.931173189794887,0.16034693492054888,32.62432756464615,0.1750671192408168
1501,26.91137039436576,0.20466476514696347,33.69427078730014,0.1533646634546793,30.714043107049086,0.16072359610654077,32.624475686914124,0.18070682153364434,28.59069006146139,0.17332735474533942,28.98636395031837,0.11169778339594613,31.2461848541718,0.12566006833228355
1502,28.624160314738184,0.18625993876617658,38.159089050488745,0.1414111488723269,32.73937862215832,0.15663590779176542,35.714883165471036,0.17290030821320154,31.26692796005972,0.16790477283874267,30.856388614243553,0.10158710787697706,32.4397843681839,0.1116020528779538
1503,27.705078854316042,0.15191583403449088,36.39000340867753,0.13440561019632474,33.408479371960254,0.12004204154406635,36.320730856540564,0.1305265690491004,30.999211859365854,0.1455037707764386,30.292932318932763,0.08599947958737182,32.39784893210103,0.09668962966972447
1504,32.64778380487889,0.11869420503334435,41.01277181599422,0.1150193579109495,38.03547650071739,0.08999212374773177,41.754503919866096,0.09901987113271749,35.05455304815381,0.1235398869815679,34.97370262339868,0.05774710532509546,36.03032506708064,0.05972300135521462
1505,31.720831151562315,0.12167256989035338,39.584913374018186,0.11830951528102725,36.18964818003482,0.09927802622479046,40.5752205806522,0.11345860799714051,33.49114921937967,0.1341967123114034,34.27196862630096,0.07120180800729953,34.59434214448281,0.06861221565885793
1506,33.63055476242292,0.15363951923904154,41.45417138429885,0.15908791090536809,36.807690278024,0.14618180268091724,40.763071266297985,0.1522584407948857,35.13481838507109,0.1617864288772464,34.482008430801,0.11820915411100086,36.37822085806927,0.10426200159162172
1507,33.48376721979876,0.13819745694355498,41.82078001445714,0.15937036215437797,36.359438891606516,0.13882313800985138,41.11514251427617,0.15401297602738917,35.54663310885873,0.1576245415669819,36.39679215167308,0.11048801209747247,36.06201385476953,0.09816765203854871
1508,28.27291843056896,0.1611720887889995,36.19135925103785,0.18426894976390587,31.574014034665453,0.1600524450392958,37.189586924091856,0.1633354442296687,30.52582050934586,0.18058062078574866,31.857039974094704,0.1327772809606626,31.664044557269374,0.10910709963207933
1509,34.426656883946954,0.07398074726980726,42.02073314430375,0.08001270030625929,37.26058392271119,0.06291527840931489,42.363913107847964,0.06641349307683876,36.485140482857005,0.0993122610991809,37.413769112489,0.03514387164513481,37.58317149622097,0.014652636506472319
1510,33.87813220206583,0.07028501643589531,41.01226569731439,0.06595911774203904,38.18255531767942,0.07013180138760428,42.6966324163058,0.05258894077431339,36.09127880111892,0.09619694647195576,37.701672354871896,0.031843681040172,37.39599006547249,0.006437350116845424
1511,29.9617698843537,0.03644380787198179,36.36487634137434,0.04207141260680979,33.64046300881836,0.04865140046010617,37.21158415362504,0.0251051468227768,31.441359942281423,0.08776831863371622,34.148322577510825,0.01146009177995521,32.98046419590524,-0.009535444341694316
1512,28.540838043701324,-0.0517326152357182,32.631801332877764,-0.048361757334667785,30.143429906790548,-0.03846259434478263,33.89375161595896,-0.06002106102461143,28.601225532000235,-0.01679567062746544,30.406686430990398,-0.07413917021504474,31.692412339686236,-0.09922325182109543
1513,31.82924010338114,-0.06470737926234311,34.05611971951889,-0.06868969076584419,32.92876484163907,-0.05021337771726323,36.20766331347076,-0.06925839081625919,32.22424266256527,-0.029102518402067554,32.563149229213614,-0.10156281358317482,35.12295501321441,-0.10515205753233496
1514,33.10248987624534,-0.024329905945809163,35.72934768439063,-0.033963199938456715,35.33487837112925,-0.0084166397315143,37.47124971723652,-0.014192931173054492,34.23735637768233,0.014639499221134732,33.99666127994391,-0.05637205851067115,36.992964256469534,-0.0780534641278851
1515,36.889876431835624,0.03985663156168042,39.66183231438875,0.017983170744620518,38.805093279083636,0.043809224381107875,41.5154139306817,0.03445949959784153,38.506185442057166,0.06390606506888613,37.893017983558565,-0.011967774893120276,40.79707364539522,-0.036458245022519736
1516,33.13166904502043,0.043424692259292574,36.6403506663229,0.025029650464611572,35.11163405837059,0.04233533428365804,37.62694590230446,0.0373196605505374,34.04816543413483,0.05756835205352087,34.889167742361586,-0.006662055560079032,38.12420134959837,-0.02970264376582961
1517,35.3722496303103,-0.022704299417360907,39.415120244384674,-0.05428301523147279,37.64283672322888,-0.023161245080845647,39.490215266047805,-0.03526047102951871,35.608239860477,-0.010750522823723418,37.82666621269208,-0.07693507475865086,40.41294044311475,-0.1000632355567457
1518,34.97262855652604,-0.061619526614111964,39.19868074323054,-0.10579141741961207,37.54945641883164,-0.052690390233199096,38.603850391427656,-0.07854618401719349,35.419474664677836,-0.06226701984555352,37.81733383625997,-0.11531318665758428,40.63476968159613,-0.1420329017249731
1519,36.12261065659308,-0.09450548446419782,40.26456510456684,-0.14758718389878453,38.17187513376816,-0.0863055210087465,39.024291930324836,-0.10330931445973993,37.106935821683116,-0.09256532752493293,38.86519534739771,-0.14684130673110551,41.3271797914573,-0.17419605703768176
1520,35.55681431526901,-0.0736268256841858,40.46551348088151,-0.12607001943809676,38.09262528074364,-0.059045833556274976,39.20526516182464,-0.08688908534908837,36.87574174604428,-0.08017157759103485,37.745665222648476,-0.11805973201662551,41.68050386792409,-0.15996380342086527
1521,38.44311631896717,-0.15493922886683098,43.07555630896967,-0.2216915865651178,40.31054601284056,-0.14687983066757923,41.665119488879256,-0.1543745626172086,39.32674833386216,-0.1544802818342615,41.04567887800609,-0.19680876653145263,44.781090664389055,-0.24720930210949152
1522,39.36968888951825,-0.11082945586547584,45.01551252838266,-0.1853019511617464,42.04726895982907,-0.10820809824138963,43.43719524900649,-0.11864862691033928,41.752848002492314,-0.10386566375585587,43.5545929442423,-0.16115267712546916,47.07992774928648,-0.19746586933503332
1523,38.73397532023297,-0.17628178497032268,44.57598196767773,-0.24947085716054257,41.75257936918648,-0.18505024767155695,42.45792936431576,-0.18136259983127048,40.25478968130904,-0.17822790821096607,43.026403365622315,-0.22205955257631604,45.468942882435705,-0.2703021959045093
1524,40.034001654703594,-0.17678461439927176,46.997859324789395,-0.237702213565447,42.98603367208355,-0.17550837248245463,43.51904705203751,-0.1752314561589992,41.55548238231235,-0.1691891972877773,45.747088720365596,-0.21839201652500373,46.53951134743438,-0.26331326290998974
1525,38.74169090637683,-0.18508428306908678,44.37079938022692,-0.23523542852461915,41.66274921364885,-0.17462735029557586,42.20929771950302,-0.18111675460315763,40.10828345179053,-0.17073484444698728,45.21290253745106,-0.2158196547003389,45.2675914853282,-0.2744616776394713
1526,36.950253333171965,-0.1393109675071757,42.280273687201074,-0.20330435086754928,38.89775565579905,-0.13115971666342768,40.71199041285699,-0.14622217396662376,37.789456975328726,-0.13611415933179213,42.257269777502415,-0.1810405654639614,42.19801866076882,-0.2298459260971018
1527,39.759383551540296,-0.11693670176875068,45.014747306427836,-0.17930770827230655,41.914853717429054,-0.1004573756702554,44.16440215533587,-0.11183049283160632,41.60919320411092,-0.11768718888389068,44.54593203375781,-0.15852391844900598,46.12878048001236,-0.19854862801887765
1528,38.83452860060946,-0.1506328320554459,43.845294679462405,-0.209436094444483,40.619594180296986,-0.14250043067993554,43.22964346641922,-0.15617253690849814,40.32411253016022,-0.15695114582818473,43.98337672681941,-0.17771409649948078,44.844166241419344,-0.22649103614125257
1529,39.505559519777734,-0.19607490427704885,43.020988740985864,-0.2512441297838587,39.55528355318411,-0.178231568459507,41.894146689437264,-0.20881994307920143,40.30206183471161,-0.19730240752809983,44.07362446749178,-0.19644818062626548,44.05866695144479,-0.27144332641437424
1530,38.446367772101475,-0.22302333546135547,42.20113847148201,-0.26659661725857003,38.158607976268975,-0.1971348091215492,40.10659485056735,-0.22504117429973566,39.037464674274,-0.22615410453862558,42.20798392292479,-0.22449439462256415,43.071047673817816,-0.29358716012946207
1531,32.13842294512121,-0.20040777058655324,35.98238777556337,-0.23793487344766226,32.013468913795954,-0.16163202787059103,34.35325074365368,-0.2052500752340572,33.71251250400787,-0.1972926485304264,36.69616614786449,-0.20124289430683467,37.6950637795805,-0.265326424592568
1532,33.043865543828055,-0.2079554607122667,36.98678334342127,-0.25400371782316444,32.56495816689542,-0.16217400766659215,34.825163345652435,-0.22261318140293573,34.17166210134906,-0.21185972260917382,37.82244920601486,-0.21873702602992223,38.01484673976753,-0.27651419891795176
1533,38.93685591513139,-0.17647500575318195,42.62472697523252,-0.20685290081282381,37.4305238051513,-0.11947163655507256,40.181778984517265,-0.17731885039507786,38.7736143778126,-0.16127764746301848,42.66982286568215,-0.17229571598789598,43.730773016330645,-0.24079463317054192
1534,39.54174928080499,-0.1647828890319606,42.66459425706718,-0.1868718629610872,37.26058425086137,-0.11550274770878849,40.83839577464882,-0.17678096389455178,39.35745688165391,-0.16146715845456452,43.56569296520203,-0.16609672634790973,44.51075692580535,-0.23498614135145013
1535,40.55358182844134,-0.21509677370756594,43.25853164982284,-0.23278729031407072,37.972466202034724,-0.1679834115401879,41.6576217120215,-0.21164542333611577,41.5702316976823,-0.22620601479455976,44.209662769311564,-0.22644306688795773,45.38679103867297,-0.2833365855691354
1536,38.3414366992907,-0.22772014100550483,41.422268880639876,-0.2468556874876282,36.65951702685388,-0.17272207337529766,38.96883077453923,-0.22784233644469828,38.75990098286794,-0.23694139224036834,41.1812202561521,-0.22891522620057556,43.29497527601525,-0.28845802494437817
1537,32.97222158179665,-0.2552361627992827,36.817402815403,-0.26692237326344803,32.7980444896748,-0.2058681574262058,34.10752647738362,-0.2538316029694506,33.38527934289636,-0.2692669075771797,36.16946013466237,-0.2546840712205013,38.01698082262182,-0.3183132714842814
1538,31.487402285788395,-0.2158796209812339,33.26073989145869,-0.23593123262533788,30.29004050768986,-0.17884858753801952,30.230234451320527,-0.22469877921995043,30.829304234833373,-0.24729137274056148,33.20534154701123,-0.23979997403749126,35.06241346696668,-0.29012975508060934
1539,33.8546769062892,-0.19988561962853504,34.90182034053578,-0.21808369600692584,33.31467648340493,-0.15577761827855063,32.4497969730699,-0.19875466385431834,32.67816119944872,-0.20902582344756054,36.381105553155365,-0.21433177388266744,36.368882948344364,-0.27381765545249903
1540,39.31601513989543,-0.1691839860206865,40.37434251795481,-0.17104853285157398,38.40576109748272,-0.12196851171387524,37.87510719062942,-0.16482485944852526,37.64484810530602,-0.17222621966752166,40.12837939325188,-0.1679543990653548,40.58514981216191,-0.23966186625103666
1541,36.018695651807946,-0.13824382191853807,37.09997542994505,-0.13440038458408574,36.06846689196976,-0.09640109055506844,34.435089981128485,-0.13256492416105556,35.88808716747409,-0.13463440489279874,36.94618431519342,-0.12347332981699674,37.68378545513769,-0.20615098534802012
1542,34.834441569074556,-0.11624703739145296,35.266343842096724,-0.12595372058937754,35.28204785019094,-0.08442042787073423,33.256234213446206,-0.12589375949162396,35.054793808232645,-0.10009850828322187,36.37979558578428,-0.09798139755937002,36.17761034661588,-0.176902643479074
1543,38.56882762578301,-0.09923595311370409,38.84619550866488,-0.09972423596034653,39.83856616616058,-0.05865398302276925,36.924746693173816,-0.0921590790032946,38.59682764407748,-0.08190127937428028,40.38271688926258,-0.07934078351439541,39.73294758455219,-0.14415187624647408
1544,37.47440079396928,-0.0811896962266562,37.09238009141842,-0.07587128813123409,37.2603981707304,-0.0419974846390056,34.84180153129567,-0.07519194780334827,35.865036045831786,-0.08469660386379321,38.82740618792524,-0.06557505582060508,37.859734858887236,-0.13070045857936316
1545,40.63389028805558,-0.07015058479346226,39.098054208552576,-0.08019439724160282,40.57287587571739,-0.02364008732607202,38.62653443634433,-0.06281436939333807,40.12163317780197,-0.07269118153520196,42.41453223607379,-0.05186793539264139,40.52154651588377,-0.10396332041465689
1546,42.1063441251307,-0.09592947745308872,41.705075751932306,-0.11435471969662815,42.82983007289352,-0.05362033781448782,39.76697117898719,-0.10128110466088686,42.130761418591916,-0.09626048729589043,44.577160122988005,-0.096452769361743,42.08340418039953,-0.14149817731352468
1547,36.469122687580594,-0.03732594007808081,35.942437135515476,-0.06826706200362731,37.51674584600175,0.0018583172026805372,34.39403893654094,-0.0687540258249514,35.990264678914684,-0.06360259233721795,38.61986440969375,-0.039755010597434026,36.802265794057774,-0.09794853487138427
1548,33.79697977697559,0.023525793562439175,33.36109370337594,0.0018878153112128412,34.36400462275752,0.06154550361117075,31.43402681891491,-0.003781618531169144,32.95932434796115,-0.008050827472156814,35.51149356795024,0.026380920715826178,33.29146583976243,-0.03239562557686499
1549,34.92709620825409,0.09373281103475282,34.506948838584364,0.07046192571064272,36.38106024526516,0.1355202809950306,33.428801818536414,0.07158277756910868,34.188221859163555,0.06047898289913407,36.20386728508611,0.10324363886435488,34.15193686400037,0.04574192951040379
1550,37.083519815615524,0.08415594066097536,36.4433386183308,0.058472819346180094,38.36741916826855,0.11332022760825523,34.86565236786193,0.06477329882304445,36.96369123045053,0.042378060782656074,38.00028203394165,0.08328376415844067,36.100163003374334,0.0397823043534907
1551,37.62100855769417,0.04959323413151006,36.54536407078812,0.023668389611418497,38.428648990344485,0.07549755813088763,35.52360517184856,0.022448659976738186,36.76875973902604,0.011791129824706294,38.356048885732946,0.049900248493549036,36.30486415950252,0.012201756515163802
1552,35.77499044669967,-0.009836874707743323,34.50660195473132,-0.023619110991052475,37.098595872834224,0.019177041595205793,34.67012200399947,-0.021923763964782673,34.138556750989764,-0.051150158115744276,36.98560468660255,0.0009449413724245091,34.36208154467649,-0.05551850955405685
1553,36.78919145820922,0.030918859929339224,35.64679471056448,0.01886359693588463,37.87346086684351,0.05111539272201711,36.82428819464327,0.014290239277118848,35.975312154230814,-1.8709866176906675e-5,38.10279653503998,0.049167190182805166,35.27896984705497,-0.004511406339753089
1554,39.150705000183656,-0.031611366590909844,37.12822847345029,-0.036352775523548445,40.27653673983143,-0.020721798925175575,38.660616255262255,-0.04479619789168658,38.36042450732919,-0.05705345363437839,40.35995632482644,-0.01628374098735258,37.36308326118903,-0.07153339801688484
1555,46.2614747905491,0.002807664011693043,44.83019451844577,-0.0044438468969499895,46.98940818241062,0.007852868051322962,44.17905174895392,-0.023086477714644425,43.661415313947415,-0.018464052639331444,46.20415125623644,0.022447487427158686,44.30621324662037,-0.04164095249717974
1556,46.7229502562589,-0.04345389407383177,46.23683296176083,-0.03768475467621628,48.22706979563147,-0.02228330990198167,45.87552728715666,-0.05475073434135754,45.53283321352235,-0.05620899466926862,48.704324600923016,-0.011719171969746593,46.751476770913385,-0.07238188729696968
1557,44.982076859631675,-0.011744242365266801,44.29901176737563,-0.010141689959649602,45.51480992433053,0.00863591031027313,45.120076280672265,-0.014055738120128648,44.5902217597193,-0.03515796362948842,46.87160711239422,0.009429080788149144,44.22060798006659,-0.02214770479127099
1558,44.46299291734859,-0.01171272753309848,43.97125330359295,0.005327611583584677,45.45056797647629,0.019945965090750264,45.21199273387307,-0.006373187204119597,44.73717606710721,-0.025953978683174242,46.73821255780828,0.01887048653134374,44.32680408561434,-0.013692970080914723
1559,45.194437238157306,-0.07263743488108487,44.74901054721965,-0.05107455352628966,46.59802776557085,-0.022994328930160686,45.15461146927172,-0.03940331335435051,44.24594028851693,-0.06428786533506683,45.97177628772606,-0.03508920943754425,44.7642370762141,-0.04394823318905153
1560,44.94512794753666,-0.05575347098793726,44.02492349666943,-0.040988321734831606,46.17056217031028,-0.024139447835182685,46.23555987622971,-0.035640812077555706,45.01472358777978,-0.04816279663807746,46.57843858765211,-0.034347821145402725,46.21409967794526,-0.04502262976201035
1561,48.77966708338073,-0.05353398940865996,47.84066726715194,-0.027053532503602696,50.36449114915356,-0.026769759985959634,50.96186182281237,-0.027753401904816528,49.45631284733786,-0.044840812794298364,50.47848913648555,-0.037989729926856904,50.04189169851582,-0.03565192742943191
1562,48.371192031654516,-0.09155770989589014,47.948500033041455,-0.08057582437114501,50.082270698132305,-0.09748543736857616,50.65091892733794,-0.08431923113608836,48.72066564281322,-0.10348531756526902,49.990629388824246,-0.0805370328469715,50.44043251937444,-0.11160635722831128
1563,49.413918380110815,-0.11100262421194422,49.51964962420117,-0.11201997881047163,50.39551607569349,-0.1063480985150834,52.519411180725655,-0.10062012853214605,50.21372515554698,-0.11810490698487222,51.451886829539795,-0.09961185969671979,51.12345133506405,-0.12761103021319875
1564,48.124228700186215,-0.16974335219932402,48.64877988567105,-0.17035094730796663,48.97238756955186,-0.1625195158979754,51.32140453151213,-0.16255230163157458,49.047720633504724,-0.18343678078114406,49.46026591254978,-0.15276111657189695,50.04579990564663,-0.1740400777369909
1565,41.73106241827236,-0.2118502932236636,41.78004346845754,-0.2083388884501881,41.92101160413334,-0.20524397939615327,45.75101835893699,-0.2000051282271043,42.893519346909585,-0.22399563381841425,42.42405939078989,-0.18189745358195106,43.048076805414894,-0.21183400831842428
1566,45.30432181697378,-0.1994604305760758,44.57268590247832,-0.19688348599580432,44.847913444539714,-0.19398584338788272,48.548744662828554,-0.17680351023806423,46.41729624954245,-0.20691486773833043,44.14061014528771,-0.175669476328887,46.03613607097169,-0.20098306494685145
1567,44.812320499607296,-0.1574721434275365,44.62991208629093,-0.16364514050563428,44.426078824623076,-0.15435822621347944,47.25107961314916,-0.15079363056243306,45.52216936423464,-0.1680679293284753,43.848112548762124,-0.1445973418148261,45.950667929722215,-0.18031875160820873
1568,40.9360232786058,-0.18960334929248893,39.85334388195241,-0.20099258929125904,38.71507154043869,-0.18819804653936736,42.47019854309983,-0.1880092917135769,40.41497268482031,-0.21295099983719645,37.831545695661625,-0.1874878252351543,41.986350290220535,-0.20562287446643418
1569,41.27750851675633,-0.13942086610803103,39.78390649884528,-0.13925887314127086,38.19878822489781,-0.1332290734830046,42.886143184016284,-0.12543437348176173,40.43501672460433,-0.14776618389491647,37.25101824375756,-0.13082734458774548,41.72170804804658,-0.15333009155414695
1570,40.697923108507005,-0.21908220742652745,38.92408870891967,-0.22854636830386588,38.26670005333577,-0.20936824272638757,41.73622840716434,-0.20576995759775213,40.03664807301051,-0.21810926669096795,36.553113898927414,-0.2131433400609922,40.646793535173686,-0.2496734211309095
1571,42.592488997830515,-0.1870475935117329,39.814909585245076,-0.17646743319973024,39.242320464998016,-0.1622347268778962,43.77609421140784,-0.1580626663648671,41.96004473532924,-0.17856801095538333,37.04048321759344,-0.16466117285096177,41.291343780237504,-0.21346802676489401
1572,48.259503073920186,-0.19865900229902442,46.23614120400088,-0.18482347910190253,44.82222366941133,-0.17462020888931523,48.83406998957977,-0.16949566999221793,48.28560686006916,-0.194946349452218,43.86656864097387,-0.16573271259831165,46.87144637590009,-0.21300477996047967
1573,48.04196745519117,-0.27632482434014927,45.678930254923536,-0.2593315620944245,44.51066294304308,-0.2529872728404713,48.72505596969979,-0.23806855464073753,48.87838500353369,-0.2631781525690818,44.64745967900147,-0.2509862635488841,47.38494833967009,-0.28955157962334
1574,51.17583790281814,-0.2158940685803275,47.409326633521246,-0.20450372426992172,45.8678485896218,-0.20240908574560107,51.91346541782755,-0.18564270722638698,51.276273793923394,-0.20990477526997084,46.67663623966141,-0.19559809617562499,49.16284848910672,-0.2285678237287867
1575,51.18847782044383,-0.1788551112738649,48.07253033508068,-0.1696630207638031,47.100869279816074,-0.15742096744660644,52.49361713271084,-0.14087291162356533,50.89835173467402,-0.16125054736822877,46.56931321704434,-0.15453568608743554,48.63172078400634,-0.21015140003491528
1576,53.009173445343016,-0.1808308146217314,48.42966723321024,-0.1708836035061782,48.12625340731377,-0.17360731002539276,53.671683612941536,-0.1485382339715214,53.066834628615005,-0.16851466686964095,48.30570990410868,-0.1525220954508455,49.52042620015631,-0.2168353668732596
1577,52.17514839255409,-0.046955577502114404,48.56521850058125,-0.04288955416117504,47.449646978385076,-0.05628353049758538,51.922584429729206,-0.03018354746546812,51.109183014092096,-0.044243419420705844,47.35217532545609,-0.04529549983374243,48.884955532897294,-0.09303227246342316
1578,55.70975214555282,-0.07268070236360838,52.71724321600048,-0.0780643016239154,51.51691436546275,-0.08774830466696718,55.51429138681279,-0.05342042933794644,54.48725026598854,-0.07158025480917143,50.773343856665214,-0.08186731147372282,52.73198142244514,-0.1195209943384623
1579,48.54691766097646,-0.07969620799572555,45.637819575094845,-0.09557719930739805,44.44529182148901,-0.09004659046814026,48.82568373478286,-0.0753657353696543,47.54203958349667,-0.08916422658465126,45.67526321624554,-0.10297470593048418,47.29104086800675,-0.1288726248195237
1580,55.83706551043824,-0.08043297274198533,54.465862098741376,-0.10349042299661021,50.97300588678232,-0.09588422798840572,56.309748653555104,-0.07460872977024616,53.93424475635098,-0.09652487009829103,53.04046885022159,-0.11628302049810738,55.261993114063934,-0.13553721403797203
1581,56.7711638999495,-0.06440451876837111,55.19501628460806,-0.10384423155770943,51.930740915278975,-0.07811664047674023,56.162240704922965,-0.07063358003418843,54.265542693895924,-0.07859689899520284,54.21724524592905,-0.09899114196121589,56.16736094973288,-0.12113242806672171
1582,56.99832618320275,-0.017571863935318753,54.7654423733685,-0.06525190792072486,51.32437937861695,-0.05314708678378423,54.769444800869394,-0.031030418310642724,52.96784408767859,-0.043540237106859635,53.1747963726642,-0.0600513549706945,56.13447520901276,-0.07554891875852357
1583,56.09749794568551,-0.019809315863797475,51.96555289391378,-0.053910839728699096,49.520746286781694,-0.04243148278314032,53.87374633263192,-0.03816469780910962,50.668427569414675,-0.03738195770306356,51.4742951109759,-0.058232596415276304,54.089586263925526,-0.059814591704786056
1584,64.56979067661355,-0.07340875896368057,61.223244072827896,-0.11280369290128989,57.97447544493848,-0.09920151171885307,62.50867788406233,-0.08918316537776569,58.57532949925088,-0.08231832315882544,60.68617628302697,-0.10806031457099538,63.578785136987506,-0.11097275266479442
1585,63.10220755581079,-0.14878452951525367,60.10991309347414,-0.16453744195900058,57.127290909531624,-0.15441310974897401,60.715102817166795,-0.14914655698076865,56.15385852676666,-0.147725624969701,60.39870322750721,-0.16819468923228467,61.754927715274626,-0.16288886666705057
1586,61.53200505261789,-0.09956835937681588,58.48809897886571,-0.1025209228680738,56.74506734004566,-0.0819305719260077,60.02971681851101,-0.07989498309536036,54.7933643636535,-0.07342140562934021,59.49606472516987,-0.09211861186230419,59.81796362798012,-0.1034654471391239
1587,64.63525443895301,-0.09475663093184566,61.83275354062454,-0.09184270361992963,59.66395012726417,-0.06323967149005696,62.899106541279856,-0.07232848529714396,57.905809108040145,-0.04544254998781612,61.40905142855489,-0.07623446970670912,62.983632752414415,-0.10656509372656311
1588,59.156916523669494,-0.07660879872229479,57.119347849090275,-0.07780389998457646,54.83761071678592,-0.04674356273851644,58.51176924583315,-0.0474058593905835,54.16635423579619,-0.03955349272261639,56.05893989218022,-0.04123659335392342,59.545948781614,-0.10429379263044805
1589,61.257650712709115,-0.040914077611801866,58.72419218432561,-0.031422199688653285,56.2470395031723,-0.0008649247236754976,59.6799672544255,-0.02014672997051565,56.111898297488054,0.01406523772722729,57.789356881279346,-0.005332285137860246,61.187767932111385,-0.0653234299964722
1590,63.46316578161618,-0.04756687431494157,60.55221255032767,-0.035557455241329236,58.03729277929749,-0.0016252603170988102,59.83699716712725,-0.022282650780485018,56.78795332340641,0.009890091752171988,58.56769431152885,0.00468247834808879,62.96952908599793,-0.05953474330173289
1591,69.09052342057626,0.03147869274489895,66.5029589317496,0.05512886777417106,64.79189140288722,0.09788687139407884,67.36996743145384,0.03834452412428624,63.85173848101246,0.08238140256242303,65.59339734754022,0.0767113976177476,70.02661466862865,0.020663506566868092
1592,66.68975923570316,-0.005930032104435587,64.77452166931945,0.02014503297076759,63.000122088195326,0.056452243488800985,65.00828538881106,-0.0038347835137892486,60.75905105774527,0.03793687433755986,64.8701780334982,0.054403356834525955,67.32822038251027,-0.01971071879152611
1593,64.98686056618759,-0.11479949970202352,61.190820772944235,-0.08228582878821919,60.36450471328041,-0.06657199597271585,63.64416055503068,-0.09757106805485012,58.78777008588976,-0.0742175297474394,63.237968665897036,-0.05788440125975647,63.86132296430513,-0.11245369617706852
1594,55.67250828136224,-0.08592873606207058,52.67788960406921,-0.04298368161981587,52.61627681113714,-0.024404286733143123,55.238081151802014,-0.05955639036677713,50.037834064762556,-0.023594214347861537,54.35911788983934,-0.0006866792720885972,54.840572948744615,-0.08076078669649858
1595,48.37779866370453,-0.08558586384555511,42.75668838299528,-0.05557907474427087,43.37442703996969,-0.020573319483758165,46.93787155347559,-0.05763398871273526,41.35579775652465,-0.0357674768539229,45.09873687750316,0.01091151554933631,45.901483404475485,-0.08817076415016081
1596,43.87353257549712,-0.10949250657269619,38.88976697674651,-0.06448950002218944,40.28158152640334,-0.044052125832011554,42.84610692120058,-0.08001678073907348,37.255823376350804,-0.06949203321478481,40.830433606456694,-0.0306608863044392,40.83374637704074,-0.11106061219979664
1597,50.49899547081446,-0.0977962755349884,44.02685149778901,-0.0574776513147364,45.74270260161566,-0.04876469271414102,49.07831471497023,-0.08317291470378284,42.151422134616766,-0.07575570123374478,45.602998194523565,-0.02081485240804453,46.325412599270344,-0.10444860758134182
1598,58.78696811061195,-0.06399129040668997,51.84297416636191,-0.031021692463724694,54.13232541939475,-0.012504940254710058,56.13047737823386,-0.040111935882245896,50.60284230742829,-0.0390644484698424,53.57329536475473,0.019168094600061462,54.18050809359482,-0.06292490574742232
1599,58.827323619847014,0.02850802724679624,53.05327412268079,0.060830686947223746,54.74290545562563,0.07522899421206178,57.52235840874562,0.030404631852308215,52.24745592538437,0.054484185951891334,54.96091494800637,0.10620319560995341,54.80353209573707,0.04204426160671729
1600,55.63845525578615,0.0782319490241825,50.53604601651106,0.11212460437994563,51.15338229115686,0.13868801033981956,55.322432314321894,0.07720996803812556,50.38005831818573,0.09929769088902957,52.204556554245556,0.14875058721398043,51.871740689920514,0.0985425176822727
1601,52.89373654469142,0.08334604552822107,49.91012642054504,0.13228348942254145,49.5120757928853,0.13768953694368993,52.88210620717983,0.09551415415233201,48.234187336722385,0.11103415453918009,50.10825823457961,0.15592516402456857,50.07295875237459,0.10326856803408681
1602,60.06994398934013,0.10241531192990283,58.8610947647703,0.1472187375341607,58.06164063783041,0.14964617128907293,59.87976200522216,0.11224637792822667,56.124439821680156,0.11906177239249564,57.24688428757601,0.17166638100128084,57.245552263839045,0.10257751565583213
1603,57.67723933952175,0.059989685538056586,57.35942323099897,0.09292235182299455,56.737643991382434,0.10052354172131475,59.25245189530806,0.07141584120215566,55.03354902710251,0.07220051479295686,57.202390401772895,0.10182502982156909,56.933484593384776,0.04620817455332229
1604,55.28071557352311,-0.042463330833002626,54.55894649644638,-0.004644898987005689,52.775645351765625,0.006887715456105359,55.378531318509445,-0.017259444542242056,52.09475623546233,-0.021117499740280606,53.820996384339004,0.01278019579913033,53.33092436051124,-0.04323243847246416
1605,53.81797497410521,0.07381496431968534,52.11485771360624,0.10362255754559814,51.687535553980936,0.11116284719615911,53.71799526704415,0.07671791624706009,51.170340955794686,0.07695537721175202,52.58324372103695,0.10864897827697353,52.14419155738906,0.052567701604464674
1606,53.75881476160575,0.03911012104204416,53.15475356031619,0.07123124080772222,51.675606554209786,0.08072817668025284,54.028059530185985,0.03206060261010856,51.67938033815142,0.05355199388855205,54.049688912350234,0.0790384791189288,51.53848245447647,0.03382601246921886
1607,58.99486144316748,0.1336502343334586,57.529112703460534,0.14222499395502208,56.317941304449384,0.16197794890972655,59.45285612878997,0.12337500047154856,55.693734024807654,0.13070127605840262,58.75544711959478,0.1617396224045522,55.09568271587061,0.13831180582403427
1608,52.38452289655143,0.21824157492284887,53.127953518085434,0.22183945003147285,51.16546563213941,0.2532270514241932,53.72385675640498,0.22029633585811234,50.92028184874471,0.21134844176138562,53.496234525606766,0.24690329014405737,50.12321327400353,0.23046709420586275
1609,47.8257255345689,0.2173986955670314,49.92132400864675,0.23136087612395742,47.6233955970008,0.24186608155375877,49.80442300981611,0.2194240132498816,46.81524482356595,0.20215182720988437,49.01731410213392,0.24700587833446885,46.42507523265719,0.2239816430253199
1610,47.07128570172046,0.18246273503027396,49.76072224984133,0.21211552073435921,47.4930813444601,0.22694406163044684,49.78589356814542,0.20177419814336492,45.611499541067815,0.1753809073608214,48.75178698152017,0.2283983022580128,47.13815812785698,0.18533852778356286
1611,46.278980154392386,0.19615594246326482,47.24875118263061,0.23697639927720615,45.54237380397102,0.24363539128173997,47.688772092184976,0.21204887305299716,43.45548944241194,0.1973442066907167,46.31076286480457,0.23408423579820664,45.48210783356489,0.21146479199246015
1612,52.32976030343953,0.24339828409563635,53.28189594468004,0.27163030847747177,49.995392871965635,0.27362637542767304,52.401728366222784,0.2547238364710349,49.903338905503986,0.23978606363414817,51.65044200717993,0.27820578493928483,50.66194473131969,0.25118883148586585
1613,51.30629443602702,0.18720653394291142,52.504587099125274,0.21856650359026977,48.60392168190552,0.22208994820887656,52.01076407430669,0.19311286460319405,49.462065225380314,0.16139361982515135,50.17272716465931,0.2294903134739564,49.53300943608633,0.19658939680683055
1614,46.13813061366632,0.2351500225951195,48.5623614090992,0.26104444580653763,44.45738277510578,0.27030892468945544,48.07259977720484,0.2386261749068115,45.57406406551442,0.2171187146186174,46.21390084818273,0.27398669786917007,46.051623649397875,0.22917242833855722
1615,44.40760794581739,0.2278237753395247,46.6204711854744,0.24810606858532427,41.9168806518887,0.25332313664576167,46.82120945148707,0.22200568368580395,44.83548776834836,0.19825126703229304,44.939245363152985,0.2550155799831186,44.3338509112137,0.207939243892634
1616,40.491331066008016,0.21183388558029456,42.745630591191855,0.23477437191573974,38.493079976014634,0.24053123334136287,42.12988870259736,0.21409243559430186,40.79368900500207,0.18207590583170188,40.994309287001826,0.24111879011501078,40.642782720855664,0.2007874986672183
1617,36.29952240542947,0.17747292572941817,37.35740720945499,0.17774663268492066,33.28360874229266,0.19628169066231424,36.63907925541033,0.16247355496546376,35.445839400157794,0.1247015544085327,35.55655180994662,0.19366980441683168,35.14649181424816,0.15007672010706144
1618,35.775945539796595,0.23941881328250988,38.53840237488435,0.23449056118578854,33.78792963161299,0.24458567106529414,36.97550268656451,0.21084171199145446,35.82723477405726,0.184037057056492,35.44829681097737,0.2547129128319578,36.067800675992835,0.18677292677469015
1619,31.087150903398232,0.30215117686729187,32.69916599701967,0.3085022109312017,28.79863513915336,0.31143177254384224,31.764396988819673,0.2738839189010181,30.118175530021528,0.2588660188196488,30.642780428095765,0.3076335053611687,30.555578182681845,0.2591732803445682
1620,37.47983570671408,0.25461889499358,39.06556660387073,0.2592742636270915,35.22118852436965,0.27640721654817546,37.257283723961635,0.22340796601285381,37.07910251340601,0.20331990977888165,37.93504956078148,0.2577336063019832,36.69472393850401,0.22818325421470964
1621,38.396327922014606,0.28043162031254876,40.8151987049459,0.2695799188570276,37.491307379027255,0.2924415686240784,39.58620385318133,0.24062782124781668,38.475662229523486,0.21654827710053604,41.00163531818053,0.2754483900015506,39.10815596356376,0.23741470587822866
1622,42.62103211759939,0.2561468567385229,45.90210302190876,0.2597789456712529,41.203478729945104,0.28715524065913106,44.81390426924853,0.2197268466526137,43.19477097702352,0.2020996837322901,44.3355359252444,0.25837244512521307,44.390814179769855,0.2182970935703682
1623,44.85670252040134,0.20128524991142405,49.182124047831834,0.2080677986536877,43.94906521186856,0.24913270152622197,47.59996939757415,0.17404420961434536,45.35833048614193,0.16360492695852152,46.456332587936366,0.21480556842581866,47.4158609302916,0.18853372042453617
1624,44.56658428139942,0.19205859171687648,48.10503844331777,0.18304409593000667,43.548178641715865,0.23733854295564089,48.071686253767645,0.171052957710665,45.20678931175595,0.1566366324987241,46.06179475134971,0.19141305745553022,46.46204162097114,0.1714278808384116
1625,46.26860321557462,0.2195298240938203,48.959168411033716,0.21416654954801748,44.492807588688976,0.2532245893077637,50.014495334449066,0.20892365688998557,46.41331513236557,0.16585048978416256,48.12614620753898,0.22176069235885873,47.04654644774625,0.20321800697177328
1626,45.561128666337794,0.27692579468408285,47.75768362586845,0.2796221641214799,43.9332552961129,0.31465115014198397,49.34906479392562,0.26362352157535407,44.78204782574669,0.2202169491397112,46.28405716783496,0.28045863424944684,45.64062748999356,0.263614248911915
1627,44.39919766641257,0.31978130419181905,45.48424432617346,0.3127075398428084,44.08169625233093,0.34328359708672246,48.90610428615745,0.2912495332619272,42.48251121449982,0.24601653779005886,44.3980924903773,0.31760042635522623,44.18493984831811,0.28838077729439604
1628,48.96202845103587,0.31904820055894895,48.39553082125559,0.3039537760003942,48.74489966132024,0.3363005737898864,53.519184950009134,0.2961546893004138,47.34504981194427,0.24152987799472,49.7689980592694,0.3231090793544675,48.095659820806134,0.29559254616861164
1629,47.05705542662461,0.29396641287278996,46.916686565582985,0.28799505208765697,46.56723813541568,0.3223382107304152,51.67617816339538,0.2774677818621121,45.191186211801984,0.23333297899914887,47.958404379711865,0.3098039619923984,45.54305610314768,0.28783061916367375
1630,46.84017003229239,0.23007789042014554,47.47596190860526,0.23356228798517834,45.71019502535556,0.262517353999021,51.45441179408629,0.21281266966398724,44.75547298582108,0.18688504683172624,46.486128787238066,0.2629915726924318,45.61489701668651,0.2282055933280518
1631,55.7421707110064,0.21469357873381784,55.30538993142984,0.208575223236327,54.662962541359335,0.2537382517049789,59.05156566570426,0.1999694494469053,52.914914238521646,0.19032524234731732,54.957275563002455,0.2475399119313556,53.83291502738908,0.21873042689510425
1632,60.59775129074697,0.2259504486464179,60.20284966408547,0.2249837360147492,59.8691038410487,0.27874832316452547,62.973821704130685,0.22022115062057684,57.5836684573813,0.20044678108564837,59.417165751733535,0.2602408304718619,58.013137397771374,0.23371879372754328
1633,64.48726461775667,0.1939742546851241,63.599235050853224,0.19580183198468643,62.695390193271756,0.2578389135559023,66.2831165193452,0.18082023782632844,61.36663332008859,0.17644539553037047,62.83373510253695,0.21757023146207652,61.71624304908849,0.20524012617092494
1634,60.300861979482704,0.20469303374663772,60.250044832387594,0.19652400999439953,58.1680406436843,0.24907731796180832,62.602504843725995,0.17298261248424018,56.84960256659224,0.17300709393953229,58.970539325877795,0.21185436062130183,57.2872335805871,0.19945081453009586
1635,61.73465314594803,0.24163275883774035,62.59168333965694,0.2330917448921609,59.21666450006934,0.2969793515859982,64.01332714019361,0.23366548335442652,59.74112419694406,0.22256905438304075,60.965315074193924,0.2657175014128328,59.20151449394452,0.25069519702595683
1636,60.13504543608332,0.2585485069290666,59.933266584255435,0.2626768318962821,57.57633523324786,0.3130043681744406,62.36245445029834,0.25742160549368837,57.16749178714481,0.2529122392823253,59.71748997444686,0.27744012689350167,56.28397576207777,0.27332445300284924
1637,63.14563966979431,0.19126178072481503,63.185746088183905,0.20731482682883412,60.06382319826269,0.25607377251370844,64.30896005762797,0.2058191595150993,60.554864352405104,0.20678026432112795,62.19456505166016,0.2197826776872424,59.86337302547241,0.21058557448532675
1638,62.896481615454775,0.146374742235904,64.26746764936954,0.16019966196247015,59.353963624194535,0.22930955652233942,64.37675200391175,0.16126141374240427,60.26088031492979,0.15672634122610082,61.13333148507249,0.1752258951733314,60.66554696879,0.17753184332643604
1639,62.00658248098467,0.11498979316398888,63.19551380260289,0.13687917330972812,58.883568466597644,0.19258859427201885,64.14495352824656,0.1322960462280125,60.633260666067756,0.12605807828104165,60.10680183344749,0.16390278853615453,60.190084962681965,0.1490041357192192
1640,66.92217436841467,0.11907536519326659,68.9017308120366,0.13773273568286956,64.13569184684069,0.18172575913974148,69.87798161573785,0.12968510298249233,66.1531335140597,0.1199662873202855,65.65023946863137,0.15581523536692038,66.69594635762822,0.14195894951739757
1641,64.78026244328171,0.13227354862887042,66.51660122117411,0.16040236925382378,60.52965868556936,0.21214328084573525,67.03049868323322,0.16456219943917152,63.996557849534724,0.1414488132566022,63.54691511906161,0.17196541041247568,64.78796620399234,0.17413124421233964
1642,62.69950790111747,0.06158949951215274,65.4934455005766,0.08715759259138534,59.644035492910646,0.14669769819170272,65.29982159472824,0.09908519415220211,63.25461427443153,0.07188449291301652,61.16140539627557,0.0952058251906727,63.19876991580169,0.10084399961286371
1643,61.7363274244437,0.13460199617726043,64.99172660074339,0.16207299241164275,59.12034120606802,0.205901233798788,64.56294686008121,0.1688769984360236,62.32422645761753,0.1535202820224783,62.530674707442145,0.15253245656697723,63.7016733071526,0.17156395486627085
1644,58.43656457075375,0.08064991095113422,61.86240328443859,0.12663802533259988,57.09454906562213,0.15627723470076355,62.37927190171871,0.12833262290337355,61.168887658276496,0.094250514096704,61.339872087841,0.08850099239614288,62.45568299942845,0.11980905822555474
1645,55.775462165996274,0.06806175170803663,59.081472310571925,0.11925175011198262,54.788455306514564,0.13847780939818227,58.48525294254572,0.1221693025042957,58.42117547647362,0.08105123860711913,59.48900522760239,0.09189011928626162,59.380351262181286,0.1100141901077709
1646,54.39693585486677,0.09554765608155716,56.55592511780365,0.13313344344028946,53.52577542870304,0.15041621368158933,56.51289010512029,0.14870050136847232,56.458498218183294,0.10723509901250808,57.652321961316346,0.11752359207063712,57.32309804361678,0.13976801467649994
1647,52.45655003598905,0.007058215872176976,54.50499802212538,0.06279742004094407,51.83365077488014,0.07626098456335863,55.24250462677895,0.0699906753384639,55.891105956284896,0.026903843949762182,56.08379531612258,0.05040965903952553,55.91845134993,0.06687228972030723
1648,47.50364727639411,-0.035347407064186945,47.54664072328463,0.010161684929929131,46.330886369300266,0.022586974416118597,48.640686790173184,0.03606390508738997,50.44309127007394,-0.03884013635258933,50.17403582262637,0.00861805045749417,50.41967280712608,0.017272231388183103
1649,46.16342313344021,-0.003211277896978046,46.24580365108301,0.057514070753402834,44.14218217642021,0.050837990014715756,46.085612298559965,0.06466878907185078,47.764934858800544,-0.020947929622707216,48.268623539943135,0.04452510266622166,48.467792215675736,0.04278502973486479
1650,45.206451354993234,-0.028628905761366272,44.73776290020211,0.036129565938529305,43.94592314231342,0.023308157905367843,45.19605555867831,0.023816373580863092,46.7619710516977,-0.033419990616142065,47.04066108174658,0.02461306140529677,47.23182416555312,0.029827634926698418
1651,48.47624678702445,0.004988442933004288,47.74767972049582,0.06676360060822686,46.37075440650949,0.05357450781842988,47.534508559958695,0.07350909425161696,49.358832632965346,0.016547868368392706,49.08840505430041,0.05057534587694712,49.57137520351755,0.06457491895816378
1652,51.646168911324864,-0.0017967895880968213,51.21578209479834,0.05781206464099219,50.702605179131695,0.03925346299836205,50.49600622629812,0.06645668234565247,51.91737166396922,0.00243369141827917,52.415365368791996,0.03353754981189549,52.95925837164162,0.04910044419772379
1653,44.75777059488638,0.04265495833265941,44.27128844620957,0.09722800251443729,43.91246061866195,0.07923256540971152,43.01842754252721,0.11184127364305013,44.747690742196255,0.04226384977628192,45.24803163475154,0.06249592491142443,45.71693757843161,0.07659458619482057
1654,33.63621434749514,0.029108311618786145,32.389143920016764,0.07971434275910788,33.2333574340893,0.06412885342187924,31.94859466475335,0.1010369924581793,33.650731851771134,0.033091752468227056,34.22246239149124,0.0492234960731817,34.90231191183619,0.06698408458528743
1655,33.15021334725666,-0.033739455318565675,31.28890735544487,0.024854991267275296,32.56810272129247,-0.006711929572817415,30.68174534460909,0.03952968726010154,32.93984150034444,-0.02539865105038236,33.3354745776336,-0.014801937968999309,33.66576288751396,0.00515854232286374
1656,33.105227742624606,-0.08652351734893375,30.447154098611687,-0.02895204049595543,32.061928935702554,-0.06143156408703573,30.684087617429462,-0.032383844193187294,32.90475477620707,-0.07979446324386594,32.5909294005782,-0.07974106793529945,33.41481322551751,-0.056197174470459424
1657,37.27704644181421,-0.04433395882443358,34.60648811712702,0.01946274992107229,35.261591776610246,-0.02437497004700732,34.266211637120904,0.01362817654233511,36.157340821574046,-0.02643803608647545,36.8425016435596,-0.03680719720446697,36.604221702537195,-0.011584073265894994
1658,37.11061995239757,-0.01310864076435427,33.55530060028394,0.026373314757615285,34.74707547448472,-0.01821678483320406,33.97407875010601,0.013929528697519943,36.60666514179113,-0.015158457577683167,36.3998472814354,-0.007523766758698217,36.51657035117082,-0.005092181873391737
1659,36.53540242890019,-0.06344354747112077,33.72429832163691,-0.012249279345620909,35.09383965866443,-0.06279112289507305,34.45579861875946,-0.0313354885371086,36.680468003795724,-0.05323897013985852,35.77294340299545,-0.05544597966005767,35.888608773325025,-0.04926592916031958
1660,42.91860453013875,-0.04695372080415078,39.76064886898606,-0.0013340744859900618,41.525614740551795,-0.03555752380306153,40.14070621774064,-0.005595304423775496,43.032730744023496,-0.026681250607990273,42.36079727876923,-0.03306674872470202,43.265232372059394,-0.021552297149589107
1661,49.174039612321025,0.010805954142459114,46.394212815048974,0.057379215426210245,47.889534778549454,0.02107205857866858,46.984748480533526,0.049195792693152496,49.784455846738624,0.02247893604899704,48.901670405323834,0.01908837821248478,50.25475773193618,0.023352099066310326
1662,44.735634765462756,-0.0624279212298087,42.36316789903023,-0.019865841086111773,43.90712223454496,-0.0536646710798684,43.446256304814696,-0.02940288433416887,44.34701847566983,-0.06009514828979341,45.46486128209573,-0.05460567639928331,45.82403418233064,-0.07360560172189899
1663,45.39614258610215,-0.07686004068719185,42.52136367239931,-0.04288284901592047,44.539186447691804,-0.06518203037984979,44.03701384449679,-0.04430499107390185,45.23320918898386,-0.07398789638071014,46.22662028173555,-0.0674308719787256,46.584203247644915,-0.08932987319292657
1664,44.421810913723085,0.04244094954945079,41.06308155656433,0.07349267124189707,43.58425747100376,0.03503311875533892,42.103839662797355,0.06996016167436253,43.79783202032492,0.039979912216667454,44.458229415247736,0.051964501784320515,44.71469459118406,0.017320477486255953
1665,47.62832302661046,0.010856728476473966,43.00570062837824,0.02460283161318339,46.007019765085026,-0.019040496639912842,44.44429094704397,0.022066561726915304,45.23026169186855,-0.0005952777062808046,47.65534707970726,0.006950238316878822,47.24986306805349,-0.03127651859530229
1666,46.17021348777798,-0.005497706337822638,41.89405784895267,0.027267488790509675,42.975444325112484,-0.012645604792130295,42.98337336304378,0.010609048340678457,43.22243115568735,-0.016885565719535835,45.530692556224395,-0.002986201901940162,45.504328026624954,-0.03444889989462951
1667,49.49461912357232,0.03212689357806261,46.14808526690499,0.04848641946931989,47.06207528797883,0.004366130056796532,47.46403279023209,0.032177851778771936,47.29167834522586,0.0215873524148972,49.1764062863784,0.030888039901155934,48.799908015485784,-0.004111816193642887
1668,51.231067879054535,0.027152311134838056,48.34425621586306,0.036312067443753315,48.59139509642517,-0.0008417263055216472,48.78007280585428,0.026166499034943426,48.901854017538525,0.015578291861324214,51.56227668333454,0.03915057859670652,51.10727845892977,-0.00739433230599721
1669,45.808746763988694,0.03213369040327542,43.05038280404531,0.03362490347191811,43.416254572085656,0.006647088234223938,43.47562871963025,0.023620344358885124,42.765894949618605,0.03132484383648541,45.30372513948671,0.05801047065778961,45.26382980914839,-0.00737971570288538
1670,44.000209477438865,0.06959536678084872,41.68053603280384,0.06889451337886053,43.27073330383396,0.057779799733035084,41.99876092890314,0.06345494532567174,41.764886745687846,0.06772034892980293,43.6376353460522,0.10463726205671253,43.94505832117932,0.03528825300562884
1671,38.58579519187822,0.09140135594265714,35.74382742849301,0.08152046494791428,37.71444549304022,0.0747056471260207,36.25040515383854,0.06732823179060368,35.54287696685586,0.08507561734363754,38.19143140960358,0.12053340738380547,38.330489959829265,0.06646975355471689
1672,38.922686938233305,-0.00582227028517017,36.60080873063058,-0.01495842083925013,39.56992017243481,-0.018454837561377883,37.73945496498432,-0.044516051835988966,35.7946891771865,-0.011777317546692883,38.7943156569883,0.015816855753999597,38.170662104249324,-0.03399904627001929
1673,38.284244522153486,-0.052296551900106576,33.67561264088289,-0.056838892493330205,38.406424022817184,-0.06519400466491088,37.46768427134424,-0.07526484208855276,35.2242322634415,-0.04263313583498144,37.632068951131046,-0.04053335290651953,37.28700441965557,-0.07874513829806255
1674,40.031710303220684,-0.052598366028165686,35.07058999034379,-0.04769229953032492,39.701681830104334,-0.06752198993863473,38.056960431955595,-0.07289816124818871,37.89455913592397,-0.03906356868582069,40.25941900348231,-0.03693197869182084,38.232180914264625,-0.062098279804934896
1675,45.29056861068327,0.030316912776347887,39.793607873494544,0.03185997065481759,43.84290065666602,0.022952211123957827,42.51876711773007,0.019918182399111167,41.95499965643328,0.04763770441553904,45.72132114695414,0.0523268017164187,43.659526172224325,0.03890417109328842
1676,46.02437962002659,0.041767507159062155,40.781328900758815,0.041781698660861996,44.69541501020643,0.03423860677180069,42.245137528617505,0.017141862780066516,42.549645856914495,0.05477842852053074,45.46384037256074,0.06554854048445755,44.007826858777264,0.03495495375873996
1677,46.922097271980874,0.02661788391312175,43.30562143471561,0.009579459306078654,46.85527156356008,0.010323063545360034,44.41769792790858,0.0013261630374818527,44.768876941743734,0.05225309457326145,46.906130794450675,0.043599492127239944,45.15690826621026,0.005694799550897427
1678,43.263031708402266,0.057127537601674994,41.407598039597666,0.05885043168686023,42.96424923986977,0.053710367181981765,42.01309066489975,0.05138766631038553,41.803927059303575,0.09606984795535817,43.61627468142789,0.09225096490228377,41.753739872317546,0.04418597952617803
1679,44.110608062790426,0.07816919459803327,41.638122447155865,0.0750619830761506,42.941640803625354,0.06366353224441136,42.78504421808344,0.07288702640528194,42.369931337697196,0.09845537264223773,43.71015223102891,0.11204039530635759,43.55349037300296,0.07431411692922106
1680,49.307920992642394,0.12123570408771737,46.67689812894552,0.11025086668542584,46.67809147286719,0.10068497546458342,47.78866136820927,0.12470889280603209,46.89658544163087,0.12334838146544917,49.107465287259615,0.16452915165494084,47.288289940264576,0.11955740458406283
1681,44.8384871676066,0.09461064320300029,44.16164652172409,0.0768636323036779,44.2577237054728,0.0698583043027097,45.02303469082399,0.08079929976800598,43.30158777558212,0.08604729118381356,46.59526645330274,0.12344818390383588,43.868140223585755,0.0881152247136315
1682,46.19669268318751,0.09754408055265394,45.91207138109742,0.08674266152608534,45.61070522500236,0.09392453295523284,45.72772182388741,0.10499682325468697,45.5193156438266,0.0917693185013758,47.87237347897509,0.1329962488106382,45.299472670454975,0.09725063064263709
1683,46.81196399643798,0.0805823926093726,46.453275804696275,0.08108652729144021,47.39941583807739,0.09089484480188598,47.2623969543561,0.09750471299803622,47.1264736799072,0.07266309449303006,48.081963872725815,0.12355399164505793,45.61828599356871,0.08077634895078369
1684,44.42448986002475,0.07858054931095147,44.413583347532146,0.08379257922237346,44.13478123627335,0.09149546983375252,44.10338813803361,0.09098264561475784,43.816957074664835,0.07336786041767115,46.40068037531984,0.13145570050947006,42.655307668182246,0.09426247425848443
1685,37.97600219078363,0.05441080693653451,39.080111758076924,0.04683494138162299,39.02202327215904,0.06102972658345883,38.22240957318191,0.05166943703785594,37.352470577136174,0.045926542458907746,41.259038759189515,0.10552487982197492,37.13124293996674,0.06865073130751295
1686,36.32009712387346,-0.00023250969487801504,35.95619393298563,0.004003341040221988,37.694435517017155,0.005589856934934345,37.10028213299264,0.01286734316556912,35.04563296423255,-0.00015894147958173642,40.01010696460294,0.06218984564506231,34.4749408690374,0.026023614326250277
1687,35.93315894766691,0.03067731753482323,35.26650019986157,0.030112174643488573,37.53402959415381,0.024894506071566024,35.763610531886215,0.01853525272900974,32.87312613463688,0.014692867391223366,37.98138717736722,0.06843433191314949,33.35335649040612,0.030287428945678183
1688,41.04462314310129,0.057721371051314085,39.70708417683091,0.07529367675583623,43.993911023184154,0.0612246067036207,40.581490171451755,0.04021578408095923,38.18439377992127,0.06386893434053241,44.11451026539205,0.11030636113779563,39.58361966267871,0.0725323105277082
1689,33.377691630150935,0.04815826361024389,33.737954460388174,0.04077527687452803,36.082708325744974,0.03845879965906036,33.91034862991497,0.023669141669912405,30.437671811669954,0.04907649360298581,37.045285896134764,0.0845805279856023,32.46653230895953,0.05683491435551291
1690,33.57122425021446,0.08412948648127372,34.96547720274256,0.07055516012782255,36.03426978134407,0.06807737919526921,34.33072398936251,0.049755159158370144,30.53599037273767,0.07278319490736751,36.72123062226299,0.09855518122879803,31.481302894175688,0.07347857327405252
1691,33.89571276633207,0.095927595179854,34.56490922291918,0.07245594765560637,37.03067868813123,0.07574938048338793,34.037034453213614,0.054536056153958914,31.015340900827045,0.06954026885646365,37.77572410458895,0.0918735071741628,31.127557453003057,0.07339779349723717
1692,30.6633929415733,0.10444983651568976,31.308670234545435,0.08487631576430743,33.50692024083686,0.08018428418416863,30.16662573979451,0.05719913814331915,28.767658840276304,0.05857415520625679,33.84527270671788,0.08428138271491711,27.33452572775509,0.07490364560187279
1693,32.99572689328787,0.11221104243012442,33.73848946364794,0.08258479460820312,34.89806052144837,0.07724957797383351,32.585398222803164,0.05835083740482175,29.60331357561374,0.046294204007286816,35.82977067886682,0.08506572587173163,29.61275156679891,0.07065043967213008
1694,34.88433866253167,0.10591045041645687,34.99414352530953,0.07408589689256992,37.197704917123005,0.055714917756814766,34.42952204912698,0.05171154447698398,31.757725159744407,0.021997274688155474,37.31150792322485,0.0759367702063007,32.03736590777284,0.05106955356703777
1695,32.4272926904399,0.08809081434169926,32.19317211141175,0.05576606142894833,34.572455875844426,0.03537438826475634,32.00484274019013,0.04456478606018472,29.21313527485514,0.02475337470000268,34.4938330533799,0.06784576300457433,29.11266387689137,0.04208411332075912
1696,31.458095208170764,0.08311680197163374,30.647786396987883,0.060074786561752726,33.58417597340147,0.03825140017580948,30.678801597961982,0.03907308101337434,27.1041710350946,0.009118932235933637,32.58843037895867,0.07967934163859536,27.25477922522037,0.04770427207070695
1697,36.52096621718928,0.02260781786583348,36.249907337741575,0.017709509233587085,38.93044055148896,-0.030329479921800778,35.53550572010985,-0.0026834843795408665,32.10719647172042,-0.04238377346091268,38.00565916422685,0.0346979370457305,33.38671181820174,-0.0023109478146691492
1698,35.54275920849993,0.03332829386918615,35.44539956137443,0.03493262332671049,39.01802077702862,-0.014319133833363463,34.75389213149125,0.0013801313830188646,31.745016380299916,-0.03160515986692149,37.36177687187957,0.04949107891783068,33.514601051328356,0.019232676061343643
1699,37.14867574386434,-0.010961883081764021,36.14102743481243,0.00041318737780135853,39.69375338942373,-0.04832696356137358,35.74120217211294,-0.04759541923868056,33.50774333131932,-0.0762591151220209,38.084935533591185,0.007965360352270051,35.02985068564212,-0.030292634688043687
1700,34.496596411182566,-0.004668277871948491,34.496922517820025,-0.00039952566763207936,38.120386142610045,-0.03601343435381142,34.600040726773244,-0.029084109031194023,32.45465427201008,-0.07261233342278371,36.74120331978597,0.015181346349753821,33.21947111976429,-0.034178183376603666
1701,31.547171527964124,-0.022865147588859273,31.87360155143226,-0.02899280622168674,34.55491313624356,-0.05978001946695157,30.961639947993078,-0.05480542478401064,29.831220616077168,-0.08003663216557289,33.78276192862209,0.00964233982477189,30.865858246283985,-0.04796775030076477
1702,35.570228938351576,-0.012347755533613253,36.794050297058845,-0.015182593273111375,38.07155174729921,-0.04120071663310129,34.927811333079426,-0.04209611942833068,35.088059076855565,-0.0740303342417698,38.59256779397624,0.006966239249129792,35.94957673689428,-0.046761623961450643
1703,32.733429455167,-0.023271336067777218,34.960861692998684,-0.030337979984712125,36.26078234962351,-0.040946985845936326,33.77125893027814,-0.050531235093929844,34.01184595680827,-0.09686344261773204,36.975001095551924,-0.005048977258920236,33.20526291115303,-0.04986416400607172
1704,38.044129690920094,-0.09935397847598645,40.16791668910046,-0.10141388552112829,41.750347293249064,-0.09387081337050822,39.293018982333344,-0.12079428266947084,39.511342609093944,-0.15395923224725253,42.39367058913588,-0.08978406422891723,37.32852275279728,-0.12273340772229477
1705,32.32642189858505,-0.11975092511762749,33.93890498934404,-0.13985999016880934,35.69896190120361,-0.11774130113306591,32.794931641188725,-0.15754432968418103,34.40405131502756,-0.18159474754051314,36.221057375282406,-0.12438470348284406,30.922173884750936,-0.15746990100569608
1706,33.29159167476136,-0.020429942260082004,34.90608582833611,-0.04434174344758353,37.60177460634256,-0.04565518116796723,32.473621045812905,-0.06357420861948386,36.536985275073405,-0.0789027437723647,38.769605274358575,-0.03543144132084531,32.12002637927909,-0.06274322727626297
1707,34.046432942272055,0.0094621519155461,34.71525045173449,-0.028797723828696498,37.9102754933493,-0.02158117691121357,33.276243004155404,-0.0431745091956878,37.879397166198544,-0.06179705690935279,39.59154032722623,-0.012624804005725035,33.144268787604716,-0.037469539179761036
1708,41.19985692352438,0.003361147304463668,42.318429403324174,-0.020433865353425736,45.53169623578942,-0.028829334513314195,40.816362314264495,-0.03983572948572269,45.80445298983891,-0.05706762410021282,46.82467039236643,-0.00645964651193609,40.078718028835816,-0.029529286972201946
1709,43.33046718354217,-0.00034079312602499495,45.07342731360005,-0.03130531214126055,48.25356640147869,-0.030070055062675412,43.909706239561174,-0.052070801811257866,48.062359717026226,-0.0767086769643239,48.877393839755484,-0.010491742339069014,43.82369399490703,-0.03365152495936417
1710,45.09643864542991,-0.01714362439665783,49.559822711291716,-0.038564621204858894,51.36753088898202,-0.02938413602147499,45.94964204195648,-0.06286780894447168,51.08051499124272,-0.0856120422298306,52.443733988993024,-0.01383977916541335,46.62457147286154,-0.032468837425423634
1711,47.944352509010635,-0.007832603703823628,50.9411729440622,-0.022621722206468284,53.63866788554332,-0.011438055794736529,48.809037823147115,-0.04819518430329529,52.65974315824326,-0.077003075985705,55.521654511085714,0.0008748115236337541,50.360994988277525,-0.014775375629907701
1712,50.301416681231295,-0.011680774027835749,54.28280246022859,-0.03174881901227758,56.3138126410384,-0.007924759124750047,52.09003409664604,-0.053682703310338226,55.266796125324106,-0.07819742998371926,57.890287265975424,-0.0034679634403404457,53.18443635565292,-0.013758763940599212
1713,49.573525541659336,0.005951284155560607,53.73375979093787,-0.003600914094673481,56.648369763755966,0.002870717491557224,52.50551721469806,-0.04319354727212689,53.742994567953666,-0.06766897411292351,57.24369203394023,0.003996958413203567,52.33307824907972,-0.005754848694770194
1714,51.739662661546824,-0.027394210651663618,56.20201662259323,-0.045163949368201166,59.47950335218114,-0.028136165110285008,55.431711302111495,-0.062418310405551826,56.662491882006464,-0.09089161069044133,59.65097553404182,-0.025960591856240896,53.93934778640591,-0.021195710863022108
1715,49.39189799386899,-0.107958776880304,53.88516547943567,-0.13139475211739876,56.46462459159249,-0.10566915970626897,53.02211281156262,-0.131700885909806,53.97420711889622,-0.15782163885686698,56.453138012553445,-0.12370715421397643,50.9926347030347,-0.10916031725094759
1716,47.15742135283556,-0.05115309966797423,51.6205456660779,-0.06108047640889805,53.298107475762876,-0.04534750216566465,50.9547010774793,-0.06434333249665887,51.24439958651635,-0.08414456332563652,52.81156964416046,-0.0679064734815009,47.717065155522384,-0.04198352852154935
1717,47.1467610677236,0.001726998867246081,49.999671801767384,-0.019459209894021716,52.284400506231464,0.0076877604276432004,51.11418330332137,-0.016435768923719698,50.631326612874616,-0.02056163828187916,51.69136626914407,-0.030733985249650396,48.08482252382455,0.005524368678937665
1718,49.24211101037532,0.011916136906129266,53.214724442915,-0.021399699131827488,53.13968039898426,0.011651449134245324,53.552241834003624,0.0032011952909073386,52.83523493843781,-0.006739816920793967,54.60571138446899,-0.043728730879204,51.360862562402836,0.013636518052563433
1719,48.61675030731032,0.058190255662210796,52.67932262904901,0.00021669479375143602,53.45666922277828,0.044051852089861204,53.34397523130015,0.040703919132567795,52.08864714304028,0.02789021174848937,54.5162677979595,-0.01742577895529596,52.23497500368333,0.04137103984998029
1720,45.007962986850515,0.04588193310335599,50.82317352191319,-0.013412565581505397,50.91237876889403,0.012027949348678606,50.34389142158264,0.01671833942929437,49.649475428054416,0.0184605358681387,52.7002449625226,-0.04959017384041027,49.81705094701852,0.022125319679692668
1721,36.09207883475393,0.0333037563701818,43.59455275721706,-0.008862592980183494,41.65188934312156,0.031375920728348196,40.80804367188588,0.025151374102172733,42.05641690102076,0.02478446944786942,44.148987273733376,-0.05000623490281141,41.531632587015615,0.01840107615620041
1722,35.49979369012369,0.07195871638492171,42.200033810504685,0.036006834589439166,39.48136230284153,0.06931375251103797,40.048861684843004,0.07184350692461464,40.228519776687136,0.06926144097226875,42.862271107711074,0.0026058542262954038,39.23340682574052,0.06176212079284933
1723,40.743089938779164,0.052115857017659,48.76280153682792,0.016223556707099983,44.49961951479726,0.04982953413702973,46.207831916916184,0.04409835202946329,46.26320497566877,0.03810674227567981,48.439881916283376,-0.006690463019580751,45.592199279311885,0.048229008954368435
1724,40.46504370377701,0.015894615588870103,47.90398402193951,-0.020661898541880726,43.954688284244654,0.013820285986644441,46.54409570520264,-0.0007037068877225015,46.4271347852661,0.008815092585998476,48.18960976917218,-0.05081537794037287,45.447703546148375,0.023280969695740335
1725,42.43375349549321,-0.02179111432792563,48.85471881255335,-0.06000204576845216,47.06546845476865,-0.023147591975900793,48.36565138757062,-0.035195820686789704,47.36648360740474,-0.024906313995708,50.18739949282518,-0.10129092664043926,47.675890941040464,-0.012658689475938116
1726,44.81560833579753,-0.024483953857513098,52.08157362653716,-0.07465746278454173,49.428132331156945,-0.0389076068269547,50.98788882831309,-0.06393213750457923,51.10585046494124,-0.04233698772779265,51.97295504360917,-0.09679989969222251,50.50304651544338,-0.03750162955852277
1727,45.587192768877564,-0.020061997366972756,52.53169741587453,-0.07768749829952114,49.71948058562461,-0.026358618235481246,50.92031599117792,-0.04066987285961636,50.65343401417495,-0.02224760598530627,52.85913095254928,-0.08800567895603839,50.08359915351125,-0.0311840985138233
1728,49.40381656207137,-0.038729670656039814,54.750286810018814,-0.10514246404513032,52.46205609620391,-0.04949593739025097,54.533768240337594,-0.056697015782026385,54.62236016462788,-0.039655914389441146,56.46297530532678,-0.08718653848391547,53.84308917309699,-0.053058309984814304
1729,51.97995019972361,-0.039199525946422654,56.812272039311935,-0.10527552059129308,53.666792375230095,-0.06254894145054556,55.439633367573975,-0.04990052805220266,56.23699729242883,-0.04237732683697306,57.859697755109536,-0.08581431732103477,54.95321043325834,-0.05301680735428252
1730,53.95215319838254,-0.046129412420050454,58.35856887704435,-0.10459705712885184,55.05070542220552,-0.058888562589333865,57.36055042379558,-0.062057776214054575,58.19019992698286,-0.0520591935705779,58.51545182332796,-0.1076054237925166,56.258565780109926,-0.07222342593397131
1731,53.08369291643483,-0.021267402370817555,57.30597711900741,-0.07556389666725728,54.24584523633246,-0.030303526477515726,55.35750679857017,-0.04072795208446631,58.143770051920754,-0.03137512420416438,57.92681822716059,-0.07418365213772632,55.34595238295068,-0.045535741162590446
1732,47.341624950222105,-0.057217567636853504,51.94724435662039,-0.11213176090819871,48.247263114077185,-0.07105708357230624,48.80789242618096,-0.07201925524953501,52.06701816814764,-0.07310301070556789,52.033756501534,-0.10972969871767782,50.21577905300953,-0.08820888557892943
1733,45.98691729155636,-0.10127071819939532,49.942130009606615,-0.14921453642253515,46.10781759490156,-0.1104395284193844,48.04827324175919,-0.11969143146380204,51.42334259618947,-0.11826175262353028,50.61664773174996,-0.14665129786019332,48.72660304677589,-0.1344631599206502
1734,43.384354199588174,-0.06368528446678409,47.537207775209296,-0.11211172279829215,43.2358254596119,-0.07466280926919566,44.67898702384956,-0.08200411344371047,47.53675522650711,-0.07811792620856735,49.40491166529705,-0.11911094275629516,46.5874284888167,-0.09431402091963406
1735,44.91652427924614,0.012578108618716138,49.31232182355089,-0.027569476226791213,45.527948044875984,-0.011630536490290257,46.03996869089458,0.002114850443665446,48.258696047355485,-0.015973194309940687,51.397779348164995,-0.041180533271754645,47.50795104238169,-0.026587166817041392
1736,42.378401649264354,0.019606214106598217,46.46379872674754,-0.03486058248554281,44.283519707982784,-0.007523904865660971,43.72057782090481,0.0045509591802521815,46.21913444316192,-0.014791503491554864,49.53207721225881,-0.04608400027460985,44.496913381516464,-0.030493481905436402
1737,40.77797679106325,-0.016219471450314837,43.43471864702559,-0.0545616821630794,40.875981159325946,-0.026370836440306303,41.78911480283716,-0.01565054970132741,42.328972511024006,-0.030157978014449773,47.1136728964309,-0.06523650890902313,41.53527564210647,-0.036571764328509504
1738,38.19053033312426,0.05634595235464278,40.083557471943074,0.032766660267250544,37.78206534132139,0.04826326896152866,38.53801419350177,0.05343524996814831,39.7998423795653,0.05294028606572197,43.986976073337246,0.006866338388988216,39.061367518425925,0.02956585261995057
1739,36.74817298301707,0.040741122164882904,38.5061672945631,0.03146247428350986,36.51834185238074,0.02747190129653438,36.95933951342765,0.047780439701364405,38.59853504251883,0.04438096113081899,42.43309954652605,-0.009536352584258768,37.78671733130966,0.012119520092772326
1740,41.453108451057865,0.04450411076983921,43.23002015805756,0.043796918219190184,41.828235165155434,0.03005807736098144,41.7389355556275,0.05945606246045851,42.73728556397117,0.042915874200649726,47.098477135885716,-0.0022639882752662557,41.44633918351865,0.02617292393151537
1741,43.42461035347255,0.03299831117256055,44.73849475135669,0.039298618244731895,43.42765104183154,0.02775838678795647,43.58476557127201,0.057678594309979916,45.21808211435645,0.02251248940017587,48.998082567571906,0.00023929592745706996,43.823572387563,0.02260685613716361
1742,40.889000240041476,-0.03606689498432279,42.5985081856016,-0.008258592717551139,41.27595385920522,-0.025181104417557647,41.66833680950576,0.005427242208759658,42.698740938545534,-0.032045395007801666,46.448979660744854,-0.04480837538895256,42.99544122168469,-0.019939604451676092
1743,47.86610874503556,-0.0444308441226174,48.3236087795307,-0.016257851340732845,48.21218473214954,-0.014619296020665652,48.452302518520376,0.01589776886646307,49.82659430759676,-0.03306817031612094,53.005792783696855,-0.03485504781280353,50.08578668886568,-0.020518821992395825
1744,49.638912329072014,-0.011577749699254389,51.08101993924157,0.0049339834981751455,49.287542105232035,0.016778675352933713,49.25651732159984,0.049362454057263416,52.08735285671257,0.009111799798683349,55.402960932995946,-0.01429473800093883,50.2477492363007,0.00837121808498682
1745,55.285064904942764,-0.08008254980670679,55.88371876107912,-0.09020472950467788,55.76902784193781,-0.06731341943204963,55.394082703020466,-0.030408712011302623,57.895063825521476,-0.07547486029930929,60.44364385320882,-0.09753436690893727,54.83167085274765,-0.08046219054926278
1746,48.005938668573606,-0.07694122471105491,47.601330155762156,-0.08396537801401455,47.95153809995705,-0.06508095177113211,47.96740579425999,-0.03410305133671395,49.700213403388595,-0.07149519916303769,52.6861773565477,-0.09497354789719809,47.269946534573066,-0.07094985126828057
1747,51.74415334998207,-0.1551144294553232,52.018991035158166,-0.15515054716728544,53.05644260017655,-0.14442558739748315,51.46057079308118,-0.1180008487830165,54.106763712989604,-0.13676391104125638,55.87640233574575,-0.15799525940832057,50.64778962676604,-0.15017324006206112
1748,46.553708096461804,-0.1236557918725868,45.69618096087255,-0.1249151863227646,47.641280895693356,-0.12312375380693408,46.94519242084438,-0.07830736766903446,49.83469483638454,-0.10902139102100221,51.603627551337745,-0.13681082228045613,45.880031687256064,-0.13081847268686791
1749,48.02476697952761,-0.07054780243069661,47.53582483423946,-0.075792971511301,49.652699379787215,-0.06312578979990244,47.44738313875621,-0.024020335876009748,50.50860323426008,-0.06413992127482648,52.06267113983302,-0.09417512982104456,45.9347681028014,-0.07912084986941667
1750,47.69243655074014,-0.0483111912218287,47.95758230338302,-0.06344283362162573,49.52014361917897,-0.03542440877033258,46.41611697972934,-0.013784206973870006,49.71336387743773,-0.04558904357435229,50.63221568937573,-0.06692004604411567,44.908145323726025,-0.053604616437405626
1751,36.92570662349189,-0.1157481820380235,36.735642538006935,-0.11856640928825148,39.293907573195625,-0.09828426929760338,35.587488650112746,-0.08280191125769515,40.312724561764895,-0.11596601141958186,39.24886997201658,-0.11868137261101275,33.53628545705856,-0.12466239275337031
1752,42.08564559409368,-0.1390430883742701,41.54943331898511,-0.1527960555588078,43.854013527289894,-0.1378511497222454,41.47509383627876,-0.11317907336423998,46.082972530652484,-0.14178807299734283,44.14068804557367,-0.14642164165974977,38.978689087783145,-0.1396570878496894
1753,43.911676049299395,-0.15274828085281783,44.17895553021478,-0.15723933747617408,46.01971711271077,-0.1455311235387719,42.946098482564594,-0.13294012078674403,47.41952663668711,-0.16050435657934178,44.812356019858086,-0.14613024218085882,40.157306315290136,-0.1534156980035678
1754,44.655893364304085,-0.2254236416678651,44.89442170748895,-0.2238502593971095,45.80057336445901,-0.20700998763434839,43.42292979517947,-0.20735769013849817,48.31830387650111,-0.23822632400569904,45.15936826063131,-0.21689540792872009,40.87866524207566,-0.2240742749882635
1755,44.960044658713585,-0.3204027671883414,44.29432165843143,-0.32500753748053635,47.51684773456194,-0.31276591311074003,45.52569901234193,-0.30971450009510026,49.5899888209151,-0.34557561161860334,46.231537492770514,-0.3352806335811803,41.95974714352464,-0.3306015352212442
1756,49.10585311526166,-0.32196240476615107,48.04633133960489,-0.3209724041453989,51.315749112553,-0.3025862854335553,48.91299770840095,-0.3001685952554289,52.65693259019966,-0.3410433765448945,49.8132452234952,-0.32691455709489364,45.08163928457211,-0.3221812105963939
1757,51.352105553548164,-0.32303560491321254,50.006398024716304,-0.31227095842242975,53.43928008357794,-0.305876745226169,51.23343925904038,-0.30927289361509225,55.38076340776951,-0.34120910504601276,53.01621202442486,-0.3333545691214439,47.23104674309064,-0.32534297163254167
1758,48.20666633097115,-0.30564917385761686,49.340194426800764,-0.30004464944947196,51.19961143284823,-0.3028465609823582,49.86052419709275,-0.2998669220903304,53.58676147904462,-0.33459136852737437,51.295474477213475,-0.31644489114091245,46.06859064360318,-0.2996285778761989
1759,49.07643188626566,-0.3575383465154552,51.53902990234005,-0.3693055418424451,52.1457891541511,-0.3702742386061482,50.629163804611174,-0.3654860844744069,55.22554132309641,-0.3875657809998492,53.40611292783037,-0.370753968466826,47.4443638813484,-0.34580917183295645
1760,48.61518535712637,-0.37141886477439484,51.7845982560383,-0.37649237475079733,53.15045975694153,-0.38677058312791435,51.05180099351118,-0.3603573183133837,55.2665546561805,-0.39698582673936245,54.02423175643895,-0.3755230150029204,47.63573877088775,-0.3513547750747424
1761,48.826020658090144,-0.3654043857258492,53.684083588832685,-0.3676337080040142,53.62418696865129,-0.38281937748466716,51.82973852963369,-0.35925259293718664,55.10420233863522,-0.3839006860696922,53.70128711704729,-0.36963490361579143,47.87679978738769,-0.341244101597463
1762,51.138047435697914,-0.42835191001528017,56.3145282970853,-0.4343002369456366,56.851752378216304,-0.43373280010745624,53.99852102898269,-0.42763327696365255,57.76836148623242,-0.4313730800099078,56.734597732460045,-0.42695719386352854,49.879199075561914,-0.38703121250977224
1763,49.417908537347756,-0.36881601582633355,52.61339676158269,-0.3736550753919463,53.51280783470678,-0.36541246453740506,51.45289150457913,-0.3592899368158289,54.46693566947198,-0.3700085910995148,54.307518391276226,-0.3848440266667503,46.05895303795252,-0.3337528243029663
1764,53.79669646372081,-0.38244962312726094,56.349991206722024,-0.37098770690710486,57.38004501319604,-0.37075639702743435,56.49686498228546,-0.3501902190943069,59.52781706332749,-0.36675872525832715,58.22496652727288,-0.38759993377171886,51.346007279351305,-0.32527348740016565
1765,51.698113832666515,-0.3835883748448582,54.66349275092153,-0.3786760348784201,54.446782615709665,-0.3898587424528203,54.1794771269987,-0.34545743512665367,56.76580711645105,-0.3688641633532819,55.210704458035586,-0.3911751777338596,49.622870548442265,-0.3144794351444547
1766,51.19347974487384,-0.3449821490054563,54.756295549726886,-0.33892076968855306,53.51179195970226,-0.3502513643868941,54.86694711890838,-0.3127254167472415,54.65424369751381,-0.34514919839122044,53.84574690070555,-0.35132030032352574,49.269785616796014,-0.2814556036332932
1767,50.85895930928988,-0.38583093744006913,52.63215578907474,-0.38820817414069075,52.154389096195494,-0.4013702943764986,53.374804504305715,-0.3452442157978502,54.27883253935893,-0.40951555872380596,52.73104985099984,-0.39439211010285724,47.68854096817105,-0.3222641829399242
1768,53.31725514882446,-0.278502304369194,54.618666742624775,-0.2763345043021709,54.27615798978987,-0.29544529282764675,54.47044997253448,-0.24255918528714993,56.12552953269162,-0.3037686327228457,55.14220476251275,-0.2758485792224245,49.87744933084785,-0.222813154046012
1769,56.80893266154767,-0.34138751814798535,58.07265663915555,-0.3542616604249982,57.636748924538864,-0.35503974403236127,56.28917341387257,-0.30727804874745457,59.567474053517884,-0.3745641539638176,58.04724728563687,-0.3455556442793837,53.261386277191185,-0.29313993420464746
1770,54.00318851976344,-0.3298256385358625,54.18761013844065,-0.34875415845223157,55.09389389301829,-0.32494226191447384,52.25997543848045,-0.2860975583988351,56.0529986142422,-0.35888985221560904,55.670887401913745,-0.3361360071298038,48.819419017058905,-0.2733645726041452
1771,52.12577021452578,-0.28661034901128213,52.09632179375538,-0.29649198178279557,52.653000680470974,-0.2870052550086995,50.37305384123529,-0.25933002056852295,53.79125528151047,-0.317944986036905,53.21471272813164,-0.28539894051004777,46.89458718659332,-0.22113657816332588
1772,51.75348465051875,-0.2602945617407686,51.10028409679779,-0.2692721243555322,51.63411864386134,-0.2546426906869498,48.8225193616264,-0.2296097994256836,51.82053677880573,-0.2934750317896103,51.78459635945244,-0.2720913907887599,46.23184520815212,-0.20560131698346623
1773,51.78178007488667,-0.24218056619948758,52.49701686515506,-0.23576162104501547,51.21002633550617,-0.23988135759640378,49.012791609932876,-0.20640839330524766,52.266086655536355,-0.2614205777125455,52.34600009653513,-0.2422366962063828,47.603955937067575,-0.1879783447668584
1774,48.47733324958441,-0.21803932610196922,49.120106106828004,-0.22167332390540606,48.28865923013326,-0.24168663024639023,46.39810222391599,-0.19900866162940523,48.69050570818811,-0.25510559780971065,48.752573539155236,-0.24224007968921837,44.80974986650963,-0.18523454838376868
1775,51.41913219687158,-0.1469036266687222,51.063107950758415,-0.1508862828527304,51.16161148224162,-0.17652305197083049,47.54630366857611,-0.1384186579551896,51.127301158326105,-0.1853312785001074,50.36532072727432,-0.16857435891894942,47.48915554674724,-0.1240028468122994
1776,50.16166177124677,-0.19667453682524372,49.02510797802171,-0.2128185274852383,49.116707013370686,-0.23945274442090392,45.845461181432626,-0.17582469986986882,48.93149377954426,-0.2200955468979591,49.226610474861694,-0.20310181675330347,47.09908161661819,-0.17699241251783343
1777,51.47640739622211,-0.2661945179006157,49.24470977784,-0.2730539306706444,51.34197997351034,-0.3036706055376051,47.24037178277656,-0.2370845780504811,49.20693356987801,-0.2896713169369047,50.647805008142626,-0.26785045191425766,49.64868797820004,-0.24036197730720313
1778,42.95764587242576,-0.18551389848353972,39.93759809343109,-0.21327602830137052,42.529933279960865,-0.24379631025878545,38.35155579061698,-0.17014625350373425,41.678710335289665,-0.21945575872011586,41.31118345300137,-0.18466223134482257,40.79193309810296,-0.16289988312387707
1779,43.94277204769158,-0.12804759617422223,40.33334169016048,-0.1390250625384135,44.723708488423874,-0.17990397467379007,38.53821439138032,-0.10715346877121515,41.12452326756255,-0.13364522143110388,42.180022316406664,-0.11557345719202722,40.7802496534393,-0.10136764818965449
1780,45.267337432458056,-0.15884631811768268,43.041240617832955,-0.16472101843382309,45.430052304937064,-0.20083682360365385,40.55188448094741,-0.13409304185938561,41.43115122879928,-0.15123961043676976,43.258586138017606,-0.12670466582788914,42.5277776721699,-0.1259442063559659
1781,46.961316184604286,-0.12052980749213237,44.68674201888243,-0.1352623383939416,46.17720902826637,-0.16206149838146594,43.00005499529221,-0.09759632351765968,43.16808322287619,-0.1107367739262036,43.9856707807452,-0.09156218410336958,44.12205902508588,-0.09647460203124791
1782,45.5659869047353,-0.12473748475865315,41.79482626495711,-0.1472080312388227,44.308955624485336,-0.145882339766019,41.93197190876519,-0.10188054125662661,41.592573341189706,-0.10778421801704417,42.554068649170276,-0.0989403584595351,42.382500873799685,-0.09038166602261397
1783,46.26054274164348,-0.0847287939490922,42.24794109723939,-0.1254684856337059,44.57841706523002,-0.10899023393524604,43.062992151582186,-0.0748225977647408,42.395907527365594,-0.05997766561999021,43.19346303011657,-0.07647930287526608,43.0922940183277,-0.06607592366901988
1784,46.98769897345962,-0.07955990905663934,43.173506425899866,-0.1262701715129748,46.0639438150004,-0.11676715674125367,44.89470893212846,-0.08613388265292482,43.11220579653693,-0.0661631453940958,45.27268118754685,-0.0809907702882819,44.92865285642086,-0.07410924399194141
1785,39.37439126402907,-0.09986086476711421,36.27815236301374,-0.1342326505262281,38.92009397259255,-0.13694816750233688,38.080761799705805,-0.10253363560706992,35.830088245604884,-0.08081664744494466,37.18032751907259,-0.0940860308420572,38.968506524300686,-0.08874751362093042
1786,40.91689432312846,-0.08666404877184654,37.00499195931056,-0.13084388202530062,39.63567425412128,-0.11791193103505579,38.13830860584001,-0.08385078053212164,36.67925347946646,-0.06854832555161937,37.980977138443976,-0.08863523311947932,40.04566733675454,-0.0796046086999249
1787,44.039604217223186,-0.09785805303748409,38.96348936713959,-0.15403125893297345,41.9420163604112,-0.13215462681753312,42.20813844231711,-0.09299476247247715,39.683727133525366,-0.0675668996299477,41.25708257622076,-0.10331583565470995,42.61043687931589,-0.09565288897739985
1788,45.14326135308198,-0.12404997404054993,40.94397638551018,-0.17204233488095041,43.071369203793786,-0.1594448025033286,44.11890848776252,-0.1310345285829019,40.826268088859656,-0.11821802840823627,43.27998422777245,-0.14064541296241115,43.82795527796417,-0.12908721656696645
1789,43.62394736511632,-0.1534393215986689,39.84944204991385,-0.21497810158427672,42.51661084468607,-0.19231259493826566,42.74854187860982,-0.16976293168518303,39.12016142070302,-0.15531066028357549,41.487736704704034,-0.18360161092434554,43.07940696570196,-0.17287017833190602
1790,39.9204702565749,-0.19465297063008735,36.572082391910584,-0.26993407692212146,38.352819383318,-0.24412778400735696,39.90855740741037,-0.2141924365135885,35.62483917096177,-0.2042007516969298,38.02120395328703,-0.24587277554436837,40.50651200234404,-0.22421945134066362
1791,40.496232727013606,-0.19642730659949711,37.48212068788659,-0.27235559790559327,38.445800270543344,-0.24709717926967253,41.20377615920417,-0.19630014356833542,35.80897063187768,-0.2071545541129846,38.856167310799236,-0.2349397150466241,39.81803157976535,-0.21009997203660147
1792,41.63534691254775,-0.20122038596454028,39.82754227002743,-0.26761164754442135,39.64522227478018,-0.2513588785033323,42.73974904668721,-0.20151656334712503,37.948170689778266,-0.2156560495448212,39.96959207294641,-0.2271656190377817,41.332342762015976,-0.219565160980062
1793,45.3114069822745,-0.09051877143074191,43.45389878892924,-0.1745997516199098,43.255996210277765,-0.1494598078930393,46.397694800338726,-0.10860526970081784,42.54999491441665,-0.12301193513248797,44.62520298102358,-0.1267452801024439,45.10419023970129,-0.1262071304011154
1794,47.02638512192628,-0.11040147103187672,45.03147093431614,-0.19072067083660504,45.57066881558391,-0.17185657215256556,47.882459623012956,-0.1257485050884321,44.27799027942722,-0.1556990048704103,45.852033806247135,-0.15333301370084454,46.44979836241221,-0.15917172731655718
1795,44.91379610742969,-0.15749349622929504,42.7773896360899,-0.21684343772394737,42.56955906874169,-0.18988262271032713,44.91086557413666,-0.16730068576547497,41.97646469225155,-0.19125757160212253,43.81855679768695,-0.1839962960126888,43.718372150768765,-0.17314165879930843
1796,52.85783468807399,-0.10941945081581986,51.12898112052974,-0.163895602987508,50.740800178685895,-0.14160217236495143,52.36078345074439,-0.11157874672221027,50.527343693242834,-0.13273420751476414,53.052631740865294,-0.13247681887587467,52.37370783505001,-0.1166830859110622
1797,50.05408805530723,-0.0976675466017092,48.30201287621741,-0.13564935090290103,48.12871526968331,-0.10601316212638669,49.72305443474937,-0.07665990851738236,48.40677786461317,-0.09839200848309758,50.20083758665684,-0.10957494012339021,49.13480431953801,-0.08486692459241228
1798,50.39623595077509,-0.06197069746888234,49.79851604443304,-0.11230889460818716,48.96259486397308,-0.09122584816661188,51.5038729421973,-0.05533006679807022,48.93650768912487,-0.07255331078153805,50.92629496368414,-0.08419163317100001,50.65660425820656,-0.05368311532275598
1799,45.730215807540006,-0.06936976547972803,43.86095470979938,-0.10902491525404208,43.408828098748664,-0.09637083816142669,45.68663090728571,-0.06647657225504776,42.37809425147182,-0.06965022804021534,44.886248370526914,-0.09470984233716964,43.84014784685697,-0.056272136717107304
1800,49.06251875340306,-0.1029882744360414,46.6415046122863,-0.12133522412859366,47.561300649086306,-0.109554997408501,48.739225397130866,-0.08080345352603827,44.84757080917612,-0.07629707104534962,47.72871860861493,-0.10384666829174437,48.311634471979865,-0.06598540479569592
1801,54.15290697123933,-0.04733767746313585,51.454360307628704,-0.07273314145210064,53.1326320912897,-0.05464099054981462,52.48529430503034,-0.02651607046229143,48.990554401177334,-0.0136494358694405,52.854481047334374,-0.04446576133340281,52.77012381914947,-0.022221316152540478
1802,58.64754772753217,-0.029090138276397115,55.32143592322052,-0.05777434882265983,57.8818379612852,-0.043978570828939884,56.50973401863361,-0.009696521256124996,52.498242518577754,-0.005624522796416932,57.00724213589193,-0.017533811729553143,57.80576444846078,-0.0032058794150317503
1803,59.747771290354876,-0.06705618282871652,55.79297771679731,-0.0947576717615929,59.01110885565279,-0.06762342469586122,58.063739211691484,-0.04016249412112588,53.06543483808839,-0.052781803747997624,57.868944319083695,-0.0609209056864537,60.06520590110721,-0.02857174147699846
1804,55.28105075256953,0.019861029669763077,53.12590785581398,-0.01563131840109711,56.130380384465255,0.020531109859208942,54.14193337929448,0.040712818098748896,49.0245422542358,0.029044078150713016,54.38289304819093,0.021919182586932005,56.192930897753335,0.04239303975198913
1805,49.638162247391655,-0.032186009549276653,49.089122335788424,-0.05950974585107586,50.78337594317809,-0.03081390960011221,49.35129861424013,-0.013239518524882542,44.1927182654679,-0.03325381394009984,50.71897139884511,-0.02848913696887685,51.892914242691354,-0.0022142191507138684
1806,48.55718466795855,-0.034303535739459386,48.587956044103905,-0.06715510012744036,51.2025805928235,-0.05579448693225719,48.323223456433325,-0.010920086846913417,44.98491260894334,-0.039264445599410794,50.01660825715939,-0.03383179520261882,50.94095512373648,-0.006188806513858676
1807,53.480635576555,-0.11305329935398381,53.190473082587644,-0.15076112951728426,56.135626376321866,-0.1218632751442993,52.88214302076928,-0.10030193809596132,50.2305530630216,-0.12328955003970835,55.46024365983145,-0.1015376115436999,54.993210440701084,-0.08189625632553128
1808,54.42780510188746,-0.11528763739350456,53.70768394892159,-0.15571195166299084,58.65932743887538,-0.11079872204424053,54.005247518878825,-0.11723240434783289,52.5266968292636,-0.12651219349935408,57.2375068890685,-0.11192939180747209,54.72864257657926,-0.09021314807417688
1809,50.9592043359619,-0.0977890690744236,50.88694987781157,-0.1260932208674308,54.863782920146775,-0.08796564416119734,50.79191911951612,-0.074591736766601,49.78443657580889,-0.10434173093023488,54.39400695156891,-0.08479612037690232,51.994131294680244,-0.06233785091309122
1810,47.32455585987473,-0.12693297223034972,44.83501445188474,-0.16367987416612298,50.40069324880867,-0.10244190109955889,45.65855083843512,-0.10182938408860494,45.199123391543296,-0.12313350941891747,49.272200385694276,-0.11141580683569943,47.50062330602218,-0.08547035916146961
1811,52.36646081620044,-0.09411426896756442,49.811490569675875,-0.1368923616100336,54.20381831962586,-0.06872390868520938,51.619603133017726,-0.06379807119234236,50.550431307821135,-0.08278821036412155,53.69098554805489,-0.08661310032657729,52.11365155140376,-0.06264548517420154
1812,47.21253347096696,-0.137048198033327,45.22282695975364,-0.16800273389760093,48.88153605268593,-0.10325717210836771,47.161195049611905,-0.08718446829505852,46.8053649389828,-0.130844757010236,47.916841201634426,-0.1297794737037967,47.135648910315744,-0.09283231696033145
1813,46.96176905522424,-0.12948791472230542,45.01530959308628,-0.1585663802240388,49.04373365282289,-0.08996490828443789,46.47904062494977,-0.07498779251776316,45.785588923684834,-0.11666586737776309,48.43805891421611,-0.11301588935115181,48.70920046788829,-0.09410057181636412
1814,45.18071784921993,-0.12069167250554837,43.00788218838613,-0.14726248076519982,46.99110888468687,-0.07720002552517338,45.42049896025198,-0.09428190554414798,43.59250359646299,-0.10995117910878913,46.779706586325545,-0.12299621908152458,46.04549018656893,-0.10236960180591011
1815,45.75838540937297,-0.022213598992277556,43.21621037761784,-0.053740673644925324,46.02320452884549,0.029904720908972508,46.26745772742032,-0.010321749355863287,43.11670260252264,-0.007559289419999511,45.32188602640115,-0.020034061422176133,44.72419901414319,-0.018732906929857737
1816,48.89688234340805,-0.016311256759851213,45.80736046023357,-0.04932922531767428,47.73444595669832,0.03612644499743613,49.94059913711805,0.0019703534927663947,45.17110010739806,-0.0008986664121502352,48.56288331847342,-0.014303909193121377,47.30839726998515,0.0001242187647662648
1817,48.88022886999656,-0.02392013053044224,45.989524971893836,-0.05279966437857328,49.02330540773345,0.03958603904381982,50.391476556063786,-0.005575998948517947,45.29114594419969,-0.004062868026617282,48.70783975079516,-0.02240897944334979,47.65858231706947,0.0015584844027749338
1818,52.07077691797874,-0.008689963915246773,49.396216506311994,-0.04045773380622198,51.75456817018599,0.05310274252854188,52.82332175631193,-0.0038563297324145066,49.39186515131914,0.0030424010044020787,52.162381293106435,-0.008073559637826844,50.12823270737152,0.009923574363793902
1819,53.36423237325012,0.06028374485526106,52.07962832099551,0.022156889246407893,52.97576231429172,0.11279814289497589,54.02290199686264,0.05643076172486933,51.17087136378536,0.08458479721379358,54.6247318089282,0.05600540133712187,51.37053400695449,0.07486780791939207
1820,54.79162045490008,0.01885677103838807,53.64998439652197,0.0015710302401624604,54.221262956080594,0.10471124616003416,55.3053025736736,0.029499725734382726,53.75202356004038,0.06428805349265818,55.35573629114345,0.03780776493448614,52.07791053763715,0.050576352686085846
1821,55.02758041811141,0.032441308348004634,54.12058137773656,0.011045505848231794,55.01641296102343,0.12038632901724877,56.144581653328416,0.04508620428578735,54.59106671121556,0.0730136482280389,56.469041809253625,0.040601934914644804,53.394279001888435,0.0593304920424431
1822,51.92877782392398,-0.010874367137136345,52.44789217496199,-0.033186740424206315,51.97965185074035,0.06579361103004583,53.41236449294358,0.0009204824984270373,51.337986295334474,0.018429377421993114,53.59526430920645,-0.0033431155249472712,49.9216359264861,0.01087019089330812
1823,52.02316959542649,-0.09589070405734515,53.610740989394216,-0.12619680029799452,51.727396201576,-0.03409733976563333,53.361433691080265,-0.09127396884468823,51.386314040399554,-0.06802701368970357,54.87408605796419,-0.10161030900624524,50.4504361621359,-0.07229664380582526
1824,57.626520245389294,-0.09730241250343062,57.75445152413231,-0.15004406706707177,56.91397640691121,-0.05182519450121829,57.63987874393362,-0.11355606382569805,55.890438496418966,-0.08903589570920688,60.32911366469009,-0.12061191126308125,55.02434872764589,-0.10062598653438815
1825,54.555571394891864,-0.11488940784088714,54.82981697686991,-0.17027250659070053,54.239038555479134,-0.07369587865387285,55.12622130050775,-0.1276051721396739,52.736804487478636,-0.11918214547325873,56.57167754168211,-0.14221027735204134,51.70519181459972,-0.11042801849145512
1826,55.17160180969796,-0.1251353044427663,55.70887986976145,-0.1956945835258243,54.70155176660853,-0.0946014015428277,54.88338991943891,-0.1481837068126172,52.41707090829195,-0.13868853596400227,57.49972027139597,-0.15606115768643694,52.625425770799346,-0.12423722832319004
1827,59.00177474267981,-0.10975805186595244,58.678352090955926,-0.18596379516227418,57.70674097803345,-0.07784941434224303,57.99169601307146,-0.13841091203938552,56.06890200259216,-0.12698480914733828,61.80237823081281,-0.14738492070181236,56.25899101624685,-0.10431025011729424
1828,57.563196921505806,-0.10644558348366401,56.57498716150769,-0.18226066259156332,56.26178690029124,-0.06294277731429357,57.120358822343384,-0.13191566708502545,53.99087742829493,-0.12269208157358484,57.58837598996528,-0.13334697464935483,54.2152059968313,-0.09525738636096504
1829,57.26546485688057,-0.13375951311670423,55.66327966174449,-0.20949264215192012,55.12906781973024,-0.0891300136081242,56.22446562906077,-0.15840069146704913,53.83620847108656,-0.1450995317894615,58.49189708149878,-0.17333137593816234,53.971837285366206,-0.116292805405183
1830,50.186050515573,-0.1630635448467895,48.830268146713955,-0.21347230814810433,48.59708950088378,-0.10788251881533059,50.23757498598631,-0.17812235898833675,47.64385457696088,-0.16687716357851698,51.45784026186456,-0.19787309901683556,46.58600606085885,-0.12872896092379196
1831,50.46057698144444,-0.2443631140334876,48.59368040103629,-0.2943794256186952,49.35804146447871,-0.18160065162308414,50.36221212261754,-0.23818532632046616,47.83671048240542,-0.2459691799541328,52.92610477550393,-0.2851973205646,46.89340920901987,-0.20809872184233477
1832,44.112887885323545,-0.22979340812676582,42.303741456782085,-0.2826018990085822,43.03833229444641,-0.1650283867099081,43.64937992856415,-0.2252566088754463,40.98524177806169,-0.23899528595350134,47.267961265549346,-0.26897132710467975,40.51689043776706,-0.20055244763861185
1833,40.81208624744333,-0.17466049231180641,39.268692519825954,-0.23416918355554106,39.90070637260016,-0.1060940268132034,41.833316685571305,-0.16914848044590364,37.72527001534457,-0.1897771655581111,43.36587577608523,-0.2189530243240148,37.93170648586583,-0.16670586649106833
1834,38.58984289637703,-0.1781037773055988,37.07929867533922,-0.24390422047742027,36.61565618191272,-0.12147046433410351,40.31077613041765,-0.1759913897107318,36.0356857912561,-0.19928832340999675,40.134607543648684,-0.2343205783928248,35.63246678267464,-0.1787513477918817
1835,41.631095238413806,-0.20123448402948216,38.97500248721948,-0.2551915155901842,39.50333418449787,-0.13958181505001963,43.74422248180472,-0.20225772299981795,38.89858540503672,-0.21473145713527592,42.31072839342322,-0.27288017262592923,38.23903413120724,-0.19184910150588325
1836,49.13541800184742,-0.2269401117465751,45.70019907644245,-0.2904018132578029,46.598502403824575,-0.1679122354817481,50.837063738527235,-0.23852612041013718,47.45566735938114,-0.2328789332896229,48.46577137841456,-0.2870948077023714,45.08830618655576,-0.2197445402829783
1837,46.92406725828998,-0.2442529907621518,44.95481305404367,-0.30846730038434755,45.51251683155677,-0.18698369688596234,48.61466083034706,-0.2574416015411101,47.03181523721702,-0.23813209505294455,46.89243479912111,-0.308332240088442,44.310864500798324,-0.23198320919004362
1838,48.37727405914906,-0.2927295044636852,47.682752091334784,-0.3430729939556275,48.07800934557693,-0.24319358181512313,51.30658448877564,-0.29586954449572517,48.85196667837073,-0.27078943148149404,48.7688396125707,-0.3469107814114772,45.90095869224037,-0.2661482316769517
1839,47.5928641271025,-0.34915200287693393,46.526755404736164,-0.39918522530376993,48.35284842964877,-0.3089096912688263,49.807248711108656,-0.34504462643475947,48.23966978075348,-0.33559891597005204,48.61399777158375,-0.3915287415548881,44.76842620832511,-0.329343214642392
1840,49.163764920127086,-0.31244038576154165,48.14398600646481,-0.36109664972804284,49.024169012372624,-0.29435009322964056,49.74323473772091,-0.3117083106434946,48.98203955322212,-0.30075314712107276,48.22878840474949,-0.3602697095170688,45.7705214918808,-0.29533940541207837
1841,45.461745224510835,-0.2658523355610006,45.20509539980459,-0.29948879107963045,44.95051917295504,-0.25485192930623946,46.45539325861661,-0.25921082531258843,44.95466721414195,-0.25554376282883023,44.97254124631794,-0.2891296617570433,42.631329250019405,-0.2352868167469013
1842,42.251492496906955,-0.23739800094408928,41.482379604482496,-0.25996079074869405,40.765955780196194,-0.22927819294472052,44.00875094133064,-0.2237304794221636,41.57719442332614,-0.2377157239407153,42.2685700867376,-0.26187153040693706,39.30820119049799,-0.20980298706943687
1843,42.37422065160227,-0.2183252414304798,41.07789343972524,-0.2325190651148359,40.36620783441596,-0.19979553996938879,42.90097605272084,-0.19586332263228343,40.30970549142354,-0.2120141433324068,41.63486193752695,-0.23620486398856277,38.84413252334228,-0.19014809262719576
1844,48.73892275253042,-0.2502760807045218,48.46103208247338,-0.26006604848056725,48.576318922758155,-0.2260483807923679,50.23707302483242,-0.23217352991397744,48.26079552753492,-0.23407405972997103,49.35867167239156,-0.2605698584667212,44.94882269090784,-0.2253545806640248
1845,46.44706740688629,-0.23880271546624954,46.621522730380384,-0.24944462843854331,46.28757926322031,-0.21360953322567577,48.036406942749174,-0.23579562435840393,45.48805722137882,-0.22611965265604553,45.259037101822116,-0.26203476960996697,42.14435931814501,-0.19162847745465805
1846,51.26696794913912,-0.2512995040627476,50.496171460092505,-0.24965748820090977,48.793141985932145,-0.21738017671560017,50.48881764082054,-0.24020345469800145,48.649444200203234,-0.23183115615374145,50.53683379804988,-0.27446215260196716,46.21962224516048,-0.18941431277764909
1847,49.08392703466551,-0.2542590664447603,47.54955562736701,-0.27360188739308505,46.979656639257485,-0.2232653731161597,48.69192731353996,-0.26112216730027177,47.66843290374683,-0.25376070960653974,47.8725230873099,-0.2970503096365175,44.75000096835849,-0.20275049489505892
1848,48.81127138666279,-0.2976158927666135,45.688720357646915,-0.3216249035792656,44.44069421037515,-0.2823974015700993,47.22199599333897,-0.29252668483552524,46.40022491681718,-0.2944861568312715,46.652959339290696,-0.341016821997881,44.07136878936997,-0.24561066994687347
1849,51.50796787781506,-0.35001237747237723,46.90762216608327,-0.3660223967380673,46.63035935651584,-0.3404166259067163,47.69461776576258,-0.33711032182878553,48.68415202523073,-0.36489582548259836,48.216911295108076,-0.3892553989731415,46.14744090282932,-0.2884156506701113
1850,49.23188626015942,-0.3381432803932916,46.15272793886448,-0.3417924991750444,45.970976040872635,-0.3424888636983565,45.46504078296518,-0.33148444230376906,46.47705154517095,-0.36637652727915554,46.316324159286566,-0.3740429639407541,45.004923505087035,-0.28244529192922513
1851,49.417308729857055,-0.3086129430677295,46.38110314158478,-0.3303910119612291,46.54717047967622,-0.32126291991778616,46.61040168880271,-0.3314324666720256,46.17623291549965,-0.3585487434012118,45.23228770994939,-0.35506836795116825,45.07048317865344,-0.2766619087183098
1852,49.783747735206475,-0.30186428583602626,46.743164559094204,-0.32171232741964806,45.23978434191243,-0.33060614740206895,45.51570780069818,-0.32630227284022484,45.828284782010016,-0.37006661860049106,45.274474571566856,-0.33913713477954616,44.07354660396797,-0.26945245009449587
1853,53.35878498234776,-0.1326180127628132,51.19588776256969,-0.14856675804744254,49.35008770978676,-0.182571179218335,49.91468595554042,-0.1821539430973327,49.88603697133201,-0.2101846550957616,49.6293483227566,-0.1704145396394922,48.03921849392471,-0.11447968180243809
1854,49.91101906419284,-0.09137662042178785,48.20395191566241,-0.09302226159907717,47.49910095682385,-0.1292844096069804,48.01156594265734,-0.1399662948524797,47.88148846301809,-0.1519471504570174,47.3163409428915,-0.11596171588824351,47.17305295509797,-0.06908406676208761
1855,53.06573882305682,-0.02056171949785976,49.17493653824087,-0.034153912197240885,49.1110190355132,-0.06885672445316418,48.62594552151262,-0.07605791121035055,48.52334968737554,-0.08485271920646029,49.51286567729204,-0.050424722029891775,49.7397790401878,-0.009438600061021624
1856,50.18916245746667,-0.07556946369342739,45.98075429177652,-0.09036019616795765,45.322803454067255,-0.1359954446305465,45.6982286732082,-0.12829824029317172,44.66029702667079,-0.13326729913725846,45.745582254303734,-0.10421606766826368,46.421732778903916,-0.07149451544920828
1857,46.70837809392434,-0.0250880373635411,41.19339631471416,-0.04242023970370988,43.32065246098771,-0.08072589215698955,41.498755016888566,-0.07637990360657447,41.70819384010721,-0.08038160663274589,41.69738368863484,-0.04714148887632688,43.199404060546556,-0.01454842395024894
1858,49.55753949424584,-0.0158594700694491,43.04994171907666,-0.029688100052593893,45.4918973992354,-0.06479205996525118,44.386043032104666,-0.05665182311563671,44.43538078679235,-0.06142640087679087,44.61517326128207,-0.031598960778835894,47.609301783224716,-0.0012503993392175908
1859,48.796913135314014,-0.02406641382122276,43.92339006015918,-0.018376591623918116,45.10765638764667,-0.0739623979766515,43.45374495832533,-0.05150184860867853,43.70416464469273,-0.06463630131843154,43.434782783467384,-0.02516926304791636,46.75628274989798,-0.002617665227855434
1860,51.724621303537255,0.022017847852977036,46.811094830302046,0.005695556377652001,47.97723310464305,-0.044109616496041615,45.351470391945476,-0.00428754324310141,46.42726922688763,-0.029537596605402595,46.016057337103305,0.015429152004207126,49.206521730149994,0.028895386795260602
1861,56.74126643308668,0.0263759207055718,50.4204028207926,0.013405858705363476,52.94405903827541,-0.03784709754921184,50.76596595743365,-0.013651371792070332,50.91360553536166,-0.011208781331665009,50.836553138228375,0.0027594588817141455,53.33332167503536,0.028389929172143932
1862,56.399881532069756,0.026397390072606733,50.97460221488102,0.000550414188621005,51.89954912891754,-0.039616414753013036,50.56225327248746,-0.010020572483892196,51.458715739543436,-0.017342592702575196,50.82505363893154,-0.002086317419140034,53.214219647252925,0.029123632568809205
1863,58.43251396285376,0.054492972800096295,53.6644138730231,0.04363523328826425,52.669987179507054,0.008612506485270639,52.72467598698817,0.038607444213884144,54.872412632211905,0.023050763536918317,53.17263728842816,0.03767918418740924,56.12434041094921,0.08856904223582732
1864,52.26855937021565,0.07117312872528174,47.1129317849471,0.08370261430224005,47.903229772318824,0.05048891082728889,46.14264832696236,0.09542083888402501,49.07010084492978,0.04472599703331297,47.3299288302702,0.0660458372256089,48.87422516983014,0.1152110445106195
1865,52.23316815236127,0.08254859815944351,45.198584227724865,0.08355535266513574,47.257757413853,0.0477616353172282,45.629356461865385,0.08443873144242367,46.80455441735137,0.04191996690370861,46.42395992944314,0.04408877616462353,46.49419932354217,0.09223268116020726
1866,49.90852770904691,0.07606197405363702,42.033761768124165,0.06974722798650662,44.081852050710566,0.038354169304118654,43.286983765191465,0.0720163775588607,44.51715644276846,0.02438329943259049,43.746600299422404,0.04524015526036425,43.82123347610377,0.07547352351214767
1867,51.81554876246782,0.05278275735691222,44.646431003397836,0.057242952639447356,46.23460706306358,0.005683678234431458,45.787352425934024,0.05345604209668836,46.32348401510431,0.022166956440956863,46.20735435220347,0.012395040826751505,46.208391081275686,0.050527294164409764
1868,52.11338143390405,0.07857339416124898,44.904300453970535,0.0922325066847809,45.902866975919856,0.032983915247871684,45.54082750564539,0.08975209111348498,46.39292858037096,0.05828791725857029,46.44851591830398,0.042819261933093454,45.84809889406779,0.08923318228066036
1869,40.9674399272368,0.12827747445070267,34.40009784100073,0.1325643917386396,35.87579397931642,0.09101881010390765,35.25551613181209,0.1524416756855832,36.15144412875599,0.12505958454322397,36.26022818529196,0.098362623870329,35.454348090926274,0.1507376622043071
1870,44.59046997944724,0.1482491305114864,39.357128242800556,0.1472500265060587,41.39003798597667,0.11367276196083202,40.40540920705677,0.15722028881711095,41.411204072401226,0.15213407934645218,41.439361381179495,0.12739186672266292,39.79346075108143,0.15833575895085583
1871,46.20640129891997,0.21957932730984775,41.810193111282715,0.2014827938002897,43.2069241918299,0.18760485928654508,42.74204652157099,0.2246464792071071,43.55335788033135,0.22271111138354455,44.04209698017833,0.20388969718970268,42.29161217335935,0.22993263069439054
1872,41.79361509309517,0.21307739287859787,37.14444830227699,0.19027756859816675,38.63398970793945,0.1766182435053947,37.3133017356698,0.21047788106150175,38.52562873360186,0.20546739375599882,38.22588550766464,0.20808147741393423,37.16280726345428,0.2147205836908572
1873,36.9712909548839,0.21127864330505933,31.37706225427155,0.2042858224623806,34.50489462259101,0.18691436714248127,32.42978339762346,0.22861711659942172,35.0967687800016,0.21980093202836548,34.48997055508489,0.21763029592771785,33.36731418571496,0.22439403422617837
1874,36.114545499283274,0.20492098957674101,31.51179733255598,0.18782833590258977,35.133149569142724,0.17605095975395418,33.17921282365307,0.22257121245149566,35.06839047734351,0.20420534057626644,34.18102919404851,0.2178763893537296,32.74892875873509,0.20659008103384038
1875,40.63857326704741,0.2116904472147108,35.809630614367684,0.19256316234098317,39.296853752315656,0.15874488897939817,37.237713693663444,0.2199357109118911,40.26660376051125,0.20488762795176907,39.17631737870339,0.22392634898695923,36.58025340092356,0.19608686692052266
1876,38.7274150274428,0.142642125142565,34.75064937376385,0.13012591383609465,37.181055344599244,0.10247807396727218,35.434223046777305,0.14677158672945362,39.198159556089436,0.13525503333109848,37.39148356524085,0.15055081246837515,36.79946670505301,0.1493817771006588
1877,34.28067884722468,0.026259179502986136,31.316210104704375,0.019276307439364204,33.647760872515164,-0.005940529632349353,31.8742201662931,0.03291773592020392,34.05493196411686,0.027948893483991398,33.10622446301137,0.04537874048574525,32.789411918628524,0.04265270747729241
1878,31.833138109987967,0.07348176835579517,28.033435115582044,0.07697755004507972,30.00403215470886,0.05275575657865417,29.85441933688501,0.07606093930029666,31.794025649995653,0.09503583790939828,30.829805685823708,0.09860575707797592,29.667644524992433,0.1047505129238275
1879,34.31823006234703,0.10014997546211404,32.23785608315948,0.13928255056632582,32.77960431239667,0.09150879143468141,33.52080748673418,0.11251223442242637,35.969915176238885,0.13656284984134043,34.339224602683906,0.13200924276248988,33.08548009552893,0.14582605667768153
1880,31.007452032079815,0.046116371333824055,29.494391116196766,0.09837368713265256,29.480444958443947,0.05671465363604347,30.508144404151885,0.07572004461633702,33.819583873401875,0.08709601573504012,32.39444974561133,0.09437004940327606,32.37760448137778,0.10295187277787424
1881,35.464996019451185,0.1603869520817029,33.42453676287918,0.1925076284856929,34.10595127864086,0.15369277713379906,33.36341042502834,0.172502152007773,38.54670654102336,0.1878219118230767,36.26158866841419,0.19297582989352186,35.441623890231156,0.21279705929731701
1882,39.23704968829392,0.17792288966813663,36.43994875999625,0.21141387720798635,36.48213778498382,0.16375959939979629,36.94964533942123,0.20427594281695047,42.27948822874219,0.21375870066948327,38.81132611656044,0.20744083990719264,38.290513560051835,0.22834555366979298
1883,38.297539904266415,0.16830105124102224,34.31641092807647,0.207343457933184,35.266304113467804,0.1674136590121787,35.143766938865966,0.21687354804576964,39.91835985152406,0.21366270339956295,36.98747224089005,0.21370347944456253,37.18155058945308,0.23531995891582227
1884,36.55073398203214,0.19564971754037017,31.844531358906963,0.23832751332222826,32.131392877726135,0.20401318225241613,32.13061943763627,0.2573244043738262,37.02754790063023,0.26017038405576076,33.508133662753615,0.2544604402600149,34.19867922715397,0.26828185381454633
1885,33.764282069843645,0.22974983999626858,30.64403111219231,0.2726760017075705,31.39777586508755,0.2456612288394628,31.55271918752563,0.2768955467779576,35.054337928419024,0.2851395786258115,31.729547088356203,0.2877642677171294,32.2511058591327,0.29463608798734137
1886,36.66518238736298,0.2298464922779489,33.239714544669006,0.2658263975945475,33.67264804196274,0.24981470599774128,33.851732101887734,0.28319058044359197,38.422817874824865,0.2828057121313768,35.342081097762104,0.2914377448218633,35.18572779335583,0.3156791048754878
1887,37.82424435921862,0.32095435490674573,34.52405868340427,0.34613492585140915,34.528103046366795,0.339028236372852,36.1408890550826,0.36370483207843946,39.52077906991881,0.3613758933384157,35.46387518547202,0.36598664290786315,35.98171216675465,0.4029627005322982
1888,47.666420887292716,0.2517696386766952,45.057436441818496,0.2755791701653885,46.01860922458855,0.2851547200900122,46.74798634195149,0.29780930326485616,50.27421086422757,0.2964787402768786,45.396240838427374,0.3066021707740995,46.717209034389775,0.34318558539418453
1889,42.71608318465867,0.2343921856261285,41.83707620002263,0.25477711815474324,41.62715464323771,0.2523089049979972,42.07494483797298,0.25957561507847804,45.54129598399098,0.27480133539795054,40.07635497146231,0.2803041507753265,42.96997768631027,0.3073506813253357
1890,42.710421290199754,0.20886223292758657,41.92269186454797,0.2469405633341955,42.86186338518646,0.23931932987681978,40.88791057381349,0.24584405688612856,45.2702643736494,0.2707101193835849,40.43053274156732,0.2631870400079432,42.6433070855176,0.28569815129470866
1891,40.91100189310323,0.21527565537746002,40.53591172431279,0.2457758506530034,41.293970213355465,0.2443701096958142,39.454681947121145,0.24495620121867104,43.76799910076551,0.26386327758745687,38.84967505535593,0.2576347607441356,41.13486444602333,0.2821306995242365
1892,42.53917264507735,0.2611487753140007,41.99893740347441,0.2957238501524779,43.695918397052935,0.28552888430341566,42.58921855881924,0.2888092985333861,46.718087184581435,0.3210831481833847,40.24365494850967,0.29733224291204924,44.111492196720945,0.3257978900981452
1893,41.192276552098974,0.22379032362434406,40.41468563574142,0.26636468585044953,43.78315739009585,0.2605598786689649,41.0932826458896,0.2431870635598566,46.04941128566537,0.2837881142062432,39.67083915646778,0.2646896243658927,42.405941259662555,0.27864889221682126
1894,39.21350408049598,0.12840168171101604,39.36046653877507,0.17156734986314529,42.66071554275736,0.16168864190430265,39.86151557449548,0.1317341616142868,44.215658254766,0.18472374228587518,38.68669294043718,0.1659981484594882,40.34065886462172,0.17209582169293947
1895,38.022598023524445,0.09907859896862073,36.48337077472577,0.14693462509530866,40.450396576058964,0.13353759685561586,38.280271510849914,0.09851708972294894,42.348924468130406,0.14620644931014296,35.92965268768529,0.13181220124385526,38.363981173253435,0.1400375627644042
1896,38.01280114326702,0.15947250684090447,38.8920105489023,0.1893790326737113,42.343801826959975,0.19644977870457006,40.487219139988255,0.14952665616027766,43.190133498381016,0.20429927095195685,37.27335778226491,0.181404547927665,39.60423803771591,0.20266384438762114
1897,29.980949806759973,0.1266902253271695,31.32712976610342,0.1548300777151013,33.920372875392715,0.1658070077971745,33.30604405799318,0.12841490505450767,35.64917986705693,0.18151652023250064,29.728746862587094,0.15127915280282656,31.900016641965195,0.16021162583854232
1898,26.417158726482004,0.06679390986697889,27.634626253996565,0.11166049541904091,31.427889589709896,0.12429045498052158,30.814351558658135,0.07828164255718088,30.96488681203197,0.12741113699550927,26.91105879690868,0.10286229543789137,28.584578317330806,0.11324039336854629
1899,28.0335510382676,0.07809855346445042,29.74418165293594,0.1176675058153966,32.502946770022106,0.11689000796057329,31.27929460976747,0.07640498120013939,33.33104966681914,0.12112705149848972,28.06047704769384,0.10066820265527616,30.558940712296266,0.11511386158760525
1900,26.094623332708416,0.10182585884016337,27.345812937681558,0.12773908412105983,30.54751850841679,0.14204640869630897,29.39430797680679,0.08560642465155872,31.739269741798616,0.13870887989280722,25.378237206803504,0.10388877840562269,28.21738550210028,0.12384924008293458
1901,28.93688559900232,0.13076928498204554,29.801106795927875,0.14664943198889654,32.6360678730191,0.17354778020920705,31.845156967425197,0.11571980027520852,33.48387028161007,0.17078490794574983,28.038886166290172,0.14717120579426973,29.760783907536045,0.1620827620973886
1902,27.494280906733202,0.0968567968761477,29.025240571432786,0.12949589286933255,30.85135438817197,0.14525378703388458,31.102014294752113,0.07993240716445255,32.39860638346281,0.1442085137713898,27.849454165261474,0.12928776190906727,27.899976248279266,0.1345180280232065
1903,24.285305325697095,0.11458928751905284,25.879455747091033,0.13616441590097306,26.44451692932028,0.14758472739271417,27.060614906944544,0.07813710059819465,29.784919534614446,0.14250439029621972,24.100568303197463,0.13750893856599358,26.149045188092895,0.1521617540683203
1904,25.9068257508328,0.11887860734182765,25.277947341617537,0.15038838336086346,26.436809762918088,0.16057150130813283,27.356605153071662,0.09017777324415101,29.324999380788384,0.1562968686274519,25.801885840503456,0.15630855893089496,26.469745282216472,0.16339121775904822
1905,29.149154486649778,0.15715264554400177,27.37896700379636,0.20416643450700975,28.328780667829925,0.20181264108460856,28.893959548101545,0.13985382817448172,29.91665016203079,0.1796432272148278,28.130689109709213,0.18978644755346052,28.42150065680024,0.1993844293095469
1906,24.684398687994033,0.143477681961361,23.316299431302333,0.17639790733400154,24.369625653292744,0.18062044615428113,25.10596562539391,0.12755564857485385,27.19722552281535,0.16497322717608845,25.06705759715155,0.16850758047943268,24.95555754768274,0.16619812110474444
1907,19.871838146254277,0.16915504557787361,19.195305797723428,0.2045792073788362,20.354904122466955,0.21951804276319792,20.49057500577495,0.15793758048807238,21.586486099482677,0.18980281129835547,20.680999196457993,0.20596330350657474,19.924836371271038,0.2037926391008927
1908,19.033662186578052,0.17197844884991834,18.754916419681592,0.20945125793129518,20.451111923669924,0.2056964570959769,20.688602962688524,0.16324707752719478,20.195638716232672,0.1831334724760569,19.649302838992682,0.2040754102226599,19.86275020737432,0.2109137824489799
1909,21.211250561720917,0.19695051753908782,21.133993778139462,0.22736040296516127,21.371463501641536,0.2099000076083945,23.027616481802337,0.17239411877707184,22.640869097960675,0.2094863394428274,21.455814587033792,0.2109508665796976,20.591267800682655,0.22048496294831774
1910,21.794682733150093,0.18675784544619023,20.915660770560883,0.19664437756257067,21.201310031077952,0.19107283411940354,23.85795705536896,0.13234647451482626,22.313749077469023,0.17774129384304663,20.40007147926209,0.1727682349803278,21.01519630767435,0.1970527287108227
1911,24.943032384792403,0.1984101873269423,24.5463564084479,0.2103474244771814,25.635404352185862,0.20486024603642874,28.09257577671103,0.14964330687806873,26.398496085006073,0.19893256613478272,25.03634598221783,0.19734304902314,25.83596169396084,0.2138677928128382
1912,27.75371534305222,0.18819950153876003,28.46710365966105,0.21357740625303565,28.87251629902044,0.18269570145806002,30.942612520965817,0.13804439396158047,29.435582950494496,0.18413372902369,30.031187841771562,0.18451719457838991,29.595992372016546,0.20232328117245532
1913,25.259208975087017,0.11650346738159166,25.717692141698464,0.14724802462426467,26.665316040613476,0.09555205615775217,27.556460810948145,0.06164693487748521,25.381953938921292,0.11508852727082909,26.229533237836336,0.105877076919141,24.78453713603001,0.10898592780610215
1914,31.383576452992877,0.09274160507888304,31.311529883577474,0.12917336901138807,32.77764270827298,0.0712256639941248,33.32918353779482,0.041899550195166384,31.46512404700596,0.10016054646365198,31.02512741204299,0.08302221979939065,29.938659865940135,0.08469116158032661
1915,31.362137329632954,0.11744855714948918,32.340081640562985,0.14741449465726386,32.170584742386325,0.09488437917892044,34.02848212546667,0.07326472984045912,31.50174546836375,0.11996893245881086,30.976556146055202,0.11141116226742324,30.71817019879393,0.09909853277296497
1916,30.500573529060702,0.15533821498905584,31.894343583874814,0.18774995004673947,30.62977686098236,0.13852594649439817,33.02264171473289,0.11843323794180466,31.355950703751784,0.14841736749554665,31.256418441453278,0.15524854172527106,30.79543904663459,0.12706213961968205
1917,31.85152635097259,0.07108639936046124,32.46322143999027,0.10974804083420792,31.530296928591284,0.06374730994986899,33.07680200017378,0.03483496779722375,32.32052210735869,0.06619545968602156,31.68048525210766,0.08615519408215344,31.690741821964394,0.04128218619013044
1918,32.73159567138413,0.057171074810691794,32.100287070907164,0.09107703473141601,33.28662107028289,0.05021745865429435,32.832544111020866,0.013641442785880323,32.68135164152401,0.050290239769007886,30.925197742065915,0.07069304184378661,31.124819551883476,0.03398229474403875
1919,33.34460999197372,0.08699963178875741,32.51281557553477,0.12215543802336794,33.70665797809204,0.09882185171955385,33.089989456837365,0.05424771219186802,32.64707085349479,0.08373443544716358,31.38414306169463,0.10390029729818966,31.001679317516842,0.07010405715446902
1920,29.963662295959033,0.09222985341331899,30.0156059479037,0.11121614771496965,31.06105829328125,0.0917195482593758,30.868248721455174,0.060690265330906205,30.460619561297833,0.0731844702257231,28.599337673723095,0.12380077874071509,28.27453900574017,0.06194295758190554
1921,33.11109565073616,0.0634424623314136,31.979795973308867,0.07358797969738884,32.60961910077484,0.06625245749589094,33.74139639876199,0.03540022979128098,33.384907770900455,0.03978154844418759,32.42286272533263,0.08882961630607168,31.34807578428743,0.039447123649435485
1922,31.415233784211264,0.06545639628997718,29.879839300709254,0.09297655160091492,31.123071958122225,0.07438989044228901,32.54349419095517,0.04627093379263975,31.64614545757484,0.045332237375591326,31.86172395228471,0.09793399617636392,30.464690240751658,0.03792626557429732
1923,35.14064087884991,0.11907166978987188,34.254277894913685,0.13684171184853355,35.18656723322766,0.1454343082780899,36.99622578610925,0.10322971219440878,34.99621070643081,0.10087745328345976,35.710523564906026,0.15335619560708016,34.79947932671736,0.09005806452801393
1924,34.13420382516727,0.06778421680278623,31.780806553513393,0.08835419052128252,32.783001425193,0.10307966141466353,35.102130185229996,0.05709330506468383,32.93848471975271,0.04524061010239332,32.58473396522568,0.11551497754579244,32.42944581740233,0.05095171347926965
1925,33.173662465676884,0.07092219607702686,29.59277210477596,0.09358025150024135,30.83968688928426,0.10234450426319197,33.0352804349987,0.06764788852641894,31.950958929492764,0.06113008130234584,31.415171608066853,0.12855729605595312,31.426684107739987,0.04197390603557277
1926,33.80892589789963,0.052120521167908454,29.973059834976652,0.06207979109222382,30.962859560429656,0.06085588243890884,34.21185570899782,0.04046312841454642,32.262786833249045,0.02390934155979716,32.36858207619246,0.10296483289005154,31.895033017726156,0.012876964027732363
1927,32.35831179894927,0.12122880643313709,28.33106016091324,0.1418452411810481,29.25162970587186,0.13152117740170435,32.36739487164098,0.10863485558421143,31.328275797183814,0.0982590125060796,31.027693279046105,0.17796089512070445,30.891872192098916,0.10233243175857742
1928,33.723749643380486,0.0930717424160181,29.322864513631206,0.12385042564940507,31.1129770103245,0.12057737359568607,33.52793780340692,0.09343314998781624,32.70145649930177,0.09534590807236995,32.73203565399169,0.1658076358480555,31.868179517141225,0.09569750012246747
1929,32.29633353657348,0.014673172939316297,29.107871920400584,0.041853782611075974,28.933673648035562,0.04434112670058827,31.41484605512971,0.028892260414723474,32.424899994926385,0.011899872114156617,32.044672397027234,0.09479279807833121,30.75839257800086,0.025917199831330572
1930,32.2192568322945,0.013506245562703974,31.983550814818962,0.031632886238866405,30.19111882715203,0.03753635268479173,33.079149376381494,0.020964168695802754,32.73770188124218,0.009748309785269714,32.78821613584007,0.07648573204042203,32.26551530447752,0.02024831224640639
1931,28.63380539483667,-0.0082703829849556,26.882129355413305,0.0003985578275417052,27.823572372320392,-0.0006632858891949594,29.455597761282526,-0.01836991565654753,28.002015576195184,-0.02526946236124102,29.101708672253267,0.03910005216085218,28.32215074727535,-0.0027585805736153506
1932,28.008612836450077,-0.003091236791242534,26.364680759217997,-0.00042862224127752533,28.72908960645106,0.002461448119035959,30.15830751026954,-0.008131192246710729,27.653272713129596,-0.013686670394277943,28.65149757668719,0.04553485382994076,29.376937113239975,-0.006544313876332324
1933,29.039129915071264,0.03403727290384692,27.955048220756883,0.03933332753104395,29.51833762229856,0.04709547251723354,31.053670329699408,0.03952781265898621,27.95667339497608,0.029768106435608847,29.747979517798445,0.0789854631265633,29.66794145532119,0.03905201920412546
1934,28.104570881923667,0.04765358853627791,28.33014230656076,0.05007811310487858,27.925678355571705,0.055792946038063826,29.071365660496745,0.051227393575727885,26.358904490799503,0.059074163073437526,28.53210308002358,0.09131292576837996,29.170729610449335,0.07234234419176361
1935,28.925125023139934,0.02812776070880657,28.995510668917174,0.027662093063676133,28.1693961756308,0.019217283574544275,29.97567607136506,0.01627532597105618,26.892253384189715,0.033073130539781725,29.388832587044227,0.07140248062741467,29.875212690114594,0.03310301267857437
1936,23.44279819663243,0.03783692874923546,24.078312778427385,0.017622907709109487,22.583064561984724,0.024965573827329987,25.597770710463873,0.011513767796883782,21.886187731291564,0.02352534332550632,23.48529850645036,0.07485165570858693,25.8849687890645,0.0313077217125792
1937,25.049501805320485,0.10179727777452442,26.615321623104848,0.08998245964968703,23.615180354067007,0.07373257114909458,27.411102708277877,0.09027610160070756,22.584789994633624,0.07201385052008724,25.13592575259123,0.1378336404494061,27.764035689460115,0.09147826335965958
1938,24.50726616975924,0.1108370449963891,26.738522124490732,0.07357318072605884,23.53449403850521,0.07220377273691211,26.21282314617106,0.09302996927608705,23.080126477426376,0.08212976775426617,24.38968605365572,0.13003010888870722,25.74438284076633,0.09727984480913404
1939,28.570438334561405,0.1696668159830429,29.699643806506444,0.12330993506726863,26.76983393423763,0.11611582295292358,30.30605300305481,0.13921206877034378,27.174227661103856,0.1283048930052164,28.202366878362493,0.18391847627532376,29.30981285614064,0.14710753575991298
1940,28.547013315839784,0.10507860029611875,29.384327393316013,0.046812111228064904,26.868191344086267,0.06718992769139878,29.87163006569488,0.0726204064480359,26.97391263883981,0.059741925680947675,27.896344261439015,0.10928928924071403,29.81011398271555,0.07401393030080956
1941,27.62569113531246,0.09271196959313045,28.950913788289476,0.030058181005822415,26.299206423174653,0.06456902169479341,30.22501460653672,0.07237996629060162,26.485106422908235,0.04466738115981065,27.80852746582614,0.1001687437770396,29.785420981672857,0.06511644098143281
1942,31.328094084266983,0.11303070291960231,34.17376895417295,0.051847795483664735,31.6175693448081,0.08271032744359975,35.36644855543381,0.10895271806276464,29.956004711510992,0.06299109273191983,32.512819397744686,0.12416588993185443,34.18255827455311,0.09562496114437477
1943,33.453432838538546,0.09908339955475806,35.70495460814015,0.02923799540924634,32.94083593975674,0.05941092749550756,36.64637563278643,0.0899155958953012,31.61765724060086,0.048102141715037884,33.477909724386286,0.10898559475847652,35.26136532223682,0.09316601764679677
1944,38.27383173479041,0.11782183487862696,41.20023755928942,0.056932947668901036,38.61077695751855,0.07975242559374468,41.3456352581385,0.11040180882994069,36.954014655349,0.06336699875036024,39.0074011098952,0.12029734718505421,41.10191156709994,0.10811687550442074
1945,40.869665024397335,0.17668243780696757,43.271653846389825,0.09803768385419298,41.478440940815744,0.13050046289830997,43.19872262603173,0.16647822015970998,39.85428916835615,0.12401216067631582,42.96660610162104,0.16204914493425002,44.5149005587382,0.15516484437719524
1946,44.84654830831542,0.16284126467402849,44.93624973007195,0.08456839107473982,43.38462789486635,0.10814885123368945,46.168544861075446,0.14808033196012796,43.01234807083559,0.11383212948640684,46.38958802511196,0.14068791036907727,47.55438460553048,0.13562974104025555
1947,41.13363318515199,0.16177703290358617,41.20083519953247,0.0900761005450256,39.41386561405832,0.11545889042247184,42.700189581279886,0.14724849017305766,38.68251350158232,0.12268223298650427,42.087244421375026,0.1462268720405025,42.94996436257147,0.1592209922370516
1948,48.52720740764439,0.15709505938329002,48.15755416167714,0.08303266588933486,47.57734016160757,0.10803151777904049,51.00461150099652,0.14345152869040878,45.86592392645624,0.10644633102973608,49.10390222875026,0.14579259713193105,49.91959109583185,0.16220145361218913
1949,51.870594485518836,0.11527301431549364,50.05395644492846,0.04985209062952553,49.70100291071816,0.06368182570358802,52.96939589489904,0.11158904369956793,49.294984437116426,0.0587119615257165,51.234823383574025,0.10534031801538159,52.31359531230336,0.12741915864133757
1950,52.5703424907105,0.17771942349490424,49.161575661770236,0.12381782814500583,50.30968952958412,0.1286782928047056,53.6381427674322,0.17445280447314093,50.58202841742872,0.13322090400642556,52.37267399850549,0.17084046506501235,53.29902477900696,0.20752737356952417
1951,50.88666112861133,0.16728974442730155,48.44809669574522,0.12047994470392312,48.70946401580242,0.1333535746455889,51.952615102960785,0.15799330165966086,49.25036132827351,0.12721016237665728,50.05017177651732,0.1671711604859532,51.40095255850578,0.18592935502401997
1952,47.549841183222206,0.13504275306610186,45.66915205622355,0.08918494137423193,46.929645670482955,0.10640345560212447,50.08515707338145,0.12917042309749513,47.04548379082611,0.0969967927309399,47.741532367473326,0.13800669169864602,49.379466314228395,0.16070036837104648
1953,52.44272321982236,0.10187133280383269,51.64430820030041,0.0637179993519609,52.31239993110485,0.07189024194476326,55.53474777169694,0.10434321859369253,52.782620748884874,0.06851033530901075,53.95015333472898,0.08955548145574398,54.66422278966249,0.12771222979076077
1954,53.41064416695511,0.13009029922476018,52.49893244192948,0.08692721542298901,53.94411211349209,0.08920936829524921,56.658604587067416,0.1136854225222602,52.91763407220973,0.07140749474915964,55.11493549809095,0.09358191512460529,55.702002156157775,0.13867252939327213
1955,53.37271169642324,0.1517745592453702,53.01295644032468,0.14013333750622425,53.392790706013756,0.10542387870947706,57.37640434964006,0.15124335908774206,53.31649297018686,0.09991664611425019,56.0993383585867,0.1273684669171129,56.145032057388235,0.1694360645641279
1956,48.21243126693568,0.1542554564477509,48.07502570183868,0.14431323662800913,49.212439116123065,0.10926233306359762,53.01866119216886,0.16725239939644526,49.654020245048194,0.10855525517428638,50.744475427806755,0.1318921903424289,51.73868363634054,0.17808655481754326
1957,46.6368629839869,0.11677852874891007,44.92077168335758,0.10041215574019023,47.6547034382319,0.09201549663701925,51.824440731612846,0.1272368289195652,47.75017120858795,0.07812977715412872,48.7119732967393,0.10801543597956223,49.186657502889695,0.13968665657351403
1958,43.734927532329365,0.12141874453083008,43.27621519999624,0.11422768569866298,45.945423073706024,0.09146534887363739,50.51833783816903,0.14503118328783907,45.26618147484963,0.07670346146585487,45.163564385830725,0.09954344190912626,46.988730945510625,0.14268607617648443
1959,43.14306216067016,0.1560495835243655,43.52528433805874,0.13636119367390814,44.49622907131229,0.11623606545963397,49.69077295869773,0.18297902297289587,44.436392510133444,0.1151444695029121,44.60353356019627,0.12443822739161202,45.91031946620744,0.16124948481433013
1960,40.814764227865865,0.049507634781929793,42.607065568358244,0.033974609225102106,41.37444729355303,0.012864745695647897,47.54034596839631,0.07791251973451702,42.488511415934305,0.014177253400405293,42.790452360560145,0.012802019014837428,42.77562878629979,0.0503876338664196
1961,45.50321754263293,0.050219322203828375,46.911251639720895,0.04320833953656733,46.009488255488584,0.0256507523923997,51.89246450886507,0.07579376944757901,46.505110159980504,0.01580392287167825,47.373998479907,0.02233439416315612,47.307289650578895,0.05536786876448912
1962,44.14721283327121,0.018677788564219002,45.13709866671597,0.018198687076807003,44.24522569811658,0.004402981935316663,48.75263678391279,0.026464481308339397,45.16689904378335,-0.024538957879651623,46.15943141243794,-0.004223942648263999,45.74910133914472,0.028828264107089732
1963,45.23531368270072,0.062249504313355936,46.175279555168565,0.04939441878421154,47.25919644678652,0.03517617831789063,49.56430074986749,0.05969936687079601,46.74928636437557,0.01856644971167564,48.088719657814316,0.037668553000881344,47.299558600123405,0.06904439213975751
1964,50.20407146649228,0.09633968598381078,50.611254880737434,0.09661651840595582,53.29542913206851,0.07163270270383071,54.05624053797321,0.1135142900609919,51.70971317093893,0.07439672268422508,52.825982177454556,0.07417864792537673,52.12398819225704,0.10620074126940038
1965,52.0413202859583,0.14840812277488968,51.569830082586854,0.13518400947423262,54.78664198241433,0.12474706789925168,54.9156683510574,0.14753397870267637,54.45589502487578,0.11410021058620194,54.22297118271885,0.12472735158294951,53.10989076911782,0.14750539049333786
1966,52.76756309512109,0.18400037011528914,50.273777549968926,0.16241201760571183,54.14046242170741,0.15524571412699967,53.303508370604064,0.17536126405121719,54.1676296534748,0.15069529400057785,53.57158213377084,0.16097446001978546,52.96807066780099,0.17496780575124443
1967,50.09087371300226,0.13686433792210598,48.1484158652915,0.1206319158828044,52.19938544291769,0.11323152376348457,50.851639561416306,0.1280182001494233,51.32188570157369,0.10943123745864977,51.246996014753876,0.11845519870407754,51.202314742872154,0.13306201264412204
1968,49.68265885990098,0.17907258905874,46.56137667510521,0.15514758888222252,51.09450801826428,0.1564644581666501,49.93947222994176,0.15404730496441738,50.45635448822385,0.14766082389047783,49.46483157361249,0.1483559265172991,50.516596193554065,0.1634439630216886
1969,51.65488597843658,0.14763116070900395,47.96513682787805,0.12398133259900791,53.27328820722414,0.11177524062382517,52.1510921264739,0.12521111333514506,52.241193018832284,0.1156251273046729,51.11630450144597,0.11782939872462103,52.606986977109614,0.12792995086737696
1970,53.135467076907936,0.10876034350404983,49.457432839914624,0.07085855867744406,55.496119032099934,0.0629001382585779,54.0569148819487,0.06790312577297208,54.727371120867716,0.07775893230166109,53.522452049881906,0.0660226563573659,54.97237791169748,0.08140893667821486
1971,47.6627455172745,0.13770502822428432,44.74840995986711,0.10886886511625227,50.45623734222719,0.09685762026135425,48.17708981647029,0.09600883067662325,48.92026595986415,0.09503444680532472,47.38263093977765,0.10084498034522574,48.22586773589707,0.12372849253090172
1972,48.96400173159077,0.1829742471643262,45.101991277942204,0.15619845853104813,51.47895398728739,0.14664829452090117,48.329510053054406,0.1329183677996306,49.60858396988669,0.14166576907567985,47.92016589821241,0.14304667256619352,49.068469962783105,0.17142578989043544
1973,46.584902239405196,0.18187975250136962,42.64882259909442,0.1585188351789549,48.963308941259235,0.15461582870742202,46.41046884578023,0.15010859803896467,45.96495577694679,0.15360189226304458,46.05365052446682,0.15878503140458214,46.24576653396485,0.18539779327301417
1974,44.39389593609028,0.19187833382821198,41.483514376443715,0.1653416392219966,45.17183857214127,0.16510497448957584,44.62517386017961,0.16289062290517298,43.26960190982243,0.16348569983049985,44.34904395938788,0.1753257012086024,43.89335615198911,0.1937091906429378
1975,43.07005546198778,0.08519517906681723,40.08915491188976,0.050887971894354435,44.218903101644585,0.040786547047341,42.68064587726421,0.042978485385817666,42.401715058774315,0.034159871650579834,42.59123559120147,0.048906892972973084,42.68632601122407,0.0751211365673055
1976,39.896091195862454,0.13502975739517242,35.77819792277882,0.10133523037241399,40.632923666701586,0.10145890428842164,38.110633216362636,0.08011785248080934,39.799215298115186,0.07977577674031111,39.33864889965561,0.10317548031799711,38.52466404084707,0.11475934313387988
1977,37.15429782922855,0.18515842617159456,35.677629895901916,0.14149470237173595,39.3144723775043,0.13677571524458496,36.783759749995546,0.12442987312931517,38.38601732803725,0.1387010910006666,38.111278445769024,0.1513059207132462,37.22261466171144,0.15858563072756743
1978,38.08097610774367,0.09391822517146728,35.965386058557975,0.04737840685354278,39.90770860201731,0.04525644482806118,37.674098366819415,0.02995545611603867,40.20665158585274,0.04158379273514108,37.77884763434641,0.06650826087365436,37.248717751675656,0.07871104739881186
1979,38.00389502219571,0.05025818523353045,36.36884017028937,0.0077347047641591025,40.41514701938933,0.026332523207064366,36.81928307530222,-0.005427947858669131,40.16062567297738,-0.0068876708787962634,37.4161686315798,0.03817379984853469,37.31892502937652,0.03144474995673931
1980,36.69005948291723,0.055447850317223366,35.050980703819036,0.009286434362019924,39.08354292736393,0.035516214097301775,34.279822606856314,0.007531593710876982,38.87145328726969,-0.002301015199846733,36.53619280378268,0.06085890969936507,35.77984393755662,0.02369050896071773
1981,35.53818681381759,0.0636116510708398,33.872186434823206,0.01220959102704642,38.80743389432166,0.023339321409375155,33.33108353504936,0.015911610308091493,38.10656573405353,-0.002176554633754102,36.00331416518696,0.07149457114378868,35.225632879042415,0.027408384830629698
1982,31.738950855660253,0.05525925912336252,29.98369209546265,0.00974514475062678,34.196788613870545,0.018278153916158557,29.590687066124556,0.000456116672533341,34.35556932290134,-0.006617631944150257,31.58121507169649,0.0616795994267241,31.8180142134865,0.017496898414335167
1983,31.112999935463492,0.08343246460322215,28.298606820478863,0.027104129142153044,32.684180215503574,0.05023902033115601,28.340964216823245,0.0363817179101935,33.03260960995963,0.01879790331386072,29.755865259153268,0.08116683354315632,29.813331248105072,0.028473711370200588
1984,39.40734862497468,0.059456455942112116,38.14476309453393,-0.001781124112554773,41.93431340166852,0.025479570427616453,37.26171817251951,0.02223301997502241,42.55057472746855,-0.017916140443205573,38.69954754038239,0.06330265611480342,38.65653802031611,0.00977985857008221
1985,35.20451836427451,0.032973182347240525,35.20565416447673,-0.02024947026720749,39.11575953193377,0.008735047306238333,34.26322746284945,-0.0032787473610627824,40.568956807483154,-0.043665267215986306,36.9131125125689,0.04868679022869056,36.30731339792235,-0.005307962553628776
1986,34.38632495454604,0.03855538200520183,33.655555013645845,-0.03303495634628978,37.34076110130217,0.0007776966731179364,33.68178835023136,-0.029546727930768627,39.45765637261157,-0.0599011157185126,36.492652769897504,0.02420707244896867,35.533589017123774,-0.03190996714877857
1987,40.71864869023591,0.03978775040679309,40.47598406213845,-0.0393149908977219,44.57434597317022,-0.005401698376616776,40.90015660561619,-0.03258307417104104,46.41529507486675,-0.06827980095528143,43.17836043182843,0.0018952333490175974,41.12265269460763,-0.03787446924822916
1988,37.86147314349971,-0.00891402467751614,37.22101693684414,-0.09650638899663974,40.705706333344466,-0.04880539446138796,39.41948100683068,-0.055856519298461374,43.70895233740676,-0.11017712375266675,40.471496794068784,-0.040330193849467344,38.677977766344874,-0.08436521291468237
1989,34.95121560196791,-0.037266492593767284,36.25717715531836,-0.11706921066452433,37.53511494651783,-0.0786825828187047,37.409359326989666,-0.0895341873001762,41.18595297848351,-0.15283307065316187,38.501256248605415,-0.0741242336891172,37.48755153257533,-0.10562904640631693
1990,35.887463128177984,0.0600938313997012,37.375577163018235,-0.01596070911283073,38.71526434569176,0.023845474504831946,39.41433115302098,0.002107941651834422,42.16247390632919,-0.048454841752151076,39.775194026674896,0.04678340001147757,39.44615987948835,-0.0011968409814816956
1991,33.371909957977905,0.036686563761971096,34.928645906066194,-0.03422796094662969,36.26333734800428,-0.0012964118928754098,37.00206539095579,-0.018835198363939452,40.69037695332561,-0.06143968283943346,37.88795690188934,0.02642207668987335,38.18892330327142,-0.01633615299454351
1992,35.932298748406694,0.018935666858916584,36.375119009437725,-0.04512482143845376,38.528743706011745,-0.02047937926046377,39.315732117518536,-0.036988237400655606,41.96120461576819,-0.08003575394051872,40.78447512486902,0.010723734708146967,40.27074801526554,-0.034018115518593114
1993,39.33311457123935,0.03428178663085109,41.26109872831066,-0.043167100856289484,42.3329587296092,-0.0027973894409965977,43.08033339972103,-0.033929131805550884,46.239251908738446,-0.06186317045493252,43.78330069587872,0.013192851505140768,43.77195270115628,-0.02792021535504738
1994,40.24463019730189,-0.06002579275033813,41.91692367017523,-0.15370447826399897,44.15318793311467,-0.10739481919183774,43.6821123036026,-0.14369995908358651,47.39641538051973,-0.17390676337048788,45.14703754256381,-0.08489230415968652,45.027830775282126,-0.14698499486223032
1995,43.812595144177216,-0.03926173129741228,45.40607536357406,-0.14866646604780737,48.194676886367944,-0.0884119655350617,47.12579183526711,-0.1181219294676428,51.029930269973185,-0.16353592201135705,48.80914266186048,-0.06719570652217896,48.5925488349508,-0.12850778597950152
1996,45.07855924053736,-0.031148002857145182,46.26831604032105,-0.13108330008325036,48.44850833455365,-0.07997772856535391,46.171312549501664,-0.09895255279243949,49.817458038710924,-0.15391200898681875,48.854112636266116,-0.06123972470764428,48.85599061513013,-0.13387378962038882
1997,48.703875924562716,-0.09133114588574767,48.79272074859918,-0.17571877149554993,51.1180565383055,-0.12543784886054854,48.928888549243524,-0.15189649570775035,53.315552688478654,-0.2074152588743125,51.620781510237634,-0.109186881736891,52.54405971518233,-0.17828150944492788
1998,45.72886315568831,-0.14772788300901907,45.40199425275083,-0.21652674370471836,48.51145667188809,-0.17503463328209928,45.78932093889377,-0.20293029521868036,50.52010555121119,-0.25182160600565123,47.984459567249225,-0.1623762171776383,50.029778630260175,-0.21665646821040593
1999,45.997478126276036,-0.15539108283557002,44.8196912446913,-0.22787237682859787,47.834955336481016,-0.19549445116519004,45.48176986929063,-0.20766351303159464,48.89922241010373,-0.2493667005458641,47.720944166864626,-0.16690876471084024,49.99577179216631,-0.2280848744206568
2000,51.79886476522702,-0.09666431977927502,49.34974699393975,-0.1612614837234411,54.08324932388889,-0.13402049667983154,50.926554399029186,-0.1443236024186386,53.856600710206905,-0.1792541816623311,52.86223075409504,-0.10856840815981862,55.27682609675314,-0.1687760600211497
2001,48.907499908063876,-0.10958676125781752,46.33264220456587,-0.1894854435798561,50.221136380221594,-0.15254593942036948,47.328570986149046,-0.17367020192370278,50.3088314487415,-0.20366239765170396,48.44056549983759,-0.1372551567243133,52.05262971764162,-0.1908581342598162
2002,42.31048136422551,-0.03319851592992635,39.44541470451199,-0.13358078159767375,43.46256822957603,-0.07932678819643306,41.108650211603866,-0.1056724454285652,43.410417254305635,-0.12606375352796523,41.06531012253282,-0.08907387985742056,45.284832283507086,-0.1207033559742413
2003,47.475803166585976,-0.0948168743329795,43.82472198243049,-0.1918432072909464,48.1233579533892,-0.11886683623741105,46.499449310744566,-0.16424360436470786,48.29188667807443,-0.17476473158081945,46.458449303560045,-0.1319946072791572,51.02288644389327,-0.17630962355617213
2004,52.9753571002267,-0.08289158007927983,49.522304285639514,-0.16348185952170557,53.6439240816418,-0.07437255311563679,51.55439488985255,-0.14228155358897454,52.44567448485634,-0.14379611771710296,51.50517360330901,-0.10820291817331688,55.464971758806534,-0.15108960850581962
2005,56.039814035968234,-0.0617517941683197,51.77478504793296,-0.15920159327946903,56.88704244635231,-0.06120657229060539,54.66295806465204,-0.13469450101206504,55.31599672287338,-0.13165090470929405,55.06296337559273,-0.10095196236547092,58.394576612066174,-0.13400799043328593
2006,57.04293441448512,-0.09546048649197784,52.627554607930364,-0.18617907306029038,56.511999949923926,-0.09745412247766777,54.41203437768611,-0.16834494690107554,55.66638532375275,-0.1587132989047883,54.08309407773615,-0.1472749295236495,58.68588736125406,-0.17218048511782133
2007,54.63524956130806,-0.07221653900270192,50.188618586448285,-0.1693951365054744,55.05787306766892,-0.08153411444043399,53.77524078767379,-0.16307229454928085,52.962517608463386,-0.15159886643524514,52.60176325556711,-0.1268526694095221,57.03037213156351,-0.15688859645314884
2008,55.389573753350625,-0.08922187748843889,52.75177980463791,-0.1793687915199794,56.19080580418918,-0.08455520675655998,56.61130901375948,-0.18618094853381736,54.85603464616343,-0.16056433607357318,54.13278389792609,-0.14500323539949195,58.47318791927226,-0.15966649576216982
2009,54.759971746598524,0.007504663490575776,52.909658503161225,-0.07732185616302015,55.74690720813058,0.01318282605094228,56.33536679976117,-0.07795313996070748,54.17210970979773,-0.04573170457091389,53.824602736270876,-0.02044097554567001,57.85582483025372,-0.06562376217560165
2010,48.8027032120398,0.0672511007221154,46.471244372171995,-0.03474909712853659,48.14769974235475,0.05040067714126118,49.36269291198997,-0.027177562336897776,46.59908428084729,-0.006791163964395558,46.15463236147904,0.024937034470285648,51.51016919974043,-0.013595699050880412
2011,48.18160821672518,0.08123696333073187,45.42338069053734,-0.03159854833788159,45.776219984103534,0.0624821947875646,47.77982167624114,-0.019607417420264065,45.737027877288796,-0.010177269159464025,44.89977276371033,0.04080132531861058,50.634060530251226,0.00572264095437509
2012,49.53051277953812,0.06563400264254425,47.00316411256348,-0.02363306399741842,48.353305101446594,0.051828361516055084,49.655806777517185,-0.03579753650856663,47.426734705068284,-0.028998237842096444,46.29397826177416,0.024646693519927057,50.74137593697546,0.00038825727748604925
2013,45.28029261968318,0.03676890318846883,42.81313446022621,-0.03290433169119152,43.739433049785525,0.04994857614726699,46.57179499164562,-0.047154142329505266,44.955995014962284,-0.04391400005245784,43.64052361344303,-0.0004330869172453832,47.02389251995601,-0.00969250633806367
2014,40.465239557523546,0.048409142722985764,37.14845181533945,-0.02192275515222673,39.50498685129862,0.05407737408798785,40.92819731391428,-0.029838498778170693,39.94462808223406,-0.042903722927520316,38.8967039050157,0.00257769009769053,40.693447748319755,-0.0021435854714766584
2015,39.58443582614259,-0.03577501733720996,36.698486278750764,-0.11000303040639894,38.69746582141632,-0.023449124192252875,41.48612646602266,-0.10470268848223423,39.36663283582324,-0.12715891483457603,39.09724955198691,-0.07093313501163295,40.528009183650425,-0.09484604005644628
2016,39.709859577051965,-0.013018968973193767,37.15080598270025,-0.07673894588517655,39.63378156008373,-0.008302034614193508,42.506734234492065,-0.07822741174875888,40.22009418795995,-0.09332228114616836,40.248994848293634,-0.043408736941276574,41.22154572443405,-0.06443889729418446
2017,38.35255694552062,-0.061061178187027804,36.084335743086534,-0.14861817591634854,38.91750961628908,-0.07610985276805449,40.951423868269586,-0.1445035725872389,38.4567964532702,-0.14586355778160187,39.185849740165025,-0.0996545934941332,40.48656860771221,-0.12976161642490283
2018,42.66408209185143,-0.11939892410763464,40.500933505240965,-0.17465995222995118,42.46195132709178,-0.10400779025684806,44.88261979799077,-0.17050817794264045,43.34939813573497,-0.18619925762593473,44.14151994211611,-0.15224626766818666,43.12261347315206,-0.16676638455622247
2019,36.829722916806894,-0.18195534882751047,33.62352089042162,-0.23950612548840075,36.1837599695015,-0.18248503629391402,39.01581344637653,-0.23124827562288758,35.783258724311075,-0.2473623628616678,38.01936046688631,-0.2156200122749819,36.54146007769619,-0.23427442051180875
2020,44.730741309474034,-0.17842509174333407,41.77573302134937,-0.22908270559758542,43.604981493152906,-0.20265763927317337,47.10043969060149,-0.22823772205581733,44.768850869670935,-0.2699025322263552,45.5918079751623,-0.22856794503468097,45.0147929029631,-0.23022177977984876
2021,41.631084436000975,-0.13114367476841418,39.58121972370807,-0.18839670345044693,40.88266946977045,-0.16232758419792548,45.38951242314354,-0.19538522570113473,41.994641178755444,-0.23379272451923347,44.096956015620435,-0.19877353790587352,42.272882655755524,-0.16871713702181523
2022,41.50032530564051,-0.1320146431396674,41.17455640492558,-0.18272462247499824,41.42519343419483,-0.15804150046398502,45.27046491041564,-0.1951459822469912,42.79220358633138,-0.23224172472587706,43.764588569046396,-0.2055459640284668,43.66305670704406,-0.17294227953348337
2023,38.14306041423542,-0.10959940618319508,35.94259645105533,-0.1614873787813447,37.25750451104968,-0.13317301513666263,41.73536071017772,-0.16717725923902182,37.282105304655836,-0.20233428201644524,39.80253762754822,-0.192312046774047,40.46375682925071,-0.1516416316900124
2024,48.23174876777876,-0.06878903279096428,45.499413385044356,-0.12065799141129005,46.1574303981629,-0.10040188195618076,50.806429194413965,-0.12632068764667953,45.87361046086045,-0.15368164099036818,48.203271414267206,-0.15945140581266928,48.420060049132765,-0.10435150358340214
2025,50.9942780670952,-0.08104065517993517,48.6001028531974,-0.1249082834454825,49.364969736556844,-0.1071611855101998,53.944452358301746,-0.13462755667917004,48.97442802674089,-0.15630517999037608,50.608066243929066,-0.1662039318503002,51.42751273939239,-0.12036969686985315
2026,51.042298554193934,-0.14649342653390404,49.71759342539105,-0.19767035242302003,49.36548310841769,-0.1598815415088911,54.631683082076634,-0.19652273999805667,50.20770517990978,-0.2340249578415743,51.57074720012091,-0.23939131425924956,52.37776699679812,-0.19201333491960687
2027,51.11221345293303,-0.19520022351589017,51.24188379164905,-0.2301310093976273,51.0364420972891,-0.19474693385766176,55.66815787192599,-0.24601580748633864,50.78203784705025,-0.27853920654446906,52.40049860854,-0.2727324652653118,54.267596124327895,-0.24265768534737847
2028,48.38507988822704,-0.15686316782689677,49.34102234494739,-0.19936861790545427,49.52409071358286,-0.1751473775423163,54.10289159661736,-0.21057582737924804,48.877071559626366,-0.2375750695850423,49.89444928704954,-0.24015040324911335,52.09135291518986,-0.2190299220400964
2029,50.93039715659842,-0.15358424634539236,51.77900714069096,-0.19504916992188767,52.11075920298483,-0.1639537721958175,56.174788559638706,-0.1940067885385245,50.97279610595099,-0.21387864973383808,52.17657659433407,-0.22359958842987795,53.44722633275292,-0.20677820996013627
2030,54.39338794936208,-0.12960425356413993,56.457284332434064,-0.17450280330964502,55.56058317337769,-0.14220949437162217,60.15950396170662,-0.16416405265087974,54.91721310988275,-0.18433059107122313,56.596871070644795,-0.19719377074965286,57.45239630553642,-0.16676535015588748
2031,49.28120900499488,-0.049261474168227876,51.709498637465934,-0.08566782428862338,50.31458662918649,-0.06823866689353525,54.3816193010006,-0.10047004350609026,50.39116618489209,-0.09846065978276866,49.410947807542215,-0.13207361682378513,52.37557307967858,-0.0860539486484328
2032,51.2522803416995,0.05074788270309992,53.914666729767845,0.012339690816364681,52.80622498902689,0.03199514020788577,56.56204945685958,-0.0051742949947778255,53.11747012097389,0.0016292312694045352,51.453063885759505,-0.03103704253320862,54.94995602921337,0.031111907729401346
2033,47.78513057622932,0.012711061567433832,49.65862809339184,-0.01726735778843567,48.7992106635588,7.589555010757872e-5,53.94774112359059,-0.031239446812564554,49.458981371894744,-0.01826470998825202,48.60222326691936,-0.052838362317415025,50.97360430830606,0.013656089542028828
2034,46.58778558500817,-0.024170974405051268,47.71313912166961,-0.068633385761951,46.189471848839354,-0.03381953322308699,50.613872535648085,-0.07473922916734699,46.28676117250663,-0.05827587512989757,45.64055574216016,-0.08217551753720008,48.343325645047756,-0.018822383010368385
2035,45.72624220105557,-0.08315627444563368,46.91112378893677,-0.12526937718180706,45.17166975568352,-0.09502454856887217,49.916202213888134,-0.11658965951145213,45.568870072128675,-0.11131795259476737,44.82104323160379,-0.1432623104469394,48.1488534866302,-0.07966739830615646
2036,44.97364410385735,-0.15031791628563895,47.23389563514835,-0.18179051534759227,44.559089043232696,-0.1310945582357865,50.226797622605915,-0.17465414104666033,45.061262158931385,-0.15668126778457883,43.987931401845245,-0.20382192837539284,47.2486295374616,-0.14290308315513195
2037,41.98511569687323,-0.1499884028497,44.63176307280019,-0.17772582134363063,42.45123179184088,-0.126250940948022,48.27378327752535,-0.1609204058921424,43.43259130447363,-0.13214602683553217,42.33736579779202,-0.19938700225854944,44.62274405300001,-0.130962876686543
2038,38.27806852586114,-0.12364534847131955,39.61256529584763,-0.14542294614345952,39.582566106341645,-0.08734426039160587,43.416399790527755,-0.1310259158246805,39.83508720405109,-0.11489299829968008,38.93159867424702,-0.17181612573239893,40.76136795284397,-0.11021050365257165
2039,44.389403999350506,-0.050140855871505914,44.38855167586933,-0.0813398961123357,45.705199939038614,-0.03347210548665736,49.143009927020394,-0.05719836415247165,45.011185301835006,-0.05098685063803278,45.01145174137203,-0.1077723894476642,45.42638284435617,-0.03763184858185152
2040,42.422491392295,-0.008179838601577677,40.98533998632586,-0.026519895769456715,43.02052609198499,0.020065709095896275,46.90806999211104,-0.009233264088195756,42.401262168866154,0.013444653749667922,42.63962572264057,-0.04668835175283253,42.42487142800822,0.011001213258942964
2041,44.63276478350761,0.004900966174467282,42.640659363472544,-0.021012136554578658,44.88006223585921,0.04269618632772923,47.36584333213607,0.013376175638566242,44.657006884233354,0.02861611041815732,43.39756190089953,-0.02769529326523033,43.68841652259,0.02640394508185854
2042,43.95366789453388,0.023664169739799804,41.62684818533286,-0.0015580088279219598,43.978346929065104,0.068842158981255,45.83386380562616,0.04008208807717204,44.36407872193226,0.0453932438794194,42.57659374908566,0.007767573407372948,43.28159984448657,0.05257538581989043
2043,37.89925668704318,0.03328430708327627,34.31485772299914,0.00964228080098442,36.51306735247927,0.08292850711719743,37.99198754197795,0.05729196793941046,37.797194461021626,0.05768201272874205,35.78966627489378,0.026793833795905046,35.863866820012575,0.05479947116952559
2044,33.67432386565561,-0.004159787094476709,29.137104343856297,-0.018307437794780168,31.50996112174157,0.05169145797023743,34.48929858388519,0.034040951602603085,34.24598845947958,0.02192161180649068,31.647007182801158,-0.009722513875626948,31.66333464063544,0.045282767236996736
2045,33.54482114038246,-0.026724987588325404,28.314364447427323,-0.04130682183058548,31.55718098036992,0.029865588970204835,34.06156811052294,0.02553673728837271,33.13244165402005,0.01348813682767823,31.554097964045994,-0.019308154367051977,31.25483720616149,0.03486110712676054
2046,31.954857210414644,-0.01991900001340905,27.66466074779408,-0.031224250116061267,30.18502362945756,0.0279891590515908,32.77143582033926,0.03508401316535303,32.54037780766829,0.0019223470131114612,30.63582305228349,-0.013415212083371784,31.07669494452571,0.04126570360165055
2047,25.982492706440503,-0.005748018350203256,22.519292168146094,-0.018935920962415857,26.175877440150174,0.027756441028166864,28.222892662947583,0.0562663684003708,27.39735762884147,-0.010821229849807892,26.19647981259396,-0.008717569320260313,27.133993209931386,0.053751041050019516
2048,21.383374208853475,0.012163385486469988,18.705777190224346,0.010938092243913969,21.04911315419841,0.05104150145173571,23.233145886723072,0.06338430302098934,23.017141401710433,0.0015294076378809876,21.168513514756476,0.014662730727897207,23.03090127091877,0.07776681514195621
2049,20.307235253036666,-0.03045429159599914,18.976695058508646,-0.007700823943466353,20.3855794898149,0.012947388506401269,23.663414511230812,0.014767382773342604,21.85429249001721,-0.03288502159379308,21.946946597471403,-0.015382769700111265,23.819350462298743,0.04257276225104658
2050,20.743408751383758,-0.007785567765271818,19.32427098387291,0.015096681695585496,20.007183946520776,0.034344811930306356,23.495741706845802,0.03731300296612078,21.60048576322695,-0.010015975116517063,21.90475215284809,0.01083237455305137,23.399224691051053,0.06839627120973996
2051,23.708788010176228,0.01236396866421096,21.934923708629977,0.0312366579607135,23.074813144315762,0.05517268616830887,25.56274286470871,0.05542997966140101,24.317482840124054,0.004690860247536684,24.660742593459485,0.02465841061715726,26.049984165698948,0.07542015793149376
2052,19.90033733303259,0.027060179514492487,16.70050520684983,0.04948257792948976,18.626512147108585,0.0862900773404596,20.958003547219764,0.06375469638341849,20.500352116236197,0.019239581499165083,19.61935445054532,0.03662658024329171,22.078161546699903,0.08878749442687359
2053,20.431020275862263,-0.05929755415633427,17.200303458083326,-0.03510355564899532,18.73459949159288,0.015973735612857233,20.911868064114465,-0.007253770220966703,20.558202644452095,-0.061082324753187714,19.49596211996838,-0.031453129179798305,21.397012046557574,0.007625292950229184
2054,28.882200489962727,-0.0079088363580475,25.12174068069735,0.011932698980054118,27.29144613527874,0.047754884552549975,29.40691190818869,0.030599038062048355,29.821672237060564,-0.007108733458780266,27.79215360839207,0.011843848284631638,29.459810576729257,0.047919225341206476
2055,33.61251074508143,0.04587386957319759,27.884451702479296,0.062259918984150425,31.762663528515574,0.10256148445372455,32.2921296217738,0.07608188329721702,32.87279423526143,0.044562987063427754,31.824424829931345,0.05263649644648746,32.982240844305,0.09162645434238821
2056,33.80610587985474,0.014778706133124368,27.74060183410446,0.045102338366038296,31.482712703128385,0.08338345085459159,31.007863125657696,0.052060214467061,31.457626822133125,0.019161418851254296,30.821531772298968,0.02249728659840588,32.14058860510674,0.06359047683502697
2057,34.72594445262418,-0.10548766936030199,29.886145764166496,-0.08521490991056584,34.08011109571636,-0.04495924084552126,32.896630596423215,-0.09376238234555773,33.58278693323761,-0.10627186927548124,32.30013558090272,-0.09699392979558208,34.165387859441495,-0.07559269034977477
2058,33.02570792098354,-0.16063552575136567,27.529759429361462,-0.13342852624090118,31.720098910517187,-0.08852216953122378,30.818989888427257,-0.13674336310996305,32.02001751194138,-0.153073516845181,30.20927254330621,-0.14140691267622676,32.80661830195548,-0.1327733253708316
2059,40.15181359562046,-0.11454270097194937,36.328669255231716,-0.09614061737627119,39.210036657269185,-0.058444235869453603,38.13218785517341,-0.10421675362712007,40.2148093151893,-0.13558940828307328,37.56356232474788,-0.11375661217624979,39.67979930085323,-0.09676900596367814
2060,36.54092517281701,-0.09416103521780744,33.14180549124665,-0.07113336962383014,35.42463002036142,-0.05907359898743979,33.4415404044296,-0.08638213896424018,34.782296523422616,-0.1098048327616141,33.75955929364062,-0.08290985481977302,36.23852135034244,-0.081510660020966
2061,38.07131149135223,-0.12757544878318905,34.87810595866267,-0.09582380717138234,35.90000179108115,-0.093822325352275,33.56999476171671,-0.13187494557472157,34.47901248070854,-0.15190113157943724,34.35409556604269,-0.10948622625566222,36.0760324928082,-0.10965378386720677
2062,38.076993312993096,-0.056957176586345123,34.60179673682375,-0.021017356098163024,36.235492028977994,-0.026215116248574376,34.02452338332674,-0.050708645796116815,34.32090106463902,-0.08270104668384268,33.04406526039049,-0.03176364040690209,36.50546991416559,-0.055304156530635584
2063,40.21485929853056,-0.07091882175988316,36.15342563939454,-0.0322607351512842,39.22376964983032,-0.05185596440023495,35.981050627265354,-0.062151800437550406,37.00416885902086,-0.08817472276923383,35.25330581211299,-0.053156502261794844,39.243564279468515,-0.07818986069386169
2064,43.318309052818805,-0.01971274574483743,41.06932318845945,0.01875061022166314,44.44050938455434,0.008512398602746262,41.30475148840035,-0.016826512443977423,42.73638456963751,-0.0429052126556229,40.86827648436799,-0.007565564084695645,44.373704970101215,-0.023671285086558122
2065,45.680626875581616,-0.06818784066236068,44.126962544718786,-0.03560579904129016,47.09794506369992,-0.041423876053904185,43.56219903173647,-0.06846941805891257,44.883954269705626,-0.08937156335941418,43.97303531998781,-0.05824168450228376,46.39639620063421,-0.07068055643501513
2066,42.70955283764154,-0.017552788449426357,41.45338936305351,-0.002604422555882991,42.67739324935884,-0.0027583121783350296,40.448291861228604,-0.037013739576177734,40.65220341083468,-0.041961199326089535,40.47866801362116,-0.016789895427603247,43.244578720231026,-0.03696687556948053
2067,44.89445702103288,0.015385211799491403,43.403622108007625,0.02715065902321903,44.991679687606585,0.0222782791433767,43.11971167899452,0.006483296427098982,43.58159727785469,0.002824992272049364,42.655884917415406,0.007256411929091454,45.539554655483926,0.004775430672356421
2068,45.41958996630582,0.01691582186462691,43.69735114798903,0.03536454952255026,44.861352068053115,0.03125663078186977,43.31221695070467,0.011187008823025682,43.608285918998305,0.002316878928788759,43.168166089804714,0.013921669152337427,46.80535051334043,0.027727692888744243
2069,45.35598590380465,0.017453327132026644,42.496213146633835,0.03429505545044828,44.374166532994685,0.02002754134285096,43.326772546399496,0.008057176596960426,43.11722997428528,0.004134358714139051,42.17061544737529,0.005821795189983749,46.0244710561757,0.03264104867099336
2070,53.63139906464185,-0.030998464343046622,51.86008449246323,-0.008018658124214467,54.09785543303013,-0.02061654233480452,52.893671436517764,-0.041430898184450705,52.2376068269938,-0.033385362728786366,51.28936769284977,-0.04358070977636953,54.34399001412555,-0.019527350307108025
2071,49.85707590492217,-0.10348509192276881,49.66497240745964,-0.09099141355286675,51.24999621955623,-0.11142025751956489,49.596417735122245,-0.12256072933993967,48.949277154672124,-0.1033528734406739,47.318241555912806,-0.12311428226297084,50.72996391851849,-0.1051449515882825
2072,47.602399548648215,-0.14143102511669664,48.22089333831439,-0.13918199870464942,49.54822850093095,-0.15171611004007066,46.812276429171234,-0.16322095070174492,48.194377686608696,-0.14466965071508514,45.56961743137151,-0.16779924827107626,49.90652595583765,-0.1516517327078442
2073,42.98270791675925,-0.18502873619193386,43.53766075559187,-0.18531622014209084,45.972987587223244,-0.19404259267874224,42.57658425016673,-0.21457400430564788,43.54367873723744,-0.19227372545836544,40.76512227539146,-0.19854233647436098,44.889078389887594,-0.19706661776608628
2074,43.827133012936706,-0.1932631461489268,44.23407509812826,-0.1899679462265006,46.640389992995736,-0.20729814544739905,43.485133067060104,-0.20940988227747168,44.07999007906443,-0.20425254384779032,41.09426122721263,-0.21935704080163534,45.519514107088895,-0.2035062604047481
2075,43.65523717506009,-0.20353285712037766,45.03159826557233,-0.20257993162400076,46.11728418980932,-0.20578264910517668,43.292180777017954,-0.21615735151590587,43.49484590115446,-0.21426302683042286,41.281333224767906,-0.23174358460159178,45.654990084106245,-0.19720864146592523
2076,34.399169709125346,-0.26563033478799697,36.20311012955272,-0.27463501127290973,35.813815237501124,-0.2680472349327985,34.0172611186596,-0.29282926145867594,33.71249469003749,-0.2782041553291998,31.47366283998691,-0.2915358052278087,36.700345791158355,-0.26967079997667626
2077,34.35783958163009,-0.20807138628552055,37.10324661725017,-0.2018111137840797,35.25979136721618,-0.22279272547691206,34.75195276760508,-0.2185565664606715,33.80070365664334,-0.20223578546926807,32.50069869635133,-0.21042667614623575,38.16968023477918,-0.21053602653199938
2078,37.150760844253135,-0.22733461355704745,39.01320575764622,-0.2131685052365572,37.582600794238154,-0.23790880322469576,38.31937766161551,-0.24265743213626784,36.3138405202756,-0.20486797816063812,34.81485085823414,-0.22236605538678272,41.24880257433547,-0.2211282512546232
2079,39.49374580789554,-0.1870887648788373,39.47029937874848,-0.17043692219112896,38.592702938749305,-0.206810961667604,40.98060963944006,-0.20475565507592786,38.79154583444743,-0.16428786764141162,36.50055913438136,-0.19854562560304442,42.64558363539882,-0.20196651211075603
2080,42.35146680302695,-0.20431018735982753,41.96334033483771,-0.1889918294776191,41.471473369909184,-0.22203838091487646,43.27970912606686,-0.22665136150801624,42.79720125891111,-0.17581822953823614,39.72231650744085,-0.21975908006840247,45.74745039812687,-0.20859493672603197
2081,41.18791825747973,-0.2082841731254568,39.397798572125325,-0.2106855306529669,39.23242851293076,-0.22611758037231636,41.723929853638666,-0.24467964922560934,39.848207105067466,-0.194052639132411,39.798822656449175,-0.23142361716020174,43.766242364094445,-0.22620099708643196
2082,43.21134587324767,-0.2536300443492778,41.05502732112609,-0.2538302444361532,40.40398946806826,-0.2658816855695511,44.16682993705288,-0.29566549570100525,41.04539556184421,-0.20804283896816603,40.5058788509755,-0.27355893691697997,44.975532289805514,-0.2531069418912285
2083,45.52323303856326,-0.23038890126722145,44.51987897576572,-0.23749242078124613,43.54111704471968,-0.23898133039716504,47.326057069452894,-0.27291365741497,42.86697738684903,-0.19018197405177562,44.371914167544624,-0.2410105030454957,48.04158509056783,-0.24144820925167357
2084,43.5967885788865,-0.23416586122682737,41.98952639342488,-0.239352898640666,40.417386770835655,-0.24372031765910618,44.47598672659495,-0.27283680618029316,40.91133799759872,-0.1944509644077103,41.33309387042247,-0.23970747190607034,46.13429771380554,-0.24534195076198284
2085,42.390307152288145,-0.22116893377198776,39.95890489577083,-0.21721558351833833,39.41489169546205,-0.23643970669312445,43.68949467162082,-0.26263870458494254,40.300940212286946,-0.19565485279236924,41.073046219981265,-0.21496716612780067,44.79322753813214,-0.2533404573468713
2086,38.64186489244848,-0.18869613841669605,37.855484396306814,-0.18510060858234204,36.962947872359585,-0.21262533955119556,39.56932060120023,-0.22900163046670738,36.65838603820146,-0.16986806538407945,37.11533501600091,-0.20439069782841426,41.674878797962066,-0.21807815612810613
2087,43.88291778337728,-0.14424022998747102,44.18251032177481,-0.13912872291505207,44.00041336134342,-0.14783102211722554,46.9390182322422,-0.16656307797908015,43.12354039931495,-0.10804052420554727,42.56492314923804,-0.15229595073916427,48.57264211382123,-0.15197082921231253
2088,43.77658241873099,-0.1422176494251713,44.16673482684374,-0.13255143774554431,43.911558041641854,-0.1570942109475258,45.554699005094676,-0.16139927587875344,44.10505911903862,-0.1097388963350119,42.643175443997585,-0.14020457813981996,47.70636993661073,-0.14434066141594853
2089,44.81528476680409,-0.16268683416814822,45.25405862089709,-0.13567498901884398,46.10750265561357,-0.17503742476968628,45.60891773060236,-0.16732448794911475,45.00519014755085,-0.1208939543841345,44.434391034902845,-0.16827656605958025,47.910598323215,-0.14500767744870094
2090,44.58165103029742,-0.14893995522926132,45.71154802907962,-0.13308556390103848,46.9308731432545,-0.17017871613356914,46.90401878936923,-0.17873160022017576,45.937050521975536,-0.11273437261125996,45.10445660280226,-0.16126376012044558,48.46451070544652,-0.14857345090496307
2091,49.89902545449166,-0.07712747092553937,49.828663564918315,-0.05552289504870372,49.50343245303674,-0.09647290877298642,51.33422572508426,-0.08755958477983306,50.991040225471345,-0.033977068519884704,50.871662529083764,-0.09219670211843513,53.322833149162804,-0.06655749821170881
2092,45.70345052190771,-0.08293408641419242,45.53643127752527,-0.06667309700693842,45.30457990329551,-0.10316580127704822,45.95585183236565,-0.08079535244110034,47.12155836885187,-0.04053022483736367,46.804157423947686,-0.08169474012950792,48.25205110830248,-0.07192566788289276
2093,42.575029955915625,-0.027045964352185252,42.149219914497486,-0.00484847804829696,40.98672537867712,-0.05731351652358754,43.32887698462301,-0.03372298091115039,43.2640676408403,0.017263437664712656,42.76983362395292,-0.034773814945649406,44.0141890725306,-0.018569306903630664
2094,42.789684023818694,0.02999330082418103,42.5707644720393,0.04891176211579708,40.80366428475668,0.0037866944197434763,42.96179082101482,0.019498699786858968,42.49261092648134,0.0672013935304215,42.644949548320724,0.025469644310063804,44.122398009583364,0.032864229815959496
2095,47.343735540614,-0.032587043358245374,46.765801534730834,-0.018592934097228942,44.58754009323349,-0.045457410175682056,48.018932043159936,-0.03828379960649031,46.23158489621151,0.009168527826777937,47.26043655108639,-0.03778768113985677,49.43166141500281,-0.035418637242673634
2096,45.06033272933589,0.0018006795368167069,42.49890311943293,0.0377221201411703,41.708677071906735,-0.010742907281761919,45.10393671546894,0.012419032211843935,42.435007628939275,0.04659135270491992,44.65127790163508,0.009917915208213154,47.27310716341255,0.01591351606219872
2097,46.49793521492,0.046715794492648274,43.400831946188624,0.08490171953443085,42.56545047456757,0.037544999888370414,45.533652425953804,0.06517777540532003,43.73194097597246,0.08866362478669673,45.51030688457264,0.05690661164547647,48.375186069602364,0.055393261093424725
2098,51.25498861263825,0.01669344602150448,47.80754919874965,0.051394004543981124,47.770082604832254,0.00779347192453685,50.298568467202045,0.0558044875656403,48.02234916913499,0.059509087253602905,51.70651350591924,0.0399452927889916,51.981557631542834,0.030834766997738447
2099,53.5768648352973,0.022927769520693652,49.837656525183974,0.05068260940302202,49.19459718173704,0.0009790441890962648,51.7423177098639,0.06049915310624926,49.013835004171156,0.06178711493643853,53.69365989326103,0.043395105564710844,52.22703038477695,0.037017010138724875
2100,51.906098137765454,0.052952228815266,48.44347411242967,0.07953506436864309,48.37355569828837,0.02949835682905118,50.15022736962442,0.09809559713853819,48.482551263277635,0.07230784387660111,53.62405509466161,0.06451311217141754,50.647167685258495,0.06745752676994224
2101,53.2564076600443,0.035045186333126685,50.992869294294835,0.0641524034989307,50.611284199156515,0.032002481705796025,51.36067978798146,0.07632349654314106,50.774554425169114,0.06388737031188671,56.7988176492962,0.05379944463089433,51.685088342436416,0.06554073795033251
2102,49.370036113731636,0.09564474893532254,47.7928914192253,0.12062434164287286,46.28283591027072,0.09505227014089368,46.505442414032,0.1331005801354011,45.832543470578,0.10971911535905016,51.47778731640636,0.10020239372130121,47.45349431120556,0.12072255075524174
2103,52.6867934049355,0.07348388687421979,50.07890194810198,0.0988229613931711,49.345775598990954,0.06842592727666465,49.38789356321523,0.09544564346162326,48.30689311850429,0.08622386423823225,54.439858280189064,0.07959081430087232,50.3431186530101,0.08780418516419274
2104,57.275985707900475,0.03822709852646701,54.192269601522334,0.05950825707503522,53.108196031364145,0.03296150798850525,53.53349402105395,0.06051860711314301,52.51703328346117,0.053813752570605236,57.93652368744819,0.03990062271663091,53.99582581630399,0.062464604579971925
2105,53.815987828510785,0.024885773295197332,50.78341945106082,0.03039130152504088,48.909799108221534,0.014150855313947636,51.12852772544825,0.04099971686047193,49.31389275686389,0.04779418369657694,54.46585528128353,0.013186786695783145,50.455529187129535,0.039821555953988855
2106,47.35779705048895,0.03095714248735463,43.56337156081716,0.036032469231196296,42.43033619030551,0.006646988940302613,43.05791476121101,0.04726733697926309,43.04440307653842,0.046678435071670694,47.38844983398951,0.015621166707704722,43.07143811457643,0.03448499385849931
2107,55.20850706203686,0.05754952565958177,54.27394362836263,0.0613881485497413,52.58445074553181,0.030546981545681202,51.966321014780874,0.05611458969913739,52.42990180308827,0.06003492140978364,57.67159553011291,0.018053722546545033,51.777821851905124,0.040641777818906266
2108,56.33998690274911,0.03268018756333082,57.01135610645913,0.03197578715181566,55.250184855930904,0.017766133193445305,54.90365699605241,0.04248559666472512,55.67424287648188,0.05087610697418564,60.22602644563286,0.005152914934832813,55.321489276960065,0.034135693769567946
2109,55.857534835251165,0.00368041212755248,56.31117137898579,0.007857838566793614,54.48973211993294,-0.008235813258636265,54.63597492704793,0.025664921234712847,55.139319955265236,0.03767766667395445,59.135149440127975,-0.0005708506898533207,55.098559365620766,-0.002321638955632305
2110,46.85366214329402,0.016756477826903142,46.70260764277195,0.02029295710729488,46.73110129528011,0.031105972425192856,46.13835993504159,0.033971587880241204,45.651591846202734,0.04835197606636089,49.75665078993225,0.006900876150344627,47.359388919430494,0.018325939338898742
2111,43.23486634792063,-0.07265236193426286,44.49843766493408,-0.06237408861368453,44.349941709003474,-0.05451116903058556,43.057947252695136,-0.04580064047768323,43.50325453713954,-0.030139440657662643,46.67716911765005,-0.07545380772224382,43.68326019788222,-0.07511665032448715
2112,44.17721411016689,-0.08334886535405936,44.07722508301296,-0.0691034131221162,44.03664594217296,-0.0653376335895611,42.687923047876765,-0.0669994984995913,42.835938951604994,-0.04388550881318333,45.82452072558367,-0.0743191519375017,43.39871307282032,-0.07937083886242542
2113,40.77473783954918,-0.05744872371842782,41.115404461443106,-0.0541398146738404,40.019852126164615,-0.041194725944752625,39.27506232735148,-0.04799947147456121,39.40843147908006,-0.0356729709931721,42.24635094062084,-0.060732913629653204,40.15212080181055,-0.051937332563520115
2114,40.64746238814773,0.01834782319391795,39.94131426980932,0.01671946677797634,40.04418337265062,0.0176129525137806,39.52329956464894,0.0023734697601930747,39.20970866296594,0.011814872137858003,41.808626255113865,-0.00243433411853726,39.715718496364985,0.013984421362917583
2115,49.41281543128737,-0.04478912283600269,50.36987961656453,-0.03321091192377111,49.20562521243738,-0.045177253108947525,48.02416299699729,-0.04638496236296228,47.56315445948478,-0.04854816142864441,50.18951443822698,-0.053126326433633506,49.31645449017986,-0.03648364070991875
2116,46.7718971790022,0.014060258787629756,46.646676047661835,0.019706224103299804,46.079520359436884,0.014719623158192993,44.027713907224104,0.014123845886543682,43.53551366723121,0.011980068822589469,46.594318811169806,0.011344118013528623,46.282005106605375,0.02180596610405064
2117,44.865890868851174,0.038167024986551536,44.405877645407884,0.047172258100202105,43.24182727365634,0.03985812771096586,41.7498460009172,0.04045347563779908,41.815390597214204,0.0192494707572084,44.16293465681447,0.030600638472814124,42.955176526839864,0.040567937076628674
2118,43.60252040151488,0.04652746395386152,44.61912206508106,0.0577451069619543,43.007053902269234,0.06414982765750643,40.46074336831168,0.05025796776541254,39.899904128620825,0.040840175307153205,43.516799676199334,0.05533338835554563,42.83133133907981,0.06155550652100808
2119,49.67287624628255,0.05454843479138884,48.41507414046986,0.07750001288419785,47.863607701529425,0.07209722269852029,46.29881691409012,0.05394272237187811,46.230955578529176,0.0538484851924546,48.13895519632972,0.06026689460104859,48.314857628545965,0.07252204494991515
2120,40.39302067264056,0.13896947201472964,39.04300664026483,0.17441809334178354,39.71334907035927,0.15965801108479957,38.398742716014546,0.13287085594377002,38.77691527548881,0.12240250748424983,39.69175419545322,0.136021754289008,39.43970594732714,0.14995736686159222
2121,36.56869320264215,0.1389383583219146,34.906585391742865,0.17476104299322148,35.27474484844334,0.15839326537326665,34.49557783627397,0.1272670150279474,34.000056573741844,0.11868765642112063,35.77177429945656,0.12837718195582318,35.08031669479961,0.1467771202480906
2122,27.082119017930992,0.15882360592435296,25.895152792914537,0.18390292471687966,26.5651981420905,0.17110599765934653,26.132248442335836,0.15200469248212395,24.571290517038882,0.12821974823628543,26.938491961673364,0.1529524888127813,27.369406685260252,0.16333288552370184
2123,26.809827263615517,0.23296447954037017,25.062153046037032,0.2546353641064664,26.219477178208244,0.23251246982383772,25.620727325822806,0.23481036073451977,24.757665366840417,0.20118695280027762,27.632249618388972,0.23356776826429249,26.241908822903753,0.2381957792800196
2124,25.019973999065463,0.149410917777218,22.9472514037153,0.16045427459560818,25.065975254532145,0.13851553213376566,23.867000054139837,0.149775070025772,23.40609279877883,0.10840006743318902,26.06264740786386,0.14197114197028995,24.580021437529616,0.1553514416007238
2125,23.038805914979154,0.14478756400221185,20.68183013947121,0.1466485294056108,24.31126403065559,0.1379353051634802,23.240771394158802,0.1377056079239215,22.419903693478652,0.10014435870513064,23.782085128358244,0.14873841339115026,23.89842841998748,0.14984471708580105
2126,27.237089451115914,0.11004496223798016,24.767526488217477,0.13210400231747388,28.36396742854555,0.1082429853323223,28.483694140929096,0.11927074931404107,26.905959038803132,0.08885828111026975,27.961665704174948,0.1257961972359485,28.605759519942605,0.12892066420586584
2127,26.527734290905997,0.045989448466526764,23.46653353014386,0.042596453575884895,27.26987452220845,0.031415415823448645,27.786999236743725,0.05608332122275581,26.426166954626154,0.03394128838064457,26.153990788322247,0.05835352787249555,28.11087530077068,0.05698482143217477
2128,27.920288729628197,0.03904901054891101,26.372502066323463,0.03637302281643161,30.486079675478535,0.008974984120028298,29.93160094643921,0.045070802435491344,28.915803493723388,0.014492448829904345,27.66343028824073,0.040296374269952334,30.631018581409908,0.0433203141495298
2129,34.720953256608965,-0.004210839656217339,31.721363703622547,-0.00990239643785271,36.17953944165731,-0.024927545024096658,36.825330427794256,0.007407390451169783,35.559641301611904,-0.02215480882239797,34.027384550785705,0.004915555267944222,36.64832265296849,0.008220281032168892
2130,38.93339109309656,0.056543758494284065,35.72161567472136,0.04032637611205516,40.5159416492951,0.03772476816916152,41.714316196782974,0.05846938736561506,38.694433903407514,0.021808803362663057,36.72108622582396,0.06254309031325425,40.90397466855612,0.07451795013370976
2131,40.86913346581043,0.11264815516761782,38.124578456681924,0.09595830967672721,42.84219748362553,0.09623474528203954,42.873164816841566,0.11571607628680375,41.7624028201207,0.060230938669580854,38.70003254535586,0.11533290185019464,42.82328456155324,0.13851160212080837
2132,44.21073490832846,0.027430857322010782,41.362062800554355,0.02054937557223578,44.826840968556674,0.017779135112480117,46.641453576731436,0.028810850523198577,44.84643506942989,-0.025358882330779403,41.17174202687771,0.04009753848669673,46.30355439919229,0.06021509760162476
2133,36.21970391328164,0.04698750540988767,32.99275088748103,0.04250686029724435,37.14434288823955,0.035581208158458735,37.628118627142854,0.04406045052799799,36.27645685905745,-0.026390868607196895,33.59292322439597,0.04395316216794844,38.43439720857491,0.07448761248281674
2134,32.84633170448407,0.0516930871095704,30.399540550057424,0.05901143025095405,34.70503434486232,0.05289980465072043,34.822547023385695,0.04653805188446181,33.14608937464338,-0.012256969704903739,30.620652360496763,0.045236935914380674,34.36868185741529,0.08662375265393196
2135,35.54387516969237,-0.031428932737631296,33.490664608120774,-0.0022593662774112455,37.65008396674244,-0.017643958538091864,37.77632644006776,-0.020871704886418263,35.886687590799625,-0.07528914031932055,33.32591904351286,-0.03265938254126009,37.90049756695109,0.024608279542029113
2136,43.332640083573786,-0.10904771873546258,38.75113057344707,-0.08769236137384555,44.77258844736905,-0.08339505251272256,44.79573952390873,-0.09997934087540103,43.04440857019557,-0.15130552840658198,41.32587408635192,-0.09410924879943167,44.39508151772259,-0.04252991052842879
2137,40.13745948645044,-0.13096012391161582,35.548157115919146,-0.11530837751362205,42.641361464451755,-0.10895509100142461,42.398627784574444,-0.11249407467867661,40.7393286975249,-0.16687875679455558,38.590556722461315,-0.11240920859733311,41.45963208236512,-0.06322076618550898
2138,38.34880650699791,-0.08971944000260233,34.401689363425064,-0.07790169114831719,41.22501844777136,-0.07558280392251651,40.72673875298517,-0.08837688121187572,39.00802156825413,-0.11974370060756492,38.10096383013822,-0.06559712943384158,39.569847815679175,-0.016630391832904552
2139,44.06982269891689,-0.10274472622796443,39.39573916471058,-0.10074909717163083,44.62545002012672,-0.09346130189454446,45.79696305845877,-0.11116995036616069,43.02580590472883,-0.1391286339999342,43.42524214167664,-0.08133059211480413,43.66516915274677,-0.021044662706693015
2140,47.398454493941216,-0.08037727229376332,42.320781676226915,-0.08722611842596442,47.536646947631866,-0.05618404291697339,47.97496240450033,-0.08520986349437909,46.56739968575795,-0.10981125491469723,45.43166495412749,-0.04396984862529905,46.53702026029877,0.003924278605577654
2141,49.81043796054192,-0.09664069864509359,43.84589362602377,-0.09640214525034581,49.54636270790107,-0.057406058299355814,49.539452084597656,-0.10637400740198522,49.524928902927954,-0.12050937015386831,47.368314100867764,-0.06538155127231335,46.925395448259735,-0.014126001171007298
2142,56.16994287329607,-0.05504886849674957,49.978416949713676,-0.055144815273120866,55.19944106751625,-0.01982741970241714,54.47010303463693,-0.0587775699810197,53.930943587274875,-0.08156845398623894,52.179543175198404,-0.0269290039074239,51.5575363563307,0.020578159457056523
2143,54.769808605205846,-0.04655750384715331,49.51413376715258,-0.062224609386798205,55.14910273522833,-0.02445481184726246,52.39750157329965,-0.05463568412053315,52.81862535452646,-0.07846494380076424,51.5880445563611,-0.02226351861224976,50.496375999912516,0.01899627379501529
2144,53.42499241019994,0.0667383129662344,47.987367733253016,0.044523036694506385,52.072082282364846,0.07775073399697768,51.08816897196394,0.049069067264231034,50.854662278353906,0.013614895258001324,50.788315507425466,0.08398529503968687,48.083472707713284,0.10424531809018986
2145,56.76472434400385,0.11217759367432457,50.387350696710755,0.09774796163807803,55.35152598466897,0.12765296709775184,53.39061486434311,0.10065575632529887,53.41479034232833,0.06103321153638875,53.26879774495094,0.14282516353384941,50.48153827548829,0.156499992300367
2146,58.323203931740046,0.1316232216553099,51.9320198585467,0.11595373063339742,56.35232074609428,0.14385309104089783,55.154341976936905,0.12457178595464835,55.00092138456956,0.08708838392643914,53.63745561468788,0.16013350534533147,51.54004252138917,0.17254105296465894
2147,59.062911553364344,0.19407256004319587,52.300631667345705,0.18927956655206843,57.75570843036916,0.2097086696837155,56.71365471057287,0.18480844921776765,56.25255693000884,0.14860245116189358,55.83910746137663,0.22924210367314007,52.601556988313725,0.24431118584283154
2148,58.00369121658066,0.1696280378061763,52.770200429117324,0.18443809388586724,56.60043511962894,0.1962211633521323,56.07364253625636,0.17181218873871604,57.31844220420059,0.14564257661288876,54.93847049483097,0.2167138216052252,52.14420978649027,0.2181088560174107
2149,52.10880417081636,0.16084446395378224,46.38404543103632,0.17245579531209682,48.397099662919274,0.1886644890754175,49.019896029312555,0.1600179649135744,50.39730181470454,0.14199176783012174,48.22980548038067,0.21062283457314473,46.10631407080491,0.19839946042059636
2150,50.66546141819057,0.17391044020523524,43.01415558241022,0.1901752721350158,46.257708480978636,0.20579340317541162,46.54431678535778,0.18536904393118553,48.07281875186645,0.16686781444090762,46.047689281731465,0.23825110944346323,44.02177574804173,0.20669431634866414
2151,47.5166242018838,0.19527324521444128,40.62688602430328,0.20440445319049944,44.10865478969954,0.21119138945668148,44.77105768982331,0.20118630203025478,45.0465565586548,0.1920442532724893,43.105024482325035,0.23764006868393883,40.96713765332857,0.21538714645155008
2152,44.53073762992744,0.2421043499513623,37.79844959925491,0.2534512005191463,41.553824427437306,0.25053936830305173,43.60149977179021,0.2503643968830111,43.560771190630106,0.24961496657017024,41.48199872550258,0.2857028982809109,39.2705163873966,0.25825346182348113
2153,42.900199490196144,0.21385643266650187,35.121235464407974,0.225183990879199,40.23758130329639,0.23052051831122858,41.16999777981356,0.21491672595296413,42.13516880997012,0.21929335765417218,40.43113286529393,0.25535686032878335,37.12905771042076,0.23148734820432917
2154,39.19300373329125,0.11244569019452419,31.20977328554997,0.12179726197362963,35.96132579151322,0.13518357035922027,37.46007916303212,0.10990663253817318,37.766456822992495,0.13379082287004052,36.38759413650212,0.15211909932662238,32.41717251141954,0.12915567038378872
2155,33.611194573008916,0.05039446570261537,25.822570229334623,0.05913144922039842,30.960985400651964,0.06087495435760505,31.558781535136582,0.03873021289991848,32.37250313071585,0.07215838385183541,30.3251599055306,0.07550515069866787,27.28727524010293,0.07273864397835783
2156,28.41503160592787,0.06081845704892492,21.231402865444533,0.06253224594270623,27.31365817820241,0.07640988650265357,27.34531410225165,0.05393095525908607,28.226533925200194,0.07442216668059867,25.906175077530914,0.09029269910662716,24.062686699913097,0.07235357668773881
2157,29.31770998462868,0.051539909056221654,22.739573972849925,0.06584916287611581,27.953467111092912,0.06373870739933885,28.78014634763092,0.03180785402354555,28.943723433382267,0.07252140929753151,27.996915616962312,0.10244608673567818,25.952756229764145,0.05715082125033435
2158,28.780730993649478,0.03440120723159208,22.634586082034687,0.05231163005652371,26.321201736313505,0.057489439634614274,27.372067030262613,0.018385366942411215,27.773070188859318,0.04632940232672875,26.983839227509986,0.08022892934609645,24.701466463428687,0.03732236118382824
2159,27.973349655736598,0.09325332103123411,22.466127175420056,0.11316874230203261,25.005784714101257,0.10627199917475513,24.696657366071747,0.07738948852591722,26.134175361004196,0.09680272176697019,25.332345376962763,0.1232599605340962,23.44416050109708,0.09878746725835603
2160,37.63627007052422,-0.011607033099617114,31.00007425896299,-0.005589159342405531,33.63217343766325,-0.002485046412889177,31.9545877940579,-0.029836548311722867,35.767090246522116,-0.01135316421434507,34.63752083162668,0.015609140233537279,31.664808309895626,-0.0023172083644842443
2161,40.01527695794043,-0.010175951887561674,34.60395418668293,-0.002267608557032989,37.95380612444889,0.007776839666457562,35.993552319089915,-0.02533148702039343,39.394037141232,-0.009389694032272276,38.231296582027426,0.025529383844991073,35.467691979124254,0.0018115565430052109
2162,43.385072157838266,0.05262135727574447,37.252024514270396,0.058632334090000175,40.812961940070515,0.058905976946922574,37.85040912994877,0.022967796790790897,40.803402970465314,0.041737058064595385,40.75694545147548,0.08333959750495892,37.75975386816767,0.05852690808558586
2163,42.16244153040311,0.10536372516864527,36.77163806095359,0.10216669409018991,40.79463061624815,0.09847191476264934,36.07280695993931,0.05645297577164359,40.76664684441974,0.07480250170780761,40.191460827271904,0.11756590092282612,36.847151807732736,0.09226070092054665
2164,42.599310994657245,0.14882446603503394,39.39545969481909,0.15196406257705788,42.664303162291816,0.15790443711788832,37.38291310478892,0.11208651622071725,41.59963502852761,0.12827378100453707,41.133823165914755,0.1770773624063617,38.66605913318757,0.12465009065989427
2165,42.7468148599478,0.12968681496952947,38.61796186423901,0.13898379532834634,42.03455234423069,0.13663068904249367,37.03349111371587,0.10743948539558094,39.69403972372911,0.11648449168449956,39.613158947243384,0.16125396916623225,37.70192653932447,0.11023390790447413
2166,40.73637734719263,0.1441001174657413,36.19420654796289,0.13533634933840913,39.13031814213488,0.13656132648284516,35.727330129201505,0.12097709346218247,38.60005988703455,0.12120891034037176,37.97872662795173,0.17769274467730628,35.76552671764633,0.11252992769116806
2167,38.51794310163698,0.11828405596141545,34.18764949582145,0.12755181369962224,36.92358010538689,0.1344741862818592,33.892382449447894,0.11994175409713846,36.17750411466544,0.1163549286277739,35.59030826816807,0.16781426953189,35.23811180014923,0.11333467075225266
2168,42.340437873195505,0.2043091378686761,38.170398480472244,0.20412774448293422,41.32022187275611,0.22028712144694332,38.36508315719766,0.21040286879575482,39.0056151920821,0.200148388961949,39.24667903913522,0.25710877742385074,38.38040608070225,0.1968916727029757
2169,37.94865211136924,0.1470389255306577,34.27402720102017,0.14609872188479595,37.70494521528109,0.16047489799280457,33.475502370154395,0.15328591185207496,34.64886377761565,0.1356361754835365,35.21417845708517,0.18915051267865463,33.28583534533525,0.15357412315731334
2170,37.05356336388363,0.08506736370045123,34.92240710518785,0.10054722151255172,37.34762973338399,0.110142814838675,33.2049149160832,0.08978143514121242,34.704063320910734,0.07209122578519864,35.35735856386608,0.1436817503051748,33.33540489400321,0.10826572621365331
2171,35.976737794493424,0.18060615755737802,34.50124507312938,0.18961571369682761,36.68936480459709,0.21414384202138959,32.38667698538199,0.19148989837756986,34.63716527227999,0.16327736191783954,34.033869512657205,0.24088494714689224,32.049037206355074,0.1984597933877021
2172,36.12892841010454,0.17424830458275298,34.63605493015034,0.1744868343420109,36.35224392399198,0.2085118893055109,33.010527746346916,0.1879920506313918,34.40390804779678,0.14271838805144593,35.5729867305593,0.2263195907528348,32.7095787210006,0.21237379893830569
2173,38.78246982661746,0.19345348818922453,34.931380604454915,0.19438121529403632,38.47055582386362,0.2412549027373581,35.06468578106703,0.20947477772023615,35.1985039431507,0.17072184996059048,36.90771676897655,0.2457531941768249,34.38479362991889,0.22677035260173384
2174,34.53657906062382,0.1299312048434265,30.95813504055583,0.1411504731966461,35.68283117231687,0.17055771091939675,32.052176023964975,0.15138148499829912,32.41530185489787,0.09741448273239947,34.19388722669149,0.17725380097447102,32.16104009543486,0.14717763608428552
2175,30.282879599672302,0.13378483853434897,26.786412256035206,0.13966573913255184,31.642787211859385,0.1685022009482476,28.55325821114829,0.14190697863952845,28.48979045237508,0.10344342150897637,29.31099460032369,0.18655896299246355,27.47767853914919,0.1403383736200861
2176,29.88154950791565,0.11847593661698043,25.8751800443359,0.11589267492882158,29.875490840154157,0.12060843942707783,27.487690139543396,0.10901508858105395,28.895111403210866,0.07223129816191234,28.294645106873247,0.1678614256847648,26.441407804711314,0.11851902154317759
2177,31.358572801200907,0.11991036058412381,27.932985565535077,0.11461040098978566,32.515685684580305,0.11480668393416182,29.055631442165293,0.09712580830674211,31.23535164812079,0.05878368360835052,29.408516828079513,0.17217525296273672,29.05725884056652,0.10961645423055762
2178,31.957312389943464,0.10226568902102444,27.064649892802745,0.08917091078978556,33.88975433021418,0.10988103476782582,29.964805172595653,0.0839352466084547,31.331363483316856,0.04943714088732078,29.82656991087051,0.1612885291826587,29.32989198650325,0.10488380009780178
2179,29.154785731725976,0.1361117570786044,25.172277854290257,0.12112707142098504,31.280696402553314,0.1442009023813604,28.290788427895045,0.1277790295872421,29.326537968610257,0.1021400047211427,28.99380509572921,0.1916833903944492,26.270036221362485,0.14618866035420833
2180,32.31076772927586,0.1343030927420855,29.465977952880728,0.13617584295258767,34.42054131529502,0.13929387760243767,32.3042364069413,0.12536226393329603,32.63211766032883,0.10279891724264031,33.18536346047932,0.19883885407967003,30.809592005905092,0.14860084670224574
2181,35.26376422267754,0.10258260340148119,33.00967271317426,0.10348218089984418,37.69747490247352,0.10598245652521414,34.43078136498008,0.09071379660880051,36.56638978379472,0.07580078311993797,35.896045173685465,0.155165307203058,33.193488335291065,0.11788819641116903
2182,32.5421634273222,0.06032677673361972,30.83234036620077,0.045942841276111715,35.757385351633715,0.03823163520023952,31.829268695207546,0.04203849370022272,33.63686087890383,0.01551049860046657,33.36450004981129,0.08542657063649367,30.232828689011725,0.06621731564318262
2183,39.4232895810569,0.027767216544514473,37.222793674416145,0.024757857441292382,41.12978675506489,0.017074463474217393,38.60345439532077,0.02095127273309892,40.03886432496039,-0.019607989016269114,38.677152243721395,0.05579449661650833,37.17471109896917,0.03716061712792007
2184,38.57563640755005,0.0490731314440064,35.28511504803377,0.04705249673365135,39.79745470207151,0.04962109832841245,37.89221445320986,0.0437126849506784,39.56986096127819,0.013142363992836706,38.45367957927864,0.06749915031572568,36.51314194575318,0.04555414251082606
2185,43.81148096205807,-0.01232501948340935,41.053446519834154,-0.023606855653117403,45.83958870931347,-0.016263275040065674,43.22923516394974,-0.032373303314773755,44.92712470813444,-0.047393679444472744,43.06236860321002,-0.002106024961153096,41.946832194160855,-0.021867579033299993
2186,45.75356374821757,-0.034368923363231135,42.76161172772865,-0.0492985019075884,47.011533565766435,-0.024488512694434347,45.36463994087776,-0.047022742174917934,45.536204280303146,-0.0501001384243385,44.01881731409147,-0.02360257498443508,42.73720980780432,-0.026814842024424988
2187,45.547044365404936,-0.05796947618728071,43.67945592857481,-0.08112572860981226,47.83951686235777,-0.03434616233196658,46.662306786441114,-0.05814872980265311,45.710510683576445,-0.056329916717298444,45.07525072956557,-0.037857829841374285,43.1428336139774,-0.034355242715743986
2188,54.0254191013975,-0.1112638395660274,51.27229470793012,-0.1283271855341333,55.32072752167045,-0.07490001674598339,54.00118499900711,-0.11235092279613768,55.19962899857677,-0.08441168612369496,52.78048294313044,-0.0791547590407796,51.39115582673868,-0.07458404066120397
2189,54.980192901662726,-0.1208545491261427,52.689526839950595,-0.1346821195568674,56.76085945341537,-0.10632081514805052,55.280411841544456,-0.12396077394291173,57.64797421847584,-0.09756677153353571,53.613177820226426,-0.09082459781463267,52.658225437607705,-0.09050686792569862
2190,58.52131693963337,-0.1556887855060437,56.99497152036456,-0.164861740065453,59.971637905163746,-0.14745145280869043,59.42252394968481,-0.16463232907542413,62.78143488080193,-0.135639111040932,57.427713816411305,-0.13835053248658483,56.62272708625521,-0.1283041706015223
2191,61.72140462149403,-0.1543329693719891,60.12333285529153,-0.1452168660272206,63.790103170682535,-0.1455273763893615,63.672549113162766,-0.15591705461160812,65.44211772634547,-0.11979116264871867,60.89759612922764,-0.12227674249164473,60.36128146732149,-0.1356527880598405
2192,57.286618386495505,-0.13428166119498644,54.629578292769494,-0.1263586869171072,59.165560893698334,-0.11710625226269582,59.05953086504009,-0.15083214973380155,60.10835528846661,-0.10637042006401544,55.31276441495261,-0.09117423434798527,55.87104079487362,-0.11730244408998895
2193,59.188143101116886,-0.08085027790244337,57.624861460705866,-0.07634431044813532,60.48937828258503,-0.05593813298572195,60.93076495460744,-0.10008543739197151,62.56544610425585,-0.052473798123011985,57.554265340557855,-0.043312272307121244,57.79766705462702,-0.06893775058748247
2194,52.574992250798076,-0.009213262363134302,51.22227494335358,-0.010758874784704128,54.278202999720065,0.012850207158796458,54.560897883052924,-0.009032254458025251,55.812055552793524,0.01789994907389566,50.79783004897156,0.022782874040684582,50.98593597628741,0.006745014988992781
2195,52.49772975526183,-0.04461469537382992,51.18340722997612,-0.04038640701331244,55.128361725636395,-0.02493416374565681,55.596710245476686,-0.03739664931163863,56.56220520293974,-0.016801910866485886,51.270424486971066,-0.018758279790542634,51.430193644065824,-0.027037856773557467
2196,46.443239459983445,-0.04424974183058844,46.04051119694836,-0.03879276534475029,49.76621965661902,-0.03258944609339724,49.37075825900017,-0.0468270481820219,51.1381324068357,-0.022519528531768637,45.319676094421276,-0.01697809920323355,44.70866959076133,-0.023190317050522727
2197,45.484922551051596,-0.0736513152749934,43.66288169655387,-0.05665799093745327,47.25367153967344,-0.04370550960075492,46.61577530892345,-0.05461806642032033,49.63810727773633,-0.026976101247990505,42.94388046535606,-0.027916987828973738,42.904039260780905,-0.025285824032970583
2198,44.77302730998912,-0.0980552415770567,42.11250625152064,-0.08212695006038877,46.614363775015946,-0.05666467048625713,46.024538447464074,-0.07448517350413048,48.20239718231494,-0.042498230243012684,40.93777550942668,-0.037421736752129356,41.47737989943079,-0.0262776463931307
2199,47.8399081182987,-0.052604160638599885,45.516112658480914,-0.03420164438497763,49.526461646704234,-0.011013169778261176,49.40718877737691,-0.021830858064216616,52.00862506052593,-0.006060258088229327,44.286572948685894,0.01624642286796829,44.45161390169208,0.023643194441898552
2200,47.805433845069906,-0.05620198288404479,46.169467038775444,-0.02201588721895026,49.66356323237312,-0.007106537576072602,50.21681451012347,-0.019373475914783507,52.284439142202274,0.005673940670929415,44.54241702113401,0.027974937442464896,44.391023896968164,0.036456342755457706
2201,42.455847066724424,-0.01506010449328064,41.19092811849288,0.00481786882724692,45.022388284494845,0.012653396213515555,45.54759594972376,0.00016630671390704607,48.97143709953112,0.03347628889997711,39.38407142643908,0.05373331017644509,39.41448286087429,0.05456458316731379
2202,40.350616679653314,-0.04414986896572834,40.53367999661174,-0.023506571847614573,43.90437966090304,-0.03136653307782418,43.444052686811894,-0.03441180838907504,46.819943347927634,0.00832044739579339,37.994892847185106,-0.00012297370982232783,38.575775998060465,0.005688383226756955
2203,39.494240182333,-0.006921806688535682,39.95193825271399,-0.008099170412898631,43.190638611641994,-0.002402620396546897,42.4436940402019,0.01394614582949168,45.57668152847644,0.034784512959806196,37.47317849530867,0.020720242238427722,38.72552868895848,0.031967101904737415
2204,41.462884466752826,0.010064118900529506,41.63622622479014,-0.011816965994598045,44.71805992610576,-0.012465638328832782,43.315049899677916,0.023790056203690603,47.51928866359619,0.029694383701530255,39.9840044091778,0.012653789469939081,40.08985512902149,0.027399216165590948
2205,45.32074081744075,-0.0507084401098923,45.600092179914895,-0.07725902900030923,47.27956129351905,-0.08713817397553204,47.415652881180904,-0.03428695381923928,50.37043193590499,-0.04250371063552427,43.328660490813526,-0.060761334767567066,43.41080571127719,-0.05030035722914342
2206,41.42560692806689,-0.06536463256607263,41.45974078568155,-0.07854860194113628,43.05349921235347,-0.09366016865444442,43.04355870684027,-0.043003906688023605,45.821082432791165,-0.050668763696085896,39.126305867570565,-0.07484599790002071,37.85854781519309,-0.06330458896276894
2207,34.7580526609165,-0.07063487624745936,35.63434109456261,-0.10068384709075509,36.366822457640026,-0.10851883957127853,36.53376628772902,-0.05141564130805435,40.798142706815554,-0.060096916913417155,32.74498782693664,-0.08543859413640163,31.275224657853897,-0.05425790392490529
2208,39.46562504344528,-0.10801973998920464,40.97528257242352,-0.1461200027019362,40.93000142705833,-0.15418778587687326,41.83429551076021,-0.10258393422055126,45.50012675130367,-0.10240454056094,37.96708762520185,-0.12666106168448188,36.23533008651303,-0.10153629658047882
2209,35.42817494995057,-0.13623425285782023,37.24739242884701,-0.16329519893743516,37.0540634085708,-0.1562079536404274,38.14472230164167,-0.10283899421055204,41.01622564729483,-0.10717425656356752,34.267405777920516,-0.14815788451419962,32.40461456778312,-0.11642767214078743
2210,40.99443650788156,-0.1317369066014307,42.867622867831074,-0.14069796904776644,42.40840522258903,-0.12863910082097813,42.92800418262098,-0.09434962282861287,45.6160138113955,-0.10046013117676322,38.42668639114614,-0.13352185095304014,37.918016691847434,-0.10549684438782497
2211,44.38313987495705,-0.13362477121891306,45.75736912533383,-0.15482126465367196,44.27837800691381,-0.12881709786925521,46.36802821524451,-0.08124681991688718,47.083141033459874,-0.10283886595241809,41.215255025314015,-0.13701554365278817,41.17076453702282,-0.09963578148286993
2212,41.46221737088945,-0.14721373328781956,44.12757491337898,-0.15106191180269143,41.10713057462132,-0.13980162197344756,43.861202444678455,-0.09432090989648348,44.78059617024279,-0.12189657817973718,38.769538118611024,-0.1452838973907414,38.48607698797155,-0.123036109046781
2213,39.09625539604282,-0.14467128406187574,41.77475764916244,-0.15641280535170338,39.205276516018074,-0.14951522550519716,40.960176834125186,-0.0921920495571889,41.949516744903335,-0.12544861772513213,36.10142908203363,-0.15092074902049812,34.90448874443775,-0.12206070754830876
2214,33.54474507453824,-0.047333145584232635,35.70167409368484,-0.05857014886147482,32.809985426848854,-0.049630647738079244,35.76601575834941,-0.011757664930106472,35.09203471865757,-0.030241915015926664,32.00030211535778,-0.06145528721002618,30.417238066675264,-0.028923934534664502
2215,35.20053251551045,0.0005173150656496283,37.7636355459409,-0.02280017880333185,34.70635490321923,0.01019922027322524,37.97216441069973,0.03866725992803927,36.85424210494101,0.02988940899569606,33.83777144010363,-0.012953234849614454,32.97312294793735,0.023491441804376356
2216,35.95424284552938,-0.07425498882199817,37.45211906279668,-0.10835797445593998,33.69523790647684,-0.07082458761596509,38.46017500165607,-0.05395921774574526,37.79363248909006,-0.05644622879644663,34.067821117268636,-0.09091152309456538,32.484466914497126,-0.059883781295736245
2217,34.927876500079,-0.1035379844159887,38.12164483391336,-0.15834016939605972,33.77231111178127,-0.11378880142194435,37.88795377862941,-0.07162560940027163,37.87211662249325,-0.09443407927318313,34.34026576397236,-0.11184949661208825,33.213798071991846,-0.07154068035629257
2218,35.67615649227962,-0.10759078080665556,38.664756626231934,-0.16114052081599728,34.993342705093305,-0.11087864531097373,38.05077648966978,-0.06442706714912624,37.74991223793381,-0.07317835665309697,33.90728221420158,-0.11176123518034244,33.8223417163401,-0.055915315980151536
2219,33.52793695627512,-0.08534747499199252,36.75528093232464,-0.15306329732310262,33.15795380626695,-0.1118281495389902,35.93316462881232,-0.04788019507754566,35.524552612023776,-0.0718270561507599,32.14680659349399,-0.10885019076826022,31.890808105231123,-0.05890982885464177
2220,34.678011346525494,-0.09426139118462648,38.30623927526127,-0.14757526174600488,34.525429669929565,-0.12247013392430339,37.22962123869527,-0.0540064061822187,36.1768650560537,-0.08959223433959682,33.79744844212138,-0.12434520135455891,32.50785208387332,-0.05928465072797223
2221,30.89379323112936,-0.02959051159474005,33.9771455854337,-0.07563036946733982,30.054461777144496,-0.06420443629737874,32.0268675815782,-0.006459585487609158,31.380856400447534,-0.01908635704413764,29.37840056573672,-0.05182227143058702,28.37300445087267,0.0037473876793718275
2222,35.94746846527324,0.02609128915004875,38.32139644805783,-0.0132295573846537,35.054486756510975,-0.020106629544265793,35.76384717231019,0.053568567459509636,35.34423607878784,0.029571763273206257,33.28377791220112,0.01535880811582897,31.1183774230749,0.061749985986948995
2223,34.45586477050556,-0.004843934136055137,36.897443869681695,-0.044521552250937305,33.334626810588624,-0.05945242986344318,34.390555401330026,0.01797950476783511,33.507277040623784,-0.010616291675574804,32.00016385687416,-0.023006980230407235,29.72005261485018,0.011153561141386485
2224,31.147400820601558,-0.10000735418161694,33.548022298938,-0.12870213214791243,30.653771232918686,-0.15658181402765634,30.618501297995266,-0.06982463621476684,30.36236892486853,-0.10458464590755276,29.404476233209884,-0.11643821173473051,25.47937262205683,-0.08845635229979679
2225,35.03720048016119,-0.17462545530251006,36.87089300266533,-0.20523578314553156,34.49118302631531,-0.22414080519237847,33.77020546935244,-0.14286357181614945,34.53140473556678,-0.1758977150429276,32.551913706214066,-0.17293359755470752,28.32339730093411,-0.16005043807905447
2226,39.52641026885617,-0.18482513357760721,40.84039506688516,-0.21609832241268026,38.74033452414913,-0.22080878050928646,38.14923558144144,-0.17012164694297766,39.44544505027451,-0.18687102099726896,36.14718970693335,-0.18876889141318373,32.02726333718672,-0.15920319111423628
2227,39.16492261414006,-0.1582334097231778,41.241841129862884,-0.20448231654119686,38.044260715648264,-0.1962418087645863,38.1948855500409,-0.1550747271876713,39.51498884596983,-0.1625576825556815,35.78697511954678,-0.1718627854460886,32.81944740119072,-0.13685310944050605
2228,35.921575805168594,-0.1645735437483031,37.33681624822474,-0.22281349648139678,35.266963535947255,-0.20411006632541712,34.65619757929578,-0.16628406060333287,35.67808835363999,-0.17491257180197808,32.9474371881625,-0.18062564730508862,29.59036333328539,-0.15515954649718053
2229,32.50928605688805,-0.11397655700833971,34.01680796474044,-0.17415789300498677,33.496471314059455,-0.14590157969210094,30.939288538909825,-0.13761551639069722,32.31554188932623,-0.13724541511420058,29.800439620956002,-0.15160427919107342,26.863169714932837,-0.11896004609091448
2230,31.277496975211726,-0.2007850953331876,33.41919721483312,-0.2595238415370495,32.81773438125063,-0.23569245009865664,29.31204787311851,-0.22419691216906756,30.47607614251519,-0.22067495889142075,28.255736078126404,-0.23279111724411958,26.3684234243319,-0.20466402491720737
2231,27.298945895241495,-0.18623591874509854,27.59058145331941,-0.2441774713224484,28.98453971085699,-0.21995337797997422,24.700203139488064,-0.21379731796217247,26.887801433441908,-0.20724389503931315,23.64150509604468,-0.21319064980985392,21.54627244334992,-0.20382156632925352
2232,36.92575310535603,-0.1443641244451805,36.53488749744323,-0.20436877998654018,39.62052308956365,-0.1715019648379997,34.969173048491776,-0.16016101394653662,36.8101387722207,-0.1599163044447301,33.8220035098452,-0.15582438930030457,32.358636479932194,-0.14218004997745748
2233,44.023444606165825,-0.10240538379471698,43.90151679152097,-0.16551625494830915,46.698072896953356,-0.12172609224633454,41.81073630393808,-0.12312213629593033,43.942795141092546,-0.1346084220793085,40.113980848766076,-0.11078060284321527,38.73561796112432,-0.09169814142490305
2234,45.13695429219246,-0.10788460208770136,46.363417191082455,-0.1712224969668871,48.61070657311678,-0.12015558808451482,43.29525469920506,-0.12807150696310554,45.12526231645717,-0.1403007025596765,42.13296273980398,-0.12374783969457843,41.08080224779602,-0.09588282438908716
2235,42.487626764614404,-0.13999003219964237,44.59785050632923,-0.19999707465086508,46.127163712604506,-0.1507117222590455,41.25365502028667,-0.15719822944123615,43.150313724334225,-0.16980106599123224,40.62334933577732,-0.14723914725291642,38.72852106903456,-0.12450320661728353
2236,42.837515423815745,-0.14057212109929024,46.72895850844395,-0.200452181877582,47.23010898252872,-0.1548323348199186,42.52525095664886,-0.18933831302620102,43.40010356756178,-0.1796463203834933,41.48682495790809,-0.169162415894344,38.67190698437597,-0.12441739668238433
2237,41.20215944589891,-0.11198343037509519,43.44793533238697,-0.1739805747205522,43.70509466420774,-0.13023131355015038,39.52967676915928,-0.16633126283877442,40.85437522168525,-0.15295579598617778,39.14868777988186,-0.13859177421445543,36.73771359097739,-0.10045043444805284
2238,47.92870428266002,-0.01592154771757357,50.64315336500706,-0.08254208766225984,51.75310255420912,-0.03754403268300539,47.46971792639471,-0.08288133783731709,49.324399460875824,-0.06152074041094678,47.39435578132788,-0.05568105128967872,44.99310958462001,-0.005206045880401196
2239,51.785662172789095,0.014412440010269915,53.19923136978531,-0.06721557630024533,55.23564673948029,-0.02278046377817305,50.33877733247037,-0.05799546126229031,53.10506116643711,-0.04330268761922436,50.96113990227538,-0.025479442584397417,48.51559703302766,0.008685737784838471
2240,47.57173244759086,0.0242890920169574,49.05414424792009,-0.07219438048429311,51.06878882387551,-0.007595133655329937,46.62552317120223,-0.049823316865325644,48.70817224658411,-0.0331905519775252,47.86407454794365,-0.027692163029714882,44.697629924928314,0.02578994161307778
2241,44.264279159327,0.0989872942564827,46.74301459570012,-0.011761709497678567,49.32064278631194,0.05249224761157621,43.710461053952976,0.009209185854556459,45.759161920463185,0.02933417162941748,44.9992983367655,0.031878876057334755,41.53850081247082,0.07994343709951934
2242,41.53205379301396,0.1039149383803098,45.9559917839637,-0.011302235146905107,46.419578783874954,0.06093109566359549,40.17804652556762,0.004355751556910127,42.45694838433885,0.04827348828774797,42.45389933524024,0.03890364169931695,39.121034708634326,0.08314661133974234
2243,36.890181019519815,0.11738240850007328,42.51926511936311,0.011263342905805135,41.734317873969175,0.09158011829261484,34.423207887477815,0.02317079603802978,38.169468929252474,0.06279199012138449,37.6312647107731,0.05349216858247545,34.767179659640384,0.09626353249032767
2244,42.027515552393254,0.04228742390083119,47.22465244362066,-0.06656986578641444,47.27180378541361,0.008466886965609308,38.694251809555055,-0.04887600650307973,42.56512226722636,-0.02239817210809159,43.138337933416054,-0.025497120578987627,40.54864181188336,0.009154146945360112
2245,42.49472790110416,0.05354107052644021,46.65897919088703,-0.06000336336227467,46.9862352508462,0.01753206719432394,39.18953168360395,-0.03349350803462924,43.169419393781894,-0.004370357133003383,44.122737656049644,-0.018688209064316015,41.67551942286337,0.01643452121711979
2246,41.437323203842865,0.015053932103679793,45.187490346194245,-0.08647812990997567,45.690421699704615,-0.02909844711400659,37.514082680353766,-0.07624335575878335,41.76344884148672,-0.04698534982798394,42.79897581509345,-0.07255953129088066,40.38333968566191,-0.024527156989053805
2247,37.18399771758209,0.023086353011398338,41.50650766186053,-0.08392769671199685,42.451418239023965,-0.022248133148182615,34.93436401142783,-0.0879997985705483,37.40915927953618,-0.043529564155858,40.23872533525033,-0.06541573639587231,36.54390212603336,-0.03408253324296315
2248,37.19385835375229,0.1080832414827374,41.3527480280367,0.023207792317087812,41.945892103975815,0.075219936889409,35.537973042632196,0.0008057065179584433,38.31111321184006,0.05434156773682872,39.44857846411109,0.030468511821801263,36.746551301965084,0.07055496257337093
2249,35.87405102109386,0.09252467176501364,39.895861620531534,-0.008021995955167865,41.49520868114645,0.05216459902847282,35.56856143790696,-0.02186372158305567,37.43623279909794,0.04272906444053788,40.137582842116345,0.023158687573240633,36.774069188898736,0.059893797409490065
2250,43.10608113092556,0.15366851018709216,47.78082997487087,0.05320954382931586,48.62368088389047,0.11250616306783472,43.64136792319687,0.033627464565122396,45.246767327950806,0.09576006270368813,49.12496741215412,0.07627928766187933,43.156675559002586,0.11363874488130285
2251,47.144091113979854,0.15949944293026075,52.00425117293587,0.050738728501391175,52.66740467070726,0.10218467642326341,46.68145506485266,0.0370184641292134,49.58548571706919,0.09005118418251178,52.61537863061157,0.06484133741041338,47.06424759505254,0.1065375593361697
2252,49.800291162815576,0.1746081914152618,54.1111064504298,0.06430447083658426,54.07927863183572,0.12860791478998962,48.94057551398333,0.0679525055477784,51.20000749841135,0.1108119464364385,54.39174180024687,0.09168908102979653,49.444280142436796,0.12871135785993887
2253,53.637524443974876,0.1463726668549972,58.26155335910818,0.05413553251479955,56.845270999164626,0.1176238425950484,53.641620891566575,0.051171173426792865,54.64714421159405,0.09844729899669658,58.40844301746846,0.07675085358448211,53.57902270259447,0.11434775534788308
2254,57.32861496560286,0.04284848431613441,61.42769066421718,-0.041714323259409464,60.58201832032994,0.032672133741536935,56.100417806949196,-0.03411281668180204,57.59954765977043,0.0057730099002298715,61.39288882541205,-0.014513277251561506,57.35307931291784,0.02002502143306131
2255,60.49081364993378,0.05201896620754267,64.14622197495424,-0.03771514076976564,63.59244832005646,0.03039488132494106,58.57057250787967,-0.04080441715215174,60.938159891288265,0.029115347742851704,64.4527091808572,0.007648063072840721,60.78714791309902,0.03158841067498143
2256,56.38738439065144,0.05714709562310154,58.85618497518499,-0.04026607842795527,59.38132571913371,0.034340362454195195,54.67936365763343,-0.02846068726116433,55.25786121962804,0.023559248824844517,59.47290086239506,0.0008066297980561916,55.342741519729834,0.04016820354902026
2257,53.2841093942649,0.09168047998913831,54.888248981999496,-0.011973804107340981,55.41903907774061,0.0620822348641486,51.72905612511954,-0.010545962258502843,51.89201178218986,0.04612095151846167,56.00741325455373,0.03553645869321032,51.96641953839703,0.06770452585622663
2258,52.8812889839923,0.0645790642126238,54.51122947538968,-0.03736302193937191,54.44040861335247,0.04013106825407269,52.110635081169335,-0.02381445212550922,51.857868430080956,0.02615915986345654,55.407983418763465,0.00028185531920808674,51.501361740174204,0.05319044325900991
2259,47.77259767056627,0.12083335131771739,50.07637535968259,0.020675540609954322,48.437087875575116,0.09397430909534468,47.047178279456226,0.032870517092484446,47.35489151292196,0.09043105151495703,50.839190562822836,0.0700672804090276,46.378199098846494,0.11230522625257558
2260,42.1856787408452,0.11300879396953992,45.23685946629912,0.013021765979846445,42.07378778689862,0.08349417438923334,41.094564813567615,0.023681698362474198,42.794469956719,0.06742256021602504,44.763829497424545,0.05852007195381766,40.5611397334761,0.10769524001190767
2261,43.547360727176525,0.1595528072265185,46.14535547771083,0.05670287925968757,43.0603051590619,0.11837538058366782,40.99633340947133,0.07302038510988001,43.11907444449573,0.11206065531808646,45.56427999704526,0.1003979542623827,42.175860974198294,0.15974185138088368
2262,45.94513425549819,0.15867886938052594,49.182277127575034,0.06750779385607888,45.26269307192049,0.1198238572292057,45.19442684109098,0.07692688635281707,45.30225070963904,0.11346228187087379,47.74410805976458,0.0928266646281915,44.781194160494124,0.16197006650241946
2263,45.158644630465986,0.17381888535051523,47.34143528105917,0.09050186411037939,42.86004489786778,0.11616436986109353,42.46828894421142,0.09484653445430555,42.1482585988733,0.13386681070136247,45.99788175659063,0.1112348657804708,42.15790268113785,0.17423779011916313
2264,45.57383927306774,0.15631898997959282,47.6559909574118,0.07364705083007171,42.7440639954995,0.10192385139696618,43.36167355295321,0.09953773812527221,42.31392299956187,0.12652058152298284,46.92223734736254,0.0995398259925709,42.68325432633812,0.1627460831456857
2265,41.03000216623245,0.14440495055967253,43.012695793369076,0.07393959936672918,39.08710067177757,0.08735328069100487,39.21921621872698,0.0970146324173624,38.36876134465898,0.11227143676698487,43.12833825611374,0.09603699634348692,38.6154526842342,0.14889764058035676
2266,42.533050145010506,0.11046644562338481,45.52737658696476,0.04840563495079672,40.51800756241945,0.06821644585928703,42.12954285211054,0.07120634847909212,40.29514354849694,0.0827845801791501,45.3375227036047,0.07200238796458766,40.043767782356205,0.10079653090557536
2267,45.11324283233818,0.11061440326777688,47.974798095254094,0.039135535360486064,43.93434579689222,0.06609498276087869,45.04563381339169,0.08214848743876284,44.23954493560994,0.07537288444048156,48.00237883444297,0.07145285056851107,43.27325806125774,0.09949346155284897
2268,37.60927958842799,0.030661969703722945,41.99894552255205,-0.029161781668029955,36.90704619681955,0.015810335292254393,37.45124212626867,0.015364207343560815,36.72776881276354,0.012013417602822112,41.105059294470976,0.002316924048070295,37.1098434205483,0.04718020635281775
2269,45.484213732770954,-0.07194932501258444,48.58149473278333,-0.1356368306442446,44.01791544191685,-0.07796610234819537,44.74873005958599,-0.07798405433625422,43.42830162390708,-0.08102925524488046,48.54267142729575,-0.0959874115532669,44.91756139718328,-0.0525418957171585
2270,39.443445004141054,-0.03236951094618163,42.943324702144075,-0.08981996679263532,37.857863694092714,-0.038177718661982295,39.02258915510926,-0.051532824692435114,37.3203580227484,-0.050816711066468775,42.52391716552013,-0.05412046681428566,39.58754102609507,-0.016184649520955018
2271,33.17993552410031,-0.04841916698347643,37.444597606514904,-0.09813269202059319,32.329106535040665,-0.053146323165508394,33.366430676659256,-0.06558983760707424,31.140826913600243,-0.06178927403645265,36.54716086995257,-0.06165677069930138,34.481662536962645,-0.014679643006241465
2272,32.52346226652746,-0.00444778722357045,37.21345220772263,-0.041589713835691385,31.55835746145589,-0.0004059392456457686,32.66948960214583,-0.020604402823656887,30.562795699583702,-0.01448972339452985,36.22082433414882,-0.014685011944259838,33.36210894615111,0.04922555661793836
2273,27.49865668509516,0.0012810482252103485,33.36598086943693,-0.02623973092933031,27.496660969178926,0.00646958661705371,28.108854014815424,-0.03436762964925341,25.962382789376782,-0.011851351968853705,31.81574428777033,-0.01350744685496757,29.345126629044543,0.05129526471873637
2274,26.4766154193911,-0.03357297936093985,31.918707201873247,-0.07801522643035842,27.19453461044616,-0.0667189744596045,27.08529183075263,-0.09339145447406338,25.700061550304127,-0.07644711933837578,31.12752191064418,-0.07010120174650557,28.57652983486421,-0.003101051142062189
2275,30.048672038735692,-0.06147809226837258,34.31657605870311,-0.09409443784961505,31.35340379907523,-0.08905840485778341,30.082607067994253,-0.0963152306246381,29.090633412332295,-0.0936831406410103,34.64843248114096,-0.10325831654638859,32.36774670361777,-0.03405736742941294
2276,31.786293439187556,-0.11932660024858932,36.39861510944902,-0.1205353375164845,32.478101157170855,-0.1236007123909908,31.15051501882267,-0.1289757550940221,30.97410305446523,-0.10454977825517678,36.61964797083526,-0.1390930932727604,33.277216513148474,-0.052696557272915515
2277,32.498269450643086,-0.11314614225629353,37.45454103036012,-0.11789764613624273,34.27463078741505,-0.11979151623926547,32.391734228158185,-0.11682135983043727,31.61615006051905,-0.08898997182863555,37.75868150035621,-0.12769046629919653,34.42362212531827,-0.05959006396865035
2278,32.01525491334451,-0.1343924506166938,37.36184316566772,-0.14745260357961196,33.43513735060337,-0.141170840147781,31.52819291095209,-0.13898647278868942,31.020194617309084,-0.12470569323614956,36.57831923284466,-0.14987105927902208,34.733823591644516,-0.07138409237041646
2279,31.15233670041495,-0.14550656833228248,37.328682915981204,-0.1616969914094136,33.645538188856065,-0.18571054399624928,30.642458998415,-0.17223849398801588,30.873232159980578,-0.13838676950215295,35.964218357083865,-0.17387852638882345,33.31431175833587,-0.09741424284663318
2280,28.419903259548395,-0.17379640997955453,34.291744285392724,-0.17222357640347546,32.694508647176804,-0.19277271717929376,29.375590137368373,-0.18407545433448264,29.618072326475705,-0.16160905575020684,33.72489647103011,-0.19475564721826205,30.54928042264099,-0.11425235482374767
2281,25.348261018890504,-0.22617966807805798,32.579911599026985,-0.22136682092108373,29.614184629472238,-0.23693794633880388,27.522481406878207,-0.22330830286130174,26.04742630004996,-0.19529685541544037,31.69851592322242,-0.22700587720097906,28.158121036513354,-0.173629331043
2282,26.966220373801825,-0.23483059535185016,35.06815225640102,-0.21819907268314237,32.5148187313476,-0.22823496511839367,29.706413103696253,-0.22226216827034942,28.31253453658465,-0.21057238385264426,33.219158056952615,-0.22608861586464568,30.62092482249687,-0.17184309197628475
2283,32.366933119383575,-0.20757422120234403,38.75346626300353,-0.17949447777268007,36.95299695478083,-0.20399847954394196,32.86122814708908,-0.1990918282717218,32.1080201630612,-0.18506162469566192,38.390964304726666,-0.1765315688143011,35.86956489649093,-0.12197160656633223
2284,35.10941412469342,-0.15717784488784123,41.01313732290953,-0.14426579244841148,38.68149067226759,-0.16588067046620528,36.21851472068895,-0.14910560478270485,35.28854167352546,-0.14670849393492935,40.61436762603945,-0.1276781562816117,39.44864390588782,-0.08750363328489595
2285,37.05526569527509,-0.16200224262353255,42.43035933022189,-0.1592096703022368,40.651168875184744,-0.1738862594853,38.177116888165955,-0.169709820397169,38.03896372853707,-0.15735368500066496,42.43769136614479,-0.12698842845227543,41.55390995123612,-0.10755981322327765
2286,40.18374281322798,-0.18627663997536958,45.38594124228082,-0.19199479223541935,44.353941132292505,-0.20701678732155226,42.165029535256366,-0.19829319905795467,43.268392322119965,-0.18614974237429993,45.490333803605836,-0.15530046031327321,44.690873926729076,-0.13469395928745986
2287,36.74797853415099,-0.15050038002424018,41.42878169846266,-0.1656695832911643,41.213702043549446,-0.1730622217095052,38.06402538598876,-0.1668158260209975,39.95818700187708,-0.15051986217178479,42.126930215351564,-0.1388914121936271,41.08555999937462,-0.10104263229711725
2288,32.517055618643425,-0.14706267454377164,36.66610064750604,-0.17611478587921758,36.19026511673257,-0.18378447360276257,33.95743652074429,-0.1666836743991952,34.807551118593295,-0.13579132986340345,37.41758022304431,-0.1457919134428087,37.16798339986735,-0.10265922274648845
2289,31.085583270254503,-0.10558145101469185,35.71971155800908,-0.11933667603020709,34.50113215220102,-0.13107428724819617,33.140958935204154,-0.10167378890531117,34.47829736044205,-0.08754682725331225,35.586101095851994,-0.08083618744064636,36.30698017452951,-0.05960604067557966
2290,29.25818756121067,-0.0736388703839526,34.991797555250095,-0.08699372740708848,31.909495537511354,-0.08682428362583633,32.408151172143775,-0.08733021610700273,33.115136457764336,-0.04938218622748072,33.81506167708433,-0.055302496870534006,34.10130747712664,-0.04364801835942881
2291,28.714144569191703,-0.06769354116633697,35.29224084483226,-0.07045514537668106,30.712406259504732,-0.07791056804871853,32.23249804068077,-0.06722622756227582,33.18840103923682,-0.04575820347841325,33.8679627423423,-0.0527542831183091,34.80578204782581,-0.020405145449237702
2292,36.00730346724557,-0.04813936714390081,41.832179306338745,-0.0296065920808117,35.903783115471995,-0.04589355991227913,39.372480817093795,-0.04075569274328604,39.837615490851064,-0.002926625366105856,41.42141572262216,-0.021204324894486547,42.35216980490114,0.007426831288027971
2293,30.992477843433726,-0.11451407415555022,37.5832972715198,-0.09317819064084014,32.58138194294288,-0.11545283568684728,34.41401719824311,-0.10111252507996425,34.86928541429036,-0.06033380863323445,37.80295102739796,-0.09127806276981988,37.87209764715382,-0.04675597522638046
2294,35.672284137516186,-0.1166922385307823,40.91308968362124,-0.09807515053657131,37.26099025891127,-0.1402164582125699,37.82472547998161,-0.11473918831312802,39.58161131721424,-0.09118438458915676,41.2780350081372,-0.1127688284857242,42.3517792343785,-0.06641483566981854
2295,36.902602877705014,-0.18387005788446537,42.00744608220765,-0.15075959755823792,39.20507818534026,-0.1934923454313567,39.936588457896896,-0.1780187827621969,39.84538192566165,-0.14453502606713264,41.98762962827685,-0.16650443352337085,42.84757167840533,-0.14019290967453063
2296,39.43608976025156,-0.17366214376272482,44.03415309343684,-0.14554915543156283,41.78314289548807,-0.1724862402269508,42.78111692814883,-0.15462744108069684,43.2329851129643,-0.13856977439580292,45.012890464563135,-0.15919420558189232,45.607110185546944,-0.135945278704792
2297,38.0363956406441,-0.3009744674023294,41.8541271396721,-0.26429234007421304,38.79162266258287,-0.29711216958158326,41.773639561219554,-0.2683297696214816,40.37254381837965,-0.24779867141820708,42.2494209003255,-0.26809038124771967,42.456184914431596,-0.2539994313212904
2298,36.28404376085532,-0.3208773289100672,40.743189338107484,-0.28292063634630693,37.59167161256674,-0.2986013864502146,40.18874823756867,-0.27853568725772015,38.46260212415271,-0.2570158555507548,40.372911526799726,-0.27372359764349286,40.18013667783361,-0.2701600884400183
2299,35.34707588067202,-0.2666544351526962,40.51996654410065,-0.224867378709188,37.00414202214777,-0.24519460150565664,39.23566537336349,-0.21797420340088403,38.638876812973244,-0.21535831659775928,40.80937661531295,-0.2270000788331934,39.27365447677505,-0.21860782327580486
2300,35.30056551879779,-0.3118564762747681,40.273507490917936,-0.2786004508226508,36.43690507846641,-0.30483666980517476,38.13443377266648,-0.2623365090033775,37.906140587826634,-0.2721700366242213,40.307997439315784,-0.2803748016086341,38.40169454821374,-0.27653000755685697
2301,36.70252666242168,-0.2908515779216727,42.28510978038366,-0.2595406301144314,37.89754417432223,-0.2821919371365069,41.796601321839084,-0.23719115286850762,38.92978181271969,-0.25041085402166,41.491683907471774,-0.2568560816033172,39.909558994064966,-0.25947699814366426
2302,39.896672017109466,-0.34229463821934974,46.366706404971715,-0.305200138970358,40.55132217943121,-0.3413097175334399,44.09097486181844,-0.29066605648614313,41.98117383775616,-0.29221270606711836,45.45238151556245,-0.2989984734022859,42.604673078744625,-0.30276291497916474
2303,36.20839924421024,-0.36130257015004336,43.03898002790562,-0.32143485149012707,37.04218115987883,-0.3514724617403113,40.99886657527556,-0.32066399855627425,37.79083131185645,-0.3007959680670696,42.01853755240873,-0.3128148963548323,39.82504070356407,-0.31562821599971536
2304,44.973260178829555,-0.2810048507887197,51.039102554463256,-0.243643218686443,44.713218820723014,-0.2834693706006491,48.38790145773497,-0.2511712803300668,45.57072264392513,-0.23145609701663497,50.00643351058386,-0.24466367592112764,48.71157327324725,-0.24738739412320424
2305,47.495579515928085,-0.24877650167989185,54.001207395283345,-0.21978367707610194,48.778664991684664,-0.2355296148462264,51.71035256942473,-0.2128106279421252,49.38576571995985,-0.19851310098866334,53.19235223418542,-0.21108263024417703,52.64096064988227,-0.20231991983102998
2306,48.00169017592652,-0.19936237390586356,54.80970164257432,-0.17440686111231862,48.70883116078882,-0.18817011935956648,52.69560006575097,-0.16542879056316245,51.13066440942549,-0.1636670941015719,54.59417850621712,-0.1653414731731081,53.01278800942842,-0.1685485656398505
2307,50.03901953500305,-0.23139800750076275,55.398244427253296,-0.19962715862672442,50.783079246587434,-0.20956050112275734,54.863540473338915,-0.1980180110151959,52.27286408258968,-0.20094310438436253,55.09043906305106,-0.1947302857040846,55.12646981422385,-0.20824181864716865
2308,51.3882902572933,-0.20022651510288608,56.84915770817785,-0.17720998823630296,52.764448354360155,-0.17644041463608684,55.58121938564098,-0.17761906520315757,53.71831263959294,-0.17306333963920875,56.504756838218164,-0.17260581424485305,57.078830088467,-0.1721753116038902
2309,52.03534475142534,-0.15627801321424975,56.77889396899307,-0.12980060212896594,53.587891168095254,-0.13900903891322136,56.05320614823207,-0.14474371177660583,54.998643048746025,-0.14454138262069963,57.142648807602654,-0.1320011911625325,57.05113499071111,-0.12797150262359266
2310,51.110352066224024,-0.09843671287223293,55.48238666041874,-0.06921345314972675,53.393685609074254,-0.07967757810746075,56.17629960388111,-0.08968356297264804,53.984230920555504,-0.08668296022440099,56.36349227210285,-0.07929861808692087,56.42577675872394,-0.07504971523209451
2311,49.8040106629949,-0.13064425130670246,54.7847759784475,-0.10306317268960878,51.84552998028473,-0.10751089366733953,54.21931818327084,-0.12086200480957608,52.43327996312666,-0.11675525291128017,55.38808425255397,-0.09607896736755739,55.133616368975765,-0.09990892910592315
2312,54.877729357721265,-0.16372268828077202,60.6335490786553,-0.1277061933566985,57.37801716985996,-0.1309324048903247,59.47327010301939,-0.13376248119863055,57.361993094328284,-0.1368795562162958,60.392494726532064,-0.11136936366867639,60.338505505285895,-0.12008781395211165
2313,53.69668757811123,-0.14132269728838956,58.081483598259666,-0.10163036452292543,55.967388456876854,-0.10388013092928579,57.9837280561609,-0.1212869284149617,56.04901151904493,-0.112408674873971,58.68182499355504,-0.09156686632738517,59.59104753951799,-0.10097464537747261
2314,56.31174124683849,-0.13331358271504834,59.9022008208944,-0.09133400147644702,57.06900846290564,-0.08394834112382153,59.1626337120875,-0.1128929513035987,57.36773846996946,-0.09117889435301438,60.07279337233571,-0.08082129935899884,61.36418410341567,-0.08143970945972505
2315,54.12033476933243,-0.10889904855751881,56.603420430049226,-0.07312508507360467,55.20721773641664,-0.06968703440451678,56.32051042930278,-0.08798020118843267,54.01041497699821,-0.0757189897015178,57.478275138472725,-0.06760352060921858,59.34811312594668,-0.08143867249047076
2316,52.356990920707105,-0.18303857080987734,54.13102084646585,-0.1475417774841032,52.66205251814129,-0.12607002727882588,53.74625652329698,-0.15172815717471316,51.89059704443186,-0.13492797811838472,55.8608189182947,-0.13324727460180288,58.7700207182763,-0.14875683209837046
2317,53.00292619469245,-0.29349545338457916,56.13467624943585,-0.24336476134030105,53.89228342602415,-0.2162885019600823,54.76031644715448,-0.24525029590061298,53.507784735507606,-0.23872681902090234,56.58069008584406,-0.230091719415679,60.896006856172946,-0.22605400188029975
2318,49.77866318929156,-0.22712578749537243,52.706557753214085,-0.16776948221378601,50.99086683764638,-0.13398605584438247,51.613765321881075,-0.17448667211185637,51.33061046195028,-0.17594241529390753,52.76322700648829,-0.15898288580706904,58.96672008784264,-0.1618150011654481
2319,50.4425416493948,-0.1776763264953621,53.704075889302764,-0.12789146571255505,50.413905104233024,-0.09518382047603655,51.10640885420379,-0.14111789871550057,52.126697877715245,-0.13605964274328602,53.320609500863824,-0.13189799427116458,58.56165818297764,-0.13018095151170503
2320,51.21967728450204,-0.128519820951581,53.906025699391975,-0.08498428588039028,50.41048145823982,-0.0449349317650688,50.8061043364243,-0.1107335149115259,53.27512603647144,-0.08432981548910948,53.45453793689466,-0.09508514067983385,59.52538848102796,-0.08704110819896174
2321,51.63057931886847,-0.06850133352050758,54.2914636073213,-0.040725166590892994,50.746530773889006,0.006910458440706459,51.36715289965494,-0.07159515356081297,53.53886293500135,-0.04479448023217035,53.08916506746408,-0.0521264921855832,59.18902206619974,-0.04895996246369135
2322,54.38797696718854,-0.12279789154925227,58.71467680474842,-0.08227243097763351,53.184681354922745,-0.04640699103744378,55.363321370776006,-0.1121442617306708,56.12224537775341,-0.08874400285106447,56.19259227523021,-0.09048850382067677,61.71400778080475,-0.08981713900667765
2323,54.423918466468564,-0.10895763085748987,58.53092575957671,-0.0684057107281509,53.73432231587073,-0.04515811792261834,55.48890436405216,-0.12413912741096739,57.153757249911976,-0.0902214104812424,56.129501189319726,-0.0807950177701996,61.7843530614934,-0.08683624664795225
2324,53.46942873979294,-0.08873432871576982,56.59909702057776,-0.06612723783570186,51.501806563611325,-0.018077998549599718,53.47573608311433,-0.13089898255682178,55.757023420937735,-0.0722277232060153,53.367296036987504,-0.06784949321699975,60.32779137896976,-0.07008882455982071
2325,56.55062726272824,-0.07282554049411563,58.34511793611376,-0.049894235158702685,53.15637460441528,-0.012993522058799091,55.244627578674354,-0.12450509891163324,57.354845650696845,-0.058724317227663185,56.530284141480784,-0.0636196789058615,61.57295435171978,-0.06593066893308422
2326,56.50037092915447,-0.0710535017921573,58.09890507470954,-0.057482690908118486,53.613044833275225,-0.009015232376009402,54.965413853755145,-0.11778536020947145,58.15794345139076,-0.05124305313927803,56.360301761639235,-0.07895233708857581,61.475074634744786,-0.06153899290963726
2327,54.42427460830416,-0.0920710935775013,56.68172592456675,-0.07668779916513559,51.25638256728842,-0.03779352393850772,53.06681812240769,-0.14699445868928912,55.87348920535388,-0.062056534176281555,52.99936392664413,-0.09488585396322033,59.23261959496116,-0.09424744856376809
2328,59.44212655041006,-0.008535807673012956,62.00990155258445,0.008757635129006866,56.27550555654277,0.056890685221711465,58.72308547242967,-0.07180364909569743,60.70860953923777,0.0117131321955377,57.691641475341456,-0.02313968189997386,63.8491862845288,-0.016357277646193116
2329,51.48194366475262,-0.01344107553122324,55.36956302086844,-0.010868435400648045,49.68851527215148,0.040780384428859826,52.72710462317819,-0.07468397778287349,53.192572088556496,-0.01013241270569209,50.213506297866374,-0.03148681320953227,55.915488776337945,-0.024659742624620645
2330,50.934778862870274,-0.050559953894718984,54.267235861177355,-0.040795413365780436,48.171474186450055,0.017089861259824847,51.25436885897134,-0.10483271998818544,52.21825386770605,-0.04786056271811626,49.131607568783394,-0.061710924188404646,54.11054047721285,-0.04787779371736003
2331,51.21370431510563,-0.04076387695960898,53.74176490521282,-0.02943599005935406,48.07339547415749,0.017883564306166527,50.49444822475965,-0.10109352582093806,51.48444575145572,-0.041062038624869145,48.515436945919646,-0.05318228304835898,52.36385145465353,-0.03344533325786446
2332,49.456118320928496,-0.04577305984450563,52.025847433036205,-0.019104991278536473,46.284193664691244,0.0178182052348509,48.45372572796168,-0.10046424958786088,49.53681510332444,-0.05133688199283127,47.7729086205047,-0.058033136249405766,51.154070148983415,-0.04210403138873179
2333,51.50962158910734,-0.12565447240363167,54.04737040906818,-0.09074155632758939,48.163678330372875,-0.06042878596216641,50.12982624611996,-0.1841305962338582,50.90271634482245,-0.121362766873567,49.10438940016909,-0.1250600930745871,53.042838621522215,-0.1174602988674165
2334,48.13284832667765,-0.11344215562259527,51.05590748688062,-0.08735493553175859,44.88689301759873,-0.07118830476540569,46.3836222058892,-0.1680520005884924,46.747008235339756,-0.1028428142996855,45.142905375266636,-0.10897169288076866,49.773029205576655,-0.09837100432680676
2335,45.601627405657,-0.1935740593450755,48.44400711546128,-0.16198048991841013,42.963223102111066,-0.13979539084943968,45.597490062170706,-0.25552086733503454,45.040567309695646,-0.1808958140444121,43.32115268656031,-0.19192701541602214,48.857090618192764,-0.18552643484180686
2336,48.06994054396286,-0.13522209463272442,50.957420757600886,-0.09201715949950051,45.77529157005584,-0.07815989131976073,47.50212438426865,-0.1622526757519776,46.76409266620957,-0.10501299648790316,45.95002860545267,-0.12178776521287546,52.19485061132033,-0.11192291707947435
2337,48.10507924144008,-0.1612303015714802,51.06312900409161,-0.12640905939127461,45.133032817321386,-0.1078969842763389,46.362096432094106,-0.18763916271905137,46.2106537351375,-0.14530412440694015,45.7372745406082,-0.15998095157659561,51.619216661938,-0.13643889922575228
2338,47.68222595612984,-0.12293435379140279,50.78318896022214,-0.08024512911762993,45.70898664391288,-0.08176074893890362,46.60141091194454,-0.14275585267261326,46.30127794068674,-0.09365304107760374,45.878778891793786,-0.10867269024963676,52.29833911382822,-0.10584020143601733
2339,48.36912866129865,-0.17245454627851506,49.98238090370468,-0.13913271107191244,44.47467411031599,-0.13818721190783795,47.380332089780396,-0.19774507733433921,45.78593731991138,-0.14692679586073476,46.68768752278353,-0.17278314772474768,52.14720604042345,-0.16382799277049642
2340,46.055848413011645,-0.17294605573792765,47.6631106374483,-0.13997469021566633,42.42656188752328,-0.12876378420289933,45.068134613353934,-0.19327786862683516,43.328335147947655,-0.14058069125030664,45.16406924360669,-0.17182020543912532,49.767060388195375,-0.16384936546915782
2341,41.64779440721031,-0.10811179725536367,44.22152933679783,-0.0682704438286909,39.740380692153316,-0.05405285018710844,42.043797912445214,-0.11118980540797116,40.56906482515509,-0.065684136341297,42.979872630275864,-0.09521354318159804,46.7681814422868,-0.08583472874951521
2342,41.89586069645892,-0.12533450923424555,44.70977907920832,-0.08704106825146779,38.98610999131509,-0.062358653305486095,43.200751724374726,-0.13067651709549175,42.618245155863654,-0.0816549869286508,43.34015309531232,-0.11105720335991387,47.214437526470505,-0.09384895441264748
2343,43.667882853349475,-0.11770902771228287,45.05728482528271,-0.07358542014262286,39.35022216952006,-0.03532801472855508,44.00405040692122,-0.11495122326986726,43.79715929734786,-0.0463358760746649,45.38948453227441,-0.10419500648906796,46.7174510940157,-0.08518273927586022
2344,35.86983381144516,-0.12141783638630362,37.954882334182265,-0.09233802265920306,32.01492395832592,-0.05006720293649244,36.31202553266152,-0.11743138614658752,36.24115787725131,-0.061844023982013024,38.41827105637606,-0.11663720179556453,38.87277981435115,-0.09557675278070117
2345,40.928842906924444,-0.06137180504933991,41.90629351358079,-0.04120975333576923,36.388557574970804,0.019417807055564132,40.7965569174496,-0.06696622717081543,39.847656932924394,-0.006860569679834335,42.44662823850539,-0.05190948349975595,42.536550514494266,-0.0339088667568062
2346,41.15423596310569,-0.056173681685521684,41.240231853403095,-0.03961371505989453,36.99626067959577,0.022376567247606463,41.60427674210361,-0.070271541977631,38.77725942932276,-0.0034587730166820534,42.94916966641062,-0.05497208585568769,42.30875623158818,-0.025431716137552345
2347,44.532301748355046,-0.044533216354133036,43.76766790020991,-0.013378949800815354,39.851161078091785,0.05248641402501377,45.2746448609004,-0.04670643099568163,42.096494533854205,0.017566544236649335,46.866745592308305,-0.030330064574991884,45.48917913179584,-0.004559692658419379
2348,44.19608449056752,-0.03381809218805725,45.08645507498304,0.0042965385836704305,40.394601290713325,0.0748861880540904,45.092280722385965,-0.02419699640485671,43.33278178277542,0.037970354200783665,47.72722174611555,-0.010551866475074122,46.990953857876065,0.007900704149136366
2349,43.13176445358402,-0.048376732099759415,43.84301484978393,-0.008612190260086873,40.29953027114046,0.06549784872018294,45.186228428989104,-0.040065875528669345,43.189420485217724,0.023289744978750478,47.459621013986784,-0.03968358857045142,45.644769350159116,-0.009421645261774657
2350,50.84945088154056,-0.07678082424307785,51.95553505284836,-0.042342446429095563,48.07793936350986,0.020790390761990157,53.64707402981547,-0.0654828679940718,51.284471531452496,0.008501136915719382,54.341428577400144,-0.06976008497566,53.16326864166753,-0.04111066804296933
2351,49.716466163663775,-0.03991343195254432,51.17064916375667,-0.02954883009792089,46.58977519002599,0.019466665748740116,52.483812949281834,-0.05290264508667266,49.987403227895754,0.032748237303282884,53.78538957132725,-0.04417504248093284,53.49495918470666,0.0031814818217517395
2352,48.5695295756679,0.0011285343284040956,51.243497584224116,-0.006450016298512986,45.86630378559437,0.054033110906174235,50.33723660867767,-0.022852014062972898,48.35529177149876,0.05206777592380592,51.926921420947814,-0.02165295354669327,52.12478118522032,0.0362564652473759
2353,49.18162499851001,0.07602929129904307,52.22795270785533,0.05844229270908807,47.15935307651453,0.11449572398543524,51.14371988542015,0.05022322763069327,48.253550864560985,0.11020830810979382,52.94554160366268,0.05008102869383486,53.59267736155368,0.09578078037910118
2354,54.666398419846594,0.024735170254706812,57.34269376296954,-0.01326443565161151,52.31175827576128,0.06284714347782301,56.27216613923862,0.0028922807127289805,54.52818923242516,0.05918135649703096,57.892938630524434,-0.01427863238543614,57.76378771094858,0.052267260479225794
2355,52.7283225591729,0.07232803189351526,55.168652044490905,0.02531073939254499,49.95007066253702,0.11037360983092256,54.23832229599263,0.055831062437746215,50.08570793083622,0.09936749809179785,55.494935240343935,0.028329960198623827,55.903893422026336,0.09378790265341991
2356,47.48830966309878,0.021081508868839485,49.852417902195505,-0.02534008816403186,44.472974984669136,0.05814720737186483,47.725407043502585,-0.0011783492746288617,45.19635194323884,0.048448953651502355,50.398945758359986,-0.020144327943562627,50.81843784659593,0.03957912183230004
2357,45.17244810546607,0.04678627097278612,47.71421947521389,0.010933703288894866,42.593161856129655,0.07920262378605011,46.53629754739286,0.016846021117416034,43.65590052507506,0.0721471185936135,48.03934468174789,0.004052154793132416,50.447720564281184,0.07161255918796022
2358,46.365325238346344,0.0049507615808896495,48.73731989477254,-0.022796739914066878,43.012852759217694,0.034970148041893266,47.24979889391924,-0.028661072007121025,43.18903079168958,0.036351045393128785,48.28891118810513,-0.019849848814731508,51.441072960979575,0.031093757243441947
2359,43.64464910086057,-0.02003752637596176,45.457820025088786,-0.051706782174176805,40.97308208593097,-0.012981097790891516,44.27084480773297,-0.048552056693324075,40.29283694363889,-0.0030400542326799868,45.20153111066633,-0.046086341928025285,48.44791237897411,-0.0027003922787783644
2360,40.11466927709924,-0.08999733271162799,42.699493508470574,-0.12979530284938218,36.80792875081353,-0.08800411786506637,39.4051820561515,-0.10993730310611903,36.99248777613235,-0.07593406504515589,41.20748418933423,-0.10527770696942665,44.60870913362626,-0.08977626081983874
2361,40.84321068024073,-0.1753118142145377,42.673075628607286,-0.21512122478770812,37.73948692961815,-0.16918493616375174,39.70007673958677,-0.1836938533680165,37.68347127693054,-0.15639152084858488,40.813341237013454,-0.18584003022283654,43.54896896659526,-0.17117928164546348
2362,38.98184096287876,-0.1709027348178856,40.302149670426914,-0.20776738953706708,35.73091342266684,-0.16328235107745784,36.64638266402332,-0.16912751159023823,34.248640628370154,-0.15280530694044298,39.10149529999253,-0.16585312741754102,41.20164658311729,-0.14588711471648524
2363,41.37149163636667,-0.21841738666210755,42.08712448082931,-0.2509304334617966,38.13284847363888,-0.21860055005567924,38.662173915902834,-0.22288576756526443,36.276978169561026,-0.21506326471611678,41.73042431399236,-0.2122118682774636,43.369826201155284,-0.21487952489734982
2364,42.09131207082871,-0.20276166921190242,42.86676199486667,-0.232911094811636,38.57888239834781,-0.19179994733980193,39.37047400798295,-0.20978984171987894,37.5237388354468,-0.20024590005146037,42.269356111203436,-0.1898721848595963,43.03831365343864,-0.1820973937076612
2365,42.29748505336122,-0.26459970066370103,43.095079604689126,-0.26702433586768604,40.018824369629115,-0.2501834158547192,40.10068176292684,-0.2510485911586007,39.210575487609695,-0.24623457320511485,42.17405526692241,-0.23545139347547514,43.19340805249689,-0.23868042411323442
2366,38.47646045413754,-0.31543101250787786,38.896079950838256,-0.3229161389087416,36.40037292041757,-0.32476550287636197,36.5895635519303,-0.3127124323478353,34.93387878981859,-0.3089469531913968,37.982243924973,-0.29763925859437956,40.21071515366391,-0.3068555609448859
2367,39.835148651358935,-0.2481608786158473,40.76509482572465,-0.2248648904896131,38.499457272354,-0.2435320709180502,37.92269325344407,-0.24539496848773365,35.76029374321089,-0.23075538270674506,38.78931243524413,-0.21338770612680077,41.204582580548546,-0.22390451519491805
2368,46.908227160847886,-0.23630259183957722,46.853434437783875,-0.22575122167415979,44.60603561994986,-0.22996533281547107,44.84385030287722,-0.2269074427008604,43.030924127691144,-0.2246675396718966,45.66099262013338,-0.20545887412964617,48.15389689829678,-0.20638276345077644
2369,45.93760316334796,-0.2208583760932346,45.85651810972746,-0.21707466293871705,43.693322762567774,-0.2091281065345179,44.73257214649972,-0.19915416410578446,42.50550954536149,-0.21157797408106993,44.77435868882263,-0.1719784111379366,46.44519352078589,-0.1857631870845235
2370,43.771760985018176,-0.13021367496333425,43.41682845405081,-0.12520747590192158,43.08487026420342,-0.12615103971780756,42.42685022200719,-0.11350851363673228,40.88832046015739,-0.13947371573789205,42.70741185653549,-0.09409386535035488,43.105531368011256,-0.10021010874875323
2371,42.63814590540037,-0.13965445339325402,40.6719772311886,-0.14165014431181983,40.94692959212209,-0.1436981346580366,40.64442618739659,-0.13492641774938668,39.3227050609951,-0.15281915894968914,41.27861062947752,-0.10767170981043694,42.11202864788283,-0.10945534290710138
2372,40.42062567687418,-0.10061012527820717,37.24270025043599,-0.10221764754067725,37.98031400965317,-0.10984811912560537,38.644650516757785,-0.09596613024286307,37.00144807849188,-0.11921451298749992,38.34281699841134,-0.07809013402403905,40.24356011258532,-0.06893660411462932
2373,42.45102852672177,-0.05887419084793641,40.45926298274863,-0.05364801252563829,40.78751841965436,-0.07164028998898218,41.46956810578099,-0.05655931282086145,39.763690529556264,-0.07780369115634148,40.434619557862604,-0.03846927730768733,42.65845442992421,-0.03717536677847425
2374,43.04754832077538,-0.05014824194863901,40.925076456163836,-0.05275387184978619,41.04941025269865,-0.05930361140302012,41.352900439001985,-0.051962006443017815,40.68255735031866,-0.06433876726543417,39.85569585192441,-0.0309878139078767,43.33022028794154,-0.02611916449168819
2375,34.548364904128555,-0.12533957924625502,34.631687761603956,-0.11892853272757235,33.3580151720029,-0.13872721764627396,34.13281204332148,-0.12492576937169675,33.46785433673141,-0.13124491801999105,32.60481609945565,-0.11378559609401893,34.8964269363725,-0.0983159723298907
2376,40.89072144747352,-0.16620570572045437,40.88091048511,-0.15075480892713253,39.585925398714075,-0.1554512054407889,40.27673779495781,-0.16166556154908782,39.67970900004452,-0.16419385502917236,39.06596424547024,-0.15519987348031336,40.947943233218346,-0.13139311527897118
2377,40.06977793046268,-0.20688494920199654,39.50757878989115,-0.18698893850319365,39.42920239523775,-0.1717426067223168,38.72409094046472,-0.1985785538753673,39.765736720592756,-0.19977886829129185,38.6879551492359,-0.196460452893662,38.6539107056291,-0.16113286698679344
2378,34.097408549247746,-0.10015853743633288,32.96413073105821,-0.09364870323861565,33.86623582886857,-0.06604494037082384,33.773933312734236,-0.09745478083138895,34.34736356026312,-0.09593342672175001,32.61795998817353,-0.10057378459655889,32.689018905083664,-0.07084159793896444
2379,32.45541947067393,-0.10192163713566203,30.85684554781445,-0.09963040507859432,32.19340947798463,-0.07557822454163773,32.14279834886728,-0.10063217112711895,33.1707916273466,-0.12344310615333194,30.49227459067293,-0.10850829040784848,32.11339365227333,-0.0827223699795627
2380,30.618383884636053,-0.10734517055464116,29.348168298587968,-0.11550519975956128,30.812426683700185,-0.09913436769059586,29.48479151568946,-0.12173343982448143,30.315249588459462,-0.14447864876020625,27.326088866247996,-0.13075974189738876,30.218207967585613,-0.08789424484364713
2381,33.15487172560551,-0.11024244587483951,31.41710490935857,-0.1291867639339372,33.34646212997011,-0.11088083484949277,32.50929769051895,-0.12981695105119642,31.914462610219253,-0.14821285330451067,28.573506991403423,-0.13549042161827082,33.25420102455026,-0.0889052244948884
2382,32.43362894237349,-0.10539701866363846,30.143385524604398,-0.12276390997123457,31.637078810683303,-0.11030586209748391,32.00835031904441,-0.13079645838418297,30.399712490979933,-0.1474533533836862,27.87595202507029,-0.12542007084645126,31.806772848433663,-0.08225759617109957
2383,32.50151127500927,-0.10894403200648627,30.063583240418122,-0.1349812820018893,30.625275169226217,-0.10595952350555915,29.501398057481346,-0.1361651714101997,29.582098173066363,-0.1671990472453479,26.51331983857252,-0.136636383207675,31.41866823259846,-0.09381097012411975
2384,34.35138683378688,-0.08386075223307701,30.191012742452617,-0.10969768802784097,32.68256961107966,-0.07760844974837425,29.775648621952158,-0.1018761338743797,30.312512970254023,-0.12880552122167677,27.882632597359308,-0.1071621951204026,33.392545960033594,-0.05988836818887273
2385,31.759522095369466,-0.05388743441001766,27.28910670422747,-0.06764182786519105,29.946620804170188,-0.042406036259816336,28.251119954005325,-0.04387136563891354,29.502366633569864,-0.09600516815712024,24.68355184809642,-0.06041748665787432,31.31577581691984,-0.015927988263453326
2386,32.99603426906027,-0.05151381875219323,29.223903720908766,-0.05632451056129774,30.69453553630355,-0.03541038197276786,28.035977696205904,-0.05223158537578563,31.28026140553925,-0.092800754747945,25.801503498337453,-0.06331045763100063,31.302735600549116,-0.03313870142061197
2387,34.17048447043611,-0.13031145398157096,31.30078194898932,-0.142693587021268,32.97588089112294,-0.10882627744189113,27.942343333014676,-0.12026056452061284,32.52138305724647,-0.1645494191876496,26.458282157298257,-0.12988208393198672,33.49318191667133,-0.09841153302981037
2388,35.63173969882685,-0.11175207169449468,33.136501577972524,-0.12890269879700236,34.39624460219183,-0.10694962579400702,29.95026614772278,-0.11493517709466554,35.67510562051277,-0.14346032357780278,27.627896110274595,-0.12363578312006086,34.805046582113945,-0.10853886877552471
2389,38.82195680623233,-0.1455571383512992,34.70072806647637,-0.16303449266901163,37.36170125640096,-0.129263829958675,33.51913751148549,-0.13217923813891763,38.00318397434647,-0.16446519321993147,31.125138064982764,-0.14952419779371448,37.53895167351467,-0.15000669524681104
2390,35.862359290930605,-0.1161593940760706,31.45273395789646,-0.12876712602662835,34.79994460607996,-0.10011029584047024,31.730084059744023,-0.09916499607534675,33.75422067576207,-0.13305406605854908,27.57354919387503,-0.1116386798605412,34.51109812904156,-0.11726243364790415
2391,36.74621483165713,-0.22879346441874399,33.83368599244857,-0.23529546628783812,36.125545070014915,-0.19649573973423823,33.77926375058203,-0.2115628335256784,35.51367285591287,-0.23065304273837856,29.17199189474307,-0.2267533548393257,36.67189875139914,-0.2300975291859029
2392,36.02378800967933,-0.23457284878007756,33.488661333751494,-0.22035898437130522,35.158018725898245,-0.18867275411658324,33.17158053126853,-0.19588622981516815,34.877038946659496,-0.23296160639999186,29.124655591720902,-0.22303547934029233,36.65447353552971,-0.23018977089753578
2393,35.3050210446646,-0.21125173559194113,33.74875144306193,-0.20425370227730938,34.907494889747035,-0.18041635976435685,33.12467633833378,-0.17409889751438448,34.33476172515914,-0.23010046560625694,29.215721242643337,-0.20471683587007908,36.36427063621488,-0.23058981515867943
2394,30.393764318482575,-0.208354759621582,29.350111257667038,-0.2061134782384979,29.661007029917105,-0.17794165925379893,27.397143208443524,-0.16495885767398502,29.324425885729724,-0.22596289076752646,23.439191175117557,-0.1936053384810394,30.78271371878204,-0.20514608588921532
2395,34.47379501738441,-0.11261973860105931,33.9185526148818,-0.12642686492960054,33.00329842376159,-0.09859010983374572,32.04025123161823,-0.09243293158210932,33.00315909007074,-0.13949121820106977,27.984934231051373,-0.12472777882945174,34.91538392766658,-0.1253428133706995
2396,33.921078597376095,-0.07543524978677824,34.57270076504641,-0.08115093161505041,34.84322526665157,-0.05836771151009647,32.934359294081524,-0.06983320822876318,32.75124341946471,-0.11388119123599078,28.105402834311786,-0.10449281315379265,34.58329661079179,-0.099301987639644
2397,36.99674883664163,-0.11025607831867922,38.0940594710261,-0.13473345325947236,37.59836194914775,-0.08746668852327738,35.62967947294952,-0.11327808323860261,35.86985778403812,-0.158364889263436,31.8417451671823,-0.14264607065269858,38.98066627693135,-0.1396831897806085
2398,39.584489993741,-0.12661143623150795,40.09672789273573,-0.14482908687661694,40.546082137798585,-0.09575572998462187,39.30594027032745,-0.12819369830197774,38.48447398542732,-0.19628444339862414,33.60099217071378,-0.15216670172792615,42.19153119751877,-0.17051120520462593
2399,43.27802980983093,-0.07220086025675372,43.991347019577134,-0.09583191155481519,44.64759328080206,-0.049112119786214305,42.573938923731454,-0.07454073357176338,42.36760010141368,-0.15708220415178206,37.63919736302437,-0.09525019114670899,45.663216533019416,-0.12047610033710804
2400,46.659665035436284,-0.038385374149245234,47.011090924518996,-0.03848055080514087,47.601176940693726,-0.021857501705713496,45.393851742455944,-0.0334083132732331,45.08557495126989,-0.12391489979271844,41.101553976774106,-0.04619982583272609,49.27569826742152,-0.07864337537798254
2401,41.23534661654486,-0.04837866332711119,42.79749330916832,-0.05585171892476841,43.17950097856066,-0.023347515772435365,41.24437772349537,-0.05570457546439203,40.20171505388329,-0.12796434179094557,36.1274113927742,-0.0540438029903435,44.02371103658078,-0.09454345798206888
2402,42.37696082931829,0.0231788268708821,43.3503188666392,0.00188630499920373,44.02862192793205,0.0474453265768068,42.596419220373306,0.012675307492265055,42.101054455470305,-0.05752914612441262,38.419209838840494,0.01783890650871537,45.12070848153204,-0.04324360425578043
2403,46.049539323964396,0.024133343702412567,47.838005932121874,-0.016583649092095712,47.65245203365993,0.03010821374493812,47.24361589637668,-0.0016993259780811723,47.28601584831631,-0.06812263953492176,43.48346411520759,0.011985001351753883,50.04620507086721,-0.047079654497805636
2404,41.29163047089619,0.044259766127295874,43.15470175136958,-0.007918785399758661,43.566832306287814,0.04427125378231462,43.13013819771762,0.01894039773051474,42.824495682155444,-0.04785796468076252,38.45773396319027,0.023638434916991264,44.613540916937026,-0.02980673987002581
2405,37.81424775347118,0.016037066597205697,39.47288534419754,-0.029883568242827417,39.28970588126228,0.03426138946721741,38.449346312022385,-0.0008612547467503878,38.22885386561828,-0.07242600841509537,33.83416772557009,0.00011363226155768763,40.49886032937884,-0.04775011166972901
2406,37.59153508438213,0.0504792345590597,40.130565825948004,-0.0016138204379201847,39.25825462241145,0.07048859657556018,38.753126413004594,0.03930129666954299,39.343462883477756,-0.04572290257304548,35.51488552788507,0.03361481475689071,41.32076544059096,-0.012567489443997649
2407,36.6659094364362,-0.027796334680573305,39.38351712340935,-0.05982958071103123,38.56982504383336,-0.008742376036530518,37.82710327470933,-0.03891056268944931,38.90618382427271,-0.11475039629569997,36.05488102992374,-0.032331778335898016,40.10234371058314,-0.1003958287794333
2408,36.33700940903602,-0.1015827992334882,38.64969871314668,-0.15078024427896505,38.563093944899336,-0.0811211806890709,37.72999369750441,-0.11056437945595779,38.40429481255332,-0.20175224125698743,36.03639875705477,-0.10896533614912328,39.540414250794406,-0.17592710782968837
2409,39.570814553556296,-0.08672972469985203,41.788946623819356,-0.1386273197081704,41.95425278982987,-0.07704319973243523,41.94918349941596,-0.09314470429403401,43.19719441383201,-0.1853009862027164,40.59273675866506,-0.09044699588780777,42.51877074309732,-0.15539701920712395
2410,36.789178352727305,-0.08120193741573846,37.675338754850685,-0.14480955891953526,38.018378534124345,-0.05243209600404373,38.30173367340765,-0.09323399404259114,39.70374823879934,-0.1854474708709451,37.8913832858115,-0.09141689535607768,39.75071457327921,-0.14697412998763426
2411,38.853834767481466,-0.016598113654782344,39.189679424516925,-0.05968213533099305,37.82531240879135,0.005272050729357682,39.95070256536042,-0.020110925577508855,40.525466889505104,-0.10576123400973454,38.49204301005174,-0.013333513610438955,41.70793493715176,-0.047603205262108955
2412,40.644509372206194,-0.04296464588915702,40.61600587936151,-0.05637254368214987,39.62138850841279,-0.0006787761689832986,41.24894596554972,-0.04224109724735273,41.74502615110352,-0.13250384312209906,39.867216491323,-0.03718869645850382,42.13978621557392,-0.06481757676999075
2413,44.71845654565206,-0.10941503585478088,44.75636403664872,-0.1160840362975912,42.675434372246045,-0.043495181847737145,45.20253357632327,-0.08811117548649365,45.33845685946572,-0.18532103333186323,43.94238178936113,-0.0963681138638512,45.865190515087136,-0.1052605213913517
2414,43.60410526297183,-0.14953980646637943,45.15479263117367,-0.1438939934022454,42.07927962724733,-0.07985797437005815,44.92287833810152,-0.10971458382423643,45.871086307259475,-0.2087045772783738,43.71268279942329,-0.10554752712989608,44.8434091579275,-0.1333355411143131
2415,44.81153605046422,-0.19403743162782977,45.01282475326256,-0.19530341850262561,42.726500058714564,-0.11803640764890949,45.19636666611376,-0.145361693721556,46.36926204668886,-0.24474579803039354,44.33464277966543,-0.14374554210076995,44.47668686290096,-0.1923502154502455
2416,40.70145878477955,-0.14555081995794836,40.90809378371734,-0.15046704194056545,38.57548198067115,-0.06641779742150133,40.975860993676,-0.08551590285378076,42.01280518959862,-0.19165095191796255,39.7272280910098,-0.08945553894109606,39.832326655017276,-0.14957801865325365
2417,45.22439548643878,-0.23968885512993457,45.60765737340337,-0.24595524789920503,42.57225404753917,-0.15711389476721568,44.843299729299886,-0.17848346422734843,46.507735363411406,-0.28718609758728386,44.86442368128695,-0.17170187354825986,43.8532886555599,-0.2449047833954399
2418,44.39932591832667,-0.21189993833005497,44.13380870094155,-0.21113187787444096,41.869381754925584,-0.13552519935983226,43.78231948536907,-0.15954487075952103,45.67893204611357,-0.24885536147690562,44.653766039668454,-0.14440138205734004,41.84215201193957,-0.2027297008804712
2419,41.223944459670165,-0.2384954195122746,41.42560352983431,-0.24398044173767724,38.69093662894634,-0.18420927826392341,40.06323788470268,-0.1836720742113542,43.76836228836687,-0.2746907467472153,41.44861015498407,-0.18878501250309745,39.89142378239257,-0.23172523539135897
2420,40.39042025869334,-0.21390102151776336,39.94753147091275,-0.22073739911897208,36.482867963609166,-0.14879053201344075,37.406420339119116,-0.14966083404645691,41.86285388578894,-0.24778284678377782,39.821824180224276,-0.14504514121593665,38.84443286529776,-0.19143033534537182
2421,39.395990220739435,-0.24751136557502898,39.32163008776475,-0.25959331805427355,36.28005564912822,-0.19545660528101122,37.56839182443582,-0.20053281243707213,41.13673436976044,-0.2902471896139914,38.68692121631603,-0.20417585854710002,38.3410409203234,-0.23626632566632697
2422,40.81886593847556,-0.2512877220719597,41.65328330808247,-0.2675883803038058,38.09631406185522,-0.21848031032400198,40.027437238764236,-0.2126450314807275,43.810536111530325,-0.3032292871056948,39.51740970652191,-0.22253587617324735,40.085161273925756,-0.24600822125786598
2423,37.57956687688698,-0.3213987774962551,39.488036669344766,-0.3423887093105137,36.08641050969111,-0.30519077031489233,37.73530438626588,-0.29992370681228636,42.0298361058127,-0.3578557424663116,37.13667102957952,-0.28667068322905637,36.55524119899249,-0.3207258455705873
2424,37.357794350587156,-0.3488325464351946,39.460084117359806,-0.35451527544216543,36.09863484078404,-0.32511007712868334,36.817639107554534,-0.30515735050952186,41.95443869905715,-0.37848844398955184,36.86460459736989,-0.2950243115556356,36.08589849328337,-0.32971822826859304
2425,40.943425704430425,-0.3435223663041694,43.97360477214154,-0.34313443315471454,40.442946370995834,-0.309949478460343,40.19282259198142,-0.302074791211484,45.102677449778845,-0.3559628163785037,42.01775360620537,-0.29289523762218916,39.71342117328949,-0.3226044706233685
2426,39.564815807476826,-0.32122393604554406,40.616332342676564,-0.32812042067872743,38.120741267376914,-0.29954987039526404,36.73365954990548,-0.2820949823231157,42.27317222696882,-0.3369573470888812,40.14801156169423,-0.26951283730753,35.95107724931297,-0.2968806373018408
2427,40.82453541321718,-0.33265133293957816,41.27274205777753,-0.3414025070562057,39.027386681095216,-0.3154299573482313,38.2190311239788,-0.2778095823763851,43.37542964022691,-0.34190198679249123,41.14611420459929,-0.2799404730788333,37.29964391923388,-0.31174760863268236
2428,39.69131601176273,-0.32530577765371926,41.67975518991711,-0.31946617761577234,38.96902214581017,-0.29715898141133995,37.36995519942022,-0.28015385042117075,42.8014500853859,-0.3202004021285209,41.172976608566074,-0.25934691052572223,37.86934217968507,-0.2980062452010353
2429,40.31008227876291,-0.31595744164454886,42.60173949470409,-0.31595593840060515,40.71322263889292,-0.2829585708592301,38.19106633813011,-0.2596210084747467,42.918854513455436,-0.3062216997003654,42.73317886430989,-0.25389567983037253,39.03985792949043,-0.28583391985393275
2430,44.70133938157908,-0.2804638000265711,46.87448043347821,-0.27551487538595726,44.69598201994668,-0.22859702277380461,42.099433870770284,-0.22869405650884342,45.439483316033325,-0.2814428970873347,46.07161466324363,-0.22684569447002947,43.55270434513364,-0.24519600307285674
2431,45.365992374474224,-0.25697125483694017,48.07681184045441,-0.27793587224464217,45.447106244724,-0.20396837861677003,44.149420094304986,-0.206680995855297,46.519222784760224,-0.25503847512582534,45.544949898618114,-0.22537357079602782,44.55426937348861,-0.2330831346310302
2432,39.82793903486639,-0.22430574308866938,43.22087014283224,-0.2529924428809143,39.88537787032305,-0.17832940395183727,39.243571894019084,-0.17510590218443037,42.10950232957803,-0.22835174106117312,40.302497060699174,-0.2089458793411293,39.61098391224369,-0.19623665068117135
2433,41.18888181678193,-0.17700920782260157,43.98649236762086,-0.20724337917250132,41.329268026663506,-0.14579127405819264,40.438867790761215,-0.12982647714735035,45.04776624939686,-0.18216599958146,41.54094231328972,-0.16559426443646846,41.44593875869283,-0.15576421994470632
2434,37.38745593431296,-0.09454536987691575,40.86506135639023,-0.11231428275212096,38.08916316259543,-0.06645336571485823,36.71792779353302,-0.053277520167018644,41.28475329637213,-0.096933909062168,37.314999839281626,-0.08055278518717304,37.8805447762073,-0.06208631617544011
2435,47.015114099521824,-0.13766722008427695,49.970768701740624,-0.15962653348208747,48.39611534852415,-0.11158045684712087,47.13604756034778,-0.07461571329238165,50.84282570423092,-0.14433469667964294,47.23308907233496,-0.11879178116881338,48.13853614600532,-0.1107059057274512
2436,48.87975848163279,-0.12501907187188296,50.46616088362464,-0.14521364300946116,49.358920009043956,-0.10261025590062672,48.384642152619335,-0.07406153688122713,51.17809894213284,-0.11180983564518694,48.03700848668447,-0.10504386668257568,49.30851041885353,-0.09841923706842805
2437,44.830535190712375,-0.058772939969792076,46.38313366566684,-0.08614218671879512,46.39138008866457,-0.03981042840464491,46.094908066397544,0.006403909750265276,48.16970778682722,-0.05554423826381709,46.16324435521776,-0.030429456511196294,46.40418488880613,-0.029196849959251557
2438,42.60376238975576,-0.09127123390568805,44.21845175912111,-0.10843461179585948,43.92815966701942,-0.05314803036939051,43.64122716731931,-0.02256945163408604,45.63960055245288,-0.07108258821672352,42.19969818316952,-0.06391337722393303,44.461424807389534,-0.06379285766096215
2439,45.8376318823276,-0.10316186950005671,46.33681778051303,-0.11335520397555642,46.67417188662977,-0.05043351499102876,47.08929314057866,-0.042870912494796576,49.325193627463605,-0.06499524054849067,44.84286439415506,-0.0885891407408002,47.24334408718583,-0.0780655365722765
2440,44.96906893523102,-0.05598241185678933,45.22217676325802,-0.08311437645196997,44.54884389715927,-0.009067928009497185,44.727211433901914,-0.018027003851557213,47.2175281641305,-0.023254637270543402,42.090947895619905,-0.05139307577285884,45.75713613860091,-0.04110301792663268
2441,51.145967014170175,-0.06427497332181968,52.21658089947044,-0.09619651405165645,51.215160673508386,-0.020477836650783038,51.358079873287394,-0.022989184744574724,53.51715136152295,-0.019239864264009924,49.15656588010009,-0.0702252048519965,52.02105815054105,-0.06740261985510435
2442,51.40931081042127,-0.01487869999112509,52.26655602942201,-0.044206413109776466,50.623224732811295,0.03378807679567403,52.32165905685812,0.029670083771776247,52.916463783237155,0.043081004879058006,49.54445991354967,-0.018656293953798992,52.96068634948236,-0.02823819935940398
2443,54.03378177420954,-0.07392643737996035,54.5307853547689,-0.0887062025190802,54.85215536833914,-0.024922372774407363,56.61126012604466,-0.03980266715993408,56.833917854931585,-0.018182768608107802,52.94620030012197,-0.0672739295460369,56.153095690038484,-0.08728372617543811
2444,54.849533117957,-0.11690040903130022,55.23511765269485,-0.1326221395814206,57.140267686055594,-0.0696145913356233,58.00740170294161,-0.07772022692392788,58.414302676989834,-0.07176472037060191,54.61164086735356,-0.10655487952371365,57.31125919555051,-0.11986718618998421
2445,55.73446593007452,-0.09854546475301429,57.05832342014081,-0.11240490197796639,57.97898502340165,-0.0457702146273071,60.14322504871092,-0.05679473156202691,58.14050295331092,-0.04803348327971562,56.08757985894539,-0.09813983572009458,58.45169243796622,-0.09514430952987882
2446,58.92419358965271,-0.09282721428537727,60.490591592729444,-0.11411766668234047,60.26699592232479,-0.06379931158365651,61.44451854636144,-0.06743021085697132,61.15939541072899,-0.041967329531457896,58.84995007656301,-0.09821054335229235,60.450081280825614,-0.11059393324089815
2447,66.13241805932459,-0.10614105329322404,67.5229746490699,-0.11893256444746214,67.70951842779357,-0.06617984025266752,69.7644388111468,-0.08443395608533309,70.11277647809756,-0.04513148847104073,65.89027864162989,-0.10300517627243246,67.48292396999096,-0.12274916289571831
2448,60.51409453794111,-0.05816030663886321,60.41810360374476,-0.08194301404608953,61.512391683457906,-0.020410726245492054,62.96832928449673,-0.045067386735937305,63.73665551984114,-0.01360879362456711,60.603624883858494,-0.061713196174805904,60.89566174258695,-0.07356286403181601
2449,61.461605949436006,-0.11006161934396018,61.417343790010015,-0.15271175614653193,62.45780773851063,-0.08538602462916689,64.16357269915063,-0.0981814061505464,63.66284252759154,-0.06883628808926512,61.50843312449619,-0.11126606934803103,61.8291933932148,-0.12974432585150664
2450,57.41419002493572,-0.16834154263664267,57.414255876220835,-0.20477038137064307,58.35903070957856,-0.136078768300076,59.6247916627852,-0.14921128628881355,59.09316723033346,-0.12563322210317057,56.77776205146277,-0.15494727879422604,57.109780809285894,-0.180032836362863
2451,57.97210638884039,-0.12976957818081206,56.36800397815607,-0.17423369857535875,58.93039001512713,-0.1182582588396141,59.60964777135509,-0.12184621875921023,59.484982012308556,-0.1048783406196736,56.594270327311456,-0.12949619619471245,57.978894744756545,-0.15174644326728665
2452,58.875555709944685,-0.04004090845832017,57.81745570417855,-0.08504132394050452,59.5587419982293,-0.04298913500062335,61.320900068650126,-0.02645208820909032,60.834171056702,-0.02717632315947699,56.94234735875399,-0.05300095662802751,60.257334927969815,-0.08249930293755933
2453,62.544032297179,-0.04255122620289237,60.93650044401785,-0.10616108593085337,62.20035411629985,-0.06318995371944611,64.38521668088319,-0.048189424556773865,64.43584061402744,-0.03510036531551668,60.60981582538295,-0.046623023292644165,63.476488532165234,-0.09532072077188097
2454,63.89498205396907,-0.00795983368346495,62.048729563072634,-0.06465686035133603,63.027410875935736,-0.02998285696685524,66.3033742507035,-0.01607861237041831,65.67075476198099,-0.008259376729328964,61.752900330320735,-0.023766285836987082,64.54609180800038,-0.06280275811972238
2455,61.857740383690114,0.04325355572620114,60.0931579373941,-0.017072164125166718,59.92777000869131,0.02127391105243069,63.572712141340034,0.03392513874850007,62.25026410943492,0.03411931422098127,57.71906767585869,0.042855315872455294,62.27684731165907,-0.014359330326572085
2456,57.83444660349516,0.005242647348434992,56.69618059288255,-0.057572475189520404,55.42226575901266,-0.013261886960356527,59.14958095228251,0.012237149888592794,58.99719862908459,-0.00992057748622895,53.50824849608578,0.0008149829876256546,58.850365815272326,-0.04615640574573186
2457,54.020271914813065,-0.017229437726229903,52.827085973271664,-0.07802472896638059,50.175232510437795,-0.033512434668872194,55.104049924767054,0.0005639881041877882,55.32909622064967,-0.0351034749091695,50.11582047135281,-0.013138657092001724,54.858956616523564,-0.06306675074196083
2458,47.368338562363064,-0.004409864030730409,46.23337541099808,-0.05475790320126492,43.89245432464907,-0.012681431552293482,48.15299513215421,0.015864096557944036,48.30702552251795,-0.028087903037793526,44.46059235284209,-0.015881431867192607,48.04264879720128,-0.044589184192127304
2459,42.86096791745003,-0.09602482756069111,41.63714224083077,-0.1434257580242932,39.56386454238347,-0.09813747592349226,43.3181332442943,-0.08160413533319694,42.25306828144404,-0.12418103361752943,40.06549408050442,-0.09795366373001324,43.64794290336989,-0.1324097030056745
2460,37.22354384745673,-0.08210259485711709,36.63583827395278,-0.11397315505905448,35.240707819125305,-0.063935815062779,38.55952179347891,-0.06249641813128918,38.256251965909605,-0.08677356209239764,36.36452844306943,-0.06781871591252481,39.72691478284787,-0.10147994240386801
2461,40.991790892726414,-0.055729389156555946,40.64411340215156,-0.08035181074087147,39.62079446987381,-0.054097535686538814,42.45746316840389,-0.05146474555393139,43.02527659960638,-0.08109928662996754,39.95165435239524,-0.05483537930341608,43.876912954222576,-0.0800426110735513
2462,41.81842098149364,-0.01156996206665257,42.188223662285715,-0.019636051581104524,41.496960637385946,0.007072480534528899,44.690539074780034,-0.0033780071040395137,45.79332066561987,-0.015605104840836572,42.12094257744782,-0.005520486541597993,44.83467084646476,-0.034351329454638785
2463,43.11384201275506,-0.019026924439565343,44.37667600867382,-0.014967489635365941,42.622805954943566,0.012467489046508236,46.211916749748454,0.0016469748362470426,47.97785346387678,-0.0023301162841766,44.21470487385889,-0.012381868841259351,44.64283802217451,-0.016959426002837813
2464,37.18419109113143,-0.006636269198338731,39.34253361172293,0.0011173500842564382,36.29726607434572,0.034806523657267815,40.08440934675826,0.028367665056087392,42.2190015672532,0.03961060978431005,38.480871637981764,0.010577432355039341,39.34527435172479,-0.0028644906478280073
2465,34.31573556302164,-0.02894821548592804,36.466235757232994,0.005487917666439218,32.97270524834195,0.020269423434775426,35.669462852343685,0.016331907925105055,38.79807098039055,0.02087797774771284,34.58770620946072,-0.025967286975873596,36.20974459509376,-0.02305679386026993
2466,33.52188087989755,-0.0569169539990296,34.345151774220746,-0.04363693718671096,31.946621003789133,-0.022952896127023042,34.083889534101736,-0.039835667510822396,37.55621277965973,-0.018483095431614423,32.43915637039109,-0.06432900511762225,34.96953004846524,-0.06679031842074601
2467,33.30159300051666,-0.0318038897991606,32.91456861901557,-0.032212711971228485,31.825215722305252,-0.020571698774536497,34.0587235451988,-0.01999406654638819,34.97958362468626,-0.01988544550900447,31.30231943190591,-0.056123227330815824,34.87521251037358,-0.0615194086124163
2468,29.50813664974753,-0.0033799643804183687,29.536660160170882,-0.01109772367570753,28.739095698103306,0.0011575182884503285,30.41419195416635,-0.001313592013260038,31.325409887321463,-0.0036919315846954733,28.658525708111192,-0.038342825533690596,30.823127798897396,-0.03776514328915496
2469,30.87178499004198,0.018129407633151923,31.898129598364502,0.0030357887916010375,30.92218462961068,0.0238570905991818,33.53782421172377,0.008122611650018863,34.66184245771155,0.007148257416130002,30.45782293068197,-0.010870787914068362,32.64935890524514,-0.02524055906354938
2470,26.96870804016463,-0.032134793683913185,27.82258409543568,-0.04422105266115044,26.849779105120763,-0.03461191043934167,30.398668296742386,-0.03177631935788363,31.21329360905672,-0.03511260424776459,26.095623659261697,-0.049809580806953246,28.770620301795738,-0.07086396227828229
2471,29.072170403261552,-0.04704646042750936,29.98965727690324,-0.0527117457777837,28.786441222760022,-0.0334261098630014,31.406840231830348,-0.050278967483944385,33.44479075453985,-0.046104107600994815,28.087930259173277,-0.06287774449901096,31.48806683089505,-0.08063102649497426
2472,30.279643315623904,-0.05391894775388593,31.794896204212005,-0.05648503807349149,29.82332025041277,-0.02756756593935599,33.170679863606914,-0.051415886591981125,33.99117326249375,-0.044108386672698556,30.47527431654235,-0.05990886865869499,32.54587257645476,-0.08758506347511494
2473,31.284596976419493,-0.031503866397788044,31.57123237915217,-0.01903456099506182,30.399969251936678,-0.00037700364914373605,31.876256718809554,-0.020013640714730947,33.88113141347653,-0.006733689653326319,30.756457142903912,-0.02025600427007411,32.22907059533916,-0.06456998224639289
2474,36.354655643962765,0.03303094595763726,36.37704261555995,0.04082069330375918,34.59939004719847,0.06705176559943705,36.85438625436386,0.04944832204382907,38.44324132820025,0.057229402615578476,35.64047683916753,0.0394090209666127,37.26893186128942,0.012533286606319222
2475,35.07569369132201,0.0645107531443537,35.26249483127886,0.07360351007826968,33.40558001419464,0.09441857473583379,36.167955824495905,0.0790071240718738,36.59122930632275,0.08619580696521344,34.79023766209258,0.07323318912621721,35.88720948263366,0.035928712439284985
2476,32.932959000707605,0.10516988390735103,32.973131355986794,0.10231760089611222,30.919521042395232,0.11534781962246901,33.56344124916144,0.1181670632032286,33.74436005247265,0.11959483210341845,30.993248790852448,0.10883871908644525,33.745093817986145,0.06705250499550616
2477,33.332915014981275,0.09544298260302983,32.75784704819169,0.08860381434955752,31.95396174599265,0.08456018754451208,33.59037259047963,0.09491277390491153,33.885705952805786,0.10153647765699145,30.987521480053346,0.09084024943171737,33.568755046800206,0.04743806321818855
2478,33.71456714867022,0.046953736296570285,32.06939940957299,0.03440390796985436,32.20923199543969,0.0533910817505885,34.370516765798875,0.06125639298207384,34.39263119502005,0.05366167718910016,31.80963696105715,0.05395804740376523,33.31308769404232,-0.004766699956498074
2479,29.24034324234301,0.057775833263445694,27.951223772128916,0.03625557236612534,28.54817382072732,0.052571383675394226,30.710456278033025,0.06821614723030488,31.227846506587653,0.05986083434745712,27.813315673165192,0.0640348888502553,30.350400476521813,0.008530137585640113
2480,33.69145751667546,0.07342031191584532,32.59059259321757,0.053973656825072144,33.0418867914515,0.0680307807095736,34.109238978408655,0.06937746649948666,34.163844061980264,0.056589108185043376,31.786305239648822,0.07051369613751951,34.762449061192484,0.013164742400268527
2481,36.199494271652995,0.0767347227367693,34.53223139596447,0.07191697675333576,35.02864287817673,0.08609429778820257,35.848172003700945,0.08942243283733262,35.3870651207493,0.08377805316771197,32.80880530754186,0.08759372576313648,37.75556134479688,0.03264613887734796
2482,34.91036101624681,0.01163936292364963,33.12635945043754,-0.002447130025714628,32.590250305747325,-0.0011065095979036505,33.87623181453815,0.009228857495791581,34.091330236092595,0.01053196816533129,30.294958197962952,0.005575570511788943,34.72250724974689,-0.049620132323384865
2483,31.341611917940625,0.030383796621634363,30.465936126799914,-0.005322279862283905,29.96179786075137,0.005347164619261526,30.378340355836094,0.025153210595160295,30.885689092045645,0.01896518400389509,26.44824273318183,0.013551098463486795,30.39376385784547,-0.045630235685118314
2484,34.04996730854866,0.11736210762969645,33.168515982961516,0.07387166771552477,33.10377412143374,0.10456608262735088,33.65124759395487,0.12081445923240021,34.77995873518317,0.11257368409207864,30.873364758337782,0.10736171180924135,33.555767153921536,0.047619052182016314
2485,40.463319195617245,0.12612939203101114,40.59331870484325,0.07855864473935001,40.62065518001897,0.10981300821589825,41.36467887459199,0.1187058317907595,41.37946488958585,0.10676236405643014,38.64985187679033,0.10140713618339298,41.64687113174364,0.06806673213182712
2486,42.080846327791676,0.21703319989277206,41.68953231941971,0.14846428529628947,41.93609881219936,0.1995388427663407,42.80152499841662,0.19643291966274304,43.17167151119292,0.1900889928604055,39.21668842458854,0.17195813488858716,42.82390646697265,0.1473886822408977
2487,42.21217201155676,0.1990977161448068,42.67777660203539,0.13103680080965088,41.8446236743442,0.18527485723591558,43.492727774556016,0.1749023273186739,43.69245792305833,0.15521111502728308,40.424883913335286,0.14556103888395158,43.8362698547835,0.13631613377169866
2488,40.67332894383238,0.13716617415899354,41.98842517473662,0.0704415094612166,40.536079407868215,0.1175239740415971,42.27894559515793,0.11165816711716864,43.01361928066838,0.0944236608410944,39.11004673489422,0.08077609698267556,42.76498126921611,0.07038830101625991
2489,36.89068028312621,0.1202015531085096,37.514749444083854,0.053788316624011234,36.843984531337966,0.09893848919712403,38.14916143928069,0.10445164071986844,38.60322129299353,0.07870913585126409,34.888516632530084,0.06466017867646721,39.028515115241895,0.05987843198114248
2490,33.97246921940739,0.11670715725984271,34.65339019710838,0.08730932591051392,33.353101178783,0.10884655002629451,33.60235586778992,0.10239071413264607,33.843817125376745,0.07846338059919278,31.42205475817587,0.0583525726863998,35.07586521994108,0.06408822318679756
2491,34.7691421307725,0.11711201891390208,36.384127626281646,0.09434935718556858,34.258013014131386,0.10473362727577826,35.834592041291685,0.08848476248157491,35.6660549455566,0.07123199885595399,32.254303883617126,0.053738361830278844,35.1592274382056,0.06458058841831227
2492,38.72680375128774,0.13584897386380504,40.819691180046846,0.11883563493946814,37.29471777049265,0.11962388386421577,38.88762718194498,0.11411757455823139,39.465434560620764,0.09349718847342202,36.27185330328195,0.070880412567218,39.40050859257173,0.0838692562724361
2493,46.0673398628644,0.11326156776678119,47.63314188929332,0.08591733013400743,43.69690640865632,0.07995345521008584,45.1774884261357,0.09844029520163408,47.20315068062425,0.07026881118607373,42.48370746906237,0.055160761671453944,47.15971666395488,0.0653758190260593
2494,48.78416119088665,0.07004292542515456,49.39260515011818,0.04760933755987343,46.40341611780627,0.050534750202046314,46.73143236836465,0.0706252668825901,48.743717078521755,0.022728013851808105,44.740366104519644,0.019159847028200182,49.33804973214066,0.028385234182982375
2495,47.39663567214437,0.06728677421921739,48.928143880641514,0.046919715895273065,45.44982976398999,0.04403260375278955,45.274679751793414,0.05797341349122567,47.38317619730733,0.021406599844449786,44.07622637561934,0.009435486714870378,49.6296200208384,0.019521529645126573
2496,51.13827506745331,0.06493706336243783,51.549888868387015,0.05498565509476292,48.36545767998449,0.05297620042886994,46.859896625121195,0.05721444794863566,50.94216546013741,0.03624487560811614,45.72122881984182,0.016322790114288534,51.19106892851683,0.022057471741232192
2497,45.101817163685226,0.0461150871804692,46.868258360719004,0.038076587696778484,43.47492462419062,0.04811030148430247,41.78374406778012,0.047668314592646185,46.30949123159316,0.0218160421396629,40.42806672340704,-0.0034177534966320124,46.496112100227336,-0.01231799320693214
2498,41.070458193079716,0.01998929424649586,42.748092176074636,-0.0012892062986107726,39.42774489348696,0.022161029645830232,39.01849858713464,0.02570847465568042,42.72348600957631,-0.004241909332177675,37.01105714129548,-0.029913806391862086,42.167415188079325,-0.046832230840320094
2499,39.71300678892191,0.0457956265199385,42.01596922497366,0.0376595942857902,38.752034173170685,0.05558394886611569,39.677295102527765,0.06716920961558695,42.35211575938749,0.030181489679137922,36.49744427604312,0.005001007697446998,40.65521401885857,-0.009916788419482424
2500,38.92673043539545,0.025700664233932653,40.72195040361124,0.01641218038820222,38.46970332056087,0.04065900622135069,39.029801091990635,0.048515387131111004,41.85422421569218,0.0025021021777188812,36.38052005455397,-0.039081345323756886,40.82974783681252,-0.038660549590758174
2501,35.91095048270299,0.011903512596575561,37.97010152102898,-0.009849613856939072,35.79467880739071,0.0284680133944634,36.218274307605995,0.02898782795862044,38.44323687204615,-0.016736120208628327,33.31124589088664,-0.06839412285130897,37.843987905766085,-0.06294905029772535
2502,38.039145049319444,-0.07057248007113419,39.573985992126886,-0.09749939692135773,37.62821947316188,-0.05022463948128556,37.220172287493384,-0.054799448152459254,39.160939490628536,-0.10820392818573507,36.19178673595898,-0.12787104793031506,39.017241323222876,-0.1462018107178391
2503,35.19718640129276,-0.0647906974804314,37.73107374441752,-0.09569437015971338,35.055209512638804,-0.050010503242003075,34.31211482214911,-0.04257269494828991,36.32629923687469,-0.09532251901686598,33.52935297644129,-0.12771805850957732,37.3781155362954,-0.13314260162311076
2504,37.611517834785964,-0.039931026583290216,42.51766278768432,-0.07489511440719318,39.358456073210334,-0.033492457471445594,40.37988163513782,-0.03155705113735179,41.08928582425391,-0.08292114549412048,38.55952190951625,-0.09917403813430906,41.15757073572058,-0.09979799474542288
2505,37.369322448957845,0.0593837684474903,43.71085627975396,0.01705784137406291,39.71798540279308,0.04805426044655453,41.76054328072539,0.06404878808327645,41.099550344687046,0.004629926188715491,39.175210671602926,-0.0007972966424661734,40.44925477333864,-0.0262396804040144
2506,35.24059121112333,0.08409351048257899,41.509944401032264,0.03825744855548618,38.14077228168264,0.0671209161321418,39.17940582892014,0.08609951734135346,38.685848075018484,0.021408082065870866,36.68876202556708,0.02468211066073122,37.716918248196066,-0.011552384638837593
2507,40.88584176953358,0.030853859078587627,47.78847913241996,-0.029519452807921478,43.68706276573732,-0.011035225775233998,43.16755194312896,0.018791705444364162,43.56198196135114,-0.04747655775708534,41.019620278492454,-0.041286752443780335,43.019946171339,-0.08431385623364897
2508,37.806126729696345,0.037705366394790656,44.12638069986511,-0.021697106915729507,40.16836705111426,0.0001041686763785521,40.366500205486744,0.036791092246006143,39.16675701319185,-0.034549077380701065,37.938982428133,-0.020278368791020723,41.25565658036575,-0.07073311860159094
2509,39.689736433738155,0.031324833191223575,46.8232057532224,-0.020573275260919108,43.62949491962641,-0.008010736330221277,43.46031993413905,0.02621060840320888,41.1884201084267,-0.028310931954017418,40.116651978015376,-0.02300357778578578,43.48528384351446,-0.06397431725669751
2510,32.13272717905003,0.04525167343953412,38.34466729089367,-0.003999693618015519,34.625914677654556,0.006649815717331489,35.300350985058614,0.03227500073018962,33.03421013669544,-0.017140309294200386,32.386709907010555,-0.0030808497241105164,35.986783571250584,-0.05342033948644894
2511,31.87231862514078,-0.004103362009119732,37.483274386777346,-0.05680000972384994,34.25775917958732,-0.019607975101100777,34.85072706394371,-0.003630223604618621,31.92329345216729,-0.057042849579967594,31.218369515490817,-0.053607318634336126,35.64747839125117,-0.07829594782089225
2512,35.461459158188205,0.0003490762093125849,41.581395884553515,-0.04426339075375062,37.23180373867409,-0.010311422506349754,39.22231415031387,-0.0029791906637401215,34.86573698828905,-0.04231032468805669,35.83347857516641,-0.041265259967391124,39.35867174216878,-0.07761912526507471
2513,33.55952139857493,-0.04336781840150746,39.90625275627528,-0.08537447959320302,36.5205192507808,-0.037907154478952064,38.34430788633039,-0.041002593535696547,32.20057333867835,-0.07600750062579358,35.33921603583129,-0.07586852920044695,37.18884109874645,-0.0920388424816056
2514,34.15593126751622,-0.050505775973802944,41.96796648979456,-0.10587727807972026,38.69382982873401,-0.047247639509280834,39.62459780851012,-0.052968378777807565,34.14443385214457,-0.09248831013476724,37.28479742067486,-0.09307830652415797,39.049915571635125,-0.11187527265424488
2515,34.681139173664974,-0.006304881937900374,41.29083241782408,-0.06398560323641961,39.850392676236225,-0.0082850995319106,40.26939971182007,-0.017909943219281514,34.250496176160034,-0.05390798008324543,37.819314038156676,-0.07131030572062205,39.26891835004157,-0.08646646885110729
2516,35.54400260955927,0.003927898806433735,42.674138712367196,-0.04095407612871431,41.33215036054182,0.007800124032098704,41.80936578561513,0.002621673357956565,35.34271918011026,-0.04361124358880777,38.20479657128922,-0.06731440635817817,41.6089648295679,-0.05823436353548823
2517,35.489050654302396,-0.011653800997605927,42.83812248277211,-0.050686761082799,40.64299908406336,-0.016972417929568828,41.5929736718403,-0.007467549471111785,35.89297477621104,-0.04949806072448752,38.27946040533504,-0.08862765869821734,42.334297029877,-0.07507333464294261
2518,35.4685091287522,-0.04146856739506584,43.19234325018026,-0.07967105594293598,40.09382990905581,-0.04827751567437183,41.583835447673096,-0.03994094619009182,36.253942356001915,-0.09004231319266881,39.693682458409505,-0.1242671894586437,42.990922888687344,-0.10939666265683029
2519,33.464884537363126,-0.02893823475927447,40.90178753138404,-0.06766874571583206,39.18846194983849,-0.03600869558608156,40.40035744440761,-0.04168587098963507,35.75315253345983,-0.07969983347864493,39.17236560384993,-0.11450653163662507,42.75875691503516,-0.08710435548013293
2520,39.07921967438123,0.05661079598665579,45.731615941761476,0.016890204066091027,44.434622056162596,0.05441663741251697,46.332205115099896,0.05057330157816049,41.617046913216925,0.007891453717707268,44.29047740474633,-0.015684462008293907,47.85004018442349,0.010158422242736182
2521,40.76266224238614,0.01612786760500856,47.2765102384998,-0.022104729847210503,46.42338866859372,0.0122450149463421,47.29509568651274,0.016766011664827406,43.58457756154182,-0.03633376018038748,46.622203069147126,-0.05647140808367037,50.11088977924941,-0.02726158032005122
2522,44.19607928427798,-0.021834901049123175,51.766692956451415,-0.05495090321114567,49.98234654822802,-0.0259642600421755,51.70122114334956,-0.011967003681872188,46.856181630207125,-0.08545674626718623,51.09829308161,-0.09384337822317051,53.8104464913838,-0.06265580831320705
2523,40.10087551153048,0.008357970774331976,46.70684711594212,-0.01622090831678936,44.839448477707165,0.0062539576234756575,46.76349442053396,0.020209136654400744,40.96173922688375,-0.05055684776705292,46.35145899448089,-0.05524882572969249,49.33361390051863,-0.0280258143863006
2524,46.411490013013974,-0.0062987325906704375,52.73024986892298,-0.039611034389931916,50.047381115970495,-0.030232679401983716,53.15143267605621,-0.0021124057312725333,46.28840672222489,-0.07600065900053828,51.510194161050606,-0.0844489147861381,55.11195814082055,-0.057579428960340864
2525,45.79492274689666,-0.012316868148064895,52.986179281773325,-0.03223445254530902,50.18855218066317,-0.03537886648688776,52.45786642299102,-0.0003027598819516017,46.81629960401209,-0.08768161183339952,51.014852075953605,-0.07906900697752302,54.28699379053682,-0.052822793087876935
2526,45.30384982591375,-0.11538577109668757,54.341975973884935,-0.1370744801073024,50.15353468140758,-0.13778062629234528,51.564354610702566,-0.10802958902137985,47.29745593560121,-0.17478470289273437,50.652864162808655,-0.1902919982902096,54.18888689517344,-0.16582716083101448
2527,47.09194904156527,-0.09206121299267617,56.18047720164051,-0.10703944927953869,52.76338353119132,-0.10940736401429067,53.118535540721716,-0.06813691431255893,49.225555923100416,-0.15218288744866149,52.31847068061857,-0.1730897331483155,56.38354484949375,-0.15338630924883942
2528,39.67944677455072,-0.14587586250699197,50.85047747145872,-0.15502499386689483,46.715118141567075,-0.16610702720973572,47.02073335307983,-0.13097671369266162,42.359089354028036,-0.20691160121924337,46.30606254158168,-0.21309508179067124,49.9394483888385,-0.20917206664168184
2529,42.116300190913606,-0.10492104082136713,52.074458301180755,-0.11312912460493985,49.310417974043304,-0.12348083136627967,48.328245636769225,-0.09179920835536351,44.66877478978709,-0.15248409397769921,48.271254084309156,-0.1665001211190357,52.517896290187494,-0.16090398441354173
2530,45.57093626443617,-0.09261425836292134,54.92203095957258,-0.09494759374753647,52.10143388434146,-0.12665811845849434,50.96516490770243,-0.07959424446178312,46.78500453658969,-0.15862213668540628,50.70575264697118,-0.14410119407017283,56.11092143419745,-0.15535838866252552
2531,48.34343692382114,-0.08690973587334577,56.856794240759726,-0.08183362620597684,55.60868877133154,-0.1034462475705571,53.176342105993896,-0.05111969439920057,49.2943351224112,-0.14060463790054695,53.369379612624634,-0.133171214793159,58.83881891303208,-0.14182503855057024
2532,47.940733515172084,-0.02986796246142561,56.19178876204808,-0.02151012465035597,54.638478577853505,-0.03502966689982615,52.101064191204635,-0.009592088551401014,49.00298702602643,-0.0824996353469071,53.06427000145101,-0.0836392526909798,58.636586966327435,-0.07923489070686891
2533,54.33332876331428,-0.026068740044786883,63.32764148469668,-0.010176670947240798,61.45372010188525,-0.012512669207669115,59.20123098028178,0.0071169617481447595,55.647039451903275,-0.05540722282423079,59.302128838499975,-0.05844983653734022,64.16008343010046,-0.06082806450050189
2534,54.69871889693118,-0.0707145767800443,61.699164087321975,-0.05174822790021942,59.377421468559454,-0.047839837971840604,58.3834002510336,-0.02603791868158925,54.889077602044395,-0.08483236225249882,58.73468873835221,-0.09778876254743891,63.791266549651446,-0.09303792802820014
2535,47.79950550903857,-0.06136159507666307,53.80095711502246,-0.049037906759432294,53.047639765620204,-0.04232305350949564,52.12702737742492,-0.022601430878906148,47.923557763701154,-0.07243017788158505,52.011569712699966,-0.09893380685486801,56.30666121186483,-0.07915713707719625
2536,44.486671246425814,-0.018191958191672845,49.92918891346319,-0.008897224594319197,49.33380980366546,-0.0047287920085312615,48.006296914243414,0.004033956222045502,44.89054282902623,-0.027281060506045025,48.63310156558999,-0.06387141944894845,52.74086620447037,-0.029443686023908826
2537,44.77120709495377,-0.08241251096893086,50.78339525864499,-0.06965940777174393,49.811072907035566,-0.06903352311546253,48.0471994505691,-0.06695656464649767,45.50056277965961,-0.09576324295314327,49.019184916837624,-0.130943851898702,53.34507235874243,-0.09963201640536762
2538,53.60924994544647,-0.06337017019915167,59.21252434152012,-0.0718780857453053,58.45662649401782,-0.07540022001156815,56.37437112130531,-0.0676926759408853,54.92051513263547,-0.09215738524103934,57.28060496485608,-0.14084933613092146,62.41080057091694,-0.09131187076599685
2539,55.838145426442054,0.007106545953308346,61.73902275494303,-0.005530658564877784,60.159828151969705,-0.003961031269438387,57.9279309985904,0.018133173720096867,56.90711294208527,-0.007519387445348314,58.91227404345146,-0.05938565908720307,63.97592399357312,-0.0033477879876313687
2540,55.333374497631624,-0.0025161759388281496,61.403028680105024,-0.03178696327972067,59.4590434985291,-0.02280132249094649,56.711473517219574,-0.0029595726847648426,56.1429757043366,-0.029763610125485136,57.9629433328046,-0.07737751183397393,63.28516565602379,-0.02694079401272917
2541,55.35929456759749,0.0021826278738987584,59.25729558083455,-0.033056216912890166,57.720715757176734,-0.01579440375464436,54.557992752118636,-0.004373103356532678,54.83980035100144,-0.026683902306361956,56.38978891332505,-0.06695911186886469,61.39731116983677,-0.030241013007531185
2542,49.89303679846703,-0.016548048780305753,53.699308950977134,-0.06589319272974202,51.23580260154811,-0.02914862634212094,48.79212131909292,-0.036596468283617484,49.28402501158092,-0.05826214812650164,51.292449948913976,-0.08993837172718507,55.33141667156179,-0.04783975089387117
2543,53.87587693467972,0.03228420750754619,57.434511343241745,-0.027386617572170494,55.05189271506242,0.015862309620073525,52.670553619771596,-0.01612402325721271,51.89646383554233,-0.0172787238178676,54.542526408011476,-0.05823936191346479,58.73953823341867,-0.006803276712110402
2544,47.41050963660772,-0.023817691400954223,51.52387607116956,-0.08065275693708539,50.16867538307401,-0.04697684445582344,49.522972802037124,-0.07451787849355106,46.50917078876557,-0.08515511829362037,49.44339563696781,-0.11867983182806711,53.66189877663284,-0.07580935347474589
2545,46.44293294695192,0.0014329282096308474,50.16932202150774,-0.04984914968741977,49.51224027383742,-0.015645748435877703,47.230501639159,-0.05373606585269334,44.95101459037633,-0.05630550022380448,48.11666850209032,-0.07402149238976502,52.862292068159526,-0.046366414574676704
2546,49.85807901028453,0.04779463292454569,53.70470700405002,-0.015438956786397798,53.18901746969826,0.01782745592677857,50.452111535954465,-0.011563744937929008,49.04608986830931,-0.02572181904120083,51.59467548477318,-0.03753682100322708,56.01918909290097,-0.0025610832650014275
2547,44.72902163304609,-0.0053487963486320775,49.02835475290141,-0.060291551905368675,47.89223251902057,-0.032716457868142826,44.80768841638274,-0.04283973762793186,44.165785886419435,-0.07282645354715271,46.75389797841467,-0.06351435884682803,50.32396414438928,-0.042913766163240365
2548,44.58166728072995,-0.013094645665100525,48.806794022181,-0.05302666505161635,47.4690969014512,-0.014285130491588742,44.31339199642019,-0.04467391916699525,43.61789880478401,-0.08562678045305949,46.35410486270231,-0.06558489467798892,49.18665995779436,-0.044711555786959054
2549,45.19087580691781,-0.06964517703617765,49.37674110106709,-0.1164824333638377,48.794778802134346,-0.06999882910833251,45.21331056172301,-0.09121386525357741,44.76324954340044,-0.1301916848063441,48.37992786572656,-0.1281014707466947,50.04871981770923,-0.09701548353364092
2550,39.98600693632741,-0.006092900973849909,45.155195323026675,-0.035680571264085886,44.745794759139386,-0.0021438341812275025,41.0671661437122,-0.014084039039804978,40.22753819406283,-0.06708537295173427,44.12959826390927,-0.05412794583478592,44.80633409139691,-0.025996303583576717
2551,40.17064755602654,-0.0314108457088823,44.517169446398725,-0.06706728510746963,44.09879866180508,-0.022384792989930923,40.64618524687782,-0.034605845359658154,40.09945509848479,-0.0931157217321079,42.969830707518696,-0.09018776530208017,44.3115137622792,-0.05013824011600595
2552,42.42073940600168,-0.0014246886584268342,45.90870560842254,-0.054390238131133556,46.08105368127839,0.014425621561780295,42.10123432206959,-0.01759757175976127,43.11947178067881,-0.07422036636233778,45.13771771503155,-0.06064975140876623,47.298859595975316,-0.03001034789202601
2553,42.48719371255385,-0.0020067356432330943,45.73154729915416,-0.06842434136540251,46.38119329145592,0.017783559112291812,41.01062377102121,-0.03158000602846921,43.03298803407951,-0.08956766398519195,44.45846442905196,-0.06131851873980636,46.92682478083966,-0.030815624855462714
2554,41.043110921597126,-0.04419748244254966,44.640108975554426,-0.08273854213403958,44.908839338631594,-0.013192397810000416,39.92027185746053,-0.06253896119273077,43.335783588603014,-0.11723631129470749,45.35220596002608,-0.0848176793046709,45.867560386517646,-0.060547198627640006
2555,45.67634503434209,-0.061399751111429306,47.658973359440004,-0.10664850945036485,50.015046378352636,-0.053858207228685305,43.48528334941962,-0.08447607926563072,47.97372420084542,-0.14262243854743858,47.95926275829433,-0.09686467824453433,50.133499895055174,-0.08627087141890945
2556,49.805629108832754,-0.009153267506726424,51.88052497499878,-0.04343432699813493,54.44382920303831,-0.016254512051993346,48.241961230932695,-0.0391029154100013,51.655556460445176,-0.08534881021379682,52.01584299881421,-0.05473894823186309,53.333300575204625,-0.037208732600862174
2557,52.35068200498675,-0.0037558822523059907,55.11692190525235,-0.04134317925376107,56.68464421954095,0.007101490205255155,51.860030242173124,-0.02508268408352162,54.33412757602859,-0.08206306544113195,54.20690330122744,-0.05135053651699692,56.00765308411048,-0.02492946210411523
2558,54.003136825084695,0.019175401745564313,55.92551078525128,-0.026872182471450762,56.97965722299145,0.022063286087710597,53.62740577372182,-0.002847258617426695,55.21065254779991,-0.05467785954160215,55.334012659383944,-0.023930762138634078,57.161228826875075,0.004961011042838734
2559,50.47488056774335,-0.004783436394554988,53.51975932867282,-0.04319793440984591,53.7411974485499,0.0013409059157623582,49.97088959233207,-0.018041276507242274,51.396672931120555,-0.07943873284293622,50.506554751784776,-0.04533739970360318,53.13655653542824,-0.009391733977916025
2560,48.631611993888875,-0.07008417262292688,52.675275683960486,-0.11112961162806148,52.04253860445516,-0.07429552578194829,50.0523104355665,-0.07150134586840567,49.528657250857705,-0.12495016961089128,49.68562582601011,-0.10342046929646151,50.91024250351164,-0.07338196319220829
2561,48.074123315105425,-0.08314954040163111,53.73149526132549,-0.11916091125248122,52.93852654391428,-0.08440197772044204,51.73567974683216,-0.0856299214379811,49.81296581552623,-0.1340776536021982,50.27322815020579,-0.09924531181689342,50.277612061229064,-0.08483365464061814
2562,51.060802653959946,-0.07330083238646454,56.82118177830837,-0.11455385974841663,57.06894164635163,-0.07745664171770444,54.810947131845154,-0.08063878815559358,53.92532945371915,-0.11451957530387007,53.81018752385934,-0.08376534782741582,53.5061171721794,-0.07805088152105097
2563,47.6582241636017,-0.08684620324135997,54.0576385395627,-0.1338646497886158,53.986722569052375,-0.08762154085195081,51.57607634325693,-0.0952815600343028,51.197604881636984,-0.13270108272493014,50.03855435794897,-0.08799321826811961,50.84458212577843,-0.10070947186026233
2564,44.916523427724506,-0.09236609800012142,51.061702754201235,-0.1162467305079129,50.84332094956309,-0.09194171807623629,48.98219730014645,-0.0932830149538074,47.62406072318801,-0.1424112647832138,47.011468894402235,-0.0855837574007595,47.823337418654404,-0.10490826395421633
2565,41.53782124415115,-0.06119234841960407,46.52147554961555,-0.09938806695195025,45.16038179621438,-0.05859414806790583,45.76738653508451,-0.05998508713397075,44.28979339745766,-0.10723490125340071,42.72443180697955,-0.06908242457760477,43.76818534248962,-0.07979018258619519
2566,41.125273705033095,-0.10554350570409862,46.5098102321313,-0.14455729173318727,44.276513321485915,-0.10208438533275396,45.15791292327533,-0.10617396458030287,43.180911215069216,-0.13657604721285654,42.43160591994966,-0.10051497074985402,43.658079986401304,-0.11736651456376862
2567,45.49906893595332,-0.06833591705457438,50.38273241702316,-0.11955140222006613,48.97213109564946,-0.07399357190488594,50.046146354901644,-0.06852244584180658,48.13535833860251,-0.11926040592466569,46.48222773687215,-0.06966301596057309,48.67345105662727,-0.09848739146850863
2568,43.031965940613645,-0.06825521894028752,47.54751161528929,-0.13520980348480247,46.27656450524364,-0.07933040871304772,47.92326227651303,-0.07319981897025969,45.80988994283967,-0.10237127185520749,43.67477168846123,-0.06200315046171859,46.05675692427768,-0.09606372908612867
2569,43.50273459652005,-0.09368006651800548,47.28953950163689,-0.1532339685328568,46.511689066421354,-0.10462146185015095,48.64155904301887,-0.0984638833555098,45.375637667718685,-0.13713687541528352,43.13840375682476,-0.09325872657242842,45.36322064967728,-0.11598526658981337
2570,40.99819907852471,-0.07467923841745389,46.12847301175721,-0.1392809354545511,44.86602561992578,-0.10393209820770663,47.156233093724715,-0.08768020940467902,43.42494885983564,-0.12280616466751598,42.013409590760645,-0.09012775495284098,43.98471753880247,-0.11160461187058046
2571,40.661293158446824,-0.1293871472889878,43.99052894632433,-0.2071292526586915,43.14531178326937,-0.15071843861474454,45.695410708174784,-0.15119536353343188,41.36358435636221,-0.17432766085527224,40.777146522487,-0.13835799669260535,42.0623030253008,-0.1658498400254073
2572,44.33843962958859,-0.12216850654517128,48.20685729211537,-0.18668984474894815,46.71766327350987,-0.13448606331997012,50.171304493963255,-0.14128288230096464,45.22474494517261,-0.15414328279524184,44.69183175758105,-0.11195660320103154,47.19003984882325,-0.15552636885676738
2573,44.87954812013149,-0.11020424500149198,49.08245132059686,-0.16691879687073188,46.73502891430002,-0.12533186922414183,49.796367737783115,-0.12764544747382753,46.705327673532004,-0.12313203094657141,45.11141005736866,-0.09380453069923562,48.38692183770799,-0.12342032444432476
2574,39.86332729018916,-0.05719247770558753,44.92114148445785,-0.10647937053734949,41.693068199692775,-0.07470888843886501,45.24564308089012,-0.08262676172757,42.50932856932038,-0.07568985714657665,40.267574105889594,-0.04025805863954716,43.89289494859436,-0.07102988679707885
2575,46.565502261784985,-0.024996837007403332,50.68468988633927,-0.07070945179691923,48.28276504849149,-0.03961496974008959,51.25942077341388,-0.043771460386742234,48.84037010353282,-0.04404037345432032,46.265710125272136,-0.01087319358189899,49.74206161229703,-0.040491496036849324
2576,43.370046861866996,0.04468175941169966,47.141999441979976,-0.0030520694983054986,44.531646044362446,0.0267971197911573,47.88101275370684,0.011041850579281273,45.422142121364004,0.0302464481737591,41.50756955562141,0.07090629784854036,44.97325931509853,0.03130679673399461
2577,43.81898878397877,-0.013152530682816875,46.74899849182728,-0.08024262161372578,44.783024099357114,-0.04167385656267083,48.91708098776306,-0.054335081118641576,45.521707321376724,-0.04340407385273044,42.07950711614934,0.002189105900860744,45.717556882138986,-0.02873454704865079
2578,47.37000278190931,-0.02515993047402925,49.381611317455125,-0.0878054881044997,47.83250591535648,-0.04156825554683283,52.642698359234785,-0.05394660925801019,50.361560202549136,-0.051064055718203855,47.47888401056944,-0.004596833558492171,49.09392746353685,-0.020451622748140774
2579,48.258574306994355,0.01783836197917192,50.47225813980112,-0.06335407153513094,48.48214552177858,-0.0033351123053564293,53.01463230357516,-0.013862575705488508,50.59928229869097,-0.005449396013954198,47.88492761077219,0.020400439697293125,49.027532253205095,0.02385782729066404
2580,51.597641961039514,0.05551913257049075,53.686857106467905,-0.026329584688852718,53.303610444655675,0.02782370462766748,55.92442129334265,0.03510552085831993,53.3853259582721,0.033563362580794655,51.94093328765341,0.03936754525504014,52.74315378550718,0.04608591200217282
2581,56.96750497249081,0.11009270211659189,55.90719547880486,0.01949648276419061,57.57325700125983,0.08457548892479566,59.831258853703304,0.09506852512562589,56.519781137827195,0.09111762631778887,55.508934716712574,0.09690296512290743,56.694189663017596,0.11761142872630706
2582,60.96793765561032,0.077670028811208,58.69577444873522,0.020027543860990114,60.65142574622062,0.0558976876795274,63.10995477559164,0.07792029892712818,59.988717650317284,0.06547877526508211,59.12176047092572,0.06772539195703048,60.65375793608637,0.09182206170170655
2583,53.85606001809782,0.016338316568849504,51.14763850751211,-0.03447442225892118,54.25825459813005,-0.0075936516869501355,56.20255197527538,0.03213466237756667,52.87024083433142,0.010711433167392339,52.73294355351051,0.02099198192684206,54.51803159370101,0.042720970833819885
2584,51.22546162613615,0.10508848061174035,48.62992745794641,0.05529909083405566,51.76485580893928,0.07638055637869909,53.84000776334642,0.11599145741296771,51.125986194183135,0.086108777420764,51.002378101769395,0.11011790130308782,51.837150720697586,0.13982037486373572
2585,50.04095554618442,0.14276215662113562,49.119867089056484,0.08696055099554573,51.78023280432961,0.1122967940912131,53.22512800921001,0.1534774076822934,50.266146596671504,0.10784304945746029,50.73114031977426,0.13333971955059154,50.334013145538734,0.17502406248446414
2586,51.90236934600806,0.11739262359084056,51.19604154465986,0.05764560502870064,52.37858923338169,0.08342603722342659,55.05606076472383,0.11355998471859739,51.567458207671635,0.08015224848888981,52.99712128887474,0.10539381445300092,51.20925867766968,0.13447948732808454
2587,48.667074395838526,0.13454531005729062,48.039112099769675,0.08386516329434046,48.69905651251146,0.09757114140665135,50.7761253347605,0.13539377116120957,47.26166416941274,0.09316398877702098,47.94292113724722,0.12488326326143881,47.92374836482441,0.14727452217401227
2588,53.05235817014051,0.16072849104999648,51.63652389977383,0.09166846518416102,53.6853483459008,0.11564220114515095,55.24928310283037,0.14930415534051122,51.70273167073784,0.09988893427099348,52.539056675304685,0.13051812733841095,51.44490490594347,0.15200547319565907
2589,53.25961152817308,0.17085442520703278,51.62487322732096,0.1029957633982112,54.22469451197049,0.12439635571817131,54.289684374547484,0.1411163437284216,52.11116782473362,0.10892786569739529,53.12042377214702,0.12807906889542164,51.78129242755925,0.15923024652537981
2590,54.85408202823072,0.15085323601253398,53.70112700032277,0.09388204303062403,55.29121430066044,0.09102071843819548,55.541809987785975,0.11925956519781336,52.68605258669019,0.09116933491261772,55.68310425201866,0.10251748647990527,53.29064250106412,0.13435315398754868
2591,58.70085694148987,0.1744801059930671,57.62155539992609,0.13199605374697032,60.94546374881865,0.13553639680679205,61.31711773579387,0.15490415495719895,57.632708402609644,0.13241578079119323,58.88390772781483,0.1477687878741527,56.58538769038522,0.1654896973124838
2592,57.60213938772061,0.20635233862634653,56.580187351593295,0.1682374270555855,59.46212049804447,0.1716302776738228,59.90028424942398,0.17616727853788133,56.58638732558274,0.17217335780885965,58.143304798129385,0.1790834026622931,55.44586572012747,0.187913043617568
2593,52.31325399694657,0.18674614875934648,51.63663335270702,0.14853645377362404,54.537223045871706,0.15419103457354363,55.02851370727272,0.16565440321138933,51.73118100889481,0.1354851932984993,54.06819967185204,0.15780034516948385,51.25666683995311,0.16288006074432354
2594,50.609515106346436,0.18050994856582941,49.090060053040276,0.14116236467985066,51.15355127393292,0.1259342364714592,51.63252790427431,0.1529723081143599,48.79551045670323,0.11684048652569884,51.6233187524184,0.15864097198819646,48.09904667550916,0.14049606667737344
2595,48.97480424396299,0.14393476685702697,46.990085963201444,0.12578075709253767,48.003530762759816,0.10483452626923602,48.7456663856727,0.13475347366889717,45.679470474779265,0.09194147732696463,49.228582975934785,0.13276601120501397,45.87764808612896,0.12314622368197847
2596,52.353490553042796,0.13908875606466067,49.912951689542695,0.12104975956869127,51.14313323976642,0.09826586570694466,51.7586112793468,0.12123970820821968,49.34214173702645,0.09641469687538186,52.73708437624422,0.13499509196789558,49.87768013233415,0.11521621467851352
2597,53.458656714036735,0.08025653126180475,51.51975758233614,0.06972540601564015,50.74084395273932,0.04812609553140684,52.43723087113166,0.07705407852669188,50.3303370447543,0.03645352796458433,53.922257803852446,0.0795249649983086,49.14914946849551,0.061416281143030854
2598,52.996268976940044,0.06299919151921907,50.888061637383146,0.05829355128540424,50.392703782394506,0.04595104498642531,52.8967213678217,0.06366425501806725,51.660998685729965,0.02117506663197074,54.20905379852739,0.06331715650878382,49.24654873537696,0.052048109372034815
2599,52.157638773056206,0.005449502952829135,50.64790437779121,0.00149246647284031,49.76537659639157,-0.006130945140084203,53.28340769881025,0.014756594760228685,51.134739650222286,-0.029904186101726796,54.312306846213204,0.008248948254234103,49.52312575403701,-0.015605738691751168
2600,55.47277012233493,-0.011613379005379428,54.318760106088995,-0.013522900578869762,54.001649318656604,-0.03351267282321363,57.259164126172095,-0.01683811756577669,54.966185770847254,-0.06684892942716059,58.34583555423298,-0.01472773093767495,54.945333061578424,-0.0432176962086559
2601,50.70146346646191,0.06815547637585428,48.73077195862811,0.056420825374950585,49.042541144660035,0.04512912313993985,51.97521754297944,0.04915251812333257,49.13385206742756,0.018049785269903695,53.95627132250919,0.048286870754904426,50.91327626783111,0.039546516727698613
2602,44.45224659340022,0.06954922484322172,45.36817994753334,0.04559843699711993,44.49199406791337,0.05280497252613466,48.55557078370033,0.05184152965156561,44.112577379873585,0.026787248378145556,48.483432941293366,0.0441374327603664,46.538820945056486,0.04643387529956155
2603,40.989154912697856,0.03339920856339827,41.16203250473876,0.019932494603078936,42.28931267653027,0.023998840303734066,44.37543544178525,0.010297393423933925,40.70366820124243,-0.01689535311398104,44.85083866010142,0.00838228810450126,42.96201590388993,0.009477918014779475
2604,38.33041645436805,0.048136687027698334,38.595282704263234,0.03267336768451449,39.81041459523734,0.04095164034295395,41.37048515867417,0.011502783117802638,37.98887772899917,-0.00660423231711138,42.01277070703441,0.0014414373792897353,40.22870009929391,0.0264102351928001
2605,40.78843653860315,0.046992525043607326,40.35442842783968,0.05132125054875532,41.229991629775924,0.04298045470622652,42.60125480215807,0.024667863959411587,40.58688472374498,0.013990210334067624,44.34340293024707,0.018180014182865755,42.378488550255355,0.024765552323532683
2606,39.4471931471223,0.06642050171560115,38.7456037385913,0.07220423164580017,38.8213903314207,0.06144990008630946,42.04073681774409,0.044018691274222435,39.06608111216437,0.03955229626898828,42.895390263965645,0.0343931478620823,40.482501289950264,0.03249319686358292
2607,42.75690937010651,-0.009858914681629194,40.87572519029166,0.010156218740304424,41.09285497704467,-0.0003283104383418091,44.49832149733847,-0.0259575924844905,41.667983083595665,-0.023305272931561916,45.237616929870164,-0.04041979123237173,42.28421815516395,-0.02725180960124843
2608,41.85979823693157,-0.03222207778605829,40.313049947795335,-0.012154462190388949,41.09878658947527,-0.015459529847016554,43.40681705272142,-0.03929899983852656,41.49028310568505,-0.048768031408934744,44.000579175341834,-0.04262706461712921,41.08236112709293,-0.03317844523061012
2609,45.30477456303562,-0.015470602229004317,43.39021405977128,0.010262417750043915,43.96039257853718,-0.005017703998647694,46.00323086246079,-0.024079311627162793,44.21226692600633,-0.028913836931274098,46.826750712683534,-0.022539214216080072,44.07441181587778,-0.023538350557129932
2610,40.041872372826234,-0.01012590625028954,38.786813362902784,0.006889219552413695,39.49231198673515,0.006955473077064529,41.84768053439291,0.011887290621372962,39.750928306203654,-0.019195604270600467,41.23852826120009,-0.015730180665489157,39.54732210514446,-0.020606302344198437
2611,49.623368692329066,0.0008678219549474245,48.51780024818167,0.03956651232118857,49.80295655658029,0.016190475012036718,51.618016505403155,0.02108023791189778,49.10786299372661,0.0018441591896516812,50.38897006453872,0.005705967893978075,49.21588813904044,-0.009125647214390693
2612,44.509051052477204,0.017253895313881933,44.58428037353532,0.050300264493442236,46.174297734614555,0.02376408162881625,46.150861033585635,0.03188309488774717,43.64791352887731,0.02544425682119089,46.40903412395987,0.02099608873248608,44.37764694473195,0.0006879047314026082
2613,44.68420385773972,0.05151309242491268,45.125616277766326,0.09081866561613954,47.07433182519652,0.08237738464867496,46.28914279399355,0.08055214390203871,45.03899491860043,0.08265474379882132,47.42120013981768,0.07217154014005536,45.670637956377334,0.048402668460944966
2614,43.00124145018355,0.10752384430491206,43.71920465920239,0.14873540749593198,44.99487209757997,0.1534011669727467,45.11697452947142,0.15735330564923056,43.49470896086602,0.1531961932811187,44.80381949922961,0.13374286075971867,44.26741699741421,0.12087666211503433
2615,40.643934224765495,0.09945482282807863,40.6886910307218,0.16333458312589114,42.277476692012705,0.1386440887570671,42.83437811432857,0.146599700643378,41.064977364745715,0.14042313894763692,43.34491604859412,0.12169511499227015,41.84611435061634,0.12285359374177168
2616,43.37596109725936,0.044112013948338795,43.221627134139766,0.0991942034554853,44.301725345566645,0.08585171950129188,43.4712587760664,0.11462237004888036,42.94266796079831,0.0903793780016188,44.48301814658856,0.07468188647075208,44.080692747476505,0.0704349203816069
2617,46.31737147452951,0.018817778398236937,46.86294362256653,0.08925789639965981,48.49675106341232,0.06408300549093932,47.872380319259264,0.10147075959410164,47.10625479064738,0.09046300866788476,49.11547421421623,0.06548517004742625,48.69194527648698,0.04611836662012674
2618,47.34094273212037,0.01823017448788833,47.71246540122937,0.09742291707064797,47.71902169866899,0.061629864970888355,47.31462974950119,0.10214996534969888,47.81471244291552,0.1001899617986061,49.0937813752982,0.06999849434304373,48.42638622067078,0.04466660840832543
2619,48.53647903536679,0.06766695008948344,48.895158737164586,0.14165759163365416,48.64504701813084,0.11160991541704271,48.34581941692643,0.15436418936328117,48.593298786399224,0.1422155349259151,50.21265653947067,0.11082576847783543,49.78016658992594,0.09811218222560159
2620,50.55966846268939,0.1376905337140361,51.70605484945892,0.1978181298671307,51.12187908365888,0.18218194024312925,50.181030748610375,0.2162989744633978,50.36071190681457,0.18362989431348958,53.16016496436083,0.16823196368188076,52.66409775677111,0.1556984544620872
2621,49.973524393290404,0.07385259587655027,51.13893632414066,0.13275616358214581,49.82108637073884,0.12147963900723473,49.56463297375623,0.16001352714871703,49.971594857200614,0.11435504682919209,52.17848621849066,0.09426426142335723,51.2534689425395,0.08628868246003936
2622,48.884230980646386,0.029668123095773796,48.709338104760455,0.09351370176500928,47.576545778920206,0.0842140611634129,48.125903964070645,0.10894758496416122,47.24691513944297,0.08066384960439518,50.541508384089354,0.05531725159374918,49.78315954595743,0.04658718459942188
2623,48.980926673621894,0.005206346489318239,46.91370785401146,0.06535823972600839,47.17005699494534,0.06253856783614627,48.15999617188051,0.08558661928516413,47.56666716441976,0.05438235589843185,50.1450629329726,0.045367665134096666,49.45137507219933,0.028434264861789064
2624,49.61891244972038,0.0203237457370639,47.98221574463898,0.08202577009874046,47.577277453878615,0.07066456185167921,48.12705962864562,0.10993958663350087,48.27252494477996,0.06495547992193963,50.281583269773506,0.054419240211121434,50.20121753421009,0.04833962611995847
2625,46.49158137393643,0.02583708515368454,44.62229550778275,0.0932663732297973,44.26038549234694,0.06686318469271232,44.06787021439354,0.10370375083212206,45.0831012822393,0.06617203787676194,45.968706007934124,0.060953610885987525,46.43256707614336,0.05785665798305511
2626,45.23907723058436,0.0780155990191639,43.53568209326137,0.14294641897139906,42.425090212644214,0.09704498383496285,41.45316774908932,0.12761578781576563,43.55633688089377,0.10574474703114123,43.72976160198184,0.08636168725312207,44.44853154303284,0.0948488662115185
2627,40.12646458638752,-0.0183937154192636,38.088605694819286,0.025535412990411916,36.776575207063985,-0.012426835357101273,36.818414311625794,0.026605864846915555,37.537055625764836,0.004324524104109651,37.693113300319055,-0.021053524402065708,39.66855947311351,0.00168518824372349
2628,31.632136839165526,-0.009749590039023127,31.41045486573344,0.02512436532423979,29.571238211538834,-0.002534482032780106,28.812478537321038,0.027664057722213344,30.343393021325156,0.005259131835843805,30.180455285942607,-0.020492912435223228,32.41885997921288,-0.0018793903826052737
2629,30.240029236930127,-0.01012710789099654,31.187173329247052,0.033282908045919754,29.70694641914365,0.006189782249390709,28.07279265763345,0.024043246696940426,30.129792012407016,0.026899422385693508,30.676514313590538,-0.022713312491500708,31.255387352133482,0.01653602755995215
2630,33.40636587245913,-0.02365248942937756,34.19634491274013,0.014930763499792037,32.701676225897494,-0.0015899670080936502,31.013112699882896,0.010769769441762047,32.3340230331066,0.0349493952579084,33.22686434125215,-0.026320171184532427,34.30817297604922,-0.0033091673696485965
2631,33.72114417211294,0.044163710624518564,34.6026317696147,0.08248896721301092,34.00498551447427,0.0758554113011415,30.862643982354175,0.07908630141814171,33.537514643432196,0.0942826211743127,35.14166303854571,0.038189179767531944,34.90574830175031,0.06983234251634593
2632,30.815457040339975,0.012365292400236524,32.184964320743774,0.04258758001133966,31.939849735684952,0.04481963531748043,28.862799100825512,0.058067586188030464,30.468641502459185,0.06621809747318486,33.04506048303564,-0.00486460134660071,31.270346996479827,0.022791795915602753
2633,28.89285120488383,-0.015544734706861824,31.320545257260473,0.02709984842229876,30.47655755373424,0.0299998154801555,27.56437359412721,0.04411045263940664,29.271601528600403,0.04322830509359816,30.49355269311986,-0.023762320136260673,28.407934126085998,0.01004107377482532
2634,29.214332053298765,0.004607353936636804,31.157478200097714,0.04586067919815303,31.06651398182095,0.03232909513800983,27.8400582749978,0.0492789596068447,29.850747381539634,0.058085874177437644,30.74624329461754,-0.016419440692311604,28.592018571148095,0.029948601203064196
2635,33.69648784181274,0.048579202276132404,34.87837429938405,0.07395921961852851,34.79388933634995,0.0528587271544079,33.203499918207214,0.08612744881103457,34.13335686538606,0.09696154051815406,33.77356224626101,0.03919555873268368,33.47861365434945,0.06981899200827196
2636,36.692224215025774,0.0473642946066203,39.01120898190505,0.06600566336060588,39.0791956078547,0.05954589159213484,36.36550136011761,0.08257163083563737,36.45278898372916,0.08896717170653169,37.26292411213026,0.03966987875406963,36.29701330892084,0.0888484941736857
2637,36.44319370448049,0.056042912037860555,37.63653778278767,0.07543056273131156,37.74726911154631,0.06686839370011521,35.5504523580169,0.08804868286843745,34.98986407888965,0.09812213810869344,36.32602097942795,0.04653066105695864,36.19716442687387,0.08504588144922504
2638,42.17215981453518,0.003914810375576956,44.628720463780255,0.020822191936858317,44.524391781339375,0.01804732812379172,43.20105489091,0.03470713901866158,41.873875664586734,0.034350190336684974,42.35281284441026,-0.026053635154967975,42.55194144672306,0.03025575109670862
2639,46.37753750050797,-0.03574277776287699,48.129873748087945,-0.04244076355779394,47.63988934211808,-0.02594793813815243,48.07893172239507,-0.013153196060829951,44.80719199363857,-0.02126224934107923,46.698812699078786,-0.06885973168583767,46.22649700107442,-0.017680595843483533
2640,40.378883862547795,-0.10489148062606261,41.67642126159343,-0.08995711705567964,40.568099602769735,-0.09766322947390203,40.61646698184916,-0.08319006729529378,37.730600165109315,-0.08748531748836019,39.56583143678803,-0.11819160683388476,39.047491768877464,-0.07423819482516768
2641,43.78365841582239,-0.03681840809178447,45.10214756267296,-0.02550751489170735,43.3116165147285,-0.02552820822030668,43.45137187854566,-0.011771970398165804,40.99573981912385,-0.02267994171352277,42.93035044089605,-0.04923940599176008,43.75562020817061,-0.020652245864760152
2642,46.38794207181412,0.06339177163348844,49.153892501309315,0.07647700254541889,46.53529913951455,0.08092238682603736,46.97578972712101,0.08173799047667246,44.367128973715296,0.07132444965183318,45.92504193796475,0.050894645436836417,47.710453575555405,0.07484309801746589
2643,43.55005760637091,0.01453255910405756,45.90393000625972,0.028052796601230046,41.510243982216835,0.03443429775731268,42.89973743513832,0.03588267920209487,40.815862612664006,0.010766798175466219,41.29218597651037,0.00295142039058114,43.99275388217742,0.01642536461564097
2644,39.45526169867955,0.043221455194543984,42.172434824803574,0.04612260129439757,37.86496289690713,0.06826990145451071,39.0098746177034,0.07346776838564405,38.27997651936024,0.0475896225750649,37.350738151624945,0.032010024868236425,39.23463349771273,0.03375604435322961
2645,41.89019740394766,-0.05161831659508741,44.61386847824662,-0.05634937361601437,40.0764830791422,-0.03464364050827695,41.66613457996376,-0.0349007849406555,40.92858864432244,-0.04921294620638833,40.04125752164352,-0.07421312794055761,41.56781721374469,-0.07551786825855747
2646,45.44621201119374,-0.13165012455395111,47.46342424502405,-0.1271270472764933,44.54202899638884,-0.12602967556612618,44.996560592335925,-0.11482048207898785,43.70506979258029,-0.13780066332613533,43.92170121717986,-0.1673692305726392,44.68901831172984,-0.15997590149650007
2647,43.95917029913698,-0.17343960318330914,47.401490763554065,-0.18405669410058856,43.52200258169914,-0.17073507027747117,44.10695589337597,-0.17130185074475357,43.15009120532841,-0.18410364352929617,43.64768001348644,-0.21383467344613577,43.47709438325877,-0.21294771685722325
2648,49.94375550433601,-0.19530510886655578,53.488742896652084,-0.21512652540418142,49.458666084811625,-0.19002789889770336,50.07712555039009,-0.19780924660646657,48.38656856289318,-0.19610867852086605,48.991596938902944,-0.23427087044075545,48.50436549198825,-0.223686000438596
2649,48.1967972482428,-0.2544577477329891,50.74540232395961,-0.2782537438683646,46.948359364759604,-0.24524725163454403,47.85281103325224,-0.26243223111312514,46.27192560362489,-0.24507823362416076,46.39799417033036,-0.3025727756399202,46.69029963648592,-0.26947794120198876
2650,43.61576619203171,-0.2520239603991496,46.20413448998994,-0.25709269911235394,41.559629424839486,-0.22737502809995572,41.70121263624548,-0.2675539302163181,42.211347752016586,-0.239516241045441,41.79159888892367,-0.2889859792352625,42.433187602054815,-0.2562417524182018
2651,44.88010068904916,-0.27035532131264733,47.71605661629353,-0.2847317133255512,43.1711828559812,-0.24665516573935828,42.58088962664136,-0.27056431770052247,42.3006100322575,-0.2575162257435209,43.11649477024317,-0.30476494947031196,43.20850987771038,-0.2708197062365535
2652,49.44549697556124,-0.21251050492075366,52.56265415479119,-0.24039828115465092,49.25236202914248,-0.1826233199510646,48.940135728858145,-0.23043517954039305,47.52395348306254,-0.20754176824841375,48.42693685207302,-0.27531861931531953,47.65570710105722,-0.21700207957918313
2653,48.591870581914094,-0.2108865132647432,51.231278501987944,-0.25051320460793614,48.24414799057611,-0.18273674412065907,47.01945311698438,-0.2499128209225946,47.25575630747622,-0.21458756263296686,48.60031877716956,-0.28923102198888573,46.19587951591252,-0.21061636705887843
2654,49.29201509017965,-0.20927047064527926,51.143886524501134,-0.2585710956773883,48.76852144374047,-0.18128708919361308,47.4319044270038,-0.24266393450012586,47.35583334431391,-0.2173113238342888,49.57386199465665,-0.277003830285656,45.78042660397044,-0.1994076640041381
2655,47.625103348609485,-0.17169289715718727,49.80277960157818,-0.21686263808977918,46.82230183714944,-0.15613747472843523,46.74737314895034,-0.1976241955369673,46.222163975940006,-0.1852360364654095,48.30481350716818,-0.23707475210794962,43.96806253249431,-0.16572591963620845
2656,49.90286368375809,-0.1001738319132032,52.166709594786234,-0.1537333639745171,48.10431060400866,-0.09170335850253859,49.884590126599555,-0.13863034713445474,47.4931786660158,-0.1212980963313009,50.24135869692549,-0.1642931925147931,46.92219322393556,-0.08317907002025801
2657,52.11058529970465,-0.11289742827427982,53.32256288687476,-0.17111798843453405,49.626378458381275,-0.13912968429582626,50.96103801130372,-0.15821024167885053,49.36761064622587,-0.1473427436197307,51.393262269843106,-0.1776358842211811,47.80715558248859,-0.10519835530939034
2658,47.17335942428055,-0.07384706884477432,48.69705131130075,-0.14431347093664226,44.623146557214284,-0.12385894849461081,46.31159436295757,-0.13141068936650802,45.048664209439494,-0.1166017705152199,46.65768820053091,-0.13203884064086416,43.59067877294366,-0.07204933561399032
2659,47.71930740375841,-0.08017726138721996,49.28187776346539,-0.1295639560730185,44.47163973399431,-0.10798671646589263,47.2671192538316,-0.10991161881071108,45.4057689649678,-0.103342383821629,47.544202145654566,-0.11625069713554896,43.826702401803075,-0.05667372463981346
2660,51.34153882187232,-0.11882284754927191,53.82870180868099,-0.16437237314305633,48.94798926486484,-0.15298012357727997,50.57920411063951,-0.13079587444699453,49.15232505028943,-0.13964078140559857,50.84109365497915,-0.16500852078437084,48.687264248481696,-0.10053633599560066
2661,55.00198329239397,-0.16316001273683142,57.012219581480004,-0.2031380399100694,53.27235771140097,-0.19584604053286286,53.12591246470561,-0.17556611159557872,52.8435566763154,-0.17851953268616721,52.99793496020246,-0.20450662011371382,52.44684731500975,-0.13827814363688712
2662,55.86682351750447,-0.10480320201466753,57.872496510103055,-0.13861074975963772,54.877944599950396,-0.13749266331845217,55.050218217685924,-0.11132075778231174,54.34227309892836,-0.11917295741339537,54.346234514939255,-0.14801825169523483,54.14150417479945,-0.0860928066450205
2663,48.05157835024885,-0.05335418277280167,49.9393232610459,-0.07106845239003363,47.11290590894216,-0.07584845343988623,47.86274410826288,-0.044767689556650156,47.070529261972716,-0.05731808534586707,46.855975558020546,-0.08958144354815989,46.500604242165466,-0.048377985643298226
2664,50.198823440473774,-0.02209011826882216,51.6326273203379,-0.045327601113829406,48.74024358422845,-0.038240965456018225,50.114667538104875,-0.008446911977479595,48.672141442747346,-0.015792767641610087,49.05995485584687,-0.055997229238270024,48.726394531323464,-0.020302875014258554
2665,44.796994513100074,-0.04556570892021135,46.96861267039498,-0.06610244346356914,45.12814497906464,-0.06381900060716963,45.9250320735467,-0.041398010946060035,44.402488917086096,-0.053036065602616075,44.92084865626352,-0.0665032826058026,44.77887423061062,-0.03669292198404907
2666,53.53287557148994,-0.06697134458894145,55.38785987789797,-0.08436779211323,52.68403272945115,-0.07576725147013637,53.55531898932902,-0.06551455217426994,51.69831151698206,-0.0690074452665828,53.24952431380758,-0.08210222313898413,52.6150512239263,-0.05437426892103137
2667,49.15112498571734,-0.12723108718340756,50.65955198819576,-0.12163131202663885,46.86361579173844,-0.12883076450561737,49.69538717149242,-0.11982450542697874,46.58678128984861,-0.11644402380561814,48.34811664260265,-0.13387465325118536,48.024120472093244,-0.08517879874205884
2668,44.289006645333544,-0.110169042767292,46.6048748480364,-0.11010862479857217,43.21782112986162,-0.10400117812679112,45.85730883819284,-0.09928324312730986,42.399458201840744,-0.09595275900021474,45.55124180574311,-0.12380822116229274,44.626403233929786,-0.0855726358038259
2669,43.1946748919712,-0.047966637770369254,45.102245836876605,-0.0430819866716467,43.71008951899206,-0.03344469914023432,46.65644249986359,-0.021315899787987445,42.58805008102474,-0.0294200504100059,44.572802906835534,-0.04572560732880718,44.63258056976218,-0.01117322443961572
2670,43.67869302078275,-0.06602106111394776,44.60613814290933,-0.06755883854628775,44.97168845816763,-0.06331752906462146,47.385529151867786,-0.046836329394550714,43.0374805770871,-0.042059921313931894,44.29832223787394,-0.08843801612796273,45.62483275273767,-0.03610577591770625
2671,43.390418527146466,-0.07581500321524433,43.305226155710905,-0.10026673388657756,44.50143794300054,-0.07031554136160746,46.45256776137808,-0.05632406075799286,42.55814754926793,-0.06458243741506156,44.394139105970716,-0.09934683289767231,44.565406539798516,-0.05514417430687095
2672,47.83148738413121,-0.016724710550184325,47.83155936810221,-0.04500183596054983,48.09352202525896,-0.020310756892931374,50.78062813013705,-0.009750856967919358,46.34755768496148,-0.016761343150950035,48.86665862833689,-0.0393831328315174,47.46141366742694,-0.011697137625941177
2673,45.364660393701584,-0.0022832569817650902,46.46551532118841,-0.039285495943914,44.45337121649403,0.00047945725650681446,47.439515965794484,0.0055022666380209525,43.281648778227876,0.011270847861079184,46.069650261300616,-0.026563013448652587,44.85654336999509,0.005747663531174642
2674,43.90881955270912,-0.08581169729257787,45.480378890233844,-0.11419643728985121,43.69500184700638,-0.07236727343924629,45.86364295324664,-0.05962860202604537,41.21113929677029,-0.05108376919410933,45.173922820108515,-0.09623279865082876,43.62944071777928,-0.05762797026276986
2675,47.042356626175305,-0.03726492443804232,48.24191007929624,-0.06766573183446899,46.34254216531219,-0.020333026915123318,48.389642646820654,-0.012229195672881926,43.69752100647485,-0.001329067725216116,48.723087297431505,-0.048158515921377765,45.8676073558808,-0.015783691879518696
2676,48.090737415876646,-0.12050289305180707,49.70409175105103,-0.1581451479817857,48.056127629210074,-0.12653486371931183,50.08407026040462,-0.09756149174013048,45.53478831060264,-0.08397279160187233,50.24883319560228,-0.12348242426197088,47.99907159577225,-0.09992444742662382
2677,42.383233688927014,-0.08449686857450188,42.5954924481117,-0.10897544406072632,42.140150698616935,-0.07874645145078242,44.342626572244335,-0.0643641732368279,38.60481977033581,-0.04834981525165527,43.857588162091346,-0.08401151410322096,41.80107337634623,-0.06497162517513053
2678,41.51122596344444,-0.1556912274222217,42.47885030898375,-0.18793182852591675,41.915164786927804,-0.15192667961549614,43.92260031694878,-0.1333831958042694,37.375116038829425,-0.11965903374385475,43.26865345080321,-0.15679394494012164,41.92627428034716,-0.11979059783983845
2679,39.75068139411548,-0.1476832548551784,41.58635128987989,-0.1675180265047237,40.72919116275716,-0.13894585121010586,43.07190643397824,-0.12255397867635631,35.99830142917082,-0.11460000032975692,41.8228701332212,-0.13497096474223536,41.154728198877066,-0.09745591582270577
2680,38.2670244849738,-0.2331822664980084,38.708045018635715,-0.2727714933765957,39.06984773799433,-0.24659753292090045,40.97389806406338,-0.2357422854672946,33.82582699897684,-0.2127318329567594,38.67931560751388,-0.22561116945996157,39.7418145306313,-0.20830229332298628
2681,39.68593942584407,-0.2815131176004161,41.70125780279459,-0.3093435470121347,39.95727836350967,-0.28725801836567394,42.12159535780528,-0.28554294048958356,37.25582826648058,-0.2513269941214433,41.5564047608725,-0.2610204307773157,41.84908804620241,-0.2559867982582223
2682,37.56860159933687,-0.20347522269685192,40.44799726844177,-0.23365520146785423,37.461459677562,-0.2040870151636984,39.76136346999646,-0.21506945045563824,35.257467800845916,-0.18021635247507628,40.71592092967472,-0.19311342088381322,39.8851583840655,-0.18146524205562564
2683,36.99881396185297,-0.1835720914204933,40.299619281108896,-0.2072709046165347,36.37539246817616,-0.16364526348648234,39.70464164945859,-0.182115700696586,34.569081985723955,-0.14936914663802123,40.33122096085174,-0.15442099361173267,38.237223670101386,-0.1560222747325033
2684,41.185505090016754,-0.18703410273073448,43.79259317988176,-0.20904306336313166,40.535342038211475,-0.18266400183413722,43.65209366926493,-0.19227565233912458,38.71363069529332,-0.1708801824950908,43.489606595401426,-0.15599617745072336,42.60461239189912,-0.17069459767858
2685,38.86069448556582,-0.2448344383238531,41.60030208958051,-0.2676299208287079,38.299157076092115,-0.23265862354649725,43.093227403257984,-0.23967329258221812,37.09230621908908,-0.22207903381032323,41.51036934393447,-0.19793087069836818,40.780514248653496,-0.22689419189213808
2686,39.80927155494122,-0.27291029949731405,42.587612361567366,-0.3091634764726292,38.6201802665389,-0.2639095924958759,43.464272943312295,-0.28477097572816024,38.263570532885666,-0.2497037929386717,41.812157863990464,-0.25438648301910144,41.13373701719475,-0.26893960187119714
2687,39.88542024813528,-0.24766224560731148,42.67126114116419,-0.2715813117013515,39.07450204337975,-0.23173011593602597,43.83943239169686,-0.2548883647203751,39.03706002871639,-0.22267955030150152,42.555268252173164,-0.2264421791198417,41.424186451884005,-0.23275459472234997
2688,38.27556298348853,-0.24726737185559805,42.06642717953484,-0.2840159207896158,37.70746048664699,-0.23943317772286263,42.13923195752558,-0.2592141194283027,38.11370918275064,-0.22538537350673704,39.84489018547308,-0.22855334266852165,39.77854477251697,-0.23547011068898543
2689,36.79877604411303,-0.2467601284704371,41.16988873409764,-0.29060721385176463,35.149669900043065,-0.24860435513967818,40.28207974439546,-0.28150393690144293,36.72302193939464,-0.23673388941259413,37.87120535224864,-0.23968876546654094,38.816872645525564,-0.24430938352460327
2690,35.23113579391449,-0.1946032322494311,40.15146251542714,-0.2502589823562304,34.386889634389,-0.21102529850062407,39.34545362689454,-0.228549912283409,35.34662974799832,-0.18824994169484685,38.391712554759316,-0.20005676848663329,38.135234768536804,-0.20647658499997973
2691,38.31599635442226,-0.1888497395753748,42.08787293043946,-0.26372871328399294,37.781177144247785,-0.21043810914313585,41.72728984201545,-0.2342298735338434,38.73174814731131,-0.19034120634909354,40.595976247707895,-0.2114500668340121,41.358398410037665,-0.19666332680804652
2692,40.94849365716843,-0.22644179214655238,44.53686127529526,-0.316527717779147,40.62690336376989,-0.25434482672909303,44.35593936972328,-0.2583801608434873,41.5309558648607,-0.23165120394098607,42.21399091262769,-0.24292892865585936,44.8750870219517,-0.22214628727716715
2693,42.45761034035753,-0.23574258555369404,47.01429036700458,-0.2904055049168481,42.46233864472234,-0.2508824541813315,46.30650273764693,-0.25654249479887214,42.46242583013114,-0.23254410665191838,44.05082294249438,-0.2488513953943992,47.493106529542494,-0.216202453365129
2694,47.19087074273483,-0.20918889660569503,51.03278016559972,-0.2516911303694702,48.7728373874246,-0.23098830915937024,51.31381317123305,-0.2140607139048931,46.813584882032075,-0.19482052881800035,48.08257914352037,-0.21413719496819722,51.918294906446825,-0.17868513560721588
2695,51.31806075140025,-0.2002570355372355,54.86845292225976,-0.2396072416513345,52.357746120070416,-0.21868227878851662,56.6143098112442,-0.20709394463223607,51.005262409119595,-0.1940519130328739,53.07224180259112,-0.19364377810326316,56.42146271639792,-0.17003445140933565
2696,48.27864716463164,-0.24728733399922564,52.7846795839927,-0.29868204340241195,49.86444345035079,-0.2733923355663437,54.57265615966353,-0.2549790325757998,49.393180618143965,-0.24371077683948156,51.3115610594355,-0.25880585993368943,54.38588867347583,-0.23289468193100796
2697,50.64709756138136,-0.24573194463807438,55.48131549817447,-0.3076089787262595,53.74509336217053,-0.27786361265300596,57.12630128919882,-0.24789075868430188,52.66740522268856,-0.23789371213694022,54.45475309304848,-0.2539423718432518,57.67648038596549,-0.24829349149634072
2698,57.07969237335511,-0.2243048023159424,60.79041808994282,-0.29329483758517017,59.784793943270344,-0.253821159213132,62.58458933515116,-0.22220508062175742,59.45837853417786,-0.22046176593347896,59.399492182457045,-0.222964071012346,62.809523567054974,-0.2270849069069662
2699,58.25338256795832,-0.1858379779736129,60.88336899981091,-0.24644230597244868,59.0484875681139,-0.21806802021902238,63.097823678254045,-0.1919215763941637,60.78828515295808,-0.2053711007428408,59.72659478284312,-0.19592447605343136,62.6291542014856,-0.19869447684464497
2700,61.16268159338331,-0.11581799498063385,64.85095018004026,-0.1823575568278412,62.95148380640477,-0.16313148249212797,66.01406012713628,-0.1411825265104993,63.67336385009673,-0.14052178124808212,63.41463117605323,-0.13676970988621187,64.13421583283034,-0.13436178799157
2701,66.17146361334771,-0.16944172933001475,70.63740872491083,-0.22947754129193715,68.6426124125963,-0.19484950381483038,70.88727030734647,-0.17445627572767564,68.6801881225986,-0.18211704584397148,68.23132010022829,-0.16907190328864327,69.22170888905028,-0.17729815603594704
2702,68.51093269083817,-0.16242609482176024,73.33920718421726,-0.18807256073552303,71.28235826405691,-0.170718542563725,73.14259746329782,-0.15801423779716853,70.88585918361319,-0.15963427001199942,69.98046013047156,-0.16254060412474522,71.79662987851168,-0.16208450326843235
2703,64.68462777731132,-0.14160485711309384,69.83507845174948,-0.16487449138149346,67.96465703053325,-0.14912004516559937,69.17934733421583,-0.12942525746115766,67.37941732522198,-0.13378568122865606,65.27570588282958,-0.15849831718746765,68.27419302750917,-0.14551989983554864
2704,56.535462146942415,-0.13724305506394757,61.603004617449805,-0.1446840086988742,60.280140531684765,-0.1427411372719557,61.21520710602397,-0.13332278478651022,58.19078288318452,-0.1169082060177684,56.61913730083448,-0.13436432735691145,60.12855800363248,-0.14022939414191618
2705,58.0464166098801,-0.1421491984504054,63.38391908553305,-0.15503256173035784,62.08552935902283,-0.14565739704569206,63.30218884565534,-0.11715535650274493,59.874069907731936,-0.11886241942966451,58.79811202310967,-0.12136336253006737,62.61549400102011,-0.13775959402983995
2706,60.58648093168155,-0.1077338727288052,64.12238023606528,-0.1306808244776007,64.3480946314055,-0.12696216235242092,64.47890420859048,-0.08913210929513395,60.760496009723624,-0.08500402715690884,61.35528408483069,-0.10449115039188148,64.88822514328213,-0.10670577911314576
2707,61.53370112008126,-0.07057265277053572,64.43281248136539,-0.09076815520892735,64.87567507288615,-0.10904365337138473,65.55019379148494,-0.05774895509006761,62.23993995220731,-0.06277209917336397,61.52289577805024,-0.07902366738932848,65.84653894143676,-0.07753389428471244
2708,53.22385925659142,-0.14717346314565855,57.12176053917037,-0.15858214298217402,56.73615316857544,-0.1764142719690654,57.370924914554315,-0.12330850536230854,54.79824429791958,-0.1311827409857765,54.001696448707044,-0.15592822480038748,58.66234918392091,-0.15863436294962982
2709,50.05850960989153,-0.13368304886125298,53.59322519754575,-0.14903330441072093,52.58406773901306,-0.17433854428597942,53.61729409006769,-0.12258457091158144,51.27849482102601,-0.12801681175143315,50.67003499818174,-0.1486531388733766,56.31948394941852,-0.15706779672303253
2710,44.75361357344157,-0.11734473182686282,47.999272134667414,-0.1287811822184912,47.951110158612266,-0.1350344641140962,48.33295471641777,-0.09772075541981744,47.40844561796067,-0.12393618608209901,44.818693644905814,-0.13523953052843535,51.84721965501807,-0.1331322599765618
2711,42.007061697375256,-0.18837556530038646,44.29406126856385,-0.18852034763133527,45.561245014261885,-0.2008081344711966,46.247226283414605,-0.17041286777041365,45.6931352573647,-0.17824789982481432,42.836326434864446,-0.19877448947992576,48.9877251568803,-0.19847148148060956
2712,41.58064186239601,-0.11520525695893125,43.217456822121534,-0.11432613300272475,45.53513292214848,-0.15169725331077455,45.63280681685669,-0.0963065621838729,45.63631254451287,-0.10738441560883984,42.57591844305631,-0.13116338769767924,48.94096864925915,-0.11588968499735812
2713,42.70643254203474,-0.1758307127051491,45.13679380576584,-0.17611939558413456,46.685048675885895,-0.21914118436579377,47.762568236822915,-0.15639291275927567,48.6257268190677,-0.17421150655807718,43.880456332965494,-0.20183130409934164,50.19078260551783,-0.18736013875780727
2714,38.379998135822866,-0.1914949234576213,42.10624589932387,-0.18800849220004526,41.5603930325286,-0.2410814700970751,43.591545002710454,-0.18235865348708347,44.26594152141925,-0.196411241723736,40.32295377724456,-0.2062697643539832,45.89032683318475,-0.20053521289784718
2715,35.88974458467466,-0.17872140438950804,39.3617293491765,-0.19376119820696142,39.59567339602508,-0.23378596497712575,39.787758740996026,-0.17296502516820333,40.765174998781994,-0.1859738762190466,37.91041515399249,-0.20526081910196242,43.14035321525807,-0.1815552763900395
2716,27.095961226286683,-0.2503215933399306,32.17205763046295,-0.2664426761406044,32.164231090221335,-0.2936372818178316,31.797271963094914,-0.24446617530064138,31.73296541961669,-0.24694852424857447,29.341020106584196,-0.2795169591374003,34.254700382556386,-0.2518827214599138
2717,27.171484923851988,-0.2816118083175717,31.941726780833694,-0.29047821882652614,31.696279414270812,-0.3082058644038509,31.67473456493815,-0.269045594662003,31.150107399789462,-0.2548154571370733,29.50939467061041,-0.2881235580707199,33.646869221814654,-0.27761721630592145
2718,25.74491500182384,-0.3172167500465443,30.57658435412908,-0.31831576607003137,31.71249075631691,-0.32872717108070193,30.99636849020213,-0.28772605516363137,29.16744583537347,-0.2824407342313321,28.77749684275638,-0.3196876142540534,32.25853649103673,-0.3105355554089816
2719,24.138350574017757,-0.3269857199074284,30.858962689237686,-0.3339190280578145,30.15711038097048,-0.3362010178615199,30.535909625718965,-0.30232679248084643,27.84623751365462,-0.2958781273109728,28.161615207260667,-0.33396495869632886,31.554694065259223,-0.3275838449885644
2720,25.141795770386018,-0.3140423525819458,29.991500840670646,-0.33024230228547097,30.203132552655916,-0.3376158947702766,29.766044535820782,-0.29219468222041767,27.41800802845831,-0.2943158279183444,29.42035417125204,-0.32905576857374413,30.91456605317955,-0.32154170899080403
2721,19.04748382969586,-0.2732829955644404,24.223551202643044,-0.27749684229813165,24.83551194052625,-0.2957757432460538,24.566872458321733,-0.26356750198038476,21.50819056222261,-0.2569598726571914,23.89591974458401,-0.3026343726672209,24.731603953858784,-0.28763857903406626
2722,21.062207729901434,-0.24299152481880543,25.837757579118627,-0.24613743088678353,26.149585940807786,-0.2712333965529054,26.194239439456677,-0.23846656523500429,22.56367972029669,-0.23471115682076285,25.554836831190684,-0.257652915619131,25.837745324738467,-0.26026773472391923
2723,19.347552083667757,-0.1257147629987674,24.46431708708576,-0.14043966464812066,24.76717081102354,-0.17733558650032502,24.957928182161947,-0.13015089285980158,20.891550829645556,-0.1351452689928574,24.273242358935953,-0.16993276999011064,23.49897062025783,-0.15653853269638096
2724,20.70014371209549,-0.12292356285540144,26.716539364912766,-0.14726166286209236,26.67039680094213,-0.17139421917482198,26.414755106127288,-0.14032595811485038,21.294289620958068,-0.1362513631082099,24.46926903877687,-0.16129923003493313,25.613538195950447,-0.14621649497833
2725,23.458497173942277,-0.11012164333422189,28.440896827976395,-0.1278851563781494,29.06673646994445,-0.1477846370522699,27.350523051707903,-0.13192789216238324,23.957198472534134,-0.12456856664516665,25.798446158362445,-0.13733733144089497,28.240246041582573,-0.131349485508815
2726,28.815968932284818,-0.16950844470571236,33.61512325065458,-0.18240207482006252,34.657559944780644,-0.2125814259097369,34.13150111295887,-0.19746714011933067,29.72130493586363,-0.20658324004775647,31.331358302221656,-0.1903216509696383,33.93827383678311,-0.194139660306921
2727,35.733683370847245,-0.1717610315115194,39.95037352545054,-0.16153495644410645,40.44451466969352,-0.18667988220064838,40.38679050954531,-0.16570409388135934,36.12774128526893,-0.20600536299100347,38.735049535151994,-0.16842530813202564,42.66631913881119,-0.17873287505734659
2728,36.44863247055808,-0.19545983367114741,40.71512410276837,-0.1959388167714112,42.21703352593359,-0.20142668996955745,40.93190621315978,-0.1915769678658231,38.21125858043703,-0.2395241653805464,39.16579254246857,-0.1951841199236016,43.851694258237764,-0.20892211879656877
2729,38.27243427688836,-0.14705258724396045,43.23173587713522,-0.1501364946438175,43.41451739226737,-0.14337847551414934,42.61871444153539,-0.1367020848549375,40.55179095622691,-0.17468111776501535,41.338879250240396,-0.14846616802814178,45.230204970566525,-0.15796672924365573
2730,35.81941785787621,-0.08463330484493518,41.09968961973935,-0.08572128330953409,40.59524384536604,-0.08414853845612348,38.710968972627825,-0.07953809333102331,38.208801871363534,-0.12051063699630125,38.27660538612659,-0.0852434562955279,42.188591875624546,-0.0893333101228319
2731,42.10843292816052,-0.08472179605932732,46.99672114847414,-0.0888093259184173,47.869400622687614,-0.07139275408177259,45.10254395306828,-0.06630567604659252,44.61459459666798,-0.10957852160467493,44.09570516406709,-0.07948559406410316,47.162966971549324,-0.08100349063997234
2732,45.284940108197304,-0.08360355948014825,48.99122371989993,-0.08748687686354886,49.16753924976403,-0.07935924933691761,47.480855839689795,-0.06673999981253564,46.70342382435449,-0.10509735012562194,47.29053787580736,-0.08119535148009684,48.844982498437936,-0.08167254764882753
2733,48.14765410036798,-0.06396600549494023,53.39203706227032,-0.06850043141130127,53.42543378896206,-0.05285500891805098,51.56910421237443,-0.04765606409301096,50.62408472331826,-0.08280447748910165,50.9143714703703,-0.06116810451730373,52.90556208018339,-0.046664221573233106
2734,51.23093645660853,-0.06711338982674696,55.467845200176164,-0.0709343624237782,56.59713243121658,-0.04925498658984458,54.63870336744219,-0.05201341606971828,52.907702969209595,-0.09567869587514828,54.298862777602025,-0.052400194195684535,56.063802277440274,-0.056592943954629674
2735,49.35145248106595,-0.16587868181735071,54.37023406002645,-0.1708175973749463,54.07595103460223,-0.1536361017506849,53.08597607864678,-0.14846947642826425,51.20069544330282,-0.18763778616673085,52.515593827675374,-0.1454613751264327,54.223955439216624,-0.17602539308611237
2736,46.702006014783535,-0.20162705717383828,51.86431479483548,-0.16164033336778644,50.86579725193949,-0.16708061266295174,50.31515722363595,-0.17065657826260336,47.760236357515936,-0.18733991534101208,50.63406097011466,-0.1584266233119223,51.63873036375075,-0.19315420184541332
2737,44.35260360635969,-0.20707040061566426,49.72312120890733,-0.15367947562184503,50.01194079991279,-0.17055208480175157,49.263449709635466,-0.17758746712038487,45.3972101992731,-0.1774163036065287,48.54831916072663,-0.16659562890826768,48.919562353214644,-0.19084659922169522
2738,41.54926391073445,-0.2182495517385967,47.40263733786834,-0.17715703198945665,47.12165889344146,-0.20491495428670764,46.22684275448478,-0.1894513540424164,42.79981012311336,-0.20032838203208808,46.196135623089006,-0.17464527704524552,46.66725748795543,-0.21297048358638168
2739,35.47116784541868,-0.2541225087509918,41.29627085735952,-0.21215215421742922,40.69229337999063,-0.22719296175771242,40.23849088603366,-0.21300924505868057,36.39556287939534,-0.22777478148828026,40.00162363311101,-0.19631773026455582,39.84393233686505,-0.23853187351725935
2740,42.57934123445652,-0.2663224264723879,49.49097277510462,-0.20557611366174544,49.118084257974104,-0.2372911223405451,48.00654781660916,-0.2065387840843796,44.28204244051298,-0.23293526918940693,46.96799523526504,-0.19269557542289495,47.5012747979299,-0.22915159360285806
2741,37.97699176910531,-0.2706952336608063,45.48039260502542,-0.21774558834077903,44.037953151758245,-0.25318419547215965,42.40609126501052,-0.2066814005530594,38.463984554422915,-0.2390026910830998,41.74826563302431,-0.20898346726257094,42.280418788273806,-0.22050421593547054
2742,37.42198618975866,-0.20421240980706903,46.50234163805291,-0.16359442444932104,42.89120966710438,-0.18216616374336256,42.749730989832855,-0.1544524119612128,39.1012519187265,-0.1865302175503309,41.145377304529376,-0.15227450497508735,41.93081352873023,-0.16085645185380043
2743,32.78592499143434,-0.23425813344832308,42.38149662161189,-0.19062341272285427,38.12012960077427,-0.21601000658218591,38.65615080030778,-0.19401612091418105,35.21766654748065,-0.2179796456643781,37.30353662640846,-0.19795333820376987,36.11002590181065,-0.1996316986183308
2744,31.82038627188307,-0.22217147836493767,40.78681065794393,-0.19445519657047294,37.4572865050837,-0.21349475141979923,37.475790541464626,-0.18963312363933046,34.08361959306849,-0.21576270694957775,35.70952273227099,-0.19605638414604445,34.43910253091853,-0.20025668300556396
2745,27.484620175347672,-0.21895928124553277,36.12546728855893,-0.20191475719559784,33.180830664840684,-0.20500561204854187,33.09833893563574,-0.18408613770105556,29.407753109960684,-0.2069431025527595,30.25544613046781,-0.19829409167745557,29.583071400099858,-0.19913886925828453
2746,30.319183459580188,-0.19739983052330068,36.96325205556241,-0.1910803388721972,34.76777943185182,-0.15251927195509188,35.13580285305168,-0.153282857208267,31.375045945311403,-0.18251570462176667,32.33111795929728,-0.16812766820229613,31.580114149057437,-0.17566701603279278
2747,28.636337582026627,-0.17941406966814338,35.065193321701656,-0.16838224554925152,32.01439878032134,-0.1385076797821425,32.09273299868367,-0.12832991514704625,29.086264153737062,-0.17256877872360812,30.02146595876653,-0.14317020142023537,29.21231805414747,-0.14954201691637148
2748,33.15738155441877,-0.20326001664119628,37.61258803406769,-0.1858976480547871,36.111769028048954,-0.16712890549553244,36.49602972639486,-0.1547212038463842,33.43062933013632,-0.19745563552589615,33.458086378448606,-0.1664606139958108,33.96838937501315,-0.19348441149052248
2749,33.482608712418546,-0.14596849822304922,37.32109885869703,-0.1401782457442628,36.00682321065199,-0.12021455848180129,36.645526343800654,-0.11927705792274029,33.83561911027727,-0.16661486592977742,33.81896988160294,-0.13979483975510024,33.460557051407214,-0.15866147913731632
2750,28.262073084711933,-0.1551414080769171,30.13556802948216,-0.1404677264818247,30.899539370982346,-0.1286609858924576,31.00089465204927,-0.11584018480394179,27.691815808874853,-0.17338761617020906,27.64701126144378,-0.15178273299923953,27.517382448787927,-0.16501046546128434
2751,29.6413523579005,-0.17671906854579963,30.05391122570756,-0.1662803784147661,31.384995509556926,-0.14984949475811163,32.19950918638616,-0.12710868640778597,28.707788897276846,-0.1931587399031767,28.88201805564063,-0.17981985869164743,28.723281283870314,-0.19193081447635535
2752,32.07916499636259,-0.1280854231743756,33.95511054094736,-0.11345805741670105,34.25252830372853,-0.08793739016558275,34.709913820748135,-0.07221316080801987,32.288494857157126,-0.14582439851404008,32.72668610758414,-0.1225216915599983,31.899243337790942,-0.14386843075819042
2753,37.07010103043947,-0.11269758848270445,37.607603091526684,-0.08371282631817017,38.53783678196868,-0.07407253022530105,38.82437726039162,-0.042179619908155455,37.264939221228445,-0.12206126668416489,36.80730726987207,-0.09759062686900367,36.026928698771165,-0.11271723598225478
2754,37.834563722539926,-0.1588845480737305,36.99675581770465,-0.13776557279197232,38.51337127118675,-0.10900578282316395,38.740722000071564,-0.08192847770292658,36.94869446386476,-0.1599913361556317,36.916068824067125,-0.14652572429802843,35.986529740237415,-0.15303018790546236
2755,38.32242050894784,-0.13978028762028388,36.473689452433796,-0.11694312059239459,38.055655154425224,-0.07928302767193987,39.57607521369729,-0.07356905356294872,38.27978645497199,-0.13890423866099136,36.847773176831026,-0.12275475381093319,36.790702609968115,-0.13934510443206236
2756,41.37447444761479,-0.1723857231098142,38.721831986905556,-0.14733436308252393,40.85075368653982,-0.11096669029899875,41.875884652070816,-0.10721331369855097,41.27907690843958,-0.17797529787997113,40.46462359479256,-0.16101232890407222,40.04230598542858,-0.173980263563582
2757,40.86306317161127,-0.11701111229623556,36.90834546394729,-0.0971810876207281,39.121645729821545,-0.05786993668938943,40.691399667029174,-0.05239142854752945,40.76482461913206,-0.12113871862539133,38.88990502845654,-0.09901737565524199,38.31526134166174,-0.11904406737908757
2758,34.264655787698864,-0.07931000089617236,30.831184442088365,-0.043860405382216576,32.55725464379856,0.0020407190841072245,34.445804835800296,-0.009698310173486262,34.8421491460102,-0.06952134937239922,33.4065899761781,-0.05660395116717897,32.45556514410128,-0.07740906032908976
2759,34.79434574651057,-0.0006752426286812385,31.50382856191815,0.028655857532239773,34.13866419034994,0.056882733106327514,34.86526362983383,0.053948321655027186,35.39389352057865,0.010597688580791206,33.44189000053454,0.012800366222185408,33.58417482453585,-0.009017537037453905
2760,36.48828833555571,0.00291269878968981,32.78873160297562,0.030473441696656958,35.83319951106209,0.05577804975000966,38.32143588544583,0.0430637086887663,38.45393835159651,0.024375118865807087,34.232120905343194,0.015850420660911253,36.324042781153956,0.007976023588937689
2761,39.23563649172131,-0.014813873648436705,36.28267572568887,0.030828592922899068,39.36661137705047,0.052352405044094996,40.30304698257336,0.04004224729916335,39.98276093708101,0.02282013890656765,37.334880153002054,0.0029488998958722293,38.7383389699722,0.008134974807425375
2762,37.729510504989726,-0.021077763945187143,33.35581851568889,0.026211980110013116,36.64089497677545,0.03387345192851567,37.97898868208411,0.0200355605608467,37.6357806244745,0.012143038906827936,35.01773158522312,0.005925832708064806,36.31093695845284,-0.00495471563394319
2763,39.10221939949907,-0.00612684242617611,32.797770188311645,0.039518461102114266,38.76682038523158,0.047877880901146724,37.99638198855191,0.031216391737995133,38.99751753411161,0.003268883183090644,36.35269379281441,-0.000564900753571105,37.4366955556824,0.003212171348433109
2764,43.902019913528406,0.033265236254993016,37.10349172773556,0.0810701935514509,42.90371357842747,0.10801430066568514,42.15880016354185,0.0910845317318082,43.85271689497968,0.052767173992958376,40.27361552801458,0.04311713477754588,43.25438441735368,0.04193378495982269
2765,40.049532749406026,0.06713446471511698,31.900895387129772,0.11769613784633738,38.49121185104803,0.12342657485995748,37.58710913020698,0.12143683767751465,38.57491732971111,0.07296525529481328,35.46061340613225,0.06512938883721998,38.74716544345962,0.07044562231931864
2766,33.389519031670744,0.0833049527702228,25.046924868880417,0.12949883004459906,32.54264506026481,0.13738530495122014,31.821064366742387,0.13616541237817412,32.48565353167948,0.08751394428824848,30.265827781359704,0.0760067685216664,32.01636707210354,0.08459194845615245
2767,33.706254577578065,0.06998541113347026,25.57824168960931,0.1347076142483843,32.71609625289009,0.1603905499482395,31.635555668238545,0.12791498190193512,32.67467027387503,0.10006427089440863,30.156697686561525,0.08823977318126058,31.652805892149296,0.10149880380390666
2768,34.17805782659087,0.09228909145030198,26.847327689468408,0.13458344148732387,35.11364968484188,0.16860339463745336,33.14860808739637,0.1405111761330475,33.54199256051831,0.10751823668892285,31.09763809236405,0.09235769038561627,33.15699026612479,0.10442149571278936
2769,40.64162948081502,0.09315122439644538,34.11532189894442,0.12160394851456956,41.059580798645456,0.15534094168714863,40.36123280817353,0.1276125024112356,38.908909359826445,0.09454336404523248,36.91439400868912,0.07822865305036283,39.11177732581949,0.10340709449451797
2770,40.48759807122834,0.134161800267957,34.878591654936045,0.1561134879170443,40.85763416339462,0.19240911113413178,41.66332502777599,0.1641980094971469,39.31414344476603,0.1319290657608236,36.48289280204764,0.11982587428925139,39.41534126484372,0.14590634758469698
2771,38.52128257231718,0.07730319161434684,33.38588239459223,0.09640813943861888,39.77365770487686,0.13888317742285985,40.18683197643858,0.11977136716667905,38.75838481008001,0.09375331027578133,35.16271626252129,0.06595347119473363,37.52838057683297,0.11618677565608357
2772,41.222911233569704,0.07968758026067652,35.982267449774895,0.10102354949665848,41.710430384478634,0.1284373975727848,42.0819627618699,0.11291560317467211,40.47066397168119,0.09004470303206359,37.97257517871051,0.07261785358159112,39.81670922535119,0.10710690075706983
2773,38.42141163704953,0.016207467153277137,33.57031264701111,0.0370681396582508,39.39424071359184,0.05275144541155692,38.01301731362985,0.06390748517594974,37.96881377275456,0.027859758397335843,35.51928087458103,0.00921056994435613,36.85523209082463,0.047918636773458125
2774,39.95601403003419,0.03844816744595549,34.19922016726767,0.05207717723704127,40.92949995776554,0.07880860360254802,39.765456883507845,0.07129743483395029,38.68033946463875,0.049598789017387616,37.2221413135507,0.027339783877254057,37.985276818061706,0.055461026438676016
2775,46.20169668171997,0.03551564923012966,40.2968906053523,0.06590564289501875,47.66655064704986,0.08803833530930523,45.33182521717872,0.0746940900697655,43.494191591820545,0.046956308062596853,43.71919059126748,0.03680158962252711,44.27322526008186,0.06398794962762638
2776,48.70731832226304,0.0420345689061084,42.87700012950464,0.06852881408273741,49.81431897583399,0.08149559683161958,47.867695989603824,0.07876518444567883,45.399357236518505,0.057946037675769516,46.28743552513734,0.049219599537292096,46.17806482914418,0.07758399556000604
2777,43.555306621964846,0.04651292465049732,38.80374827646818,0.06371307638513969,44.38338082977185,0.06163941724277694,42.66549005330435,0.0598792299809703,39.96391359542014,0.054400485240543583,42.02414938970005,0.04592544436433743,40.83965651787754,0.07413425623671063
2778,42.896248101800055,0.06374384668377521,39.02906057428694,0.0733776917489167,43.74572636036802,0.07035198033984509,43.6057585583051,0.06945425524545001,39.003860686009055,0.0572070774072718,41.27492875162467,0.041880965504920084,40.53523325573326,0.07249623016989323
2779,40.329998782068785,0.002760835443771696,36.77857811765013,0.028079665917335128,41.09252049347462,0.025425691540242688,41.52799015397376,0.03070332508051865,36.76326047204618,0.009333795224920048,39.03493349846149,0.009709526746558908,38.12112761797319,0.038905565611409426
2780,37.60610856061311,-0.05592697016115515,33.63443753763482,-0.03535666117470394,36.18708783419935,-0.048318000701593006,36.64806066564068,-0.04112795641006174,33.50003823977016,-0.054079797344115645,35.287557047051735,-0.07144745230346171,34.15170496263475,-0.019139981442631016
2781,40.294053176739254,0.014133981899395897,36.17115513597521,0.05043545639975687,38.13383759083942,0.027046516883613883,38.46936425444008,0.04345042664578532,35.818084567387444,0.025249694324497404,37.795629843997844,0.009616259295161921,36.27226766757514,0.04725268540177666
2782,40.373262633012686,0.041732368457291696,35.943860582769524,0.07082732661964854,37.871763628501014,0.05521645691371748,38.199593278151546,0.07913821063044647,35.94714869990409,0.04110954328110775,37.59034932525787,0.030522789390333847,35.417288553308104,0.059725120496759154
2783,47.28959586451207,0.016467890433244994,42.314441761278665,0.04542886719582912,45.60324129339739,0.050184263890849755,44.938030065520415,0.07436567574520915,44.08889723375725,0.031295725105568266,44.75393328201575,0.016790135980927483,42.720540704227226,0.055147519663420845
2784,48.49481880986368,0.005359663230231883,44.081954270513705,0.03523213941124783,47.10502268695893,0.03433712447638567,47.57590303347999,0.06508419885726092,46.16904930808629,0.010890136691607063,46.64407598460065,0.004551444592946034,45.10258001721372,0.032423818943091764
2785,45.055506751306396,0.013313690117802552,40.540085906333125,0.029856059628258918,41.52151932800515,0.03597813520760085,43.86997454083698,0.06275700835012692,41.78650656683088,0.017021653249888795,41.84436858579286,-0.0010586360558834558,40.65453701207808,0.02936852834189774
2786,45.88325349209758,0.01282340601794435,41.55216308626359,0.027537951952967554,42.114709056830215,0.043020961800603025,45.98657405233833,0.08187313723137857,42.934627182914525,0.023679516642382263,41.85491492528625,-0.002472905908949885,41.90700830642379,0.04112933422973087
2787,45.96054008228357,-0.024187514924543196,41.3188902166419,-0.008515103214532633,40.99228587161033,0.010785005925922738,45.686975952912604,0.054215182740805515,41.70751671498485,-0.010061431125656757,39.688100115129224,-0.02158226654170098,40.24196351803386,0.00957381530517978
2788,44.454274871337205,-0.00362949891319006,40.36550261821543,0.008064952741212923,39.55676347109443,0.038887483963443006,44.10934107223789,0.08331740604994393,39.281085310946175,0.008215151123244762,39.79056179229305,0.0013326300348339808,38.86891748777971,0.024827393008432858
2789,41.90569911190531,0.035181038553548594,38.87819919382053,0.03836049632048577,36.5683019920428,0.07052911308357954,41.58017232240845,0.12013551995967606,37.12159673210982,0.038120912023902956,36.72147554819479,0.041881918617870786,36.90990165165744,0.06592007387153978
2790,34.13356327623249,0.04795890149650142,32.13149745443271,0.048705826574426764,30.2921375772223,0.07757339732107363,34.27227850649048,0.1174463693619951,30.540063333947213,0.03755240650030024,29.56063775979722,0.04586463309143565,30.34438545522346,0.07273730193665738
2791,34.02732367270901,0.08013971455909802,32.127244219065645,0.07979021433410023,30.136335402757943,0.11276243202173017,34.76706667398838,0.14812629706365377,30.087672905899858,0.0893078924766758,29.8388190019223,0.0823012380243702,30.119305023615173,0.12389857842901456
2792,36.821646262973616,0.03561792408554641,34.03729952317923,0.02692375215294122,32.9047436969972,0.06274228678623775,35.83427152714967,0.08855884456336702,31.57301073435808,0.04035925313372406,32.303746727436796,0.019693503049023287,31.57127980674708,0.05852655550344881
2793,35.112588603410984,0.09999075422262221,32.84424848606794,0.11678866750471502,31.90912482864961,0.12675448060339362,33.83084531491058,0.1625066323827103,31.398685701688912,0.11557530982704974,31.032543824968158,0.0985770116794418,29.51162895425515,0.1376907336462672
2794,37.419877469634415,0.05892468438419078,35.606695202108305,0.06376512756556378,34.23954711869127,0.06631087649578604,36.960500405906515,0.11663945856844085,33.466758378023094,0.06570288340775436,34.32807806389979,0.043613279436608074,33.31579867657733,0.08017586925909431
2795,35.63374380405546,-0.0013621096193681403,33.82242636164777,0.015042209963443801,32.99195686074871,0.01795341421884466,35.293614499458165,0.06556688254586247,31.14145332106925,0.02156680246825052,33.41136410218239,-0.0088531656140041,31.596112727377616,0.03671081382581945
2796,33.577936290915915,0.0010645401292023182,32.53218193685593,0.015361754370043518,30.687986690834773,0.030538764731137518,31.821920817506125,0.0643740391608437,29.030509445864606,0.013388170970545201,30.90638302773671,0.0002298593870479898,28.811915867419916,0.033011563924195186
2797,32.983294391197674,0.015995622223379465,32.26517328464183,0.022631180560066973,29.698024543471092,0.037505363938484,31.8004996920541,0.06020584567882102,28.495572579886932,0.017702793138164932,30.969032494593026,0.016827064789471054,28.165259052190837,0.035011093978691364
2798,33.43210367840157,-0.0030624345690755325,33.05294421881035,-0.007502727805394302,30.695480992784674,-0.0005015383909610234,33.10369251511797,0.017719809828032847,29.39441636327496,-0.00578305152908613,32.84211663065156,-0.01134847045358936,28.57189065703399,0.0005019496927553239
2799,34.27131581213345,0.02524804263177897,32.86941815374973,0.029733438256349283,31.11997337306335,0.025636278703764986,32.66306538004307,0.04167393791026084,30.007781134420792,0.02974869349438667,32.65132434866479,0.02985517098401045,29.967436820150088,0.03413801631552334
2800,34.67839118109713,0.012878912452040954,32.993739757952966,0.007595760666646217,32.23761754247897,0.016177110569274063,32.71897338409893,0.029363373382685114,30.593675133118822,0.01593691470088297,32.727753022687615,0.023619212616203172,31.211610801541795,0.022829688849142864
2801,33.50121254580852,-0.03000014508902053,31.852189327400513,-0.019619350611914714,31.30747954731863,-0.01822272692020415,30.344599620524697,-0.0033468970397101117,30.3529140148325,-0.019533479104052637,30.944506130383466,-0.0297412557331531,29.63215743678461,-0.02779764941124653
2802,30.271033499134916,-0.06153714793297396,29.266965038151923,-0.0622757531555006,28.789218725904174,-0.06249792528846141,27.52747367255134,-0.055039618326463285,27.560438344308487,-0.058291841653456945,28.103573456685957,-0.06091725207867527,26.775493927186528,-0.07422043726427192
2803,28.897515740688497,-0.09952085031060993,27.669718568811206,-0.08512037374741081,27.62940040948704,-0.09314143019945877,26.123840483952353,-0.08124168029959142,26.74098717846399,-0.09461780475795653,26.768679426101784,-0.10121188632725232,25.43365274228975,-0.09805781431043668
2804,27.855353546554124,-0.10930113092071322,26.58621318390565,-0.0934774852169888,26.361327371671717,-0.08570479443742178,24.8787716335781,-0.08004215481587433,26.30155202556591,-0.08645016199151949,25.08454534935359,-0.08299456204900113,24.722358169472525,-0.09897360871632581
2805,24.059217954050336,-0.12877720449403712,23.40928832131228,-0.1264258388074071,23.253445281729007,-0.11348927506506865,21.802768265970034,-0.10486925028078786,23.06113016659619,-0.1232725323929938,21.46378410077714,-0.12596505649871062,22.398858429303896,-0.11733389781721582
2806,22.48404327379057,-0.17060554528225502,21.033365448017165,-0.1532260136455827,20.043849007480038,-0.14924981589526187,18.416942735574185,-0.13711282787385676,20.147453081927466,-0.16081026437312304,18.123548722589845,-0.148339398879706,19.438176658078838,-0.15034401050542268
2807,23.959610200890612,-0.11797856471568023,22.594425487405804,-0.09367849118829037,21.38446591467381,-0.07931250992667044,19.79092909399409,-0.07390299299847874,21.457045683295867,-0.10306260238927822,20.026776863371644,-0.09348944118457424,21.46503677691037,-0.10028458282418809
2808,29.644727277888286,-0.044455686450623276,28.075116850812112,-0.015235730033970888,25.99189965510454,-0.011938220891017412,24.579366652643447,0.002132529671738794,26.119783381854838,-0.03376239226961246,24.933407016636483,-0.028592227811840173,26.555764730225533,-0.029431285473136275
2809,31.27400453932568,-0.0975409403930155,29.832159171728723,-0.07119300658799582,26.247613236066563,-0.05937606711127873,25.783411998899535,-0.05087762295464203,27.46091583301439,-0.09174179862701748,27.525959338465483,-0.08403306070783113,28.82832314268083,-0.07742118349404944
2810,38.573219378027346,-0.10096395874421342,37.21187826788587,-0.08263620113513395,34.26266029099442,-0.07606025021602812,33.14167435190458,-0.063054311136599,34.72965107231737,-0.10075705130757322,34.27281027700898,-0.10350632126707206,36.112443672232935,-0.09547292114823705
2811,40.1767445369199,-0.05436773178760802,38.1573491140205,-0.03768124444687801,35.57859962744476,-0.03599343259370065,34.12761630514405,-0.010692516954208628,36.81122235505284,-0.05760941363233259,35.99089946214643,-0.04948492468224315,38.13640029830198,-0.04662054970227043
2812,38.155824520816424,-0.11012283020723372,36.04008781585434,-0.08198235246768251,33.5851581964901,-0.08513638654181845,32.48761212675984,-0.05942484447245931,34.11242741518326,-0.11066129655730812,34.2339927935699,-0.10716739304230014,36.45379616258558,-0.10763128547000984
2813,28.72837435649961,-0.13430080468443903,26.25878333613466,-0.08482740091153462,24.68619414190245,-0.10470925647078022,23.836306127636263,-0.06856028771989323,24.356542887291045,-0.13534264075299693,24.282725534943502,-0.12844515623261177,25.90363545696738,-0.117621581316347
2814,27.918787388781414,-0.09694401431790271,25.871129488075987,-0.05647824430790009,25.59497844779388,-0.07346360453547841,24.315463682808232,-0.043790594861396796,24.617142927413997,-0.09202792725806544,24.075780178841384,-0.08491004305578181,25.848614778682403,-0.08068028196926756
2815,27.437234281287687,-0.13043608424025893,24.38198658117654,-0.07762115554793811,24.738044722227,-0.10519311110721011,23.331358901126702,-0.07801835594932577,24.285397518784798,-0.12766552977469725,23.090589583821203,-0.10431674297699096,24.34770623135709,-0.11404742542499251
2816,26.384281469848915,-0.17123375656169693,22.930769236726483,-0.12724297460267486,23.2303730035137,-0.16082497415219077,21.89840384970197,-0.12864489523556386,21.887368800136194,-0.17170969287613483,24.013472614138234,-0.15308782279909477,23.633179298828107,-0.16420628979283824
2817,27.818145603990573,-0.0950738929803165,24.520861774087862,-0.05720667921400517,25.220742991190054,-0.06630000794128824,22.69531690772796,-0.04720293339541785,22.82452790709413,-0.07841721705578945,25.116148886546835,-0.06839363768261776,24.903443432533564,-0.09785210162113812
2818,33.387085046956685,-0.09338410481028037,29.312488477145063,-0.04656441282014499,30.940804400519,-0.06804434578810072,27.812328120686892,-0.04359442678497352,28.041250721501374,-0.07782189184139082,30.923004911515378,-0.06752755526091844,30.024701388935036,-0.09848945878609316
2819,41.020917582247165,-0.02994008146662604,36.64444107135833,0.008863191900007651,38.288206188391165,-0.006174283945305323,36.70978768813037,0.01730697136638988,35.94522969062703,-0.02330443712589123,38.13321277822814,-0.007913770450005672,37.863795356479606,-0.03389954475933306
2820,44.84556445586294,-0.07057751312455367,41.503964303912554,-0.02716409262460347,42.9511041652954,-0.043493628131380566,42.19394108250577,-0.023570473305909737,40.81865756084368,-0.04948113087237699,42.65222943454931,-0.04526943398337566,43.32462781506205,-0.06660779118339347
2821,38.08980911037579,-0.024634144190705885,35.13529473199638,0.0040085200788758,37.77191039645971,-0.01239262042082227,36.6012482694177,0.013292748802651006,34.4915096829659,0.0002729688111790928,36.850089886626655,-0.0037866545214487795,37.72851702952187,-0.005179050679361096
2822,32.268701566852585,-0.023627147986454412,30.266289115422982,0.00481348855319319,31.97868963511541,-0.017127258900842983,30.516568120866395,0.015322172181374726,29.33036419211379,-0.003146332907952706,31.005040921046174,-0.009603496401276812,32.31565095997317,-0.016835072508725752
2823,31.212932077306156,-0.053845400388358014,29.633323971448323,-0.03232936517697478,29.785411385957158,-0.061982993108449375,29.150598967646832,-0.012096524389067158,27.983029859227248,-0.024122680740339755,30.027304552262926,-0.03724164189275973,30.892504563113427,-0.04967546277705989
2824,35.234478918420805,-0.055722817777738964,33.26102823205899,-0.02952583173611627,34.60829668967049,-0.08219480964686507,32.31415120498807,-0.014147953814562096,31.809367471634733,-0.03152527318815289,33.259874265034135,-0.05625003573776331,35.419784512317975,-0.06353174115340464
2825,30.07028477325167,-0.06080729384147706,28.191213473799216,-0.03666157992042905,30.72405104730062,-0.07083060752178692,27.9606573983623,-0.015789354954930633,26.389033424347943,-0.04334948298346041,28.289057479702763,-0.07637572501121272,29.815637853776565,-0.06100267874321059
2826,31.845725566655233,-0.052617293521050615,30.373208937251356,-0.024058855196675805,31.474558741434592,-0.06968139175825572,28.561095839379952,-0.005961368134516601,28.42404155097298,-0.038930069548656875,29.431303833431652,-0.07302559539059464,32.20665867409781,-0.06060622969250137
2827,34.54531097407952,-0.01757684620304612,33.724285858157785,0.021249271575600567,34.387017166178,-0.016865103741226767,32.43560483889684,0.03538664765235312,31.830783041347583,0.006176510239804513,32.43953280626623,-0.024833134573577685,35.330025119305105,-0.02124850594163849
2828,31.726539196043024,-0.08073399806801553,30.379564670973945,-0.04527686931573513,30.968373022522332,-0.06821175789891284,29.57357679659601,-0.007889799619333636,29.192285629980525,-0.055983835364912436,29.931328709393334,-0.0595861839375178,32.011609142277976,-0.09194622099562091
2829,25.401151366628916,-0.021254112401801143,24.73448565126521,0.021038694121907085,24.133266515193714,0.012384988733983197,21.974425130559183,0.06128680334589074,22.430778147318613,0.021788034222682467,24.16871785744409,0.008978567162460718,26.311172807187106,-0.018100959080249873
2830,24.942131167546258,-0.05577198113772476,24.205624191461975,-0.024027262956572832,23.536962917613454,-0.02628522955566419,21.982965462606803,0.020147089914657863,21.39403243038891,-0.02805393513776915,23.694854708923636,-0.03005339926892179,25.374343876956452,-0.06771067107831398
2831,25.094028129721295,-0.04405908150754078,25.46360834745741,-0.012512913953886252,24.875142234610195,-0.024852070565932954,21.75670948278774,0.03098762294441653,21.592520830472395,-0.01788788173535595,23.57865457760337,-0.02570341096942467,25.87977091236215,-0.050757231769875524
2832,29.776524190872735,-0.03977546074626149,30.509265339926085,-0.00928447088345161,29.861676944809886,-0.02661343285454442,26.96056152867911,0.03734888307294225,26.1014401282003,-0.0019434597161634565,28.53840436024624,-0.010640057957121451,30.08526155141839,-0.03789158394720203
2833,29.865635586237545,0.017749658655506276,31.444071940430103,0.03814766451609282,30.324725228761984,0.020163599990728677,27.889508674959295,0.08771183675326444,27.19586012091401,0.055030700936177394,29.681270097672808,0.03203542012568954,30.64979420873329,0.0038629187189364415
2834,28.608146049479508,0.05355470182843389,28.813562677806267,0.09281042457847163,27.154999046701967,0.06311874085060941,24.200627865778074,0.1321987233700457,25.59047466691763,0.09459947584239183,28.144806593445793,0.06430333357218398,27.67403815287528,0.03622245652162861
2835,27.85336628708673,0.03946348155673652,28.837282276020968,0.07985587779373302,26.151525555496985,0.04589984266230076,23.371055041393134,0.10796223482046845,24.75026680645155,0.07020139989500584,26.973158932970133,0.06010259681447306,27.987983122856733,0.03463028874214326
2836,33.590139454898875,-0.012672493277193397,34.01206862630728,0.020348326700733863,29.259422356337122,-0.022421760650898927,29.24675721226697,0.06935388710530378,30.193042969903793,0.013635896935612091,31.290787019699366,0.010729502458240909,32.71971593078293,-0.009140638706635115
2837,34.95093615520354,-0.027399448465152368,35.219082451140736,-0.007395811234065663,30.488689103998205,-0.04533980867510447,30.18568145603354,0.03744636309856238,30.954539076965872,-0.015392687770874939,31.58723840688114,-4.3461418871772184e-5,33.766973463278504,-0.03525930163223798
2838,33.77459734530787,-0.06039913078078973,34.37451922792209,-0.04837921868129499,29.737900149319756,-0.0964427948111071,30.895005587198305,0.02102255260552119,30.71929984351895,-0.05368590726946345,31.270007813082916,-0.027748292137698072,33.46596421277762,-0.06568961103065785
2839,33.33069857474465,-0.010636015384694069,34.12675063540907,-0.012361208729370002,29.0089711005876,-0.048957602902794176,31.38968790646928,0.05950928259688339,31.508042920106046,-0.008931672050737173,31.053431340096026,-0.0007672862893173685,34.11596240548669,-0.03620535678569488
2840,42.76590137078436,-0.07597376700871086,42.15357177240473,-0.0852534088402029,37.935830085005946,-0.11049683760372622,40.53417539980696,-0.019094576516080736,40.1356529013629,-0.06519150560814718,39.61019057487205,-0.07382644820995547,43.1570078511405,-0.0984716990784201
2841,49.24906121186328,-0.08948027036116987,48.34029122042034,-0.09118822088390727,44.571023430181775,-0.10824036531274289,46.305157407782914,-0.031213574707531756,46.63813093726294,-0.08429295729303914,45.228815267518456,-0.0866843022508033,49.66746010538458,-0.11493420328163798
2842,44.514759630581224,-0.10369383205802464,42.910258548458145,-0.1087055087100028,39.83356844208706,-0.12657151901503433,41.49212592743201,-0.05966565657313354,40.94237985343984,-0.12668740549044843,39.384862118760005,-0.10038123741813232,44.74689208468731,-0.13618645582707595
2843,42.07418939487411,-0.11875156744990087,39.10532031266544,-0.11834804093439073,36.941449008554976,-0.12905460635611687,38.4506977413906,-0.07945002235770081,38.18256769684876,-0.1359155660885135,36.65878912690001,-0.10437837175552717,41.97860646014517,-0.14922654782869343
2844,38.61725330316655,-0.1893746094030293,34.61966974716372,-0.1982144420260082,34.19042626838685,-0.19796233701604576,34.13971834034494,-0.14750478640797976,33.769089158129916,-0.19268060827063052,33.382512020510106,-0.17190952736420673,37.68445729294869,-0.21546433677749757
2845,34.09592096292501,-0.19011045524354453,31.694044073966666,-0.19424865497117697,31.18005754493045,-0.20911062941580194,30.03018814056073,-0.15198215521200628,29.89336822290081,-0.20603062938763098,30.722130283961604,-0.16661186222405502,34.331541126385694,-0.2072503526482672
2846,37.76321560107977,-0.15086288754394783,34.73698482089254,-0.14797358170880773,34.182561685866084,-0.16678903500722614,32.77021529802156,-0.08592609348904587,33.10734704412102,-0.1532484554359371,35.18628000957919,-0.1252923746435085,37.23564141192864,-0.1610635027802904
2847,36.48080840805389,-0.2000235633851209,34.43130288283822,-0.2053494158506886,32.62447999641147,-0.22253536591110862,31.48654566696127,-0.14927874765170232,31.988425622365583,-0.22958349836438843,34.726995074654084,-0.18665702279909144,34.72761703631287,-0.21640536663460805
2848,38.55196457636329,-0.21025400179689113,36.8465933283737,-0.22861663711414587,34.5168683201439,-0.24334915768723342,34.2627172560251,-0.17044473688666628,34.503667876868185,-0.24107083602947274,38.48183413711168,-0.20908440842877418,36.64679272846041,-0.23321931335828472
2849,36.19962939173855,-0.26373443303662125,33.77394880252674,-0.30005481196335543,31.636512940503977,-0.3002023731936002,31.08237591361523,-0.23914763736848071,30.089756519297733,-0.30984261998615953,35.177107645769354,-0.2809147320549467,33.92147779214622,-0.3044425956207384
2850,33.89435242908337,-0.23682428045496784,33.425383535988345,-0.29101020830520813,29.731168672752112,-0.28842505014289055,28.96770794664579,-0.2194115558867446,27.37577419824213,-0.28481693275213366,33.699074555945224,-0.2609474876566504,31.284713332903486,-0.28606377201143046
2851,30.909788146075726,-0.21580466572095866,30.739564807890556,-0.25917320772702174,25.677611667870195,-0.26311928953705765,25.24055169381052,-0.1951201823124057,25.033966174672308,-0.25806547219480747,30.857719133675214,-0.2385919799439257,28.25220800182684,-0.25267402405279854
2852,32.95070892683859,-0.27168289322971323,31.738588880178572,-0.2976505719495101,26.50683777431045,-0.30197721020443435,26.33021859737309,-0.2615214718977397,26.159862146959583,-0.3001827460056937,32.96216123153076,-0.29637255601936413,29.987475766591647,-0.3203695628336556
2853,37.9390744542665,-0.2942503716678015,37.18168243440317,-0.31635906834459676,31.516696687718103,-0.32110192193590037,30.98960244950196,-0.2865785780991808,30.857796739797664,-0.3156309218045278,37.412750294667816,-0.3223715262180018,34.007836947575136,-0.3329761626885684
2854,35.395133134061915,-0.24506052120946606,33.14161083649503,-0.24601594927362827,28.82080707346752,-0.27082600751426317,28.061297656630654,-0.23923143134660163,29.4585337110739,-0.26786209657034205,35.156144436720275,-0.258924597188554,30.716033755457293,-0.2677375410087736
2855,38.06540582002061,-0.23412500499392405,35.97798611078096,-0.23115237535987876,30.12195652717836,-0.26223878939611006,29.751380244579657,-0.2420073124584381,32.710227114828356,-0.26824260210737855,37.53616218287182,-0.26252017294572194,33.65091653010631,-0.2657472887728298
2856,42.72333578319308,-0.20962457904608411,40.74348772543643,-0.2174342846093285,35.195391601716885,-0.2366864431558485,33.95383664298252,-0.21446606391822545,36.90728835845373,-0.2479026488604764,42.431108457296816,-0.22575306988454175,37.10130012484696,-0.24805441601021688
2857,45.51900672999547,-0.20326979153788902,43.301204491657764,-0.2150254030624148,38.452661475317626,-0.22097585304445716,36.3333170785359,-0.2144760817985517,40.1339670453435,-0.24061329809628945,44.57978051097677,-0.23205443644525384,38.53425156301819,-0.23694960497387507
2858,43.42619854914106,-0.15409545042987888,40.829335539600564,-0.1669839499246627,35.06987139853075,-0.16224874866092237,33.836809359071744,-0.142735118461323,37.81096713918747,-0.18011391314075695,42.24313446585246,-0.17804399422624653,35.68699144855421,-0.18109855217224752
2859,44.33441311023505,-0.16838134254232695,42.05138477989996,-0.18440559620052593,36.82816855766653,-0.17152759515492746,35.07868671390061,-0.15004511389530145,39.52092244050053,-0.20282287524478798,44.56038423890861,-0.18085518993086372,36.57450132446747,-0.19886142704749651
2860,46.25096152357023,-0.1914576621713893,43.3407247745225,-0.20949857625066076,38.57278651926461,-0.20549093304208643,37.64369731266315,-0.17673915272034155,41.513257165374135,-0.2297126972418976,45.56416347210657,-0.20544737633069238,38.221970370999614,-0.21614687439879915
2861,40.989744024941345,-0.1710626267279362,39.99239204851049,-0.19506262937147367,34.99733788451419,-0.19588080314123815,33.977715387372704,-0.1713021465098016,36.93936601590409,-0.20936804334041206,41.881551474144494,-0.18330982830691725,36.05249637079768,-0.19541641731548265
2862,38.020959321896214,-0.14927990011304718,36.649128968175766,-0.18060644329795808,30.994599361701056,-0.18274299920802284,29.752792086239893,-0.14812104657370426,34.18063766469958,-0.19778204577598937,39.9965544831726,-0.16303433977989557,31.87015839985197,-0.1725492013607042
2863,43.009272977029084,-0.08733499422520655,41.41938560491407,-0.11936205855570237,36.378896056999274,-0.13303923457398611,35.87346775362818,-0.08691590500249315,39.13673853669919,-0.12482790215666625,45.08769753023864,-0.10120388555759426,35.0366708970359,-0.1070636751732411
2864,42.7328824873787,-0.09817773069541086,41.52621719743365,-0.12006204953671494,37.13115584703223,-0.14334719555413122,35.47699661195621,-0.1061704729507445,40.2827666903825,-0.14212613273767574,45.32458860132457,-0.11024426732342754,35.60681517599359,-0.11032732714842163
2865,45.04842348283898,-0.09332332740766373,43.78080687064311,-0.10369238586435714,40.80604308880656,-0.13542181856371474,38.029260539046,-0.08985796606976064,43.1454464997563,-0.12633531539529427,49.02882062548613,-0.10541627272400358,38.176767691817645,-0.09700246292407451
2866,50.21656652857557,-0.0977223603014877,47.71874048144689,-0.10135741442118303,46.07803226944376,-0.11554124731594778,43.19025487843331,-0.08327522777677997,47.23092626350877,-0.11721273734371569,53.15594577788431,-0.09817558051655394,41.7710157521048,-0.074799203147191
2867,48.22351699240491,-0.11256177419912275,45.453314402327436,-0.10577897588178535,44.58819011639732,-0.12849671774843152,41.17409051058498,-0.09207706788295865,45.044752243047704,-0.1325414534017393,50.00181128213097,-0.10218626690089086,39.262814014789164,-0.08560119434563021
2868,48.464985470506605,-0.13711635042816955,45.5225406204223,-0.1340623968649679,44.80286406769131,-0.14353434496620954,42.514186100959755,-0.10960879749292919,44.85154068729762,-0.14111899500549058,50.60482010290984,-0.12760518493568565,40.40425453476225,-0.10688078485621783
2869,49.60977674217621,-0.15708907751978787,46.63019706810591,-0.14822808222293624,47.071798074643844,-0.16207521164375724,44.029405035588525,-0.1206668077250525,46.550347022743075,-0.1527030184387004,52.14209468105081,-0.1257339671909224,42.65178191979449,-0.1227180771327028
2870,50.57988191748797,-0.07376399315518203,47.56051535087558,-0.07206676942894981,48.297553409912304,-0.08609101368753323,46.76334056684673,-0.039800543164944704,47.67737816478629,-0.07806642929706187,52.812773250155594,-0.042943236680331426,44.55561896925451,-0.041430173496231085
2871,53.44863786284791,-0.09086332303244779,51.832830602478914,-0.09489146432285832,52.47507756047103,-0.11187716531125351,50.56536626882267,-0.06503330374230877,50.501829133063445,-0.10297580652075747,56.21827119788695,-0.0568423055868711,47.89874106224311,-0.07394218170453391
2872,51.127681581948735,-0.11204878854682077,50.30354919533747,-0.12239976912013438,50.992480928186026,-0.1342765784350194,50.0894615587617,-0.09234665976198177,48.966573754097816,-0.11836185223611319,54.42307172019734,-0.07999249086168682,46.678730098689826,-0.09500349424552218
2873,50.28854862285832,-0.10754918096106142,50.30932663164137,-0.11427858425507018,49.95800358331324,-0.13427694116927202,49.254200817001355,-0.08425692948676664,47.887555067304255,-0.11534205370563397,54.05116891041012,-0.09531968571842771,46.2966676011127,-0.09724004352351043
2874,48.47897568949829,-0.033733867326681315,48.014033428662614,-0.047424373412272805,48.36456321822237,-0.07024613173530023,45.85832064737386,-0.019687944087184547,45.9299008239497,-0.05722659047756189,51.882548304167166,-0.03719758662716072,44.42969824852743,-0.025213374664243705
2875,50.00772955876532,-0.047095504568523384,49.974979628681425,-0.051667710922754705,49.952621094547695,-0.07947996511271699,48.82036800490252,-0.02316718443188066,47.246334327013706,-0.0653669539775735,53.478394120220244,-0.050089424327600864,46.26318747291496,-0.023120228231212146
2876,49.844986451971785,-0.06867823140321014,50.09391046223371,-0.08357671791150187,50.31282634919467,-0.09740775312364724,49.560129622429294,-0.05201230216276715,47.523070012107446,-0.07690275753102405,53.62048760620121,-0.08529877885284542,46.926561306280554,-0.053126243980388954
2877,52.090678132839855,-0.06446731607966047,51.58413103398151,-0.0705444812177453,52.38408688816306,-0.09851157378723321,51.47057789803693,-0.04377183178422426,48.95741095510901,-0.0793497401912358,54.51546452035886,-0.08873948556752721,48.78709817518977,-0.05137212944859103
2878,52.27455925247743,-0.17220873014736085,51.466519966403496,-0.18673767394696017,52.03867995941071,-0.2036324924150441,50.56713241516601,-0.13839853641716876,49.3677487980569,-0.1875255788341333,54.744939061559606,-0.1902770043462503,50.00791916961586,-0.13772196691018898
2879,53.339294225871896,-0.13191659489621754,50.958555650361404,-0.15316450710644844,52.38117268457137,-0.17444256643489545,52.11947169450255,-0.11593159130274253,49.68542140616546,-0.1447306826818345,54.80659020292387,-0.1414982085368043,50.43003731427411,-0.0873849404309468
2880,57.189414323198505,-0.11921628990343529,53.72788348197018,-0.1403891529819675,56.008207981010386,-0.16499781173411704,55.54842907916408,-0.11041083080541854,53.076436820082236,-0.13028766963848734,56.930798343843215,-0.13321548206533815,53.81905902656773,-0.08914974123248279
2881,52.118475940172154,-0.11373234573431197,48.67267117880368,-0.1194048524103462,51.223101475419725,-0.1504717994980284,50.04516422882939,-0.08382232444604906,48.65728094465123,-0.12011500644213542,50.7340136816854,-0.1310290145139209,49.85431294355461,-0.07406746646264153
2882,47.132493075079765,-0.16222298443634403,44.32969039471877,-0.1701862940532341,46.29198907395743,-0.1838599532967453,44.85786186447466,-0.13926265302936652,45.19470226890451,-0.17376691876411296,46.58793241996244,-0.18409168766979064,46.609614657239796,-0.13910782244004463
2883,44.63895193604063,-0.1318680827208922,41.501441587362464,-0.1429143289920669,42.31376488949905,-0.15718828620148853,41.85141579160043,-0.11231315497853474,41.71890804810569,-0.15725188471567658,43.13567759594159,-0.1604911809171924,43.3172612926441,-0.10951755412976355
2884,46.31419649912796,-0.1513396814360864,42.49162291483148,-0.17415016162763322,44.616253386961986,-0.1735498999155327,42.41203166194722,-0.1406146442586811,43.79818817821941,-0.17833788171761428,44.857413861319735,-0.18193897442919393,45.04251574929994,-0.14123950626599235
2885,52.98568526003088,-0.15246808061137443,49.600233950167514,-0.17612061128950196,50.8244095356665,-0.1682050468568394,49.56600526248153,-0.13677734929829125,50.49647035168938,-0.1755024627754048,51.96125725087386,-0.17146818522629886,51.303574543154646,-0.15088063848769864
2886,56.503311309058084,-0.13169883041880473,52.76043091672535,-0.18209132826745528,53.89379034931429,-0.1561494650433549,52.47472151054793,-0.12764474889462674,53.98045511873626,-0.16781006511367114,55.96558209112344,-0.16896910456688474,54.728165469927305,-0.15098684957772932
2887,53.89116847024358,-0.057576378464842884,51.12446729680428,-0.09386753593489985,52.53355692034579,-0.07167945487964278,49.912305448294056,-0.04065155991569723,52.243956626656654,-0.09480981366853226,52.716674499036465,-0.08626195957202477,52.983196090566345,-0.07955421012246687
2888,58.07800542937688,-0.06535303973929718,55.12081168598311,-0.09876589840775209,57.1557608226911,-0.08076940789843486,53.62268163946304,-0.06122514855234885,55.544218572998446,-0.12019214736751582,57.015674701140554,-0.10902427226546998,56.72258250882615,-0.08037050349791938
2889,60.89948858161285,-0.04622308226318779,58.46918409263616,-0.0765878791930165,59.66426614190204,-0.07457298824488229,57.24485344493344,-0.0537958997106329,59.295262554214986,-0.10185694369626286,59.39012420948613,-0.08750047045215889,59.80872574344928,-0.08202488108323328
2890,60.62848725459013,-0.04078776749325798,58.02707363967094,-0.08441399922167857,59.503424917194195,-0.0825832044089355,57.07313072417867,-0.05664464505245968,58.6773234443836,-0.1058398211787979,58.14807174785813,-0.09441469824007243,59.15623521083585,-0.09038509819689848
2891,64.84508729075299,0.049241070553211884,61.76884523802356,0.008377352529636378,63.35577385947885,0.014333199466152947,60.86136565615482,0.040090068566319276,62.152247072266675,0.001308292307121213,62.20005369944932,0.005354272177801673,62.97558796780959,0.010943197749826536
2892,61.480719039795,0.0516139456349391,58.21964567135179,0.0034792133697832683,60.071638152184626,0.026831296707299068,57.66926539422905,0.04639722768599804,58.671092958544165,0.004747460488714786,59.316141568186666,0.011897136293213584,59.72270314777194,0.012269520303957459
2893,59.040189405708496,-0.013469831885326258,55.69921933898871,-0.04851665369238345,58.915455980432476,-0.02660099820877039,55.500572182376935,-0.022143165655177523,55.31036292633205,-0.06236517989926859,56.57941517039765,-0.05072724501891335,57.94850540487773,-0.06216911051008843
2894,58.16640776793733,-0.04841511289574925,55.648981115425606,-0.08250259264251464,57.43771564767645,-0.06896237379504983,54.18091483928103,-0.05201150689513684,53.71701681173892,-0.10467286239548995,55.3360981604964,-0.0893737049379558,57.50634985062053,-0.10413985402628101
2895,50.311997528280735,-0.08502645473154971,47.62673369664724,-0.12247338488553272,49.030114548487646,-0.10261882030172653,45.503121224573526,-0.08695218094187405,45.95392369644416,-0.1447505955570879,47.02926365069374,-0.12513512339892305,49.561227592161245,-0.12918966692993167
2896,49.835439946487824,-0.1693008699699215,45.368948733002426,-0.20262746602683016,47.895714940440456,-0.1743780190022331,43.137093743653516,-0.15509941098386357,45.36263231934739,-0.22214932630768547,46.027556814030575,-0.19462258794412934,48.226976323000876,-0.20903754765135776
2897,50.2369078372758,-0.06060863867851089,45.43411447458404,-0.11176608336683926,47.7519845737335,-0.07167792804363854,44.72146648402466,-0.04477806450623837,45.60758204174369,-0.12257377922063595,47.21378725639313,-0.10015048317192046,48.48146787965866,-0.09962033023161444
2898,44.784542159557255,-0.07896006170580841,40.08648830492342,-0.13590911189457233,42.442039917428424,-0.11083022738347419,39.353058972792944,-0.08241464914071646,40.45238632990881,-0.1489518932799437,41.94563882629723,-0.1257576304372052,43.24655022350556,-0.1331943411927144
2899,41.56402705205328,-0.11102083637799298,36.75442320717022,-0.1656945304712078,39.9080579542925,-0.13107827755711166,36.65876072778176,-0.11694874373623709,37.95281602864322,-0.16230883330288184,39.702772081009286,-0.14516244841315118,40.737205008178286,-0.15365738522939354
2900,37.922264409255575,-0.14470202330668813,32.138296382588514,-0.21639819657140943,35.18486576983486,-0.16425910649690167,32.93775424609929,-0.1541046214791233,33.47675813401837,-0.18985826805392655,35.37968554446694,-0.18150941748334717,35.52183637175673,-0.19110843954834636
2901,32.61616831045412,-0.14207752167103838,26.51285485883347,-0.21729717701022663,29.713459864594,-0.1656666223785358,27.761327255961838,-0.1604225580934838,27.765646138824664,-0.20732124195984292,29.364411275517188,-0.18520688042668892,30.504654808192065,-0.1868918644695376
2902,37.687814120628474,-0.21135737212524097,31.618638012692557,-0.2740377355041549,34.50289020801081,-0.24201615985728528,33.470187087557015,-0.22681746221524438,32.798070552031675,-0.27785982778353835,35.259332329043374,-0.2538229962461538,34.37041657615267,-0.23833390255326917
2903,39.15127520015226,-0.24918718570696968,33.302196938923515,-0.3040742708037511,36.59152908869964,-0.2597326598582265,35.33961139955919,-0.23964423703987034,34.66288529168354,-0.30574413529499567,36.63946529235089,-0.27299901277813693,35.67492460659812,-0.28897505290619724
2904,36.721889623054274,-0.26094296980345566,30.494412119682252,-0.3299673391151785,33.60874205374559,-0.27433622199621205,32.30914506934668,-0.2628495873562702,31.924781056195872,-0.3254932175757223,34.68821991969652,-0.2853430183004511,32.42744940874871,-0.3062691556261222
2905,38.478492195380504,-0.27617230268299003,32.41956609536572,-0.32395867340512374,35.975064402698706,-0.27740782346007675,33.07596121991722,-0.2668038569993104,34.342440659695924,-0.3341502870572168,36.47012220051809,-0.28913269680623727,34.314274465279276,-0.3232053668930176
2906,35.27978350390926,-0.2771036785661318,30.77705695945671,-0.33418946258241994,32.54185490269646,-0.2952655127664719,29.624879875737108,-0.29255929541409154,31.046835744980264,-0.3369852542307548,33.59907742704846,-0.3073242776831402,32.55494897107373,-0.3359387350491265
2907,29.867778837963137,-0.3122159506881659,24.601941221354746,-0.3569166988841227,26.03409579598565,-0.3159574891065672,22.875257094918293,-0.3120067655601708,24.984629946425088,-0.37298798507096964,27.403314362387032,-0.32920189757296986,26.58111942222235,-0.35595486219185646
2908,32.8311438742282,-0.3473410916101978,28.94147301095128,-0.3789508812474334,30.1411137849202,-0.34962019489842283,26.76807734431817,-0.33520217546032377,27.655079932455365,-0.4056745793787751,30.729794913988897,-0.3597462100960672,30.600322652686014,-0.3782201642170568
2909,31.50837113005565,-0.34151605371018406,27.4722596633528,-0.3741513856645818,28.652754419308405,-0.35510421657169655,26.140840514455782,-0.32202019867788306,24.91293306183419,-0.3918983041792258,29.203979161155207,-0.35629357657243715,28.454838709087728,-0.3740481055722007
2910,37.19259777151979,-0.2821262426081443,32.97008709091316,-0.3086907538027612,33.873113974711295,-0.29935770351297253,31.127114703660705,-0.26767070031904805,30.294366525457175,-0.33817611214169796,34.083317345411494,-0.29412231336900535,33.516905479494355,-0.3193540260136432
2911,31.218457222217282,-0.29243622854788487,28.444866420173597,-0.3104155722381282,28.822826831886164,-0.3000088639341303,25.724422091263524,-0.2868014829238302,24.56546010814278,-0.3434360458083691,28.056658800169657,-0.29771516272267057,27.54333485504626,-0.305727806375464
2912,25.56286616501046,-0.26524412606761283,23.750130101688463,-0.28031003051414005,22.43588139727887,-0.27709020641502724,20.320763053263935,-0.26000236116779896,18.785686498219995,-0.29818134877172253,22.676988425572162,-0.2627415518442813,21.588706211883473,-0.261613030069584
2913,27.37792864053946,-0.257247742757263,25.328728468748807,-0.2598789766799071,23.62537145052988,-0.25496004112132015,21.504122883661108,-0.2426117875162401,20.834335395361094,-0.2932067945460982,25.11460183341901,-0.24964057704493892,23.414180432007008,-0.24335329747220108
2914,18.91485288897623,-0.32866412386578486,16.984744673644222,-0.3204017768034114,14.470176198303841,-0.3201525722797559,13.981189658306443,-0.2991610455193913,12.5929122813102,-0.3454971709855374,16.649860323621112,-0.31231004521422145,15.976901811324737,-0.3016173104166253
2915,12.956669888226,-0.265766554328578,11.752342650906915,-0.26885416392107053,9.330371909612298,-0.25032310882735703,8.34290827304627,-0.23311240731972535,7.784176015917026,-0.27428340884559965,10.669991509417763,-0.25380104302461187,10.053016398700175,-0.2323786104320717
2916,11.926102652316583,-0.2263172051243012,9.70768687821258,-0.23256381204653742,7.8141957288912,-0.2241800031818312,7.353996783062005,-0.1971812957195927,6.567470194420717,-0.23245331852048018,9.118310552153165,-0.21738124324529956,8.357268699343926,-0.19754534422832637
2917,8.111827688703388,-0.23549885171963972,6.020508958753713,-0.2275397595663054,4.28052708134763,-0.22078540279832273,5.480602246770552,-0.1952918829733531,3.2325547985632044,-0.21834022026090089,6.248227818203144,-0.23005929001180345,5.615609511579988,-0.19401270592049846
2918,10.477845253119472,-0.21787189665459789,8.725115305115345,-0.21318037576236037,6.434201244333173,-0.20840027235164316,7.830155932917982,-0.19851764070202796,5.921623330467662,-0.21112031192093858,9.02982280933087,-0.22208977663145973,9.660379363737489,-0.18524882122373482
2919,12.791282027127389,-0.24369849824425524,10.652317987884564,-0.2207333277760917,8.137075243595225,-0.23654926448820485,10.795046408382806,-0.21362526820429825,8.739808078119369,-0.23147799804757543,11.2864276450977,-0.2491764039767318,12.17869211377395,-0.19579934192113904
2920,11.722397982269882,-0.21102547572150807,10.984364809571957,-0.18241858120990478,7.9964034364121765,-0.19884134206744836,11.225889402870417,-0.1781738967176971,9.791715773571225,-0.20498855692259188,11.754674399051968,-0.22318023008248714,11.93553771707234,-0.15822227807191377
2921,15.786192367955426,-0.18925576025915802,14.917839167758222,-0.16104916776373807,13.217556838546976,-0.18608593204321688,14.725338322294437,-0.16899681196950994,14.516085336129187,-0.1910257294583939,15.504121250219317,-0.21955309571557757,15.705398753682914,-0.14154841365537027
2922,16.656077363779985,-0.1838556184949736,14.86099826575828,-0.15171833241186378,13.362193078344449,-0.18756505874007473,14.19580051534702,-0.16228496102755036,14.991635813426853,-0.1814825432604451,16.144124645928514,-0.20517408791324737,16.03565943846693,-0.12907478941372028
2923,13.68875863688377,-0.12601089868395676,12.359725547135032,-0.09329180608067258,10.4931655284504,-0.125984876980255,11.31970570096156,-0.11822019861435777,12.81849155957692,-0.13153541293220655,14.097218035341392,-0.13023425669108363,14.269090480272062,-0.06783327771617192
2924,17.610859096389817,-0.133263017526567,15.854456119183038,-0.10118005198981302,14.229503737133857,-0.1372512493537977,14.515930002368641,-0.1223325648849147,15.382778575518303,-0.12939177003939398,17.42872235414615,-0.12415231604086086,18.450126765344596,-0.07051953174536746
2925,20.75684009014974,-0.1492189550962716,19.197767417840826,-0.11389869568891028,17.75584224576294,-0.13751468337398065,17.571447484952564,-0.1422496207231619,18.556302806816703,-0.15096702443192941,20.790812090527368,-0.1280137087026577,23.178612964739003,-0.0861039950274031
2926,21.593475530424,-0.17481893414102578,20.632395226945135,-0.1314430551674864,19.111123497652006,-0.17189723947457589,20.289397705934725,-0.17178319628357153,19.693256988582704,-0.16940129294926284,22.830493774919255,-0.15496344140715118,24.391284459989247,-0.11602235865333987
2927,27.524587308194217,-0.08736233795884354,27.137365775423987,-0.04017327232559759,25.395002443691077,-0.07623708856136316,27.094976524443005,-0.07878954726494852,25.593854326019265,-0.07737776718385249,29.544611398395784,-0.050786104473008464,29.761215211636532,-0.03996034795589684
2928,29.916616820899364,-0.03855671285519693,29.5725692407764,0.004039762409954236,27.951785207850538,-0.026211127008209444,28.15716730109596,-0.03191311342903669,26.519937324346003,-0.038373204205909756,33.16785746804517,-0.0012978717770809785,32.15362529076208,-0.0023902490436213085
2929,35.260506817316106,-0.12049110304530411,35.31024615114745,-0.05622923866803011,32.82748841605371,-0.10549569342052632,34.030308739812114,-0.11334057643302912,31.775441649954583,-0.10904294114695492,38.3906462098541,-0.07095441441956682,37.429654018798615,-0.08664525149267617
2930,33.83613842449421,-0.03714148793780499,33.54432708641137,0.01553424561472403,31.746371975568465,-0.021056751164259445,32.425957593439975,-0.032989083871088176,32.109536474201136,-0.01899414186829742,37.56108186245077,0.0072412047171133975,37.08177880522412,0.0007838042776783932
2931,32.68414731848912,-0.021915193037894055,31.383442215223837,0.04307033024414484,29.33468945520584,-0.005221003630921291,28.637681349843163,-0.00930940577279493,30.562768353018992,-0.002225753513209661,34.77499489349297,0.027098317231870207,35.403072990056124,0.022009515770496514
2932,26.541306256940544,0.005155293159388473,25.88279601707127,0.05121399498821955,24.34348759708346,0.01480449447121917,23.257596100024468,0.011887983452065676,24.684129212286685,0.017146039196843748,29.721100585999643,0.029921044970656313,30.618880295105765,0.02423699560746604
2933,29.146164486400576,-0.046369161553093494,29.288406529954187,0.004163656349295979,27.306587498990595,-0.026426134510237877,26.075943615090374,-0.05533032786494489,27.19942236350233,-0.0349629035106694,32.932804552916515,-0.03811458634260353,33.67837635009427,-0.020604268489808925
2934,30.750790610961324,-0.034310730314997644,31.348971610806732,0.027840022080531303,29.124537070570064,-0.012966448046544466,28.997426899067257,-0.03406974012839772,29.106685138827228,-0.01687905478922233,34.25878201128283,-0.004551824314323067,35.273557754003065,0.003804080247957453
2935,27.333375894959527,-0.08109194986406465,27.00646408995402,-0.03998162023988823,25.26058225240255,-0.07235038588786906,24.51331996732732,-0.10385716941768619,24.64388586963482,-0.08675041325215495,30.12572152602699,-0.06977946981022339,31.305695056403575,-0.07434720988918433
2936,29.430166163323143,-0.050169948207587925,30.474887219530594,-0.027140451220183704,27.899760722741686,-0.056208238706604303,28.10367945418912,-0.08701816848958231,28.039136286870615,-0.06583045722437109,33.2077514276999,-0.04888696856397536,32.92028214449936,-0.058118427903341735
2937,27.23272726849074,-0.03383388728252702,27.42060040757955,-0.014593239822231333,26.42764233963552,-0.05247785110266208,25.569128845177424,-0.07407427623488712,27.061361030530765,-0.04454036009843545,31.234224357835284,-0.0364509549693915,30.63075061158648,-0.045519863392619216
2938,26.230562874891234,-0.04529980975185329,26.083049417527565,-0.0005997067115927832,26.75115010150611,-0.053225915559613035,24.940196000531678,-0.059580534701936236,26.029817612154513,-0.04587406905528335,30.11248646356801,-0.03657762186903758,30.018174107562956,-0.043348151771915165
2939,22.99979709581074,0.016365022651719463,22.360606343543203,0.06727358157698521,22.197361443965484,0.014529157330597316,21.490339410114476,-0.006862704982258279,22.251816221017023,0.02260726754967374,24.810326572702046,0.03144995339862696,25.886965072410426,0.019471606786845192
2940,21.947375198837303,-0.00414857328767139,21.17192722611285,0.03434896193903149,20.910154857808166,-0.014893800209358696,21.062434692656765,-0.02930325389114303,21.474396588529736,0.005971723637852561,23.831791870822705,0.00202839401765602,24.040169092406924,-0.011031828535796533
2941,23.997518433059845,-0.03214484551438512,21.968584325562325,-0.012040974548419327,22.223731048011985,-0.048077372958706024,23.207790029417662,-0.048774688134368575,22.492412153394476,-0.02826440984686738,24.613171745965587,-0.025219233189699448,25.27390139548014,-0.039587700754920914
2942,25.480384193078812,0.01702939740920889,22.727743815055188,0.02836749183559605,22.975872266339717,0.002415540236185483,26.404604703529394,-0.024038996725942056,24.394519594880695,0.002639434366175485,27.012129674838196,0.03015773813970829,26.766579033263376,-0.003521133001694008
2943,22.29564953240002,0.0480143002577875,21.74612866285839,0.052559847135871016,22.48521535467414,0.015886922062237276,24.040195191828566,0.00898788840815807,21.79372378596474,0.028519846390785374,25.394872564976282,0.05931372341655708,25.336156244174187,0.028736475150992147
2944,21.02113653618777,0.07715523643006882,18.968385020366696,0.08240942631811202,20.223234222112005,0.05445586822929113,22.276226418096424,0.04193540047903642,20.24200584451862,0.05221626858851337,22.857562964811304,0.09466908271215066,23.092695759178937,0.05204446483267899
2945,26.13979855776445,0.02109923809665855,22.26812580054757,0.02867246105691878,24.625636526917862,-0.0017054767862133922,26.558184314034285,-0.020770026818857014,24.17925199136281,0.0030180442128436126,28.08380618059257,0.044688328759809486,27.231555912731288,-0.005028360149086664
2946,23.99144083795283,0.015916338011377682,20.361929459070307,0.0282677787988523,22.30448349459909,-0.0012117633150506763,23.716858215885217,-0.026376353836986943,21.701231446272264,-0.013096206741523392,25.249284316893032,0.04069392593316731,24.74899688029311,-0.01870688933859396
2947,27.53429604737958,0.07702884270484361,24.802850443841923,0.10135837308050703,27.25781329423802,0.06405028107526352,27.281679122634287,0.04323131085240016,25.708419104900724,0.07104689540366604,27.44111363480819,0.11395077186868502,29.460314842293837,0.05020754216401846
2948,30.686454980986724,0.1026147406477196,27.629866733579853,0.11690914373213177,30.319479387397745,0.07173405919927892,30.210764129010535,0.06157290635350439,29.211603121480792,0.06943355659770775,29.946390701954485,0.1299830648315074,32.25959256912743,0.07391052059664284
2949,33.916062760523374,0.042216743947037366,32.357678914907964,0.063939476256595,34.92998514693128,0.02217333341322821,35.65877576518899,0.0007893243888905006,33.733370451779095,0.005223717127410127,34.04867215023244,0.08408546134641826,36.636659710681855,-0.012481122884256107
2950,39.57324006949544,0.032634241878691475,38.80062852791816,0.0657830630055343,41.721937540946655,0.026030061615149105,42.53114013748284,-7.540340952455135e-5,38.71780087595487,0.014160374316839777,39.856668000497294,0.06854684429373362,41.67136558689835,-0.005813792746086722
2951,39.497585367146506,0.07760913223407793,39.35088572815039,0.09623923076126968,42.53281714878802,0.05603438314190112,42.8095948085365,0.035459085162822084,39.30603934064714,0.03355619456696209,40.499847466721164,0.08256468266715791,42.05877802608596,0.02085939772727367
2952,32.10792292925531,0.0833050505006882,31.561242008945477,0.08434789909795833,35.23386944459179,0.050687521117026346,35.622739005007496,0.055734131567927364,32.259145549000564,0.050852655965461874,33.78817330455479,0.09151996488377685,35.20204398696331,0.02589279354206523
2953,33.485484425899784,0.10260762407466026,33.06282077970672,0.08265174951280285,35.91649145608715,0.061713281988344484,36.1675570869565,0.06695563959451031,32.37703344575063,0.06144834318130832,34.094352061065614,0.09659438764355235,36.38146997885667,0.033226723384142995
2954,40.9303603914355,0.0291433967439801,41.57918338628356,0.002763736918520594,43.30605711108075,-0.013896272124640296,43.87392493142171,0.00249637241637664,40.10368363895114,-0.019573708942000237,42.721096888515994,0.02874392356709026,44.09689552854128,-0.030816779285145576
2955,41.7100580203152,0.03422334894027543,40.55802848134207,-0.00792567669653664,43.580453937086965,-0.008563369089696373,44.83470527624644,0.021725469978643455,40.308381373263146,-0.008530673324329427,43.56624936964402,0.03342104042062015,44.50041633273494,-0.03784682322821363
2956,42.1821237449836,0.07476348570230648,40.39025843269321,0.03730690905365691,44.09387056289087,0.021065434890845613,44.65777435333908,0.058246249125533944,40.46384873415996,0.034655205943800914,43.292301101162735,0.06847196218695446,44.908883246884415,0.0001256395032744398
2957,40.88100201008256,0.010661568337888384,39.90643591632829,-0.026016944487827497,43.70276271117355,-0.03409668601398497,43.41531268657618,-0.001101005607945009,39.07033187281074,-0.036046020163653165,42.27704374649633,-0.0004439292585518284,44.192652660135764,-0.06516831109668497
2958,43.3455026353565,-0.019271640290042323,41.937264810473636,-0.04469291776774552,47.08182682518086,-0.05077030220808862,45.05802107064773,-0.023869580979035913,42.37859275470349,-0.05397543743946878,44.995976466496586,-0.01920704747067738,46.29468652550251,-0.07103399053839385
2959,47.40122655775005,-0.014576026178877141,45.60270890311215,-0.0559937661118783,52.40942911880743,-0.05898212016027575,49.21853979198914,-0.029307522108138362,46.139394070898554,-0.057360522257705146,49.2821705802621,-0.02868998535134215,49.96821602261634,-0.10176286875003507
2960,48.71941634830095,0.0227234314565363,46.57083685482043,-0.023026906704913443,53.38713009107548,-0.024802491030581787,49.74393065229633,0.015401081591063018,46.71477263112459,-0.023225390454780476,49.64584511108995,0.003365030500347324,50.645881326931644,-0.05687698824326859
2961,49.720408947545096,0.015448750502609597,48.50937090556442,-0.03849407998356875,54.371822864446536,-0.02511811723814844,50.691349587805725,0.01271420791857774,46.59371880508317,-0.0071293423629139666,50.11361827060648,0.0073877425881074335,50.663028024203655,-0.07185170786368139
2962,46.528225603202564,0.04194361834234535,44.22608702252426,-0.005294631845057383,50.51416150971099,0.010461706767592498,45.4699165241155,0.05246855654015726,43.45489487003937,0.019443664407645923,46.34031960300433,0.04096944519672736,46.35930093844713,-0.03297122396899049
2963,49.7396054709253,0.035048929382506366,47.561946523823266,0.016806748506841634,52.717829781181884,0.025163512851332427,49.51329456954065,0.05451680643626403,46.27130008198015,0.0266631703674024,49.65848750880585,0.041882223506196574,48.94630927360254,-0.0317894958551859
2964,52.12334627315669,0.051821820345746686,50.157785873638844,0.025300179263294885,55.8414232656328,0.02983570195951473,52.86434297421265,0.06449889445460755,48.1341711564578,0.04196321139403818,52.06908967295006,0.05191158422471723,50.89980405946733,-0.024347841362411485
2965,52.52880895042505,0.06080699442750463,50.476243331111625,0.0542950822412583,56.584030953869295,0.04551145920077609,52.079679536255405,0.08792616633901318,48.19738997504328,0.05054103654237167,51.7885767880271,0.06632595305325416,51.88337993845585,-0.00019772780365902298
2966,48.31462363780374,0.06331561584995753,46.63878603998815,0.08206762118766543,52.650762828764854,0.06513846648361048,47.61320916896153,0.1029519490920551,43.87357474492453,0.07621564259019009,47.38811140243398,0.0926636718645972,47.82658462055462,0.021326232354481826
2967,50.229491637319455,0.1380281122174457,47.96389074163076,0.15519869195355024,53.78193238162349,0.13760794258769177,48.95501935258874,0.1775861759472768,45.31495865182976,0.15576302024723213,49.556290890566174,0.1799207147188137,48.41409627610424,0.10468408746204988
2968,48.961127279566696,0.09290220434823837,48.006303800619065,0.10587962441483623,52.45961629914913,0.086930721783478,48.55107982140773,0.12120073509920368,44.734014272903636,0.09837675228770872,48.84338070658485,0.11936634578231953,46.90387323984628,0.05674881149595237
2969,53.451917612855624,0.094516671733704,52.929530617581264,0.10690883619220601,56.7775727311749,0.09599876211608085,53.26874503943904,0.14203986172211483,49.53509252444361,0.11864030641819537,54.161203173859924,0.1295225651557578,49.65282110939286,0.07866411081680263
2970,55.55069010302553,0.04510257837911259,54.79893741054479,0.04938234970090502,58.953572897987634,0.06102746080464249,54.856292788890286,0.08851443825056683,52.07341921659257,0.07838685082811624,56.69552093730603,0.09117127253644285,52.47339064961031,0.028300480354660484
2971,55.788302870357064,0.020781989541111694,54.59622917076341,0.014216684665077617,57.88863643800468,0.03905339406612586,54.54387899214602,0.05996172054011503,51.647931190567135,0.03581494964294707,56.38913801136371,0.056228323344149525,52.35974280956303,0.0003990932893259379
2972,54.34502825060261,0.006706356629622246,52.79325678425955,0.008750910334613015,57.59956127380497,0.034618237909967396,53.82409205278427,0.047625120229844733,51.02906983575724,0.024667619060321475,55.16839795546222,0.05074051469375183,53.10297600467532,-0.005420510505998163
2973,50.85984791622551,-0.03174508486361606,49.37403764490307,-0.03411471506949432,53.25960397195746,-0.013645777750258367,50.24172101567391,-0.006847431959059996,49.08012733560892,-0.0218438562595155,52.31030982483884,-0.005592358832182655,49.551071177517926,-0.04141875927000571
2974,46.074177859327314,0.06745514505555968,44.87333928167314,0.06334762552068861,48.69996555744565,0.05443717368559866,46.067868391387876,0.06795610554862594,44.689400270230834,0.07089619259124369,47.342713233946284,0.08322315045391447,45.13120200145994,0.03686950785629933
2975,47.60967639716306,0.062407494143719405,46.25669026910948,0.05603181609914433,48.240631048693444,0.048761122634673186,46.189465887832064,0.060431959192219845,46.99302781162576,0.06174401007326416,48.59897201918451,0.0794626187167227,45.75224977825972,0.029458721805634615
2976,45.0051078230015,0.04968108631315514,45.172872828699994,0.03569993316514197,45.44090213489132,0.05095024004154835,43.833728244524806,0.03889692751735268,46.085117381765464,0.05326984993546194,47.370481302472044,0.06584233268004822,44.50023787139864,0.021542144436243825
2977,55.17836214397849,0.13819469942051735,54.05736595170853,0.12964627920574548,54.493697088004964,0.14186642383884182,52.13990094660225,0.13056492004094514,56.236919537469944,0.1452122743832683,57.38970392196079,0.1548417138609673,53.8679966824114,0.12538909734696482
2978,53.299023705276284,0.1438392323964636,51.56809475372839,0.13611024276334682,51.652295611884114,0.1497082033270037,49.68534793816167,0.14014975043178746,52.73780272303312,0.17147807390920755,54.805069426143895,0.16041337888262774,50.392955679435545,0.13903964578381844
2979,53.375864555382115,0.04336194978120345,53.17298921430478,0.04424445999069832,51.71245137916909,0.023857215783140585,49.9519977811166,0.039583005894060976,54.33506354463365,0.06620562502506015,55.85252261238952,0.04939972285252577,50.9224624576576,0.03480879685577581
2980,52.06618361179828,0.017975491332303858,51.78405716774871,0.020986182337294004,49.754142752679876,-0.009449857074133062,47.944938203336065,0.013410680824689216,52.204589528155196,0.027642109930025582,52.988718152650385,0.01180228482276698,48.65955904953943,0.0061729136563939
2981,51.76870435715078,0.016577855556689846,51.20913595864912,0.023794817187614035,49.032827598350046,-0.0006735477541461136,48.42426465819148,0.042217092865430274,51.30386418665545,0.044824184618748736,52.534926406880196,0.012506110697021828,47.256409655340505,0.004287405505028964
2982,53.223593414643645,-0.005301815877891755,52.98986215291177,-0.003730469918211327,49.8253538232551,-0.020623505267000672,49.38768684298479,0.012414987725600918,52.30656726179529,0.013267528062572798,53.51639529229124,-0.02608445137597559,48.98912734180547,-0.025845573135783187
2983,51.56706502097231,-0.047843058276019666,51.59198995353719,-0.035888320693704186,48.84203812764609,-0.04947177397889541,48.87191227777375,-0.02678855720149681,52.49384477779846,-0.01909096415544836,51.73761483805568,-0.048447748241313066,47.82369718540008,-0.0501157069112395
2984,53.64267748048036,-0.03320556735463243,54.448592475192925,-0.026291529839839803,51.326993483446124,-0.026931378376241766,52.182625860945464,-0.0057787744566808255,55.28900739660085,0.0031889998514444753,53.22125369186865,-0.0363013653396764,51.371451326559416,-0.02409327168999928
2985,55.34318224497041,-0.028477422682795378,55.56091850318005,-0.014838432576575855,53.61473551228777,-0.03518262736926564,54.238055198514886,-0.002390734951592855,57.976314495741164,0.008630644119596347,55.21252019516388,-0.03207725644545409,53.30427057006862,-0.00848971925553264
2986,54.636666428184064,-0.09329560581074844,54.451631315545114,-0.07938260324318012,53.2093011457827,-0.10023979842350156,52.649923037338276,-0.05393007244916155,56.8943788932937,-0.04874433564834961,54.34031645470731,-0.09751237374115007,53.28633374721771,-0.06397779435734081
2987,48.791692824984175,-0.11975689217537067,49.28057424063833,-0.10498320522412996,47.69436039301456,-0.13144909787018672,46.830548608001195,-0.07977263994397621,51.43362772224957,-0.08718179754862296,49.203126611870765,-0.11883357768775363,47.6296702125022,-0.08109330382640478
2988,55.28106894432976,-0.07983928374259718,55.908209805433785,-0.06916980370529584,54.967967231521655,-0.09110988296768519,54.400909864585294,-0.04679495789163941,57.83725791638001,-0.04730955023469609,56.55405784647457,-0.07251148362115549,54.98959092338141,-0.04808899509408788
2989,50.94308390226233,-0.09636487741658756,51.47098806678339,-0.07980337964739158,51.15344565237372,-0.10116071726595925,48.90871522101578,-0.04662693328650308,51.830084855591316,-0.06595375311874133,51.89651527278889,-0.09231088782140454,50.25283928740157,-0.07033574698218543
2990,53.51639308073434,-0.1307055195930745,54.59492964518545,-0.11264085916693678,54.485962247976886,-0.12575914247770514,52.80306073511226,-0.07906592148658884,53.357275412795076,-0.09253018146872481,54.417743542985505,-0.122676325124052,52.570820103177056,-0.10976885191234062
2991,52.28431568294379,-0.16858713090761798,53.82179022618543,-0.15167963179322103,53.98126398671084,-0.17390720811162202,51.91030639509076,-0.12765411921932962,52.13258485696989,-0.12214759979234747,53.37925814354682,-0.17081157831604274,51.74115114219231,-0.15469557706982828
2992,44.58068943764865,-0.19188958954296909,47.00569211130997,-0.1848290078936157,47.31936165679653,-0.18892068376210808,44.09118031453313,-0.15488315430275604,46.55442517148559,-0.15227573992191243,47.33558915528359,-0.1906834104261591,45.02864867636252,-0.17058031183657063
2993,43.903877427622646,-0.218064458478253,46.37974051555901,-0.1969113352257329,46.078984906805864,-0.22519094317683108,42.4182002468201,-0.1796703710677304,46.020702555603386,-0.17266809570224928,46.03671192735479,-0.20768125296329748,43.42017097054912,-0.1974644605760194
2994,45.06576708117416,-0.2782821063855935,49.899142700004305,-0.26425208654578064,48.02659093203637,-0.285125019355695,44.28957368616029,-0.2497721125178079,48.33619543019548,-0.24684014341112664,47.858451060384375,-0.2701024397324645,45.954094761826205,-0.27497376954521624
2995,48.21787890891332,-0.28352643728166393,54.14656312914051,-0.28573328648612434,51.60190285664364,-0.2926145294299401,48.08695447335448,-0.27500837655037824,51.42428923316519,-0.25847520538712965,50.93197812100478,-0.28242304235147786,50.302318110216426,-0.30463268980777247
2996,49.9906910997911,-0.2655180197967476,55.586615385816806,-0.2521097340405756,52.757340070059044,-0.2670887173821165,49.97572300702629,-0.24749570243257513,52.605236491157,-0.2382635226224606,52.15386805378064,-0.2598026216171426,51.49539739240757,-0.274464501134815
2997,54.08729712458806,-0.2347896877455573,59.87548962237787,-0.23250119302275882,56.339024041694195,-0.23893538688462415,53.66252260913985,-0.22243426800076604,56.989694678989565,-0.2179733376044887,55.55211390776397,-0.25595547365765325,55.337120342551856,-0.250974505821448
2998,54.54004306996157,-0.22287208163385813,60.08259419946888,-0.214405922300248,57.533705556322104,-0.21671369400744225,53.509902013628654,-0.20657558169435827,57.826640202646644,-0.1921201364599387,56.90319975719282,-0.2408140353336078,55.41522402958975,-0.23242876329001866
2999,54.27882352553353,-0.23303437599478966,59.20699494386579,-0.23084679436645617,56.8557194393057,-0.23541370853522167,53.56314208215718,-0.21658355133088658,57.348154609678815,-0.21362822145132312,56.86665458624668,-0.25472095735715433,53.98379448662533,-0.24121506784477062
3000,52.832584749811005,-0.251374498942971,57.0359397685601,-0.21367705809514043,54.66097164896822,-0.23109778653057578,52.19838334462115,-0.20452080973730424,56.81552085485553,-0.20237337325609095,56.06019141693186,-0.24261622552497714,54.03973627071865,-0.2212832491816203
3001,54.13399353501645,-0.265417993198475,57.45629670400204,-0.23925538525611287,55.477063525435966,-0.2585234005332508,53.14205793588887,-0.21764594630788026,58.55933475647504,-0.23026939601635965,57.665266269680956,-0.2748014953348802,54.665617909436975,-0.25501621968342447
3002,60.66808972311022,-0.1641356434016149,63.94885674539445,-0.15195240464264176,62.942909692580464,-0.17628947540174886,59.792845348031626,-0.13389328880272827,64.98209407292075,-0.14539987463350817,63.793765642366424,-0.18720883466980304,61.46312967324954,-0.1812986879508856
3003,61.83555094550124,-0.17177336676389876,67.02511830340757,-0.14833723991648756,65.61784953181478,-0.16777081687793338,61.40023729987693,-0.14001014915388532,67.06752687164393,-0.1464928663365973,65.64615161429862,-0.17963906975386779,64.66372650455034,-0.1830321910376505
3004,61.744318277419765,-0.17988949606348245,67.7486787691973,-0.14715461448459785,64.82982166667159,-0.17522454713316088,60.8692936875088,-0.15399525834347422,66.23733918064391,-0.16102975144220255,66.99709734269133,-0.1829864931552439,63.98856134166746,-0.17659243813426898
3005,60.49011319318764,-0.11830670376154842,66.59790587250598,-0.09175174082231113,63.11406658157488,-0.12081320954118858,59.9235284853221,-0.09913612434449515,64.2569086868687,-0.11072119025151467,66.86995546219073,-0.14199085175708187,62.6306153342614,-0.10663559475404272
3006,59.73854753784808,-0.15902255775142388,65.40248121422624,-0.13367455281459492,62.40799297603094,-0.1510901666213445,60.282638035413044,-0.13552038638286154,64.16615616871341,-0.14113445259049898,67.14293585171322,-0.19132701516109987,62.27041195177442,-0.12961809138607575
3007,61.76971798793758,-0.2203809131628621,66.81697801577569,-0.20502990990670064,64.36174927135124,-0.21884777666516347,61.29216812440144,-0.19045061748005124,64.63002030577132,-0.2017566155049508,67.24035613643197,-0.24949764367878055,63.69638803669577,-0.2019038935742726
3008,57.24863016708562,-0.20550029008789256,60.742255745661,-0.18362687411927417,59.30852037609362,-0.2122154308764969,55.28867830334189,-0.16837066272548104,59.43598331928988,-0.17823065746396166,61.995029341796474,-0.22982542664994488,57.43143655438413,-0.17606944689079618
3009,54.15447793570496,-0.17333798745965395,57.4538768363385,-0.14161222029677167,55.3025543694449,-0.1542556176356038,52.018106073339524,-0.1236005997699412,56.18540643786219,-0.129338716708227,59.01679725468385,-0.1806710938489767,53.21613457376976,-0.11922495694355854
3010,53.82135933166322,-0.18127785359616827,56.26362678119282,-0.1640000852829204,55.70626381762587,-0.17029949132030542,51.06380212356032,-0.15202530185014046,55.34425437465197,-0.15176499755387354,57.48109457868377,-0.1909003209181394,52.667940068666965,-0.14291515304651503
3011,53.389411646603044,-0.13648418312426408,54.21530295660625,-0.1123494652526583,54.369501873804616,-0.12151062076207975,51.33714955682442,-0.10367390385141856,54.50448386682571,-0.10547520970091394,57.728817433860115,-0.1462856293862763,51.86778770270762,-0.08168371357350726
3012,49.137142583414104,-0.11766492701522696,50.516539002081124,-0.09483502125079732,50.86796104522536,-0.07558851021296431,48.10176682856369,-0.0778555347290659,51.412121186812726,-0.07730165914241464,54.008244811077574,-0.11776308217863168,48.170404459030976,-0.05655806958357066
3013,53.10132429921704,-0.08597586656011144,54.13031661309212,-0.05999981472116471,55.69261699749336,-0.05740370191891085,52.12249357084799,-0.04604322844585053,55.25595018616015,-0.047201233297959125,58.663872263011434,-0.08468074634942772,52.737172368127474,-0.03217590169944809
3014,50.15471978848951,-0.04979143298192544,51.38430496991421,-0.0331658852323125,52.66876260470201,-0.015504559337786276,49.85760066499358,-0.01203538201318208,53.201354699017564,-0.022723221728999474,56.467834663912654,-0.05341046923183839,52.34043668952684,-0.003639613766051337
3015,48.907274969566,-0.0365367882606826,48.417856081216,-0.036134109217021704,50.09410556944931,-0.021178611721717745,48.23791138836012,-0.012922797468115345,50.42496134517432,-0.017438731018225684,55.0582811748177,-0.05387696489805538,49.97312293147117,-0.004524581054724235
3016,50.42046914390014,-0.07719802977571552,50.021430397837214,-0.0811793498288181,51.60150820685771,-0.05041266185377034,50.644100445456615,-0.04759157292188426,51.956428548361735,-0.0514466047388192,57.01248688051619,-0.0963377391919503,52.20634040493807,-0.04447490443787022
3017,54.21383384751991,-0.02814429603643974,54.12081234637416,-0.018414783503964405,54.61300855008989,0.014932278792997121,54.21184819151932,0.0042398168413670355,55.96686201933964,0.010262088761898176,60.7594546786403,-0.0355708827373136,56.87104760387698,0.02196788284761851
3018,51.827859376708965,-0.011626943015448142,51.323152953484794,0.012609646238260138,52.73503955657076,0.03479816694045296,53.36473915475502,0.0127307570719403,54.37483630520977,0.021864351263001475,58.11121035408674,-0.012672002920852818,54.443300811107775,0.03020029442801408
3019,57.61462729509434,0.027803556845931734,56.11730062505544,0.0585918086248961,59.02406923363907,0.07777815179179477,58.91843318099972,0.05513152875818483,59.13993394632007,0.05971373517982071,62.74875304907887,0.024930258531137804,60.23465530547319,0.08158479308516405
3020,56.70418908632581,-0.016277424732575718,54.63516960690268,0.029205766357406338,58.228028468041146,0.03331357505700884,57.59533284817871,0.023336695375150138,58.185403997485636,0.040152862275370474,61.388136339226506,-0.0027738406069527793,59.35256484605283,0.050746609957628364
3021,51.01106170342068,-0.03397432633727193,48.981761183514095,0.012784826835735043,53.663159575124254,0.02947530136138225,52.19255994594489,0.017072054985425182,52.96881505642972,0.028232063482696905,56.145132526862284,-0.020378243646799202,53.66129609718663,0.03525084156174082
3022,54.95307517509374,-0.14233708347200158,54.33222333843265,-0.10183654708724406,57.83443044331552,-0.06205561692067468,56.81291101438216,-0.09096927671961967,57.24581373191165,-0.070223112050047,61.77769290843539,-0.11825050571903092,57.42208177283829,-0.0643294373593215
3023,53.08184835087619,-0.15512562676658764,52.573749505806695,-0.12376519110919598,55.71039495478462,-0.08263855903884734,55.41319930692914,-0.10563937865655734,55.509827667338605,-0.08993727015393756,59.888944819784015,-0.15368434005350134,54.95293898448706,-0.07663550713473238
3024,54.77122788848723,-0.15925776215281395,52.766574860594055,-0.12925773177284736,54.972901104064256,-0.10196052207263882,56.40092753591582,-0.1213637234919571,55.93216810661376,-0.10252760971402361,59.79470675637348,-0.16489251775626204,54.78220628886095,-0.07937643971480596
3025,56.16686594944816,-0.09849451997963814,53.7442422948487,-0.08464077115194008,55.442261123652024,-0.058001403122911924,57.71905175747963,-0.06013726440990652,56.3673291097527,-0.05540269041469753,60.715708558565936,-0.1161786007739178,55.96284571646913,-0.03319076823390685
3026,59.24922015688456,-0.08247394010861725,55.73761305195042,-0.0816476517171203,57.50511996478542,-0.032238759484547796,60.43446570616016,-0.041757369276185646,58.16891212820251,-0.03457882520384717,62.28104246451671,-0.08928914213055364,58.27498791717118,-0.0020871144730974928
3027,65.57636186986647,-0.15286646527401895,61.965699703274794,-0.14053551737544948,63.50844303157584,-0.0974796142509385,66.09006254544954,-0.11907228390070543,64.53159413400547,-0.10778163861231135,68.38437673936946,-0.1503919975591158,65.26522420781637,-0.076686068001072
3028,61.08157731332816,-0.23252205451646565,57.28902256044207,-0.21107140288752133,58.86086649721765,-0.1738047189567348,61.003531021918214,-0.19896073982818954,60.92657879570016,-0.19850018719142173,64.20956378613523,-0.23053930006356171,61.05697242756432,-0.149161060918809
3029,62.268555659476746,-0.20832018146641754,58.83139624094433,-0.1792784210544826,60.72538457526243,-0.1666579684345787,62.50954758742377,-0.19094453901007044,61.36537759066762,-0.18653124741961205,66.01119365465155,-0.19669240238231878,63.113560874618656,-0.1312509746154776
3030,50.720782598533695,-0.18246992571213158,47.360422946989104,-0.17094847134106678,49.4976894973649,-0.14411740017091534,51.092333598447446,-0.1789469718581601,49.55965625630356,-0.17674153231979908,54.245490466158735,-0.1861563795355894,51.70730596430451,-0.11599542718489386
3031,50.4938162920267,-0.13696706346497484,46.89310445872423,-0.12425297264895661,49.07347464971814,-0.08682903152808574,50.652409511248976,-0.11563485363788305,49.358125025963815,-0.11798576273744435,54.1003646903857,-0.1200518556449868,50.99755644682719,-0.05483867230358769
3032,45.202079758984496,-0.058449241763378665,42.66239430120568,-0.05360885937014445,43.66427878944984,-0.021303707936721417,45.68140665124723,-0.04761229263127331,43.66755210367499,-0.04743610331056096,49.25266356876655,-0.04198877920930372,45.80780647123027,0.007717819604465388
3033,49.88661331014814,-0.06400654736120608,47.12659331920892,-0.0692840034553178,46.80863651905988,-0.02450803551871678,49.92524496554295,-0.048452912028830876,47.44117968944615,-0.042835437908517834,52.0377393037713,-0.04418958725245612,50.716048143750626,-0.0026042041302180227
3034,54.49006784115926,-0.06119500738123884,51.43226340504267,-0.07078001777705323,51.023041077746605,-0.024673629558930425,55.08862509699387,-0.04499965453993547,52.449197160235585,-0.03874122709830767,56.87160197448783,-0.05292799304820486,54.456209528492366,0.013124791531772845
3035,58.95530029165311,-0.0026249481274583115,54.32618807432757,-0.02593167208754761,53.40073735307509,0.015333605257825924,58.76651275589319,-0.004666686073748592,55.788026215694586,0.010812013989677138,60.61601419833156,0.0012264720225101371,57.375409270663276,0.0507375182220106
3036,58.06660025393771,-0.002752738591479567,52.54481794105117,-0.025151941730059735,53.47200265080785,0.00900238487561409,56.98266154589226,-0.003069936575508911,54.09962370215176,0.01294544276567701,59.31091811206911,-0.0061796091480722576,55.84145279376085,0.03486819533716048
3037,56.962624102730416,-0.08248430162546636,52.85015908543027,-0.11490259279341186,52.75276623545933,-0.05057970059666338,56.367706916323044,-0.07533616830052028,53.19102002814559,-0.04855424063994522,57.590785809267274,-0.08130261887321552,56.64446250394535,-0.042173463478139966
3038,51.09270867343355,-0.06079466166021882,47.32431810069858,-0.08855679747709877,47.35350837355835,-0.04482466500106017,50.52040124919479,-0.05989824239703802,48.490628150731645,-0.024632173060022664,51.71643075604311,-0.05248964887648308,51.23241851542833,-0.015531286475109884
3039,54.30930889525831,-0.013435004073195344,51.02694325748373,-0.042804811692461954,51.76469472507807,-0.011381507388499894,54.77451403644853,-0.027110489009906678,52.89659585738637,0.019987067389161086,55.6020702650029,-0.016929349277246153,55.867536419343004,0.015474061043275963
3040,52.71674421383254,-0.12481106122315085,49.334040184132306,-0.1655889121825174,48.99271190599954,-0.1258529089369603,53.31503069860987,-0.1305626665811994,51.651701516028496,-0.08498176929075643,53.697111682800454,-0.13656398455040694,53.681270425676075,-0.08823619841684295
3041,53.00650423066234,-0.128902905293385,49.56524665234695,-0.1703226096196065,48.6047607484696,-0.1315248912792602,53.90905045982752,-0.14135319271664576,52.002998027853494,-0.08493679601449945,53.9347701014389,-0.1396457823898613,54.25860198330475,-0.09313853803170533
3042,57.947072303832755,-0.17733648338184055,55.24267438658029,-0.2278354278096802,54.397529764579815,-0.1779025841858812,58.99270409869716,-0.18222998048280067,57.65248824513805,-0.13139137731541337,60.56865882453603,-0.18368308407473477,60.20267524633099,-0.14632321154501793
3043,55.32694658470065,-0.1756747162715811,53.238438549327086,-0.2024441224627162,52.305068537982244,-0.1424250803991158,56.50825310072862,-0.1564448927743619,54.423569288599026,-0.10633252828389142,58.77420792417691,-0.16237366573005085,58.14447272457838,-0.12037405735677753
3044,57.209894982360055,-0.24867495959466226,54.49306629986404,-0.2489493873358613,53.74655130975209,-0.19963715840930046,57.16484651113552,-0.20777177042678047,55.106714770264055,-0.16873394336232594,60.25000858596555,-0.2121810665449656,59.707853543009726,-0.16606695990594036
3045,55.60130145179677,-0.2232575758116385,53.4217563867977,-0.20718363732584302,52.143634435779234,-0.1678621944466033,55.78608250521703,-0.18864452728718042,53.26190843993967,-0.14009159657959191,57.87214128489844,-0.18267718615931042,58.496927810501035,-0.1588127377558822
3046,54.40149058487259,-0.25375496567492545,53.24919659670057,-0.2414495132369599,52.45750984296954,-0.19019382954275418,53.90377664432115,-0.232561874933344,51.22958197900182,-0.17602622092320208,56.416437052020086,-0.2209270206645762,58.490553278108464,-0.17976281690453433
3047,50.962989894486306,-0.2609028500888688,50.221809425768065,-0.25362946449919355,48.602764946819015,-0.20449724544519846,50.61636943994679,-0.2260791541143702,47.92035421907034,-0.186188042895774,53.354306680940354,-0.23248326497364025,54.640096951380656,-0.19364101073099863
3048,49.4439696618414,-0.20177608933641522,49.500973770141805,-0.21439540637847565,48.265297281888515,-0.1480462057403061,50.55193383270151,-0.18834764151819547,46.84878037181615,-0.14867662849969507,52.46125169950932,-0.17988811040931132,53.793729470373975,-0.15870012218505394
3049,42.590060364175045,-0.21839589826682518,42.21105745209251,-0.21845804122639487,41.60997275798094,-0.15259479421384348,43.45861333705341,-0.20205396987298027,39.996172273162756,-0.17472737077696673,45.92202660891932,-0.1957486944553644,46.398639140809266,-0.18022141003484246
3050,47.011570431444234,-0.2239432852227894,46.97543366493204,-0.23163412152280854,45.11949507927461,-0.1668914815864434,48.21968387728276,-0.21071212602446093,43.98052238112051,-0.18129915951017198,49.649112302885435,-0.21282300854382083,50.309215631876185,-0.18844196231419746
3051,49.83318695058223,-0.14919403659723784,50.52020871135953,-0.16539307459702865,47.906867751766136,-0.10153635823153401,51.35963123522381,-0.14028162444522327,48.319318041717125,-0.10441182907392364,51.876216787433776,-0.1533049930960707,53.69880199964764,-0.11750747094521195
3052,50.672837731208524,-0.0847688930643063,51.906795983667095,-0.08673803837096158,50.48599609776823,-0.026269825701651414,53.07625922666209,-0.07060628601484087,50.54880782883758,-0.046039328277435065,52.89798888778811,-0.08398418209927218,55.46585504338498,-0.052299328900929344
3053,47.19396012187799,-0.02889702796166332,46.29167911832668,-0.03435897563791011,46.48775068456183,0.02412761791837133,48.016661842719444,-0.016610547457159834,45.905319007108844,0.00019571048949800982,48.484521456645325,-0.0521618952939298,50.33272304149019,-0.025551017103793608
3054,45.48848267407636,-0.019834669167975702,44.84736844503276,-0.012485095126480474,45.58909884958859,0.02218844460213092,46.39134820282035,-0.015533579807468261,45.29753615672444,0.0016780834103252533,48.29052779104867,-0.046246917525085564,48.82591265991937,-0.01935906581120068
3055,41.90631539286969,-0.0173179512026002,42.58416264445267,-0.0171476843828986,43.10064576189948,0.014866109377425146,43.67490309472308,-0.008832758427334709,43.52094129458435,-0.0022754502276872194,45.23008359554954,-0.0507694999937495,46.02344683390045,-0.017874343248278583
3056,42.06363441811601,0.03919175468221451,43.373904203473685,0.018138336298718777,43.783192732732346,0.06636286803540258,42.977448266602096,0.03908489161486798,44.835280602973114,0.02887505656951328,45.76887335943546,0.0017846119360918275,46.4281045088365,0.03705612872297407
3057,45.975082691680356,0.037634815126363436,47.487812517005175,0.015830987019359366,47.47426148920893,0.07906783444160836,47.08737014364131,0.042314980914251,48.22604639887737,0.0210506533468457,48.74598048677048,-0.002876683499654864,49.90914463363039,0.05122990530352693
3058,41.04351531348021,0.02870596511731905,42.36009581183852,0.006165025664802683,41.850629925902105,0.08690195795291071,40.893635774909605,0.017258374974431365,42.02544428980594,0.010805302030449306,43.09615428963576,-0.01636803346555364,44.31385194755567,0.04008916381102696
3059,40.77579434285455,-0.03644025346873446,43.12110441398786,-0.07221435270538241,42.24121305752338,0.018869002557072537,42.28125489984901,-0.057393022113099525,41.6832324032072,-0.058691853197570934,43.1928745482892,-0.07578836880806403,44.93136897389954,-0.03300574881481901
3060,44.85642030946154,0.020891772020101354,46.73211830964994,-0.018185107584168567,46.727737430208194,0.06721588338369736,45.51388973633465,0.00015079976790898647,46.34118194486794,-0.008231555478558158,47.5601024317259,-0.012221180071653579,48.99592769681902,0.023244138172321134
3061,42.84763275402463,0.09272851884750845,43.721259492470914,0.049973502183483634,44.224572866909,0.11579882104488586,41.42353478918484,0.05096825312701815,43.35249164482043,0.06644165630624144,43.8304371610107,0.061917397732713944,46.238285426500255,0.09709340697978326
3062,41.67050433222839,0.061605227166180165,41.50311221169339,0.0136804350463068,42.63507863749667,0.07877722809374468,40.074035028229524,-0.0009267628783717272,41.48547994548907,0.01663687042800862,42.01115492626836,0.02430701282708942,45.01714550558461,0.04792093299498201
3063,50.10132067995123,0.10020675798736933,48.43291636291709,0.055480465704323675,50.64291925989761,0.13117068513098049,47.86378912273286,0.050405029368719045,50.15953673503354,0.07877407912394116,49.91551196514208,0.08165237237618682,50.740492264146944,0.087907780172204
3064,53.090520432378455,0.1182656596263531,52.06908921490533,0.06192855528211765,53.30367053056561,0.13108093637351895,51.147951052505846,0.06321947399562156,52.76371257989703,0.09416004362061071,53.62283909324839,0.09541230388567427,53.37235878208975,0.09663877414824155
3065,52.07880139014409,0.1550210294670743,51.85641421258052,0.10880209159030865,52.5494530810386,0.18906950906390002,50.31967332186787,0.12372673716536993,51.27871985169864,0.15104883400805527,53.020466685993284,0.1533668956441182,52.087128872234445,0.14373743302267994
3066,54.555729447033684,0.17080146503550847,53.11386056784638,0.11572873054200597,53.96717334592608,0.18580549859545872,52.50187983540713,0.1254708549492216,53.29242185004665,0.13789285093987302,53.73559457653964,0.1601112824799685,53.01930552470661,0.14731277325282605
3067,56.88124872251542,0.1082399029910677,55.901306855796605,0.05145600204203594,55.8313314438741,0.11586541417507604,54.1417235933917,0.07328615614666892,54.97608588839252,0.08220577128176268,55.94769866863495,0.0983341584314544,56.22817700703035,0.0944491127684458
3068,55.379983450748114,0.09262209084202798,53.80294982670952,0.039357466415740595,54.58064124783161,0.09419985787048978,50.838009035649534,0.07519406554069676,53.88064786197377,0.07723228382011875,54.09179098308922,0.08103900439332473,54.61127040687559,0.08752870468566397
3069,53.750609515424905,0.08204169488521612,52.1692204805689,0.026987572151910846,52.35276215997832,0.07649905773712674,49.84827360959173,0.06609630699492561,52.04751239334274,0.06386659153920106,53.613046063958485,0.06545008657382383,52.8139816396309,0.0778408759473745
3070,58.39077944718162,-0.006045748125940293,58.65876074202507,-0.04572090944850461,57.02012051947041,-0.007687100573490674,55.02594781689716,-0.01673025501573892,57.63915319775971,-0.029735640550169702,59.60140731030477,-0.02438304458915904,58.20902024969446,-0.012683868268555342
3071,58.753844150776416,-0.0041299116121370424,58.362584830979046,-0.04811689673250455,55.842050417691524,-0.00405686132899028,55.02045571150088,0.0013853254393231974,56.63522484151531,-0.01344863921088787,59.49664376246008,-0.017856651227404388,56.97348632062268,0.009848393592233239
3072,55.84208193281271,0.05285719969433385,54.49716712369141,0.017012919979905068,53.20807767905719,0.06621880596238787,51.80570567812233,0.07298541833803984,53.35071456015268,0.04111221192155606,56.392625055354095,0.06147169111791826,53.11205465761865,0.08139774245298063
3073,59.39225784157234,0.08947153789743376,57.04320766786075,0.05178617848226618,55.61286433070041,0.10639249560089069,54.87211452660216,0.11638212019203426,56.018794085552216,0.06416369203235375,58.3146548744278,0.09730435937506088,56.81949119855686,0.11551228349160413
3074,58.938051315169666,0.10390366477521433,56.628480966293054,0.07816577956031168,55.57531587296384,0.1153982731316628,54.617608477392494,0.13915504493859804,56.655635109260416,0.08883176067195954,57.59972653720857,0.10143313104617083,57.685986932490316,0.12048106919619236
3075,58.24483651465714,0.1601996869607634,56.87246969320914,0.14621645764416868,55.741813716045876,0.17225895147035947,54.004306064134646,0.20281024925099053,55.47738293292593,0.15455480333176339,56.56757743556675,0.16615178689747498,57.178508051473464,0.18093597973890796
3076,57.62388260398471,0.11524705203840582,55.56219655663633,0.10488260406279261,54.70521965167013,0.1383141837117714,52.13193210350041,0.14950991867755553,54.61350117001342,0.10660146537687173,54.96819737941316,0.135227732967159,55.30795591728463,0.13264879125237256
3077,53.77620215175259,0.07824387160646895,51.36425073082809,0.06716945266079125,52.12507522707752,0.0881073152999404,49.26095729280006,0.09078764610813815,50.63694283344815,0.0554997626220624,51.9890883572236,0.08761779890462454,52.166647621185014,0.07961159846241783
3078,47.472947680061246,0.005660092967411682,44.723312250951246,-0.0019378533303199465,47.23716143487313,0.025016293534671052,45.086575559015614,0.01931047817241017,44.53000435727516,-0.0026318941507491762,46.62265829573363,0.006567693894084715,46.864775637766044,0.020472810515643078
3079,46.67261746879109,0.04520656201057575,45.038515507310606,0.026652578524818896,47.452100149344076,0.06993289049329562,44.34700453263258,0.05367194118008166,44.078860934476324,0.035444932456802115,45.54001288779713,0.04393583425499819,46.381125134487,0.05586728214777435
3080,45.09527485488135,0.056902038753427434,43.647797470256734,0.041891703177619616,45.927540216807955,0.08110135319551978,43.67545780323711,0.0641077032320329,42.16154783882824,0.04343208835615511,43.61127270857907,0.03702930584375341,44.666189431790556,0.06376042695046025
3081,44.101737373808454,0.08188163511372766,42.81794651423159,0.056225258726244946,45.520631701076766,0.11820288468074967,43.320754678734836,0.08537811925755945,42.09348952572973,0.08234170417037812,43.07574596922473,0.060360885409027606,43.348382994036726,0.08728011250613159
3082,46.18650019020933,0.08533035595121474,43.54923953535311,0.07221838355935231,46.46485764189304,0.12512074717423538,43.69588713024613,0.09955348074338584,43.59177487679027,0.08647132054161774,44.23012211993853,0.05565809708601233,44.625229623011656,0.09529153693558567
3083,47.14228916626992,0.0676188400300373,43.06970786201028,0.06550138080760157,46.46431496731221,0.11716965996905676,44.17090694612919,0.06947978657216784,43.53551402187678,0.05599843558757398,43.68905161408675,0.044623835798064095,44.054065192774246,0.07346256181376738
3084,46.93773586004688,0.07638194871954301,44.29122026086879,0.061298349017232634,45.96667446860549,0.12235615751715986,43.95696635477382,0.06959664924811881,43.27165366430974,0.05855378312330113,43.84407876324768,0.05360468411952347,43.797334330929736,0.07096117805326892
3085,45.38804219721466,0.009058489129192021,42.526549672969125,-0.034361006566088204,44.92632366628043,0.050391644389372395,41.54155702289897,0.0037855700185686304,41.60543337273678,-0.020718102141893832,42.1421892515918,-0.018086290922522615,41.32372980706167,-0.007964170086085808
3086,43.32200205650785,-0.009039459119161658,40.03741857965445,-0.03372838672661914,41.48325622330999,0.05287825046228452,39.11091935648515,-0.0037505969774883005,39.50057391897648,-0.019657672019014017,38.721155246809545,-0.014379248934992202,38.440716976159905,-0.013565744985950888
3087,42.715349743124975,0.09357484936868474,40.18181341578929,0.0667571279468735,40.24500990698531,0.141560085809059,38.44816684118146,0.10613055142749707,39.50824187336869,0.08310252410912596,37.42082834014896,0.10015867601199308,38.17042364249011,0.08538782991495013
3088,33.91142750776843,0.1358411935368685,30.23616273426554,0.11468325529289868,32.19093133018967,0.18789180800564403,30.95761919840648,0.15429112927857228,32.02901602196624,0.128940285170759,30.745379922115397,0.16344924732593466,31.352460441297158,0.13791649430349665
3089,35.784562390933395,0.10584888552011114,32.31925909951031,0.08053241434267529,34.49578514580323,0.15599781228574125,34.01095899552124,0.11651163662383603,34.629949003885734,0.10180176905857523,32.48103116500802,0.14043284148842486,34.21762159116815,0.11039259466350158
3090,36.733290632861404,0.11358951035823954,33.31962745552913,0.0954383016311769,35.78582164740048,0.16111127898326177,35.673087850716264,0.12637612599326326,36.00623870779918,0.10016437795232308,32.95088082308655,0.1560301419650454,35.853814062323764,0.12112769240753146
3091,36.127004109551606,0.14767163830399052,32.57686030064765,0.14165074146622808,34.84186621704456,0.1816134863944073,34.78045459920202,0.15285211828177442,34.164390210736734,0.14156610055522156,31.843790510022806,0.19004494596673097,34.088320891894185,0.173607861668804
3092,33.5473255148492,0.13778759042130423,30.773964286110488,0.12373564286288113,32.578942867173225,0.16160501731137022,32.54577557300189,0.1418218526333777,32.16268227854248,0.11105022684366901,29.8137837622891,0.16482144600459983,31.25723324110353,0.16082162766923364
3093,31.915863391546853,0.13741892991850005,29.785556497311386,0.13250563644396923,31.678133664411575,0.15774767658140681,30.853381089116205,0.142837787571408,30.74777325755644,0.11611165639458725,28.416063597557724,0.1764915945722982,29.51489852628861,0.15973225784655343
3094,37.34747440907822,0.09018354385280032,35.40083693272335,0.10775241374320778,37.70774449906924,0.10461846584083112,35.99557172960167,0.09450526100168109,37.287627460335614,0.09036131400649507,32.937191966036096,0.13838256926286316,35.060270840861364,0.11420703128660813
3095,39.61979542552301,0.0637035716138834,36.367810850621474,0.09701698288290268,39.24680678522297,0.09172486915262731,37.03244386053593,0.07451385160202954,38.751669593643264,0.08693873368091737,35.369950732956625,0.10844314551640165,36.42008294457507,0.10913908027961633
3096,41.31822720324689,0.06036341738242357,38.75268567271862,0.0783178469122535,41.83813424899677,0.06975918875908918,38.19321126685839,0.05896468253911859,40.77618088852823,0.08112106599681722,38.28593756761664,0.09340532212029942,38.08339233185131,0.09854693995285596
3097,44.147638447258444,0.0837107217658106,41.489807659264464,0.09089857193833924,45.623101573109324,0.08246666933172078,41.76326287931077,0.0781742469971588,45.00688621202043,0.09096055407601263,41.935195794442,0.11210992589144966,42.4261541834628,0.12003621422389449
3098,42.76371085469799,0.1351410749986543,40.62392862214015,0.13806704826519883,43.949940403797534,0.12719825566991746,40.38216223277276,0.140705650431568,43.583562320268676,0.13147646925509987,40.792960177360406,0.16416185217486348,41.35356187288603,0.1665016257660254
3099,35.09063753133938,0.04077644122515462,32.78828538600873,0.04608379937625444,36.85921369738934,0.03275578184751976,33.073263986653174,0.026151207769654846,35.8674857503998,0.01597399928942548,33.496734251583575,0.04846395166753416,34.34175382910886,0.050162618620002604
3100,38.30268186694326,0.017751285029817526,37.7225343722852,0.022235472025736874,40.47851144452747,0.0027027340403385416,36.617867387704386,-0.0020134068097948585,39.2064435303374,-0.013386575603427358,36.97993717477148,0.02506741172894522,37.21440810574874,0.023635306262569385
3101,36.819128307491134,0.036884106032679574,37.273518819347174,0.04512279530662252,39.76203195071338,0.0217033137074545,36.2624383625815,0.018078824487378433,38.12932279014111,0.017877779722351314,36.57955025408441,0.051377426862541056,36.19477566252246,0.04026159987475758
3102,37.79124338216695,-0.038464997017180896,37.223421103064155,-0.02975737697164963,40.585576623119366,-0.07306478279643128,35.90245884339291,-0.08544194837516064,38.012447185918965,-0.06419104375781674,36.331809295140886,-0.020628491711881185,35.78814061192848,-0.05260054897889385
3103,42.30720155949244,-0.09538493948681862,43.32482883088414,-0.07441311986377377,46.01931523979502,-0.12430591323811348,41.41644032518351,-0.13512017228070328,43.200605313015245,-0.1162478646059153,41.962132546558024,-0.07753785316260983,41.622525473618495,-0.10989326947949384
3104,37.71279704013965,-0.08127911571507641,39.2263852908595,-0.05499339322346464,40.83688185289198,-0.10060969849621686,37.27479790992068,-0.12209798008858852,38.25649103738071,-0.09167586469163218,37.48918925690398,-0.05624574140584721,36.98464665670067,-0.09157958781620085
3105,43.961963320844916,-0.07183096914906197,44.55288522213405,-0.048807389135567536,47.261700875252615,-0.09873402135010279,43.326929018238054,-0.10995447261288617,43.13720170225907,-0.0860721465839793,43.6994878054747,-0.05538353690649779,43.82493088147379,-0.07994891227639139
3106,34.78724012886818,-0.15871662412176388,35.64915693724997,-0.12053449739662603,39.08038725924947,-0.18549722678331274,34.83692933876914,-0.1835714110166003,34.69814618944803,-0.16016755007741182,35.896909527090585,-0.12938865021491663,35.45925535074585,-0.14718034614707193
3107,35.25958750926272,-0.09576835320365805,33.661114977430564,-0.06351471391272481,37.74172965510611,-0.11246450554991093,33.808954776279435,-0.10157843801844046,32.708132336445004,-0.09301194318492877,34.10805636590564,-0.07579448627446218,33.548372107674645,-0.08122117783414821
3108,38.470307556943546,-0.07166420480869912,37.820232909671276,-0.05282583265330491,41.36321877197869,-0.09234678198788746,36.705874620574534,-0.07902626560961139,37.23294273584895,-0.071025377356639,38.08719352599334,-0.049863710800805566,38.22600844332685,-0.06165107610098076
3109,35.78323763895253,0.01969098152504821,35.61452445530398,0.04732404399280232,37.688017892150725,-0.0014899064320898284,35.273701448992526,0.027612947046525737,35.5110307517244,0.022875737367576685,35.684825847564674,0.03914914295973227,36.355670988280224,0.036187822261789036
3110,35.00998801326604,0.03302706271341744,35.50121939326709,0.039360847564786784,37.1019447677225,-0.0033779151275825717,35.09258065050389,0.01880798767572693,34.34928823565975,0.025554418854923898,35.21889714820414,0.04821217664545325,35.520461345506405,0.0403956245175909
3111,33.48848116551129,-0.02099934151836348,33.69223802820761,-0.0188492502800942,35.87601572239969,-0.05200143786045843,33.40851741058025,-0.033449098581056574,33.456155611782506,-0.029026159637674652,34.677143507649085,0.0005966188291897552,33.900831850329155,-0.008276447884705822
3112,31.61261620940127,-0.03949067264942365,31.105821256328557,-0.027896171689223336,33.14645840564276,-0.0621389488748058,31.30826372075643,-0.04519805862351296,31.012940695643998,-0.048056163680572514,32.94418649615821,-0.023399423329212604,31.17575430793458,-0.03386424665628502
3113,29.851681854971105,0.01587225662495374,29.220758432129614,0.024442630354522845,32.445985293844174,-0.013280681724220533,29.75943607025211,0.009417720172160216,29.777678038467453,-0.004475298133768488,31.70050456404182,0.04088505146252697,29.295061155871736,0.031046766743690106
3114,30.172571233778392,-0.05864669642861975,30.006361546209472,-0.04375066303995549,32.69265792383208,-0.0881195012102988,29.901995378570735,-0.05278812974429989,30.50476807691764,-0.08837225470422796,31.51458228893369,-0.026889423763032196,28.878948357340995,-0.03380348869561404
3115,23.86154817985218,-0.0022554587522002254,25.378929361059917,0.02018597122420691,27.48006527506813,-0.03528385918781755,23.7114505608727,-0.006173142403628229,23.861411660103165,-0.029500760743091155,25.05068810704584,0.03551698949020291,23.635206131774027,0.02957255798495633
3116,24.538822870969867,0.016737776554553593,26.97714679485841,0.034023509393410506,29.12543383056919,-0.014135286628400481,25.27178371630619,0.01367488762082279,24.84633015447752,-0.011642771047865076,25.861483696462283,0.058572083884136227,25.240130980025896,0.04986562149016317
3117,30.168851971882127,0.06316618086935663,31.737206702873376,0.09525899993685734,33.86568034887993,0.04745653901584146,30.46526853956378,0.07017225151298925,30.609095588831327,0.054480267741954254,29.715466529169753,0.11453088979276402,30.204773331824484,0.11028518148020272
3118,36.585875567974774,0.07836556831030272,38.69931598055044,0.11253870320641203,41.05397567493359,0.06590122994778606,36.970384455507315,0.09781625661111237,38.45017081891517,0.0730101105303633,37.686690075927224,0.13050685940144657,36.92287634720559,0.13971852154443015
3119,33.94766273582556,0.033445428464704045,35.849888738835,0.0622349558596588,37.61637082522765,0.00339275644041568,34.406670325659306,0.03628175778933136,35.89002699104562,0.014730517357908337,34.6111644380963,0.07724956063720889,34.60516018276066,0.08161771770581752
3120,31.38304471500607,-0.014458685086581232,33.09383800759788,0.038142371044705456,34.287582283196976,-0.03119305165383568,31.86481906170958,0.005345707684753434,33.04180776882146,-0.022288509554986922,31.925119665617153,0.029248943779129098,31.595398329149376,0.03844407864042304
3121,33.31300708355442,-0.07629834499830286,33.536458028336185,-0.024455326967121445,35.70898917240073,-0.08764312164478115,33.325573462356516,-0.07359427567967881,34.42655734450986,-0.08869493964090072,33.243004390560785,-0.03857938791970818,33.35030986334856,-0.022367622235484448
3122,35.53208675333134,-0.12243745856219533,35.3433033898047,-0.05318399962241955,37.48815665178564,-0.12742063181720653,34.24563629781749,-0.11852670249355937,34.82253568669747,-0.12592535386976755,34.36125807168279,-0.09280046636142193,34.10063981467478,-0.08074162842705099
3123,34.13174665656668,-0.16564737345354336,34.096794746167696,-0.09136916647443583,35.307989265650896,-0.16013591586044681,32.55073736467405,-0.16812835286131156,33.619282888427044,-0.16489632274494953,33.48301141680501,-0.14573615576587948,32.92394316866425,-0.12870176855119073
3124,36.47783772333008,-0.13351550988050526,36.48044795764581,-0.06008665339925952,36.51663659266727,-0.13371456702219592,33.782382868359264,-0.1345152530752822,36.17795848167254,-0.12944173980860138,35.31779023319148,-0.11288276085070423,34.12081049005829,-0.10673408562900259
3125,31.31651160962519,-0.11195232956445748,29.98172952722514,-0.050605906174673435,30.49118490091315,-0.12202189079538923,27.22510911043527,-0.12345476177844208,29.881489145388596,-0.12028862764710063,29.430490084022466,-0.10160403833196918,27.32816146608142,-0.10787524969040437
3126,32.797750492216025,-0.13435224124035858,30.497218986536065,-0.059062659244138886,31.075146655248776,-0.12352376960266573,27.15708850895412,-0.1339325597072566,30.27024414661171,-0.13494560344096115,30.22874250511567,-0.10594648699643192,26.944560903526302,-0.11837487475051041
3127,39.09607998035249,-0.13802959960376698,36.435730956023804,-0.08438611597597734,36.48243571309149,-0.1411965469512671,32.373453029344915,-0.15290892608243226,35.69475605799581,-0.15564142294955666,35.78050003483725,-0.11843059740182908,32.64387326316602,-0.13361675443699703
3128,40.03913395828366,-0.12297115678945354,38.17195942489071,-0.07069279158970104,35.97597879424639,-0.15472089308255424,32.29986195340637,-0.14030002915042197,35.65114091505351,-0.15872993578595215,37.127773201789466,-0.1052197273319975,33.365931369245644,-0.13775356290346613
3129,39.746865494197074,-0.12045053758146042,39.30298585430236,-0.06862288255329681,36.22310973287513,-0.1479365336641574,33.655552964366194,-0.1341438060961311,36.02907439327378,-0.15215636860939938,37.8843516476006,-0.10623236147060222,33.551663300171505,-0.14147413156301644
3130,33.143695474888084,-0.1340219227457536,33.80551676084928,-0.09805330825166594,30.468767695300865,-0.16383276399448252,27.85780403977607,-0.14499532346069327,30.78000458598534,-0.16058716617113905,32.14203781378249,-0.11906282290214049,27.726577682112303,-0.15124774336883537
3131,27.65160980560254,-0.10452629338741593,29.24400575472164,-0.08572681922769004,25.15875302681206,-0.15347944387644047,23.963132313453542,-0.12001765612435546,25.88561584728862,-0.1515772716939301,27.675910523990122,-0.10375549660707137,23.01526057421259,-0.1234324418273088
3132,23.726056722673494,-0.11737991026798922,25.298662212751992,-0.10389746504838716,21.485591635943265,-0.1677788820192403,20.49296588997628,-0.13458496739736964,21.796114946169936,-0.16099697227169396,24.16041967116802,-0.11073352258196743,19.677341813551564,-0.1378996868367477
3133,31.179382296926164,-0.06279469831031075,32.35815268632801,-0.04807822844044553,29.113319026675345,-0.1230305718685363,27.680311430550137,-0.08449410378525647,29.139706374464115,-0.09145508436898464,31.847350627588206,-0.05710918016825296,26.35823056366837,-0.10522563380935931
3134,27.881424288767988,-0.08688279543008304,29.094422288543555,-0.08075744112438205,25.92433209477983,-0.14746263999449,25.379854098411823,-0.11211764587075085,26.699685656691912,-0.1142430340036547,29.132078464126984,-0.08049881719123497,24.014856380742376,-0.14327867571960315
3135,28.897319842937907,-0.07089423270262496,31.565551540683327,-0.054396812990037874,27.27017499253526,-0.12065791470012072,27.322758459403683,-0.08820471102382074,29.127384503351127,-0.09609553213579772,32.01935399602684,-0.06895500952415692,27.64368333968971,-0.11968876584223963
3136,31.416507981098526,-0.06497621623497749,32.666392261153035,-0.045648387612753236,29.2187889857318,-0.11808750818947902,28.956658287472305,-0.08066160428042739,30.939522292957303,-0.0797636350746928,33.7007425309849,-0.06721118808512153,31.384474950818735,-0.11914589990952837
3137,33.44102966617153,-0.031122414147845348,34.863520511505385,-0.020469945759211794,31.394531423115943,-0.10369892360063133,31.949659388830256,-0.051686857744679196,33.117973173512006,-0.054545223335482694,35.73698425103153,-0.04474521735429092,33.688609634442834,-0.09141845491346058
3138,38.958938956965476,-0.02228127292782147,39.22880957147977,-0.0033644987826580985,35.42714171630683,-0.0914970626476412,36.76766473774456,-0.02665467736661881,38.43343959592786,-0.03801692879060749,39.15117245636448,-0.018529975748068514,38.42560045265552,-0.06534749093992177
3139,36.83729887357384,0.04552448456516846,36.49725697442905,0.0472357660811648,32.884987806376124,-0.01919315125809206,34.60258448491342,0.023514800830400872,36.53236408344252,0.03360683201622615,37.48039660324319,0.04595623050694498,36.288035822766474,-0.0014409410724750358
3140,32.80972367258536,0.03259936770278973,32.77222687089535,0.0403970733079104,29.319397534042157,-0.03338654317797292,30.47395497451186,0.005505786530488865,32.653368212589314,0.03445951786788573,34.46571236327912,0.032919587653656435,32.38203579594579,-0.012472949311123568
3141,36.430532790785705,0.046038640489608276,37.45764488058329,0.05457237376857918,31.961195523905097,-0.019414202361343485,33.98778347956399,0.018526254577583383,35.9382478880319,0.03145437951957561,37.88865759337498,0.04756132531769136,36.132366430405355,0.015410195813616844
3142,34.683039608682556,-0.0031899811992263383,35.881628826299796,0.0003483447644041515,31.00073521860208,-0.05610989520382944,33.608573628643896,-0.01831482797733149,34.731203470366914,-0.009060185863363428,37.611943813604,-0.0025955590271261528,34.908319298583656,-0.03693778619896478
3143,37.812621803521495,-0.0057635183705584195,38.590427648797046,0.0019847243422312297,34.39542636312504,-0.05810831080205954,37.078062686923886,-0.0061641311249568155,37.790884962319595,-0.009558536925304843,40.386933216681626,-0.0005035551116470208,37.545531741448734,-0.025788115719128087
3144,37.58295053275471,0.03908385862555547,38.73519132157306,0.051065628558359485,33.637327131235004,0.009994562993119927,38.13937544532599,0.05386337241769858,37.5690013439985,0.04622785516472966,40.32434922498369,0.044583042244194314,38.32246509451358,0.03283094788338818
3145,34.19359345721202,0.05262601996097184,34.791650679699515,0.057040025458821295,30.70523912456749,0.03185586611452006,35.0257751865604,0.06471707977427552,33.983262165480596,0.0486067033486645,35.948015194001705,0.03588161394279805,35.94576692826122,0.035643192052732905
3146,26.10777361757689,0.014990950655578171,27.22936314204487,0.03448954338409232,23.193068779736485,0.009965379733151881,26.721640719042355,0.04393824249584778,25.49262376247677,0.01608154464683043,28.728341485568556,0.01535863100555064,28.49412571678164,0.015557813478174679
3147,27.14457271505819,0.02852466016480452,28.706027744839684,0.02868280058237234,25.284611610836233,0.03191280380032109,27.026966800357293,0.0604445686987798,26.501862853834723,0.02159127412694129,30.55280050389844,0.025500032687982926,30.134908675548463,0.01780827195591727
3148,28.102897366635883,-0.04026113702336694,28.94927503037739,-0.028146117004601425,25.934836191259173,-0.02819463097246942,28.27647458598276,-0.010055108554347165,28.25755729764659,-0.04165320783509431,30.770910156332462,-0.04871593887384856,31.640031241607176,-0.056009690653928836
3149,32.25158039567367,0.03862263526613729,32.47093969951742,0.053829739812045224,29.438074450741908,0.055526604071206354,32.282462952261454,0.07646226622428287,31.789847796677183,0.030128793840384128,33.333511520947724,0.03719925477837735,34.83057619901517,0.027099908918238734
3150,34.59723738569746,0.12827245425130276,34.25183355319972,0.14037164875640903,30.648693540441677,0.13364158797320802,33.288128628078404,0.170706694230998,32.73300926838816,0.11944476053719917,34.77170058199584,0.11450590218148508,36.19830136867413,0.11841669380280768
3151,35.0573271994013,0.12683019134251894,34.820544031539995,0.12476445696268063,31.23365898346096,0.11944644718068377,34.895979463516895,0.14977281049563815,33.2424240972812,0.11322750891756829,34.689972017105916,0.09713488126671008,36.63550457648015,0.12210434922742483
3152,30.38996553099439,0.14518548481972726,29.068039512268825,0.12659883137760186,25.77161830308189,0.12923942183024714,28.953527388480854,0.16542140275202633,27.652263254382227,0.12054316992185708,29.63358918185908,0.10681800466962975,31.472454226475982,0.13463829591370147
3153,29.061371483153824,0.1843215300687957,26.97049057237198,0.16019685001384382,24.53126913792766,0.17594287024719318,27.402187407665863,0.18984167548227468,26.030959083229973,0.16103883646788414,28.81967923220079,0.14984722253318336,29.096198237353903,0.17962005770528644
3154,29.209419170660848,0.23788989077396036,28.78750720034678,0.2093241311271301,26.300219762534162,0.23578042152980358,27.85863427318214,0.2435655581944601,26.99070867028549,0.21501414565329288,30.930808771932192,0.20208007887826823,29.543627386282544,0.22353982514711623
3155,27.898343907016464,0.2623989128822308,27.998365722339635,0.23757100153999994,26.748769164165125,0.2603810621172963,27.326596334576546,0.2671191397572276,26.45293281505589,0.24146526279258582,29.247823834658952,0.22725212545019657,28.36131409572639,0.2481607016003461
3156,28.79023373725985,0.20992326499839403,29.354630742192363,0.19110282851703064,28.125655394472503,0.21434719042973538,27.595722352992173,0.23207423731497992,27.86329885446024,0.20298442039447662,28.646082787793915,0.19252379186780336,28.238161251455214,0.18713888358829653
3157,28.728500923506623,0.19166322238291517,29.7409508330915,0.1772568455534094,28.493347298788088,0.19341726795463968,27.80102644785088,0.21951315002394678,28.59444518912447,0.1763052310494762,29.300731318430362,0.174447690505875,28.552247992202375,0.16737826713646253
3158,18.867652716906566,0.16411842297891888,20.660791735967294,0.14465198560011133,18.683454057140295,0.15632694871812364,17.61945933145053,0.18209988405066727,18.18857241217836,0.1368417829390069,18.892641676571635,0.1385970356112375,18.35777766601364,0.12215444502886882
3159,18.157564202648114,0.16094212274601108,19.74796620502627,0.13721688323774592,17.515157704627427,0.15398009433143825,17.554272688728588,0.1687830239916715,16.602199504947937,0.14295850236947527,16.918406088705986,0.15277852636759048,17.493069378828498,0.11378671575163339
3160,14.923052926161125,0.12976101847970106,15.990157013957447,0.10755630422631925,13.662398578782648,0.11510038950509138,13.535375956228568,0.14007861694021723,12.890191176119192,0.09638190962618848,13.123231728740025,0.1162577638683358,13.872125379506699,0.0675283956461776
3161,20.16793230571766,0.1477845808345269,22.266121117957937,0.1190871366366703,18.932633206254884,0.13930617337734896,18.35870099165829,0.16651934748308989,18.131580874208737,0.1082744823347468,18.535464548675716,0.14523342158290495,19.741027378527683,0.07642556659656845
3162,22.743400591161674,0.04448881566122226,24.00179177223132,0.010289966727215836,22.04255481717525,0.03179460493740695,20.38657128027456,0.06142619533270924,20.576863496480033,0.006084770992544199,20.130762037995357,0.049435963062459246,22.9694633602507,-0.03529510806346675
3163,21.56255176191438,0.1104891853601114,22.309143182309946,0.08743946730747305,20.872833682934257,0.10541743506171847,17.52628891288942,0.12608271956216358,18.980340949074005,0.07101042848855169,19.077186613011175,0.11965924701012903,20.424657403131615,0.04351185623429325
3164,21.557650122549106,0.05211545450385441,22.603873072974856,0.023111357682877576,21.08185317967667,0.049938855325629236,16.80008669564913,0.07287347342254578,20.600973748923955,0.00417366084321167,19.1284890304346,0.052024205426491464,19.687446607035092,-0.03143183573448288
3165,24.42822207570845,-0.0018611121631096662,25.66269601082691,-0.044612779973882376,24.163469460140234,-0.018972662291374395,20.559898754419123,0.02213557902087861,24.233176620493992,-0.04753698675336614,22.87775549996077,0.001859177854040158,23.039619214944555,-0.06904119985910874
3166,30.126356532331442,0.0631082012988251,32.95672457513835,0.01763871371198286,32.077140669982256,0.030686788709373018,28.0561118528188,0.08161864575946538,30.645770205659062,0.0022404911524401064,29.104674754505115,0.06007789385459632,30.272361112115036,-0.010414534580167473
3167,31.615526510125733,0.04760592216885842,32.72807808154933,0.014263619187055319,33.648098700968575,0.0258605253351296,28.517449702349893,0.07271003245889233,32.777602677611306,0.0012354776194521133,30.13468004927398,0.054866853051016545,31.246898427746785,-0.020655095487721698
3168,35.604615740868844,-0.0451147810470454,38.33459128448467,-0.08416447093467198,39.16780397315971,-0.07200862748734695,33.39720862188147,-0.015784205729159187,37.019135014056616,-0.07633999697699202,34.842279325812406,-0.04439363523668504,36.413096347938954,-0.10939613613565444
3169,33.27361521385746,0.0005827130326686233,36.274642017889555,-0.028813481413175156,36.48691901979597,-0.021450307589995398,31.885324004155247,0.02880305030100823,34.71319572658241,-0.03360028594793194,32.11652467375168,0.003182440715958086,34.25062890191325,-0.05094993177708615
3170,33.94480015870957,0.03302866043467581,35.14120109038836,0.01407419376546541,36.16569896271536,0.011901282388482728,33.23460803502597,0.060063480739965175,35.91629672811116,0.004298052920031884,31.92266666354651,0.03546052002396613,34.17860519687972,-0.016377147861037836
3171,31.81558817990478,0.039185804210200514,32.660621505972884,0.01304404103255816,33.27652177995433,0.009368160524247566,32.14655944845492,0.03979325711922473,34.410961806681485,-0.006927849267232092,30.274931083634307,0.04155478141774564,31.89954017197632,-0.020851577999598338
3172,33.27591214319609,0.06878946311881579,33.118230198333805,0.02748033120114926,34.378379538214176,0.029565986187547546,34.56405005138101,0.06062027421013534,35.73653774270214,0.01526578889297052,32.74735592140801,0.05878523844936877,34.856170102435144,0.003305946191971075
3173,30.5008637614384,0.05068380974874313,29.98331560865852,-0.004468939967934656,32.36306423496168,-0.005439949657202776,32.07942132313159,0.025238481336741017,32.174042095596256,-0.011029395709248102,30.441921762916454,0.02111628407979603,31.95837534415905,-0.01286963308337674
3174,32.340326423688566,0.0402617526500032,32.30802151208327,-0.008913738326859618,34.870313940438,-0.017916196546326573,35.3148114883654,0.015272666799248961,35.1760836964153,-0.01655909947815403,34.96390233802636,0.010615180534709293,35.42703440072365,-0.011323932272677362
3175,30.428556203278504,0.07635491868665523,30.619724566723534,0.03319857982954122,33.33391957734837,0.025623321504700765,34.07570741395138,0.05315927249836742,33.64245923523447,0.028763796177022308,33.60280460522834,0.06200769755879092,34.39664234105532,0.021888408323483047
3176,28.759173243311388,0.04970387299437899,26.985348192635506,0.018041880732542488,31.18879543003004,0.0047510454445397945,33.45631614142903,0.04307526618318332,31.37239683103278,-0.011559548296212634,32.56274457565566,0.02926219351656393,32.95821194349956,-0.0072294970945481
3177,25.413545598167914,0.02891428734365231,22.917488422558172,-0.0006432834809142075,26.963411185311237,-0.01779881937793066,28.72937321778208,0.03561773772555471,27.220125850282827,-0.018827927372739257,28.4956449094291,0.002834148024042381,29.547813603832687,-0.02137247614272495
3178,25.697854112179694,0.040256163533190344,24.25554661286139,0.0124622249644578,27.47177562517554,-0.010401128601883601,28.565792626596163,0.05104025865645079,27.978744156316363,-0.0027156827301445183,28.7973899515287,0.02152460715792346,29.287551577749294,-0.00010795218682246172
3179,27.713082118914947,0.01702546130667803,26.689373451306086,-0.006356255723580852,30.07747716190537,-0.016934825917653502,29.352739417278926,0.035006199674390275,28.98088970996635,-0.014089820237841026,30.53152286978932,0.009553300926215919,30.659694467877173,-0.022698622688133642
3180,31.90603734989198,-0.00886424143264111,31.46704024861236,-0.019492909141578127,35.060789474892495,-0.025916689947126828,34.75313188468881,0.016460589075770707,34.025436746651394,-0.027223887032301837,35.43383374293868,-0.00471233651208831,36.06953019088172,-0.04557773994530244
3181,33.8208959116585,0.0214635361826864,33.789589090941654,0.02298384413037457,35.93951449145316,0.014246456787893696,36.793568126855234,0.05890078230760927,35.633878491118736,0.007413742278141892,36.4599006745303,0.0460063929761267,38.279364811626635,0.013997350291164008
3182,33.05439673877382,0.06465751892998264,32.16231462269987,0.07948042919599448,34.45713952154003,0.06508160335317296,35.25781019871414,0.10591077596122037,35.17068728762213,0.06598518160253138,34.153454158717025,0.08801896331770862,37.275919648890465,0.07025465730452331
3183,42.409007281346334,0.041131973625247016,42.362790672876315,0.061385894942028944,44.22931636322383,0.037751728426235996,45.69682628767275,0.06991852252218121,44.8486102045361,0.05107880471746289,43.78321852971681,0.06561738047336738,45.82440378263206,0.054024845455490876
3184,39.53376287450488,0.006294547246419096,40.625751036357215,0.04165627266757725,41.23041882619176,0.017417580754485386,42.74088570347945,0.02987642841740947,42.60184486928139,0.012821815928203173,41.37401266142569,0.042119619322888664,44.07939977296962,0.016377832432646896
3185,37.35669362530804,0.006634784529649815,39.017194020838495,0.02953610855015363,39.29705022389537,0.002079402795305825,41.930671167858236,0.013695536655593896,41.21923765208543,0.008732983630792038,39.80274708064641,0.025598237455724523,43.022841500992755,0.006407274815998077
3186,36.81704293659617,0.000742945366406695,39.400553451369234,0.008488786442455614,39.42443975907965,-0.014797350675176263,42.735950036083,-0.0076078181944038425,40.69675448468901,-0.0052888904777300474,40.4655076601163,0.02216350761473731,42.684757763133526,-0.01701693754670825
3187,39.760480314075814,0.02146250353400586,42.34140045365884,0.028444375986604438,41.113457143978785,0.008513772148717893,44.94797155576373,0.005832035706238447,42.7496827800955,0.010972210066561792,43.55969996702248,0.026526377487468035,44.6415212015599,-0.00287937408909102
3188,38.41880372561013,-0.04606554700269315,40.25916893809962,-0.05358116163471196,38.40609325108452,-0.063279751886905,43.24058310641806,-0.05145969084314928,41.895254358980395,-0.06766315684904457,43.13289680228184,-0.038925122115403554,43.432076819442074,-0.06696977469763121
3189,37.08632721003639,-0.03942260517089406,38.63881729863738,-0.031212767263761577,36.24071328380183,-0.03643400639659644,39.77062072168527,-0.03049695551505412,40.371732619097536,-0.045319258802102295,41.25514244257562,-0.03730675505487698,40.29842471937103,-0.06315956596390593
3190,31.659567218102715,-0.08444059076243621,32.22460053057151,-0.06662495715105672,29.219348427114543,-0.07148568482658763,33.01170904382887,-0.07220753195082895,34.89335195684666,-0.08346797929104675,35.80710047577315,-0.07385036935457125,34.420760128231976,-0.11412310222469199
3191,36.53217430037158,-0.09547749832235358,37.81218634529597,-0.09287579782986352,34.973109183028185,-0.1074237182016689,38.7610805772748,-0.09773495571386599,40.020902065513724,-0.10482000622719881,41.59085318440444,-0.09512879268795206,39.51838547430199,-0.13829970915198594
3192,35.653752621344346,-0.09073641526255587,36.29476068776198,-0.08928484040244089,33.912488637992965,-0.10462743275975246,37.66299739744591,-0.08581529692491661,39.04525906119297,-0.09547559625186276,40.207404734896095,-0.09099537421772573,38.2001869573314,-0.12829094372430547
3193,34.62213596866918,-0.14011120797649337,34.82311973428588,-0.143857729583459,33.18717366802601,-0.14353441587785595,37.20075431125328,-0.14853245988908154,36.913509901629396,-0.13593301558439105,39.048417336166835,-0.1555534879118229,36.192034969748036,-0.1793458966628618
3194,36.45435258790628,-0.1737566333907822,37.97162219959048,-0.17648004153696875,36.198205918462584,-0.16950713399397876,39.05066833641568,-0.17933014465706498,39.82664314375918,-0.16608415806629587,40.08967817884457,-0.1866465390196601,38.53903156154421,-0.20981957408515325
3195,41.76373540166088,-0.0772742206086906,43.104661328771954,-0.07950015789340921,41.543748474487536,-0.09297670586620088,43.38730297783276,-0.08679523957440537,44.39186333360454,-0.08981795704031854,44.81268914874331,-0.10671513492284898,43.671044980192015,-0.13458470581546594
3196,37.97593130027,-0.04848405953631593,39.157287035972935,-0.05670584162345095,36.44298744234656,-0.06804868038538167,39.11701626242296,-0.04726040189372101,40.825353660943904,-0.06970578959562002,41.18556096682251,-0.08307035839605846,38.93347359454757,-0.11646227295119937
3197,35.01414404755452,-0.03618553561871456,35.855297999270036,-0.03055591118914434,34.42461047328567,-0.05091646934905801,35.88876835011397,-0.030694177059502416,37.3514455832824,-0.05380385424108999,37.9953517867152,-0.07232588915135472,37.133997068312055,-0.09155575969622347
3198,32.46042391249461,0.0017733569437381816,33.83675191892702,0.02112981076364849,32.226535563214235,-0.0011784785003117844,33.68254614424201,0.025069888293455925,35.029243973208246,0.005372014059707298,35.58412298238414,-0.02766563400061792,34.412278530257765,-0.03243060657737021
3199,28.91702003987526,-0.0231102156855583,30.358265142248186,0.01502929557703671,30.047041651936137,-0.018963050053375577,30.46110563051616,0.0060306335108868524,32.62238040651921,-0.013838198593400318,32.083491642819595,-0.041502138069577324,32.095683338559105,-0.04821911719603975
3200,33.75774657910876,-0.07529038735527008,36.15971107347218,-0.0281003140911268,34.63362944716978,-0.06736004161718682,35.96290461088359,-0.05804101167210998,37.04779402722756,-0.05075940229527588,36.854922148608686,-0.07564097459768332,37.8883812039077,-0.09640396508539112
3201,31.4823833566895,-0.06230307493119501,33.88617084244305,-0.020685010280564832,33.01724142748333,-0.052031201865702856,34.233414454983155,-0.05458098194014156,34.4871520648997,-0.031813399550392404,34.262874854428944,-0.05133711848984325,34.282839714941574,-0.07443269349306024
3202,29.029067325858673,-0.10078842383016076,32.13821823577467,-0.06997400580550033,30.868102162707302,-0.09770228301622769,31.923103090455115,-0.09915839558458774,32.55209855920762,-0.08435094286557861,32.285280909626486,-0.11645789966058799,31.925036771857517,-0.1275397527267604
3203,30.81458813409274,-0.10771072280271274,34.09560348047512,-0.062195714032313935,32.73690905755596,-0.08432823986490397,33.83919150762337,-0.08231859351164388,33.929079474231514,-0.08452580405740574,33.84169641137406,-0.10423896581263428,33.88231450051043,-0.1072044759293341
3204,25.000705524319123,-0.06680991135942763,27.575199689472335,-0.027123700752433675,27.8644679678289,-0.05013950583788807,26.879259730426234,-0.04762297477492639,29.15353247057945,-0.04894023701839237,27.42091977101675,-0.07179524283154509,28.44877650704219,-0.06879923656905046
3205,20.48487919380777,-0.007421960610491749,22.595478241478666,0.03595882549138138,23.757829173295466,0.011564329542504243,22.26771198343333,0.02691583235868544,25.87069334958136,0.024176560705131415,22.416493890295378,-0.0023379296107698573,23.871452621484504,-0.009071548083728453
3206,23.300880039974054,-0.01175425838088047,26.31084035652464,0.03956624533298874,27.235022270082716,0.025403345626137587,25.336706953036597,0.03258752426341385,28.60631900187471,0.017626586441879855,25.58971146047405,0.010267659691305428,27.761059695724168,-0.003960213666099329
3207,26.292535044349805,0.05144494460229853,29.85759239927255,0.10813799912679807,30.13102936982143,0.08377474063500759,28.020579006719096,0.10818306044955783,31.165693755857554,0.08924091510585104,29.091316500211512,0.08218399006073072,31.28932793989921,0.07022729444400094
3208,20.14171804321661,0.0016106498226209597,23.97488718264362,0.06176757729816389,22.698837737498955,0.030138948367371788,21.100826762440484,0.060151257607493264,24.508960316453315,0.02827563287436953,21.03339154757417,0.03882213165136893,23.449732586122014,0.007938264849868017
3209,24.8215653085363,0.021252954823605237,28.517902188287753,0.08752883979767925,27.848546433789224,0.051730272297850356,25.48931798924281,0.07366408828303911,27.943992639553876,0.0559290472045748,26.58006813480117,0.07111137820523322,27.38061993392296,0.04575485155134377
3210,18.491337875359335,0.041322831850896476,21.91636054279186,0.12437172532668075,22.06764803587945,0.059754841732709396,19.098397389260878,0.08762400253737429,21.57592545622018,0.08907684494470793,20.36799232806824,0.10450115279714095,21.389564575727885,0.07449160992588495
3211,20.810774336938795,0.056898818810009175,23.740425450379895,0.14490232559303504,24.012023929703656,0.0708032118602461,21.047554988769598,0.1117957435781598,23.133569738379542,0.1011002096576658,21.98820879744615,0.11932821163635474,22.975109294889755,0.08718309162402454
3212,24.740585656370925,0.07510905782969199,26.81925504905901,0.15277238769366105,27.360025029974974,0.09960250191333746,24.89434212431683,0.11957875042738302,26.554121086437753,0.12151520438943847,25.936818463383137,0.14566369297726783,26.074039464933605,0.11605218389708925
3213,23.906043980262105,0.09968624214120742,24.85165339403907,0.1485451953658162,25.105521512440774,0.10601106323183773,22.41794082559306,0.14270817118523163,25.179018219480366,0.12327574262184193,24.759191711445204,0.16268732143219447,24.142745007515494,0.13910732789025518
3214,22.50227898940061,0.05077377606087438,23.522977773925344,0.11189230802079204,22.42360645737504,0.08126001020218923,21.120096891066193,0.10706146073678424,23.248132259203782,0.09975891609808835,22.93773082444027,0.13904109395761735,22.134115889536154,0.11216580918396858
3215,26.03363163095441,0.10258461906472098,27.354716816854875,0.1639616129103324,25.133810977106616,0.12138506244053783,24.2984596927394,0.1576688274898632,26.438852566495214,0.15889088163214798,26.112013769221726,0.16914934064477855,25.737646811308444,0.16097123714524958
3216,26.997159255419607,0.1597196166299521,27.090413629297565,0.2239401931748663,25.148104417995242,0.18308148964808,23.87329013886918,0.20647890865216467,26.922175638671753,0.18910770304338573,26.261371047287515,0.22835206341941824,26.3438885583301,0.21482433266272127
3217,28.158594589333994,0.10228870637191792,29.595589144525796,0.15444300307732112,26.538180074448086,0.12301601550411495,25.38754298696562,0.13737839646771857,27.172163076746973,0.11882642358674284,26.70185145968702,0.17134097756166422,27.57498630871272,0.1433219388690844
3218,28.03105669581909,0.031881411637379675,29.763733278484192,0.07699963608726558,25.881326077508096,0.049281072398630506,24.25393359962588,0.06818308748098398,26.300716271666445,0.02387010885497061,25.627295737236253,0.10684696002387806,27.185620238983663,0.06714488740435023
3219,26.853810898302562,-0.04844844426833823,28.956010991182886,0.0022837441056249297,25.325927130521663,-0.02520268407708916,22.65644946907603,-0.011072493121285876,26.061329319012692,-0.04432524646135044,24.55127441497366,0.021891026813348993,25.28150024786237,-0.016099594464296575
3220,34.5786674252934,-0.011964850272500216,36.88920132776247,0.025257880617539207,32.894095008832316,0.002322852651462742,31.61239543199517,0.024087874656461297,33.65405306548609,-0.02090975283088538,33.252181171116256,0.0424174712570016,33.148390553949454,0.0039865100402103355
3221,34.29395531463135,-0.05928778912020126,35.88153346058466,-0.03612593894985822,32.70693065865955,-0.0424769188046491,31.700578070903504,-0.02469547275915255,33.02661645696269,-0.07745889515359121,32.59468682948314,-0.020262378687188172,34.50524657435492,-0.06259964213619294
3222,37.55466418073853,-0.02103230506002903,39.08052970961512,0.006723614313054023,36.510533883361596,-0.011824756626032055,35.63828822841652,0.018604892080761593,36.9695276527247,-0.04707746183150538,36.403775932651726,0.01822230780136812,37.925887182245035,-0.02156949338770125
3223,38.98196604881828,0.048086525420158496,40.4819242986116,0.07621349716227538,37.36779227411576,0.05988830327913923,36.11178260781283,0.07400490618994887,37.65734481439857,0.03122806306476101,37.21915504175416,0.09236096007755208,38.69963507948407,0.048449459758927775
3224,40.23798419619564,0.10513945030052252,41.18310574751504,0.13118503671549592,38.67788826016956,0.1058062961491474,37.183274089013466,0.1322981261165825,38.79870216377035,0.08894732475297518,38.309714233785634,0.14307303418529382,39.16997860865989,0.11415882151760956
3225,43.5829988826827,0.05526184094578422,44.24501197082135,0.07289746655939378,42.593863601907444,0.05833958137672613,41.299286373542,0.0766799024336827,42.76291432365017,0.04625843746667426,41.72950725824165,0.08681342935262308,44.069803681114806,0.06310273284258577
3226,47.754023470258616,0.04043128484554165,48.97477336888683,0.054375386326214026,46.863370089827725,0.041254049041921814,46.18625702305957,0.057176958869990635,47.83262003218593,0.01926691446261015,45.793739594055786,0.07109506043371917,48.81612870976929,0.028234660565552475
3227,44.43666263136508,-0.014789236321131438,43.499847366557766,0.011652388112545693,42.53401907657035,0.00268962438632747,42.44009781484941,0.024621818538670577,44.77691682661934,-0.030661254904751016,41.94288795442194,0.01691435605632293,45.001781813176564,-0.017614461951623833
3228,43.16097218676303,0.028035043766407156,41.15600057783659,0.05057685404732992,41.37582631973484,0.048810037080501294,41.62480463609846,0.06156378479723261,42.353736935463644,0.016548932983597626,40.67282294165828,0.04849912313719781,42.242399508458554,0.023292147845155826
3229,48.205415198720694,-0.004471389506790619,46.29763943727702,0.01465240449353655,47.845215108526546,0.033901762427391166,46.45929445693939,0.03029101416759826,48.829551679230235,0.0038458450071636808,45.93834771014541,0.009018404704554938,48.024464138578004,-0.005871217525484488
3230,50.92184465472883,-0.008733912802823004,48.994474969733076,0.00310038358587586,49.69663891997094,0.019092440911223703,49.42586605415798,0.017700110067006367,52.478514624568994,-0.006862654053596156,48.6575887833761,0.01310185873853353,50.98946525675443,-0.01669554065326906
3231,47.98647129037124,-0.03614163665671065,46.35438172995802,-0.02325920462895245,47.06679407518297,0.010186382666926359,47.06323354623055,0.0038868176382155194,49.78082288020154,-0.03424642617410189,46.27845601902442,0.0058770597397400405,47.05637900267932,-0.03126907667161006
3232,41.53935552994935,-0.05074271880290887,39.45710588964685,-0.027224571201567672,41.238742387728,0.007254726361641345,40.09420591192204,0.005650627560833434,43.569579217706305,-0.015120913189048788,40.26865919299823,-0.009731887611384382,41.07446064922798,-0.01284703718439252
3233,38.419059129871656,-0.08312882263420182,36.9197318244437,-0.05551400848795346,39.59263861601828,-0.03310886392356674,38.13030527834987,-0.027254570174824546,41.80836947441114,-0.050003092147083456,39.06787434861813,-0.023551933182851398,38.91593856861471,-0.037204201152638235
3234,36.346636284483914,-0.07527746047606376,34.275760997258985,-0.046775734340638225,36.739742207798194,-0.01586827947837503,36.143358766628204,-0.012635878499058159,39.34227529578195,-0.03712940082920633,36.613177957420376,-0.016132732309974057,37.226700359305696,-0.016804664031393766
3235,41.1404514330973,-0.05149275866960687,39.0868359193873,-0.014918867978905195,41.1821785199364,0.01214550527185146,41.8151819710491,0.01779794284184437,43.87463407269924,-0.02353309276380089,41.55590302159128,0.013983773918256831,42.20784422704109,0.007561107654540043
3236,42.84238198253304,-0.05639676579170769,39.07591401104868,-0.021632510219827733,42.60345163094638,-0.008825157749247216,43.01640952329394,0.005527497840322047,45.55498060287972,-0.025344861614149464,42.99591582192079,0.008668943038127454,43.70938558546696,0.009103986916813862
3237,41.92601179701544,-0.04657609024736007,38.928935402124274,-0.022608784717840592,42.492182130472415,-0.0014299072700983085,43.51819611620624,0.014640917513949301,45.0796271471392,-0.006329133499145047,42.082755856231486,0.011416418955107149,43.847524663421716,0.012487262859746056
3238,39.434712257038015,0.05257329499268858,37.491895842174344,0.05837162904991851,40.76178957444788,0.10327271102663137,41.01460104211555,0.11137166518848401,42.28207793275321,0.10387470282170029,40.768429204375984,0.10371867049753035,41.732957290803796,0.12073140397049097
3239,42.62898801655719,0.07599947085942194,40.125788286610415,0.06874326972401817,43.04792003368826,0.13301856771071577,44.094407542674894,0.13665714839554008,44.910593259578405,0.1194078949284247,43.507428603605035,0.1278288693403625,44.60183360914548,0.11889233694839856
3240,40.707121966024424,-0.004559908060155007,39.57795302931822,-0.010462867909131639,42.53539380453922,0.05707151151723629,44.5708968463666,0.06071652667474335,44.48070013514836,0.05327591918045535,43.71530063660857,0.04654205538691402,45.19025613384724,0.03306567046391808
3241,35.84231796748371,-0.03570235235864693,35.09155925922037,-0.04806490610484113,39.37672171017664,0.010641914194442716,40.69158775389419,0.02621444082304388,40.458533939853105,0.015907623505093612,39.57301965385069,-0.002002926137043611,41.078426242081036,0.004713201672800404
3242,39.16719146826294,0.00950780457133939,38.30599616382416,-0.003974470129056301,43.10724645745762,0.06347786729770696,44.08153085622651,0.07046645093657906,43.836057388005386,0.045131850324288306,42.68399602362003,0.04739860191977081,44.0921365261013,0.05043959780192933
3243,37.43219719100772,-0.034583741333467914,36.681541818225185,-0.04354548474132014,40.98977834373884,0.02766989508260254,42.46685948676374,0.028581141553480956,41.39905920036669,0.00014924744077387348,40.610755519083234,0.0076676103602709485,42.34529111840271,0.005441681759666046
3244,38.53708698368286,0.04861203009821548,38.68138638163307,0.04101359312399709,42.08738622978963,0.10515235011270167,42.5245786317202,0.10103563264290208,42.45976407915114,0.08546808972493392,40.75647690398938,0.08180752431269751,43.71460972433099,0.07720655338154057
3245,38.29001047967186,0.032057322731616565,40.08747253865795,0.03221186414461612,43.44369205838096,0.08413929673641429,42.65965482803132,0.0800752125939437,42.35333764940293,0.07878784458778358,40.2411834535191,0.06947931742540296,43.2289088707475,0.048273301297634075
3246,39.92520204539146,-0.017538783838104845,42.37793869612062,-0.007936833304492769,44.182311422876936,0.025079296954007842,45.53466717990854,0.02964724276622224,44.58903863138798,0.023290052440752995,42.882558658289696,0.013287400592500732,46.25000748017818,0.006610572934815302
3247,41.09791229198151,0.029017383612814054,42.78067489292737,0.02232476622146653,44.333978494624446,0.055217986244391976,45.26217540912593,0.0662096055019888,44.66946160200719,0.06487688155985524,44.66519642425552,0.05769067788024197,45.7371904639946,0.05712831053461071
3248,45.12698074673502,0.006529615602165608,45.003121684859444,-0.0023609245216676816,47.965794490424685,0.020582160697799317,48.04592283025442,0.03566910552278472,47.44513566231109,0.024993469724087277,47.904523735462035,0.020397072684273543,48.47628850828687,0.03200534674546454
3249,50.79227664260301,0.0255797555747805,50.08750133854186,0.0037028290482085044,52.75087674547072,0.01733325557147847,52.95645882766502,0.04991137805750983,53.58675722085909,0.04233281536499332,53.000960436382876,0.03914725969084002,53.82250938508355,0.03183453244040604
3250,44.444212606908316,0.03520407566652971,42.60327490439896,0.010388579740480089,46.960835821402924,0.015799941390219667,46.325604659901956,0.061167304933928066,47.38311509128308,0.0425877069543086,47.235337417103395,0.03256634547536588,48.70783556234727,0.03910910246296665
3251,44.831237531327055,0.027589668717532788,42.76655808551105,0.004527402078609188,48.00318904268139,0.020975307073349304,46.69744384019217,0.057546745263649446,47.88974300688473,0.03322020192299866,47.33686037552787,0.028368135534206664,49.93042123219012,0.041488165947386614
3252,48.68338041760402,0.048851753255034505,46.54086205886426,0.016933454760705083,52.451898891783564,0.05022546141976982,50.57321220357548,0.0643702623417819,51.67049552960924,0.037007887751402915,51.184200132548774,0.0489038198608607,53.43775320453428,0.049455016700081275
3253,47.008572364433796,0.008164101416629526,45.9661474983323,-0.023302974857821967,52.631443321173094,0.012522868133070504,49.10348652454661,0.046480629865756865,50.706193230583196,0.010958220921574892,49.89602545630436,0.007970059387579156,52.158399688986805,0.017421954537077206
3254,40.82795608122086,-0.024563405340422173,39.66420123331226,-0.05691517034444708,45.779016791312294,-0.02830112022433691,43.04533409904995,0.008716960125351853,43.37948922389076,-0.0003889092850436482,43.92449154438439,-0.020540654010232057,45.20852406461883,-0.011345864981886626
3255,41.58391379675611,-0.055615757843796985,39.99819183488502,-0.06909505993250654,45.734525215528244,-0.04334792908789344,43.350277208256436,-0.007428989740133833,43.91524041177064,-0.011655565395271877,44.05975607515668,-0.046594452244146496,46.688225521367634,-0.014194006841585598
3256,41.28155539297228,-0.10600952428933282,39.60623109988653,-0.11232382269923817,44.44895694595311,-0.07825154266416968,43.45146979740865,-0.056176543121096406,45.453387523521,-0.06726030433185856,43.253011830863485,-0.09703037310857056,45.91653832642939,-0.060253317349556884
3257,35.48929508551556,-0.15172509940095238,34.75590939292988,-0.15266954733203808,38.61602999641545,-0.12072715471817645,37.09687568893803,-0.10417191723600325,38.202296478588835,-0.09584470770622551,37.11753647005671,-0.125201654775422,40.08964646827437,-0.1084762662535398
3258,33.84677639729274,-0.22222631577501553,33.93325285579246,-0.20515515320853892,38.36631775107012,-0.19153715024031304,36.20789076174199,-0.1781066470757668,36.40108417416502,-0.16994231311457603,35.1683282530804,-0.21308221697665053,39.50124861278569,-0.17799505444085695
3259,34.025356817968,-0.28930140094168194,34.14918491306552,-0.2622675520417557,37.94183591027767,-0.2571624336538454,35.284883869064664,-0.2442099109473563,36.02664712029791,-0.25439947563225784,35.329096888592126,-0.28256181144265763,38.664620911994035,-0.251674752394217
3260,34.98760373931658,-0.23090678978890847,35.21195672630596,-0.21665588913149603,37.61705244720166,-0.21729971902799697,36.52109049069785,-0.19981522486854597,37.576351794826444,-0.21934218036633582,36.25760331213618,-0.23444095798813203,39.80663014209203,-0.20015761646338964
3261,34.63503692462315,-0.217541981833827,34.119664074761374,-0.20637153381796314,36.08202011084161,-0.20480611725104542,35.89952206910426,-0.18679987228405068,36.69572834270318,-0.21330994605260095,35.59074575030294,-0.2265853791455687,38.44783205359088,-0.18361224910007798
3262,31.034945657027947,-0.21677913634278168,28.95524051254688,-0.21197244848403812,31.18229251908602,-0.2216921850230292,32.06919785596648,-0.19051649823570538,33.61040475882125,-0.2170038455873213,31.166596147708738,-0.2317089218767988,34.21306327615007,-0.19349868294583064
3263,33.100602239672156,-0.23942390264967692,32.23992612306091,-0.23653903376716562,33.93774462791444,-0.23796644047117532,33.713408188165936,-0.20645754925387036,35.08223298747652,-0.22914143480797206,33.389859072122675,-0.2479275558315072,35.33714134531976,-0.21532494219133144
3264,41.97686391510888,-0.22818246084023494,41.126628595837815,-0.2195889268009853,42.725754116212826,-0.2372184027122749,41.666911465124834,-0.18545970303698414,42.44241220491088,-0.22714742801859653,42.69970509715148,-0.24169803690272282,42.90460120880923,-0.20508956021751637
3265,43.23039997972248,-0.18919259944026673,42.560410681316895,-0.17780353254484785,43.38289243916115,-0.19436747756812775,43.09701596259333,-0.17073778110015875,44.899087026408814,-0.19598428161427958,43.50455744757809,-0.2044914192439969,42.929986562084245,-0.15976833325123513
3266,46.81782015544523,-0.21460746175846035,46.89909151627549,-0.2020601372074856,46.116386396508105,-0.2234814875273847,46.32774353177912,-0.20896158553000016,48.255134991260455,-0.22544568583298893,46.17580825156001,-0.23712211618412715,46.536237927826036,-0.20924264383734917
3267,48.64942322847807,-0.24943869244323386,47.027022613177294,-0.2196133214606764,46.706666515982604,-0.25381473100068186,48.12050865279155,-0.23816439618228571,48.31147826702443,-0.2503022271983391,46.82742838396514,-0.25729787920444896,47.84942728713495,-0.2395106627861703
3268,46.361066291081656,-0.24545142255781227,44.75734469477249,-0.2158567144347577,45.87190129030929,-0.25025348416831517,47.296538128119195,-0.23393210458735356,45.07206457406794,-0.251100523111502,45.59684064553129,-0.2543630815837259,46.400879953627836,-0.2480790741437252
3269,48.54019154568205,-0.28247053579905695,46.268876392424254,-0.24697259291865079,47.5483667146742,-0.29530520293942947,48.72770372282275,-0.26788106097598974,47.05025781139689,-0.29130916041417965,47.00013492415482,-0.2847850655975946,48.27533850602681,-0.2762899163607106
3270,45.62562015681223,-0.2772148270544933,43.815788935381775,-0.2553926035221554,44.26875715644939,-0.29956484332956806,46.6190774111906,-0.2692630693257918,43.99228563206552,-0.29337757836546297,44.940827012243986,-0.27358134341571977,46.18846759212598,-0.2646428306319869
3271,42.10094122565357,-0.22555863802696155,39.58481190752282,-0.2030913618483061,39.602298664170156,-0.2465508643376318,42.9986996117171,-0.2240168021306859,41.001922283510545,-0.23797428280874858,41.6547407175242,-0.22357215514303969,41.07434972177077,-0.20329472413773025
3272,41.06613280637947,-0.2308201294528356,38.848116976877705,-0.22586144060695848,38.1455870227481,-0.26071085143837514,41.749271228338465,-0.23658000444900523,40.68332651134358,-0.24894697576212735,40.15845037988106,-0.22881663968708965,39.17468937449078,-0.21868348447573183
3273,37.579757396054475,-0.17703786554087506,34.023331872955914,-0.18110588919908624,34.25147440211877,-0.21073709912256428,37.11554760012013,-0.18072931151293017,36.631246804310614,-0.20096859722723676,35.65893000336315,-0.18398611689371858,34.271254738964394,-0.17362188413407842
3274,38.368650078474786,-0.2838610103823562,36.39087454153901,-0.2805846543461412,36.211265154210295,-0.3152672655813313,40.01605696141531,-0.28537745535557657,38.836526352798245,-0.2929614312743453,37.453769298232686,-0.2823333943473697,37.447920430130836,-0.27158343104077826
3275,40.62094990815106,-0.28814221260184136,40.793475201091695,-0.2895816729275419,38.7598353791617,-0.30647835798960654,42.566820969881036,-0.26694945772510553,41.577448983550426,-0.2817387248358535,40.258402863670916,-0.28493214941622774,40.26163885810522,-0.27105115015759873
3276,44.8917224580525,-0.3006507876125658,45.262723223252756,-0.29474915850919853,42.767900061599846,-0.30586337440058603,46.434347837162264,-0.2758461446129433,44.421033415612456,-0.282584459889236,43.790501536107726,-0.27350111049120535,44.36544092488255,-0.2717309780477593
3277,44.00009299093837,-0.3027053003918552,44.0522968525979,-0.28860317321837053,41.4748765579393,-0.3002942425893136,44.378826281438215,-0.2735492511638158,42.48989979389172,-0.28584023771700523,42.41870265315781,-0.2672539468028227,41.76299303723685,-0.26154354860596774
3278,47.87481268656389,-0.3098049410649121,48.24625110053916,-0.28648335960844057,45.23571612725506,-0.30139880155114973,46.62288458304572,-0.27285298919352546,46.33835838097109,-0.2990135295638263,46.136101780970584,-0.279220502762204,45.4991630006792,-0.2692561358438573
3279,50.153565312042055,-0.26573562269294715,50.61284155015737,-0.2271962153560499,48.156898112289966,-0.24642919595584306,48.27173724458231,-0.21936149847576375,47.97582021990153,-0.23761485058497495,49.292779045286316,-0.23369862109728748,48.05377532559714,-0.22699076128123166
3280,50.046521571801044,-0.2746669706656123,52.20402937274393,-0.2495915461996815,48.15128351216734,-0.2678736339359916,48.72847322477242,-0.24678415117487215,47.11908793779956,-0.2548172725172826,48.91741757666661,-0.255692064549288,48.367527341474634,-0.251462014105704
3281,44.65174323492553,-0.2372418327087386,47.10318794046417,-0.2016926315676016,43.5000784746375,-0.23399054882860099,43.82217493104012,-0.21791950071398825,42.13108375983775,-0.22498221807056115,44.818943373752056,-0.21462446745964348,41.97915810389393,-0.21348366709913771
3282,46.20807666632831,-0.1905286753470518,49.11280968838856,-0.15282675358920508,45.62212571119866,-0.19728274899125509,45.41962315574047,-0.1605865836994093,43.96949390066091,-0.1805223140531136,47.275235616991836,-0.1613843125355378,43.44614682677594,-0.16484927602180413
3283,44.42814399084568,-0.17273507020883214,47.095063135524256,-0.13078956406352177,43.41880702411522,-0.1736529656906856,44.033600293326884,-0.14395592763962617,42.712797241924406,-0.15396949649540792,44.49427254113015,-0.1347597248612007,42.38185757148214,-0.14266169531766718
3284,43.68895194900195,-0.19158118455003031,46.28358565174656,-0.14918663373827898,42.77914367707193,-0.17177845007183945,43.573151203218615,-0.16818629619265826,43.63881753366755,-0.1687329956688421,44.201412352503915,-0.14695611722407276,42.11504994259138,-0.15417577329856266
3285,43.326616076931145,-0.12138373486725414,45.96378749378677,-0.08467960417192891,42.91995986586393,-0.10931989602625981,44.024253070085194,-0.0789443244832956,42.14014342780389,-0.09671956746159267,43.70089711457009,-0.07802091477483131,42.51654324664842,-0.07240180897671625
3286,42.59520604791103,-0.12395692260452232,45.4877601114939,-0.09578742146653618,41.63565755465164,-0.10663672339462038,42.77544335770111,-0.09114732039930236,42.279171667522036,-0.0875873617232316,42.63150549433781,-0.07261523930256016,42.33723370263724,-0.08286687113212615
3287,46.114198892874555,-0.010215805285960715,47.732217064567934,0.0040205374908375245,44.179624598756945,0.014676154769176122,45.13760596611444,0.016524651217272084,45.28160557676469,0.015309135037822868,46.147986773898964,0.031486509311119674,44.833037972602014,0.008177125102725072
3288,43.06337756369388,0.08985351946946715,45.57619967026178,0.10512999718074562,40.96353546301336,0.10807803051351034,43.018320541492265,0.12635110502993796,42.45283162692884,0.11787071780029805,44.16661791589509,0.13312195551663597,41.953313200779704,0.10278902851627285
3289,39.126617733107516,0.05802681242278822,41.48496992017564,0.07276301442521106,36.77039432350928,0.07292199158785707,38.329966133062285,0.08195440508163274,38.22970210071921,0.07339860512478949,40.19676507586519,0.09271305633528563,37.731355452282415,0.06924085539618918
3290,38.49326601225457,-0.01103394974813178,39.89854349964076,0.010509178254741163,35.3005175018394,0.018460589014129905,37.09250703108844,0.002542972864767323,37.88322769473771,0.014406850393455687,39.691696236027035,0.02393996560481328,37.54432657787136,0.00708483138398423
3291,36.470253921943524,-0.09113705448131319,39.00843692317713,-0.06557946055495696,34.10601028418066,-0.0680633079435657,35.98113185439955,-0.09305241172495646,36.42224061858433,-0.06466896175283383,38.90587722166816,-0.06538189854415948,37.19308295263933,-0.08226964971997079
3292,43.09761820758922,-0.09875072472399736,44.85848632469959,-0.06866645917495799,39.10123821113465,-0.06544623844159735,40.931637091278425,-0.07923024250342067,42.39543289639868,-0.06771406029947231,43.89434844858184,-0.06551840164364707,43.86170475115694,-0.09076647251700397
3293,43.27997415561475,-0.12968365846843155,45.90940328451594,-0.11556746464328013,40.01597478336998,-0.096834715112762,42.11984406373353,-0.11813064933360262,42.85122811521451,-0.09254606506536427,44.89148521240957,-0.10140380448735496,44.63266633536675,-0.1126530522034013
3294,43.68776123162159,-0.16978089054134618,46.21639222712943,-0.1358329947760421,40.866982807044934,-0.12818463364677843,43.124945552981515,-0.14500388562134586,44.50152857936237,-0.12992428007572657,45.32920251322476,-0.1247928741598275,45.551535943927455,-0.15322915268599385
3295,43.72765638428135,-0.2204942280929868,45.83466522594492,-0.20941658002471272,41.07505364070037,-0.18960162208538098,42.74970052884982,-0.21254933283512178,44.813832850796686,-0.18476847481609127,46.344801149956574,-0.19172877091831714,44.470060709574106,-0.21802420366209946
3296,40.99718569338723,-0.17466826160793564,42.3649979729485,-0.16407584654881655,37.97886581188181,-0.1446386946123898,40.515560383273396,-0.16908935085654592,41.45529335388623,-0.1461418106344425,42.8381896487179,-0.14093031696303165,40.78049879944988,-0.17206735811562873
3297,34.999956572817766,-0.1733975850791215,36.53414345790797,-0.15059848954570454,32.99775758631288,-0.14158391141293622,35.37924767904911,-0.1478365683695737,35.789023600431904,-0.12402382843319687,38.67290411588171,-0.1473842986210385,35.544608208012804,-0.1622121503708965
3298,39.02656210354925,-0.2078256028053824,41.9001298679227,-0.18160108639655542,38.342463303629025,-0.17024847719431882,40.19479572437951,-0.1561182012547269,41.50891621373364,-0.1529520300096836,43.89507536816231,-0.19046623089057638,39.35814042068562,-0.16976656572219634
3299,42.19386442356888,-0.22174128139306878,44.81498942367554,-0.19228531199267052,41.035825217864414,-0.17778882963896947,43.09346036367575,-0.16794346521324513,43.26133629838488,-0.15529049215224788,45.87619148644162,-0.19665210524446342,41.6429722118866,-0.18376474163916565
3300,40.375923943286416,-0.2000865313506845,42.68217830625751,-0.17703171314594898,40.16994848755127,-0.15266193610984227,41.47779125939876,-0.14171652274269725,41.0697423491646,-0.1264005038180822,43.916691478340695,-0.17291623995452785,41.175704284848315,-0.16378013394290583
3301,36.557489510726704,-0.13602437124269298,39.55616183592434,-0.12527152108718953,37.59993887868507,-0.10514095680757715,37.832693620559596,-0.09793461704887949,38.35035044108946,-0.0683014714874235,41.45702968449609,-0.11742080126776434,37.90928201931954,-0.10231867818567636
3302,36.17941761831683,-0.15838409148930044,38.67966997454903,-0.14262372680223181,37.49001505351879,-0.12578093536882978,38.195033479695496,-0.12000372864340693,37.267587467662146,-0.10050970310465991,40.708773803226855,-0.120290068991322,37.31289621308132,-0.12370074808116165
3303,34.84703075761896,-0.09534225758131482,37.31725269928275,-0.07716289509105453,35.04914231811714,-0.05449263726405299,37.61443090700488,-0.05407827389069916,34.66959594019174,-0.05357944474556128,38.93427798353602,-0.06775329979182362,35.10867095208103,-0.06336717400619604
3304,37.822184840142576,-0.12710106555216294,39.37634101414068,-0.11743883249281274,36.85211990803249,-0.07905370713043794,39.570062450901595,-0.10423270866634465,36.59238435986117,-0.08550482254219847,40.00130255712948,-0.11223495662667735,36.9125056062664,-0.09570097926368698
3305,40.516753063067796,-0.13296395739351438,42.255038778294505,-0.13937867388256003,39.606352481809864,-0.11355638909301795,42.37771518529363,-0.1379250797400951,38.99509435246922,-0.11915369645920894,43.02912036870954,-0.14341647774831742,39.43726575207447,-0.10642265055339332
3306,43.63525632397948,-0.15035889794906376,44.709949752858094,-0.15352194186921325,42.93625942525689,-0.11126797429105842,45.3134814454846,-0.1335323519297818,42.668757583434854,-0.12845942937981772,45.83753505244208,-0.14955284768380672,43.80712426627636,-0.11839296562797377
3307,38.709031135590934,-0.18449930088022612,39.93935590210591,-0.20098568824925564,38.34048036232998,-0.1713687186238381,40.15212106135007,-0.1733616804821004,38.17064969187289,-0.17169190394886047,41.02928966573002,-0.19993182721154,38.645372532139916,-0.16285209775065468
3308,38.75707170824565,-0.1626018210773685,39.80333752054646,-0.16548640512399923,37.607197555625184,-0.1464516533091024,40.23664763920358,-0.15062426075025204,37.49738759678189,-0.13498020636896277,39.63430479145532,-0.1780311947296611,37.301290419848804,-0.14509521454818514
3309,43.512826756510734,-0.12907160474850793,44.05361840735148,-0.1453152688257311,40.9024086498215,-0.11238754631064674,43.7802281311581,-0.12110816770429536,41.858597877017814,-0.08501381394673509,42.24176415633464,-0.13290860983806013,41.693565254053915,-0.09731966208825171
3310,37.590973322348816,-0.1567428047302246,38.76815688465078,-0.17384770527125606,36.19921917030625,-0.13953530355727883,38.3809554347775,-0.14690098209474156,36.18945580396138,-0.1192023813709748,37.40166827090225,-0.14659128084481646,35.22891200588021,-0.12321994742072853
3311,41.4410511875119,-0.18443119936964283,41.07929717417093,-0.21097513922907218,39.170882052931304,-0.1674492490789586,41.27968988710698,-0.18716670589921308,40.165726480890825,-0.15735527629597235,40.77125989564546,-0.17705132371678478,38.78370997438025,-0.1570546041027558
3312,42.1835058408006,-0.18962826064986413,42.99283390901493,-0.20294062718289688,40.55977430099957,-0.1511631332428584,42.112141785929595,-0.17299773233169058,40.76179296507572,-0.15698464558562558,41.764186745785736,-0.16188577027938034,41.447133624366856,-0.14996593603289352
3313,42.021052185526344,-0.25028433295752717,41.851797162000246,-0.26770109567074546,39.462760152559554,-0.22949969671457654,41.659306292176,-0.24917969960591801,41.02291201535418,-0.21860463146671721,41.04506450256176,-0.23181296211350524,40.87761396666593,-0.2151016820399581
3314,39.615311237116984,-0.21741589156992375,38.801331247602405,-0.211269463380856,37.340464061743425,-0.16978110700872637,39.6885755205862,-0.2125008972095907,37.22934249357736,-0.16080065185312675,38.8528405443659,-0.18211311897410673,38.141685301272325,-0.16166571369372576
3315,40.8001058998725,-0.1823242271246511,39.34705545753764,-0.19064982891165336,38.89463749512143,-0.13566653760410896,40.65804428510308,-0.17924574237410634,37.808343065648465,-0.12530636615251778,39.713707672928024,-0.1536113746369804,39.32078627801053,-0.1438452008377457
3316,36.712303072056535,-0.2379294067974999,35.635759372292796,-0.24819217445488395,35.812717458595394,-0.20602476019903834,37.534201380618654,-0.23158954065809548,35.19833872989225,-0.16329125129451813,36.31121033911971,-0.2162762193461648,36.46011819581696,-0.20493077182522557
3317,37.51688289403268,-0.27440420899826223,36.26105336398846,-0.2721706467193866,37.459379535001254,-0.23631356690527025,39.455930928926975,-0.25771096925502557,37.94656852276559,-0.19641023534428026,38.04351336484334,-0.2505190540301913,38.3157932061096,-0.2475930963150443
3318,35.805259914292485,-0.15880541094485232,34.480849363913826,-0.16371114027418515,35.849957720274304,-0.12934569009469915,36.81015703697899,-0.1564046949600604,35.348369892129405,-0.08499966881201729,36.07237293795673,-0.14255139201957728,35.517991362100894,-0.13913471864845625
3319,36.65229033902926,-0.15573934873203105,35.10053684580326,-0.15730204379867707,36.59149156361195,-0.1355551828377302,37.063724017457915,-0.16106378941968952,36.22740178861442,-0.08898580854089763,35.8758104149273,-0.1498487285464841,35.93942447130438,-0.12724417541737076
3320,32.636154604165306,-0.13714906440320304,30.958955494314573,-0.12899305774835293,32.968832551218284,-0.11443427764377857,33.29704207817903,-0.1348872148708955,32.30452010944869,-0.07604860565293935,32.073923839727016,-0.12334751355570792,31.439147492592884,-0.10009921292692883
3321,28.11628462729567,-0.1592523210372463,27.380874708493042,-0.15886477874554594,29.843632260547373,-0.15063848627266427,29.12224674963705,-0.15935630729139408,28.010543840049777,-0.10292394101433192,29.00748928926722,-0.15369699223976918,26.54760269498631,-0.12436274434480991
3322,25.876515878303028,-0.11176347998894236,24.12829674412247,-0.11214256985716464,27.01059174215043,-0.1081463617841557,27.976791666846577,-0.12258775793513925,26.343290037303376,-0.058216066588604766,26.52080750848262,-0.11134125763029207,23.995641689287158,-0.07812651471876547
3323,23.959548000798737,-0.04551953824231881,20.993799436521222,-0.04990888554749332,23.99829460337353,-0.026904215852627287,24.87840319089425,-0.05941992915751811,23.92255408829608,0.010679887719986512,23.133275583654246,-0.03191438096770008,21.41537910032366,-0.01572893921232758
3324,30.993781807531114,-0.033058770358331706,27.787025798931225,-0.03401580116606171,31.46653329590398,0.00393802268671081,32.59195238730152,-0.02573281318083365,30.145153728997144,0.019595783092558175,29.59594333347016,-0.026009249954006473,27.209917621421763,0.013217279306903936
3325,32.88863587436597,-0.06575730427946586,28.882177847408464,-0.061888443684581664,32.4536225746633,-0.035364778383032806,33.844638886959956,-0.06804958433702514,31.69771364780498,-0.016715845428631835,30.840013329438506,-0.052399385761239536,28.26455635627815,-0.0192945416902074
3326,34.54078144724595,-0.08113062600939114,30.384436070899298,-0.08111567134775223,33.52981935985446,-0.06498500152567187,35.469681426623964,-0.0940103740663232,32.0542301046872,-0.029918262300164287,32.28111291657239,-0.06077791786184638,28.350721292719747,-0.03688691715348351
3327,38.45881292363691,-0.12490826830617252,34.37902202239154,-0.13406042053105782,37.17576063141345,-0.10865336129143882,39.66857991153922,-0.14776799207235575,35.793348119397386,-0.06638583696158548,37.44507865232131,-0.10161564378773696,33.95069284866117,-0.07185657176576948
3328,37.915720839727754,0.015800245776031827,33.242291724185804,0.003236622978073613,36.9195556563698,0.04574831030388199,38.27362332998554,-0.009779110615192703,35.69423351249744,0.0654450487668198,35.772664326760705,0.041095423805967375,33.87425670176049,0.0653453360805786
3329,36.44211238755578,0.008880486090199776,30.541708620053768,0.0022826729767142055,34.29175157277104,0.04268619521908977,35.805997322779966,-0.032143370269884924,33.41781610289304,0.04983789398880083,33.62499541798047,0.034734071461938,31.71093186870337,0.055422049383734476
3330,35.0550060205578,0.06767438255814803,30.387769265873125,0.05583213918726012,33.90457135689884,0.08757051232110502,35.54772417494219,0.018260696789718617,33.146508938816254,0.08703937871382933,33.52336126583259,0.08216446879460748,31.106390983231176,0.10664657047745987
3331,39.67307190160989,0.1337089058156962,36.750628845515514,0.12499107554923684,38.64716058852741,0.1375997234613282,40.65300257650537,0.08706815219727213,38.519995318231324,0.1498052617788683,38.99421384542638,0.1390487158623501,36.01865958879448,0.17618784857341743
3332,46.2490176922205,0.08041069316250703,45.08861505477873,0.06750516399894059,47.40033053821812,0.08430753952801388,48.26052544463931,0.04525169941401052,46.533123395994494,0.0908415054753683,46.95576597750987,0.08679147274936197,43.24646298159876,0.13519896531781564
3333,48.726982804577936,-0.046121570769372205,47.603491731139144,-0.04762475491935582,49.6981330763527,-0.005482830826908647,50.029138769905515,-0.056518018474007885,48.95019436065225,-0.016282286877808708,49.41005882742754,-0.013233544739289938,46.2432633847224,0.02903100415681563
3334,51.24478485707385,-0.03456031743408165,51.05489866786543,-0.03466901327277647,53.145513227819734,-0.006856513551235623,52.961739693411715,-0.042884366746292646,51.96440545469227,-0.01808100835170097,52.14683305401603,-0.01586867540343201,49.19298945501797,0.015379223203487148
3335,49.00792484336941,0.0007600772885745424,48.709716149109425,-0.008190668869137408,50.16850501011325,0.02478514942846824,50.83083272660295,-0.013320001949156026,49.58965954047103,-0.004779217052728468,49.68149666928569,0.018713649016830886,47.99002895781694,0.03506875040516086
3336,51.10929438977162,0.04557845476385115,51.606396490063766,0.03313976157982702,52.16674731485811,0.06548320321894047,54.58391117435747,0.03114379278195373,52.65997634196853,0.042826100023733535,52.694133345977825,0.06359242210063158,50.19094312819427,0.08347785491702339
3337,49.495146707728715,0.102296209700723,50.040497667085226,0.07079294732495169,51.345625525307035,0.11539412625092907,50.60053410610695,0.08803189772742165,50.284579039653856,0.10281887087513612,51.025346680901215,0.11206928370308097,48.628937603859825,0.14073333901713603
3338,55.678036402830045,0.10344273735897058,58.07896978340167,0.0718395015530385,56.168212170863605,0.11079001534872897,57.88097323975913,0.09029081114412092,56.42054723254357,0.10332589894088404,58.66019774574072,0.11494519458687663,54.94546176125841,0.1336230263905909
3339,53.127832770237895,0.06844239559335588,54.74906299697763,0.042979599450758466,53.239854016005516,0.07919711377340052,55.37709641199936,0.06300516836435932,53.93515761987257,0.061220836647751777,54.96048246951833,0.07377042959843097,53.88550756753915,0.10447908414919535
3340,52.38134927381453,0.08509578593305231,55.248380841575255,0.05500048873182715,53.00805729374331,0.07671717902049593,55.789928431684984,0.07509026629184601,53.223811908139105,0.08451752909648011,55.555844147406475,0.1014425950267836,53.93297753398869,0.10279249501420351
3341,54.522493479302845,0.09955064781893773,56.8817293524919,0.06080116507012318,52.63365457931342,0.09256241146479867,56.81413446273649,0.08540860863123115,52.73211711085082,0.10209629884032315,56.3957938106966,0.11082989961252229,55.34727291603602,0.1058685430268606
3342,54.26136386529039,0.05333821322743887,55.49403200796378,0.036377381009244786,51.987413463075654,0.05716535728403638,55.270712625729615,0.03896118720870867,52.11364036920894,0.06106973247982903,56.14676041175717,0.07946850387510665,54.25871404617461,0.08081194584523092
3343,50.048133210220904,0.13172007441431963,51.69317952799996,0.11490164947457132,48.02553115749339,0.1394173416832495,50.86579184712032,0.12303672982227346,48.216375968513496,0.1419080788582393,52.20591445933914,0.161865506691185,50.596501671711714,0.15004518142414458
3344,51.32359533696981,0.17635469173985283,52.74232497725195,0.16321756252873582,48.33037064063147,0.17628754774567496,51.24831410553686,0.15203141825339173,48.30300622600258,0.17706771442743402,53.5204062762136,0.20296779482644844,51.81616447246624,0.1889727811575112
3345,53.409936623686676,0.1817816690057992,54.20662069079463,0.16249076744479612,50.94176709085593,0.18077290389083203,53.11365904734326,0.1648107923176348,49.72289126391151,0.1793288088757155,55.10255637990063,0.20727339265486544,52.94629575053914,0.18812145787752213
3346,51.16103430614614,0.2836757340696037,52.154171887624614,0.2609025295297695,49.160303093749775,0.285960695763447,51.3997598892577,0.2847571668508113,49.31665837088013,0.2834043131139242,53.350700304888,0.31866853620728974,51.795073830927905,0.29284285626174117
3347,49.34806260313963,0.2023319126586231,50.40298296998165,0.19490199375048364,46.61095941794557,0.2030179698083064,49.26362215849899,0.2051170027695838,47.580435483398055,0.20679931234112361,50.08840894943064,0.25280380583872825,49.20116738684703,0.22333091293663318
3348,47.23312455254354,0.16733341419514614,50.569606658433415,0.1558283987949981,44.646811839366805,0.1661741645244384,48.40224787945417,0.160107014870234,45.74249826155024,0.17299891899865588,48.282855176574174,0.22427203523023126,47.35999094892609,0.18453897716265424
3349,46.345513035976396,0.16836115507746113,49.721887523148,0.14555502769274375,43.06826663224044,0.1737449886985041,45.61316021095985,0.17435215498881515,43.63209814974414,0.17495497576153116,46.47658046760489,0.2144879222121861,44.09515931743606,0.1807185118544977
3350,45.30658865230838,0.1912453249608325,48.33103313121063,0.17964147707436454,41.97047703202341,0.2005697943714218,44.925640138385184,0.21009840190121976,41.919082898804334,0.18869209062612605,45.3304642033046,0.23943303302707872,43.700656965856766,0.21166894594132607
3351,45.425958760311865,0.17283623449695382,48.338964476584536,0.16422719844727815,43.38553428443144,0.1700347677718614,46.07671973449385,0.18979869378778336,43.32768093247723,0.1670388390281948,46.4380343309314,0.22221154234777793,44.2539459708679,0.18741488865805125
3352,44.7953213888656,0.14991138779830543,47.94236311782255,0.1437373724831546,43.3337204359737,0.15566411052821522,46.10155694588872,0.17199651281718037,42.69100391846767,0.14670501616772633,46.37178606675937,0.19144502387728712,46.11134264938669,0.17606943655500717
3353,43.11046851073734,0.14844025918397222,45.29139808831539,0.1418059498208087,40.32218450281431,0.15842562223174603,45.63017798003468,0.16788043334780423,41.73410731676695,0.13554444624178844,44.253487467873555,0.18064965605532063,45.03026397204677,0.18041270525034922
3354,46.99697721786221,0.12398638896307267,48.67364579376627,0.11155063878385557,45.030924667382585,0.12946964398153646,48.53225337238782,0.13630843036046822,45.66086461845745,0.09401552816551108,47.768020483345964,0.1617405766982807,47.926598152492026,0.157880994722425
3355,48.5597607428619,0.13076258683344136,48.163268979988516,0.11399542437792506,46.02969491209602,0.12659492683044496,48.75280954126318,0.12249530958807543,44.776650474788305,0.109009280512253,49.06091237899216,0.162474806559906,47.60373313513507,0.1506780204309413
3356,48.74403958500367,0.08150703375311914,48.81059190057542,0.0676151912394406,45.47982031908289,0.08636022715739208,48.65676373327213,0.07010506333413452,46.220337103802734,0.061252046584833436,49.9907252720626,0.12528290871855402,48.240268038459504,0.11923711487187524
3357,51.355045644016435,0.03473053382833828,50.9111042516509,0.03874162072185268,47.879258249690395,0.04780974142075867,50.98462466723936,0.0191780569283473,48.09299285325102,0.002525052125911857,51.43386188441394,0.08033339712358047,50.14461363226118,0.07675264838929942
3358,50.18951373408694,0.11697664563501958,47.990135378341705,0.11122585141503688,47.732409391875485,0.11802924808667398,49.865728328066716,0.09340544169141929,45.70611669303142,0.085815773426233,49.39846869568637,0.14318973532157597,48.72488057590756,0.14248953603411327
3359,46.26048292388812,0.08696436798413773,42.595156753230334,0.08447964259225867,43.02517588306459,0.10317695997673103,46.304282437137935,0.06362313870278485,41.25727582712485,0.05280183190636291,44.75135696286831,0.10421782563024014,44.59300232835547,0.09215665929947824
3360,50.37437178416976,0.114986343393778,46.83191449767261,0.098136705865722,47.79998066011429,0.12949701978129136,51.95160320013802,0.08903072998373034,47.06512833572393,0.07864495117537947,49.304823408229694,0.12396060062125988,50.08186938629662,0.11618242669059951
3361,49.57391469201285,0.11052124219804711,45.62862401408198,0.10818145712079556,47.05788060449663,0.1374081647046415,51.12010159289468,0.0988256468899771,47.49305489816241,0.07635761079804607,48.48471560047864,0.1327929527941104,48.9475447256817,0.12731440152409437
3362,48.613570049372825,0.12477894879770857,45.24673431884661,0.10764324679913563,45.31675499488175,0.13311848092567335,49.07571727683896,0.10231231703867688,46.109383652766994,0.08653287990899527,46.82955495963629,0.14220234420833142,48.11981588734944,0.12416163547466917
3363,47.75066273025773,0.12581458064702747,44.18817363088364,0.10545020881318119,44.01411321607648,0.13292770516469177,49.036903789690044,0.09726181341518333,45.11121364833465,0.06639327167611,46.84347082720225,0.15029429715878823,47.04749236818192,0.11599057001008609
3364,45.01565862742212,0.20410228157843263,41.82782582496094,0.17736402192335352,41.18353445003854,0.22001020688207262,45.79451188758937,0.19144551349070407,43.26792784070694,0.16010660768193244,43.31902899612299,0.22275746756613946,44.60969770566237,0.19545206394619066
3365,38.46252766830808,0.3186511377899594,34.8715744907962,0.28068840232838926,34.74266675299126,0.3221329252595734,37.897486078926065,0.30508567221731836,35.22440662975325,0.2743134913474544,35.29595441224239,0.33680910056213126,37.720514088845334,0.31123099942181404
3366,39.15831753036102,0.28467285021933647,35.29115833827961,0.24590858233483437,34.76632240556136,0.2756157732602852,38.15498690112733,0.2695753901571236,34.64936868641431,0.23348522440009617,36.84049296149402,0.3004559349082385,37.966747711272326,0.27115515941202023
3367,37.463610188090705,0.20560801174719623,33.27628414669086,0.17310748340628226,34.82108807048719,0.20456728782030872,36.50174955842723,0.19430033267980656,32.780777295425594,0.15564550188411005,35.31923835045103,0.20719738732833953,36.6126815243055,0.21182178990811595
3368,38.56469332860336,0.18872824458430354,34.85372542483721,0.1483025542717665,36.76864975569474,0.18148573062317855,39.08838468177178,0.1750450385939441,34.465538067605486,0.13455292578243944,37.0675169242999,0.1760063054184055,37.471710983765185,0.1852762987167154
3369,39.91041668699105,0.1690078764579209,37.19666295685614,0.12137632232431202,38.41291909638812,0.16558162675273536,40.53339897554211,0.16616761884855613,36.995834355204494,0.09992187714759944,39.06863446513696,0.15787934594940095,39.296921474092855,0.17666290413802818
3370,43.798059659680185,0.17536958357498453,39.90633025578571,0.13376014263243094,41.758430931659625,0.16254746543704343,42.74505384854794,0.17536210281403664,39.29386704259948,0.10808037418805175,42.27419315132212,0.16111846758033033,42.78816622958512,0.1877809426258115
3371,39.22776751984275,0.19234008983961445,35.421280268690374,0.15181922124275554,36.24310723088256,0.17049124180916794,38.07866962459081,0.19691939529885727,34.49639486283933,0.12198776360068969,37.15888785050536,0.1831571107504198,38.776713682553556,0.20320271235023138
3372,40.76748595811352,0.24685995188416796,37.74980451340103,0.2108772118911184,36.92439788503431,0.2115169394282188,38.946567346191145,0.2521213695927099,36.967471317920115,0.18128293907025397,38.35389385976373,0.23629674688794594,39.03988783975289,0.2631287049213204
3373,40.75891460132594,0.28734618379767246,39.12971101600918,0.25016151862057673,37.22569949254763,0.2708642972955021,39.34248355302241,0.28669943701494827,36.39521209149966,0.2349505757116081,38.69680629959071,0.29919401269376533,39.287649709936176,0.32031031063665477
3374,43.5229554864734,0.20313588941624544,41.76199795232197,0.1696616251229403,40.35344276141923,0.20253624035110926,42.129444019011814,0.2100509419268266,39.44011156944222,0.158387217274924,42.22517639523532,0.22274171643607865,42.00811155805762,0.24038335008025907
3375,41.386318105036004,0.18592227630301666,39.39771796785835,0.1299635531879051,39.00161833098053,0.18940969203234156,40.09399510024396,0.18654291102771373,37.835367037657655,0.1443772158263272,40.01857798725996,0.20252536565175192,39.84493242905524,0.22419713213899645
3376,39.11938009663254,0.27616784873748823,36.07795283161475,0.22744461888368098,35.5475899418055,0.2700979030524303,35.6128529846442,0.26892189039032055,34.58024115522789,0.23045447609455086,36.750583100197154,0.2919944456212123,36.25736219851987,0.3133018091372026
3377,34.534110678600086,0.2479097066578871,31.35582287717596,0.19903420438960018,31.612941939441992,0.2545872863682901,31.04826453183208,0.24033061536860367,29.668014335999548,0.2048531416300757,31.792651748131952,0.2590625900168322,32.364867338821114,0.29892743867821264
3378,39.28848254499229,0.1613101755069479,36.22766809000205,0.12417013422200855,36.27480036499482,0.18102566252686428,35.20876554777096,0.17326214396079556,35.08485088495683,0.12525804216285008,36.835059257286105,0.1904840561196757,36.507242981577654,0.2225050492599997
3379,36.204675747985135,0.154052611940912,32.277248796355906,0.1271833190948622,32.27420178714244,0.18054929326921135,30.90007011446254,0.1791420190570671,30.96027878296484,0.11377754035417773,32.86066871406126,0.17746969187556483,33.43179945762708,0.2123381099370228
3380,39.001634468643076,0.13559963168962735,35.27030062080996,0.08895551141571506,35.02027398575788,0.13889337453729772,33.703217851239025,0.15505311724690907,32.51222898651616,0.08508456854416954,34.8981387193773,0.15176569124447897,34.925989040915155,0.18981485203758863
3381,45.29043105377678,0.04800058227879717,41.216119304824744,-0.0019216340142658092,40.68488210507573,0.05867184592108513,39.037378140144185,0.05478402681937988,38.31724046135398,-0.00016599392524113687,41.209692874854014,0.07969790544470501,41.279931459690616,0.09316296102978278
3382,45.75847507074326,0.03398185172247353,42.143213979522855,-0.0081544954765711,41.023278554499115,0.0563575881877077,39.77990299360889,0.04506587525532101,38.97614817332742,-0.012209790535108254,41.55444537802851,0.06410967857780528,40.74170364500607,0.0882883397370883
3383,45.27584589886384,-0.0015172304894224555,43.49804328467243,-0.04681658204651646,42.35246592955708,0.013347776618671824,39.882179738893136,0.01558845895598674,39.722810658292794,-0.046556671191009445,42.32204792272215,0.03912047591287861,42.01005554944915,0.05216584687439531
3384,48.71659109084738,0.05438300508410675,46.91803961603856,0.015211401915595467,47.24881910478727,0.061113358178039034,43.35907039880743,0.04649881935463743,42.558025327461316,0.004854380434178657,45.4920501056533,0.07199547301465367,45.227226512019634,0.08913202343120422
3385,53.93351252058604,0.035862928122911794,51.68878673026807,-0.012193092680065479,51.1868000490488,0.03642411809719229,48.67804577671595,0.012501123715339547,46.95691061247072,-0.014746479131610812,50.176304232919165,0.04875376330516629,50.39191849750297,0.08333955369301833
3386,53.38654319262031,0.012278868016566604,51.90801734051858,-0.021702937225134677,51.59809886264932,0.02822936594085808,48.00506217895069,-0.0008539242658613978,47.706609594874045,-0.024594699672811488,50.0511273461135,0.044999513511873264,49.585415043459484,0.07685944380649166
3387,53.85170525134435,0.04733249958114561,52.481453028986664,0.02322106678819602,53.3876380745729,0.07005670869550179,49.62956137479259,0.04078114726492575,49.24629159057563,0.017783569187923225,52.40124654180292,0.07719188229776455,51.17006718801419,0.11740337174076206
3388,54.1912766408874,0.15591183927885585,53.516162292590806,0.13062181119917443,54.4510583907567,0.16437952845494905,50.201346816503005,0.14815714603821448,48.82008339660792,0.13818892649345454,52.40746824345494,0.1775614134366257,51.7989692069134,0.21737703997886565
3389,57.67551062852654,0.2105974526158448,56.199399913272536,0.17648007870979437,57.28453015397487,0.20350463043638034,53.20288878617728,0.18445815345362054,51.78468831195794,0.1811513099890324,55.91395226328579,0.21489371588522296,54.71826889523857,0.2504148102479684
3390,58.78198031868301,0.23876645868077442,57.905183344847224,0.22484374151583544,57.755004655510696,0.2393173270448495,54.148174107249616,0.21972578483084435,52.85510512705873,0.21399430757312435,56.50223042128928,0.2556492220587096,55.06886551416336,0.28728861002258066
3391,57.2835490590479,0.2566764709936378,55.92167935113019,0.24301580142088886,56.275894684240455,0.261545698553401,52.84533011586525,0.23990234681788025,51.064667315002225,0.22220640886354884,55.00460412188514,0.25814640696699814,53.896348139964516,0.2961845715111653
3392,56.70380064659333,0.2956545082256885,56.32628421638269,0.2838799094942104,56.154755739127644,0.3109764366991005,52.65151224861468,0.2902012248734763,51.16539723298244,0.26905176078162774,54.71366078912207,0.2926749287218481,54.12132633109276,0.35063182965810963
3393,52.84620106856018,0.3488187415994805,52.513693672201505,0.3422561193743914,52.18874366589495,0.3585378851822477,49.11652303756143,0.34621538951570335,48.266691124207114,0.31060665649129937,51.32869789711198,0.3374258906164441,50.39065704229703,0.3882530584478486
3394,54.21294194148751,0.29043120170530534,53.81678690960564,0.2872406020545284,52.87536342983095,0.3107139742917712,50.7692017851491,0.29244684789347725,48.86761002508423,0.267830510973286,52.027337064994356,0.28985362025059636,51.75649288948976,0.3415308122972957
3395,46.89799849694224,0.3471995990417978,47.4485100275109,0.3612650742736324,46.33068126644892,0.3752221954941506,43.955609060090104,0.3636309546159514,42.19541587590526,0.3286976642824609,45.30028216183341,0.35149405963340763,45.9590817465352,0.40464458076516746
3396,50.203037235239584,0.39206159864453716,51.475788287862336,0.4130732322016907,49.9810351698831,0.44591575749537427,47.60161381690488,0.42200736926725385,45.81369754454292,0.3956763336964677,49.37531311610536,0.4200056520708325,49.27344341907364,0.45010846026695744
3397,51.31854483477211,0.34995160373435036,51.93059327646018,0.37320874636462575,51.03923725392161,0.4075125948113895,49.620225073848154,0.3843710482662357,47.15193189291813,0.35704602521566087,49.1115669176224,0.36488090228961223,49.92346395002403,0.4143098157870465
3398,53.31048513086735,0.3142863264140039,53.30338740904448,0.33443092333054913,51.92897044434141,0.38233505992419636,51.10097753817292,0.36159987817485906,48.48284203879666,0.3119029419169721,50.44840685070526,0.3319178402375068,52.089172092575716,0.37882873226077246
3399,48.71886428512133,0.2643628644964245,48.0949754576931,0.29195592536198217,46.54998562771122,0.33475396827977233,45.9240609706466,0.3055875802080523,43.124670856127175,0.27502735305501586,46.49083875853313,0.2945676558902,46.338031693907936,0.34410619218296173
3400,47.290072828485506,0.28208295828744423,48.42153285772941,0.30569163883144296,45.776161478491375,0.3409782597109599,44.81453494785549,0.3109937907942071,41.14853723701235,0.2857768419529239,45.57613798403197,0.30983035926195335,44.573478167829165,0.36076848359758573
3401,48.40301380403275,0.20543807046187254,49.56339717818025,0.2077993804000106,46.87310041460147,0.25749066420161254,45.37961039298037,0.23829575235922906,41.34998010376226,0.2044532850244215,47.026380496412386,0.2336975616418948,45.07749642551836,0.27750736203552695
3402,50.632452683353975,0.1467335342765148,51.5839636262805,0.15278189463395717,49.860883709480596,0.18899373565827818,47.563144126509755,0.17543428253831575,43.92386394982432,0.15825926581255584,49.80719608898589,0.16981417393067813,47.00807314542976,0.1977788763648047
3403,48.63735248868593,0.09868795638708124,49.08629074608341,0.09671495755332554,48.02570533140099,0.12209599995503188,45.58830392869741,0.11567447970128819,40.97088678936571,0.12529635001956005,48.39369107411548,0.12253525577315015,44.786457423555106,0.14491986461597428
3404,50.88230703433767,0.08004591549750384,50.40804581720888,0.08175528468444442,49.07084149344409,0.09904841816058349,47.940924750107285,0.07784903518412728,42.55472601483564,0.091624017139413,50.70868134642406,0.10640825150745356,46.64200615225905,0.13875007264832698
3405,50.019014256673216,-0.03324955033980007,50.09349585551833,-0.05185531717146762,49.02664612840135,-0.01667348049871211,47.8441483207814,-0.032070301656678124,43.50129329100564,-0.033940955179723765,50.68935739046793,-0.002660924846254591,46.07351960844309,0.012050504065933365
3406,49.18002304075665,-0.025982681197847208,48.713573131538425,-0.04962752315021241,49.53047844446661,-0.01479997030015485,48.18686044870656,-0.05201282077477839,44.16469821742356,-0.030968490077241933,51.77776670266159,-0.012293041965042465,46.74873054334174,0.014092775275270746
3407,51.09831522526602,-0.06729470004657681,50.532486209797284,-0.1011662458557534,50.568002698605056,-0.05958720931849992,49.72199833150292,-0.09706157823646533,45.018716479211164,-0.08180612549083884,53.414194974038026,-0.050224287356785115,48.11273772391124,-0.028330991351326353
3408,51.418511785041886,-0.09042996458085252,52.00938767448183,-0.12028335665526459,50.62335322616731,-0.09326263549148248,49.739906887557396,-0.10689958432641541,46.12134227542924,-0.09969748379888443,54.80007938445765,-0.07342393134057582,48.18604468839286,-0.046417042218387945
3409,55.60182171374437,-0.08564866636824126,56.909693191745674,-0.11634274824983692,54.406476436689665,-0.08844092663795873,52.917056062583406,-0.09200628491510697,48.88236281284054,-0.08691919392796048,57.722249685254134,-0.0680814481334568,52.18534486049329,-0.04118945620400076
3410,58.05836686021263,-0.13474353607216197,60.520325918980255,-0.15220964002729356,57.05802953063348,-0.129487078632206,56.94027340816276,-0.13428258673530985,52.652754945296124,-0.12392299467752199,60.515962595952345,-0.11053493365209151,55.744399478090756,-0.08900477864301042
3411,61.31626142378237,-0.09334502480116766,65.62461762567546,-0.10311364043002683,60.54616860619024,-0.08052864644511011,60.62553324321072,-0.09271644618166833,56.360313917397136,-0.07757164770952339,63.23613062826122,-0.05546290787524977,59.379641347765364,-0.04091974744538348
3412,61.80613475950801,-0.10734752654114138,66.0003828524373,-0.08744886420058273,61.39088949065414,-0.07004526821850215,61.12118763325226,-0.09617780545335736,58.32872144304933,-0.07456252560858978,64.09151267999812,-0.065904070991647,61.04389802695647,-0.06053668469649228
3413,57.721025682527625,-0.12657169046870478,61.721001220602105,-0.11954421055339595,56.61773079327758,-0.09349608118122545,56.89513244476744,-0.11264519923469452,55.23682490859656,-0.09985096768801877,60.25879855250633,-0.0901502775127265,56.79802679414003,-0.09669893771397663
3414,54.78199067414515,-0.11016895789407609,58.32401739249177,-0.1142686790948777,52.749548882192855,-0.08776805261350015,55.12229545753067,-0.1123496648176362,53.544305139775254,-0.08814233097315885,57.955935454409854,-0.09136416674291642,54.43163026556463,-0.09919376180900288
3415,50.41381909941403,-0.08696282214766836,54.622534417624834,-0.09348977105051584,48.52655435422798,-0.06613055878164001,51.640350352967914,-0.09701034572321085,50.13946374254164,-0.06729989667800405,52.93091729737433,-0.05950875665057571,51.573764023214615,-0.07035187584642283
3416,50.15358061612215,-0.09171557288417712,55.302437207271666,-0.09381362075473121,48.80241255648262,-0.06689500165751779,51.56606580055189,-0.11032956416374778,49.809655719075266,-0.07007311361838689,53.11165813441476,-0.05199702364643756,51.134600146777494,-0.05974639915616791
3417,49.813604786429615,-0.12929828946160388,54.24593508162481,-0.13668619002007282,48.70214715527023,-0.0993058652049777,50.19784759752546,-0.1493942447891771,49.569983168907456,-0.10458860391063601,52.464007592132745,-0.07369715791925383,51.03152098727405,-0.09576270196828962
3418,46.41329676256076,-0.12549097614946841,51.231765493727714,-0.14671526602812285,47.021790941892405,-0.09739966359892958,46.850265030845584,-0.15360281382198476,46.203746828417465,-0.10615430458300404,49.12089800334485,-0.07092626612220769,48.207891557680966,-0.09335585834673604
3419,52.48984695366693,-0.13615408441716748,56.696934401854556,-0.1743032278956566,53.26101784162573,-0.11917536514156402,52.41946698747567,-0.1761969109035169,52.79137808267593,-0.14191429306905662,54.72082241028274,-0.10014705382737833,53.538331513005105,-0.1252815507554952
3420,48.0850756739207,-0.10908392063010719,53.322701921326335,-0.1437127195849881,49.36453697477403,-0.09231352421811376,48.90521445222567,-0.1553715456994077,49.16936298030385,-0.10518277851720222,51.395956272490594,-0.07509075193340478,49.37227877251644,-0.09386871859629697
3421,46.20081322032042,-0.10271307921446317,52.231116311089224,-0.13893635876215343,48.5623517401599,-0.09977096131659507,47.07468396506877,-0.14302885896677786,45.999710394061594,-0.11692734902726623,49.26692859982125,-0.08580414024546995,47.256158748421164,-0.09292719525900996
3422,52.0299865070284,-0.05191243342577288,56.969409841919614,-0.05937901885945864,53.209660817630386,-0.04647015791208635,52.27535513276172,-0.08102800205079924,50.957279834909166,-0.05916325690323574,53.758396478996644,-0.023067675627322703,52.38604777538713,-0.03625027792125557
3423,53.92147346632185,-0.06426008811533639,58.993971758686705,-0.07091901221075206,55.375981828402374,-0.043587738884349664,54.58641067970093,-0.083074417305973,52.69990718211727,-0.06431368485169742,56.15685673549028,-0.0473864944673546,53.93590078238263,-0.049210472605872926
3424,54.69724828125901,-0.03085171997473691,59.09646640764712,-0.04207753375253566,55.92447630104645,-0.028241458567692626,55.50904721211129,-0.0650420765350882,54.27369275342321,-0.03901546414966892,56.24094942343372,-0.040172062707483025,54.12509571214488,-0.025973944890924278
3425,56.59875923024426,-0.04360872105275569,59.84814951037258,-0.051788990885569916,56.60874798927299,-0.03946066369773965,56.61630039609149,-0.09920974214019629,55.489160880193744,-0.06218420970003852,57.190329409928765,-0.05754035731424463,55.06117272644272,-0.04055023910702724
3426,56.46407475670766,-0.03838890066934418,59.1300611229846,-0.04820861798518953,55.35803980989128,-0.039922188354880095,55.80804415678675,-0.08572332510009031,53.81114659645873,-0.04989503168097184,55.94618632906,-0.04795659687138596,54.90523175897085,-0.045652666198655795
3427,54.23724134832299,0.0033792655318446354,55.691638598876956,-0.023306416160044488,52.283048968713175,-0.019450711913478524,53.66467578899653,-0.051778792894897126,51.92052692281439,-0.014530604131815146,52.907769395787795,-0.03537376994244029,52.7257741465009,-0.014044630862865852
3428,52.289004308928554,-0.006648905576198551,54.53552884390007,-0.010790378950984557,49.03525816338997,-0.016386416706040137,52.34823453708433,-0.05353411143709663,50.39382550316355,-0.0011440619391981741,50.85901625412209,-0.03286878775705949,50.07116770570584,-0.00976848112160319
3429,50.68335658445507,0.04120524767484743,52.056725565497885,0.03046287475635302,45.42989231015946,0.0104672118774033,50.142290080059986,-0.012068673402234532,48.06450971858297,0.04746055419348206,48.257779442823605,0.005926469319527131,48.70632912362569,0.03789362296220807
3430,49.08782556662784,-0.0306104931067195,49.931398039781456,-0.02178927118830577,42.668452433694256,-0.04992507666039794,47.65052977326395,-0.0654951250878515,45.51290869279481,-0.008592855891734388,46.58198888016952,-0.0414071713948691,47.09189162787777,-0.012013537621874024
3431,47.87008663154941,-0.020733638339557485,47.97106623861925,-0.015313700596684366,42.08030081387481,-0.025833146896406534,46.99588256073672,-0.05675730954239309,44.251145170716995,0.0009195674520479967,45.686570715358776,-0.05407965932942076,46.177670585462316,-0.012112361938914703
3432,50.337486221697425,-0.0886138879313858,49.79797878007405,-0.09112339668170294,45.2638102321622,-0.10253732015756148,49.47147098861456,-0.13170516788416636,47.667035464445675,-0.07323866680809574,48.47890192264447,-0.1182150030204667,48.8421199894242,-0.0854158610905531
3433,52.45536934148465,-0.06421979551689437,51.059818457991,-0.07143395121572857,47.95867222725235,-0.07223358412184855,52.45504433523908,-0.10194224108317343,49.85256135981786,-0.04796866877918854,50.76668327762906,-0.08545691013324846,50.996165489333656,-0.05785891652016059
3434,54.95217606891014,-0.07995492363549409,54.606334004632025,-0.08689593350098998,50.39189252798433,-0.08681865786742256,54.399846048504095,-0.11539940221205644,50.82343030844154,-0.05358646023388987,53.13702646062977,-0.08309470200868245,52.37992994143323,-0.07287705011485467
3435,53.66677414759229,-0.050561339140796,52.06540812799748,-0.059742064297200456,48.44390746410969,-0.06327499113139617,51.686714084377094,-0.10572853113800906,49.40622213962952,-0.039060821444141455,50.65642510267001,-0.06365041189968083,50.04418271755333,-0.052064061603148276
3436,52.387753115797025,-0.11068444267953485,51.24918738131653,-0.1234140851796787,47.30649286394971,-0.12007467411448453,51.52156696813109,-0.16752542740247428,48.86660613354139,-0.10459621515995483,50.235562962841655,-0.11624906174224484,50.37958276477414,-0.10368543831153063
3437,60.73478683563452,-0.1267279120382375,61.32156317702708,-0.14319166929989707,57.30488905927431,-0.13219551782931513,61.30561532913009,-0.17848374235616962,58.36340325615426,-0.12083168594568937,59.18403922307351,-0.1302439962036586,60.508509211011784,-0.1265749201826833
3438,61.93505565228787,-0.13183979964979356,64.59132731825888,-0.12943315865270658,61.069741459766114,-0.13707763996616276,63.127675897939,-0.18301317911103326,60.39614897042086,-0.1366781385536259,62.16352575445349,-0.12461734099535059,62.214536844957244,-0.13915753789094892
3439,60.77245682592035,-0.10912476193006831,63.21724428688128,-0.11490844855016062,59.497180095859534,-0.10560027206556617,62.199450669515116,-0.17224476339981035,57.84120165114693,-0.12611023590043274,62.19815059524506,-0.11307105073471482,61.63170795063195,-0.1272146310618366
3440,63.835472944502655,-0.07925290097275317,66.18501878872861,-0.08465735034736352,62.47463746974931,-0.07270992996821533,65.58497549890949,-0.1396559889524324,60.11803674857531,-0.08693138209284537,64.85393336390095,-0.07898862844489611,65.16725837862337,-0.08871533431392604
3441,60.07045143956805,-0.014833047139720312,61.461007747433314,-0.020549480252517724,58.23948078098974,-0.00041669305741138217,61.72607356166434,-0.08120709094384927,56.39305832737713,-0.006443631324410633,60.115658318697456,-0.02471077383692586,62.156548330575276,-0.009211157106876701
3442,58.94892638239629,-0.06675227403885911,59.25648296887347,-0.08424246206912224,56.995658095321986,-0.044700556551011426,61.14091568634627,-0.1264898040793701,55.38686081415702,-0.06534219429162885,58.527930583302314,-0.07112312775696987,59.970633153614195,-0.05680671599892194
3443,56.73003653336614,-0.005754221377166297,57.220993085885596,-0.02000142990274574,55.297139295536084,0.014439589145279423,60.09769097280518,-0.0697288067066452,52.48006564376681,-0.008350504285143612,57.6314566031003,0.0038796318672463482,58.21046282478601,0.018005421282227402
3444,56.002148521921605,-0.04438636121997766,56.99302435902351,-0.05314180773861461,53.84001392874772,-0.0064327191619843425,59.28360127800522,-0.08326802203165154,50.89120795197736,-0.03655288802169222,56.825384551333585,-0.025666821855759657,56.91766619147222,-0.0013844336796109274
3445,55.15734794063353,-0.040839224585826436,56.32508756639617,-0.05857969811211251,54.35434586002419,-0.007204917934445387,59.98663490385094,-0.07858180105085968,51.488084445219684,-0.053827932350887134,57.03592470193924,-0.030357898796153842,56.98652940369787,-0.02206368249784897
3446,56.20149739415366,-0.056166716138591685,58.601186180850455,-0.07613033703604236,56.558301957160495,-0.02161314497447074,61.352679537126264,-0.1060830412876666,53.664819280121804,-0.06684014336849547,59.00615837548028,-0.048936526214754014,58.67860092955924,-0.04412822917930883
3447,62.403560963302084,-0.0833162526576661,66.04389780534382,-0.10536941910468975,63.77254644481101,-0.05625451247671282,68.4692877119021,-0.13139945711394008,60.46580943112901,-0.08653642047746209,64.88642627377563,-0.08538803680939508,65.06295810336388,-0.07549597659332695
3448,60.86651300486791,-0.03542807102344418,63.74672142903794,-0.0676672407388112,62.30888041518655,-0.006119440923829204,66.83095693458249,-0.09042452994083777,59.5674674052122,-0.05433609592590402,64.27994586772199,-0.04967469949582984,64.37427452319898,-0.03468925135058608
3449,60.4022845422533,-0.039212265613662034,62.80783076660272,-0.05633828180880747,61.38354351550355,-0.008387373601153287,66.06160520326559,-0.10071617013690043,59.21165003361361,-0.04439408401192488,63.54934193084367,-0.0462419807271794,63.43680221302926,-0.02361856449646628
3450,58.51686437819331,-0.02096670554371517,61.33113380187175,-0.009049331586770288,59.781690162594174,0.017564217330378468,62.854103597775016,-0.06907946555355816,58.0672937836071,-0.002501424335682637,62.618576814651675,-0.0043243230152196326,61.750580596528756,0.02244945496308686
3451,52.51703427693295,-0.0715944469215678,54.5835680556377,-0.06818128421475887,51.921288764875435,-0.06113094516812474,56.660834011482365,-0.1277911841376426,52.377467949644895,-0.057986743475039605,56.032805767687364,-0.0536502108770398,55.38259257283468,-0.0616203167284348
3452,50.52422281294133,-0.10109872107235413,52.83456111661902,-0.093321752396506,50.6446395223944,-0.08886393954877707,53.83011747834871,-0.15274004155551463,50.62126556963285,-0.07016499448854316,53.39317635037026,-0.08705130764578918,52.88126906587099,-0.09469079697725483
3453,49.48939961770922,-0.10110837291318804,51.47546751061593,-0.08522711343907007,49.161334926767886,-0.08406363078453029,52.46978689688422,-0.13838899605582528,48.65152631589212,-0.05625332572065777,52.15580556736541,-0.08503113009378079,51.62877511575427,-0.06106615405167475
3454,50.40701359742449,-0.1138335380580076,52.75853125643234,-0.0840289993362652,51.058207217356575,-0.08144316681408252,54.43114505413227,-0.13777197903394112,50.2536293423784,-0.07351646197871814,53.561355927382365,-0.09966859813952372,53.48193559593657,-0.060346505703810144
3455,50.469149940044815,-0.14780567512515086,53.219137337279456,-0.13500789021014512,50.8565867197407,-0.14379463904124226,52.76448480483659,-0.1886300274034236,49.69308692270192,-0.133804828055098,52.645476197667016,-0.1473813727135547,52.86717992378683,-0.10148148465311217
3456,56.57191024701592,-0.1355401951416935,57.86740972498849,-0.12937541770243527,56.92245100640585,-0.1474640594183682,57.97931914635004,-0.1838255091381536,54.58421319948993,-0.1287305077753218,57.64637502760066,-0.1433904465775287,58.452505721673575,-0.10015315520087625
3457,57.942691328990755,-0.13697426336622975,58.40005447970871,-0.14151527095867203,58.286446895437706,-0.1587247362337505,59.78417635433214,-0.20200103172160222,56.55126528378414,-0.1406810567432342,59.54648394148546,-0.15841219706503154,60.91795927589136,-0.11409873686739458
3458,61.70062002313526,-0.10362528948269985,62.98083557040273,-0.11421058759189788,61.88896780804065,-0.13454875586434037,63.65489196461324,-0.17589489315219264,60.37444704227737,-0.1059815043581959,63.49146439540098,-0.13208042682171509,63.816091364023094,-0.07838217706651676
3459,57.55044441244149,-0.02696156475079198,59.18538987319934,-0.03444365809848794,58.69548576324786,-0.0647063514495288,60.16622773885804,-0.09721747966424724,55.90642800995083,-0.034587136568590054,61.27870741782063,-0.051427663140156274,60.038707193419725,-0.011946033707308464
3460,52.02987288917591,-0.11721364860010278,54.20403100162187,-0.12669511085787327,53.90840345626594,-0.15016788302086984,54.54619229276663,-0.17110977906840152,51.2953691609124,-0.11487993171076757,56.035683262055656,-0.13028424532042496,54.46449490009374,-0.10344495358732718
3461,52.79443989206327,-0.11206916876601883,54.33247929014069,-0.11595820839270701,54.75026754040189,-0.13198985666587199,54.63391019701603,-0.15040810724408188,52.51145291067224,-0.09540650215293399,56.940292752179346,-0.11668962349063208,55.73402756198667,-0.08929584829678017
3462,48.5570885799781,-0.1034137122715816,48.761209552953275,-0.12133507682394763,48.990799957142784,-0.13082021753922288,49.656809546810585,-0.14072585682551206,47.52837475707781,-0.09843841622609677,51.55743749584252,-0.11572131597785437,50.80554074183395,-0.08307207526422455
3463,52.69549050974855,-0.18986765209177103,52.189079618483156,-0.19974467955394332,53.405046382043714,-0.22407169850453312,53.18968183451726,-0.2183731554941929,51.979546985190055,-0.18284287248283634,56.689708893676276,-0.20115799626880174,55.45446081689869,-0.16713943148943622
3464,55.402857189890085,-0.11663157511230816,54.80076520183701,-0.1211282385090203,56.200663054405865,-0.16021180975300878,55.58646106982336,-0.15213192068831627,54.48523660869752,-0.10291915306135238,59.47997305605674,-0.13541230636048024,58.078814713996834,-0.09662212629849191
3465,50.5316460219046,-0.07962232589061108,50.452638508637875,-0.07143944151266371,53.312552001299416,-0.1252016506615963,52.74248771666845,-0.10903763684050882,51.13630600461953,-0.07111898607663697,55.43809238555128,-0.10252066237201915,54.292801675852246,-0.06093145871563489
3466,52.013893354031886,-0.09160891480188654,51.202977439113305,-0.0763509794488676,53.98369121201895,-0.13323408660811867,52.73984480791948,-0.12214731112183116,52.20042424624813,-0.08457258868716912,55.001258924430594,-0.10930243680028831,55.48656512136632,-0.08244507700808335
3467,49.42843653316785,-0.08610175725592481,48.611123071762165,-0.049217099427812196,51.15766967167313,-0.09716168863839375,51.17098904389931,-0.09372280917989997,49.96126221173495,-0.06859019183308651,52.74751848253772,-0.08930699032421335,52.48271549873199,-0.053556706624132505
3468,52.40781479718464,-0.08422315999655502,51.09870749698557,-0.05498701006281397,53.76506680920584,-0.0890362818854297,53.30813305463315,-0.09723869117700026,51.48926417654525,-0.07700811462947629,55.59795073955044,-0.08781149785283074,53.844356802927145,-0.05349990670679294
3469,51.34506950027447,-0.05852242691507623,50.00752760041504,-0.0334484092932512,51.91084109898498,-0.07178181811887528,51.80666306347058,-0.07281818485479563,50.10753177010369,-0.051874235168108254,53.909724696728496,-0.06301378091375967,52.67972541895827,-0.03776720899096686
3470,53.607901179313075,-0.039331658318115276,52.45147510450272,-0.0027686288287271377,54.24774642177809,-0.06760372060587393,53.383437401954694,-0.0413163478567337,52.53922910452331,-0.029011765523423955,55.62271669470533,-0.036883783634221394,55.489115468061286,-0.011080698641990436
3471,50.743444170559144,-0.008483859940343964,50.97777839338481,0.046580841699612144,52.0671986740178,-0.02875006683908233,51.97416352921807,-0.0023251216033519807,50.30112391718181,0.008007279003529077,53.702073127424654,0.01276347619890569,53.827147555826436,0.034583111593034975
3472,47.41026311059633,0.024357245892034855,47.1381054064957,0.06886334326497776,49.70114806801818,-0.008315823899297276,49.6012419289559,0.00413942159355548,47.62067639943435,0.02494159579857858,51.71972479173641,0.030763828016006224,50.67118471439345,0.05555838848554123
3473,50.18225409595945,0.03641945605582175,48.59380544725671,0.08915451471561345,51.921911406542364,0.0051413717993198035,50.1365207216481,0.021258683687584257,48.913772859796495,0.03649172285180452,53.05571090168358,0.04745234585493141,51.988215137571544,0.06326979157282651
3474,46.65498163293093,0.04462232930950366,46.36106268811416,0.10590250733289858,48.67514983157892,0.024359179523776163,46.87799561320886,0.028553421574766077,44.516766964384374,0.041672977207763036,50.027523670777086,0.057737641348096176,48.896959000824026,0.07119911301056825
3475,45.9099876715307,-0.005881458874541598,45.50032217262864,0.05408709120748333,47.01870187003551,-0.03326405951110388,43.67605123395796,-0.008301399273734428,42.66102164592206,-0.004333107224890866,47.47456997482626,0.01262159858285854,47.01896647538487,0.027594083851960043
3476,37.53165379213597,-0.06652117055407397,36.97366882825204,-0.006880891373187217,38.999413738103364,-0.08155795889743803,35.8889661579423,-0.06619354093721118,34.54604071824762,-0.07436474735507131,39.738506410156916,-0.03232169950086805,38.093670934026306,-0.03272706674241971
3477,34.61757972119673,-0.03500193237226578,34.67080924835538,-0.001911289331451297,35.97741985574783,-0.05196127066654692,32.74041068438975,-0.043661689210271824,32.75326140895518,-0.04831497451294651,37.3009440618947,-0.018522734013866598,36.24164239088945,-0.02549384846290943
3478,35.673467420594505,-0.0012126528920805074,35.56995809441719,0.016886768989417753,37.179052985012405,-0.025807538492620147,33.03238512408277,-0.013329728572451464,33.92055924019952,-0.00786562044021635,36.9176973334213,0.02457203464283284,36.270626864567056,-0.006944354253742521
3479,33.922805861050655,-0.019095489473223412,33.395020099542556,-0.004360308902772607,35.13323573083527,-0.054163291417338603,30.724520799794064,-0.041365560428079554,30.7302737662096,-0.010634576665819325,34.79387297707815,0.010026348696990298,35.57701384444715,-0.03660225211601132
3480,35.133120857903144,0.015417258170476317,35.07378399614163,0.03819590237766417,36.957033991341774,-0.012475682652127486,32.28675303613302,0.0008294806961599704,30.96303434004399,0.02717319675779733,37.72791174922271,0.05809809687997208,36.85666558283377,0.0033182427913700067
3481,39.21844215400637,0.0256653808771077,39.830191266652754,0.06285112835062932,41.53942324225618,0.014276485557857564,38.000788557388894,0.030188845504445186,35.54025867822551,0.04470371452832618,42.50743652921913,0.09366203769804402,40.7345960020471,0.02218374284439143
3482,37.092497049948285,3.720416189602338e-5,36.81254908507488,0.048245573460333604,40.284122851174764,0.008405690498125076,36.0599512792397,-0.005286190318780651,33.66942782584453,0.027308567754897258,39.80895518814846,0.07040759718618439,38.49516844443357,0.018390227590878935
3483,33.723536357723475,-0.015321267649278943,32.621043757073046,0.04447850449580181,35.607684655702315,0.010175954876938079,31.114276399736355,0.008906046534624512,29.779522772235364,0.011631408348706147,35.18181323341746,0.054931047394248075,33.94524861810805,0.017785546883708227
3484,34.564397534894866,-0.03608023232815942,33.538763869437574,0.030010631446748814,36.98537273121015,-0.0053106100638945185,32.14810161013783,-0.014080519524187676,31.483169880836183,0.0017522340973863682,35.75698846483641,0.04065761314796833,34.42108212061848,-0.004309884290204777
3485,35.819359840186856,-0.039149051916974105,35.12221695691145,0.03324004135943132,36.93463383025644,-0.008232533976539672,33.738900903164634,-0.0191083708406758,31.19562665211962,-0.0033756152384145643,36.148708562577596,0.02408131106238319,34.69064496342395,-0.007287232193675403
3486,37.75676115695239,0.016279143395205822,36.56757802785157,0.10078379902780538,38.288955932971135,0.06343752834395008,35.041364538198195,0.04137221836632654,32.81766576840323,0.05678312549765613,38.26273387549469,0.0849943522973731,35.906601408659,0.06131811397457822
3487,37.12359461827064,-0.011108255261081161,36.62015325637683,0.07368283803399268,37.59030828550521,0.0422073885597269,34.981110371436195,-0.0029032542050855398,32.45263664117846,0.021418132091706496,36.93717271445726,0.0567256125596564,36.32602224360197,0.027644381856379765
3488,33.04669668807688,0.009563648479371162,32.43068686709796,0.10906688907798237,32.82609880407549,0.08717577175998885,31.268236772946626,0.03435954434310258,28.656180401849646,0.06454173242501501,34.294433769348764,0.08032837243270988,32.216473838406145,0.05907896913588002
3489,32.62733059906025,-0.026892603772013808,30.77950634085047,0.06798360129639754,31.16093691866579,0.060914420037427544,31.408328045637614,0.006008659313272921,27.226754996689454,0.018898203611056423,33.33419993726265,0.04173942098048314,32.11810043156774,0.0331936535660759
3490,39.88750326491723,-0.0025741031471514103,36.12367692994449,0.10640439707859509,36.612864021156426,0.10587199336415562,37.755817918809214,0.04095885547514939,33.57759545076613,0.05452385532329531,39.66504341655173,0.07651262745716508,38.72460650381694,0.05496134674502353
3491,42.5874452414,0.01536454127548062,39.21903804514399,0.11544681754476191,38.951588331315314,0.10967189070202787,39.993567066799464,0.03834972965101739,36.49885237299807,0.059380845584225884,41.70858517881201,0.08361181753557997,40.61795549869239,0.06722821503527032
3492,34.97727930142159,0.015760836096395184,32.196530143039304,0.11842024216316066,29.294353929542517,0.09933044819588033,31.3955541217448,0.043878700727021665,28.85700234228357,0.06352162445934638,33.767020863587035,0.08065768130132066,31.90907809284505,0.07154225553084136
3493,34.48996298415367,-0.03645576257805157,32.10345696617923,0.06551882989580646,27.932090888110302,0.03372657399234531,29.77955083725268,0.005939083899810141,27.18205793017709,0.019678557118768068,33.11667030605682,0.03841330265204322,30.904093583204673,0.03528269333903722
3494,37.35810839739603,-0.09981866781599265,34.070403180610484,0.000622785273738543,32.0568879506835,-0.044687223752271736,33.78339045734593,-0.05664602062443247,31.291834923917268,-0.049518417641507315,37.3407706296689,-0.024395225676652123,33.573769142261526,-0.03127565115258677
3495,42.13857933510151,-0.09425826440555443,39.42284241160438,-0.017736045189241257,37.42206973089588,-0.056705719846258634,39.12962088882413,-0.06050977905108468,36.535874476986116,-0.07633116905022111,43.37438739784996,-0.04539961954526759,38.1247522687884,-0.05605838416074792
3496,39.720568913043614,-0.17215190687642562,37.34582169602067,-0.1112204725848163,36.554645843528725,-0.16989728906090815,36.44093139931399,-0.1611690073320733,35.54174017172822,-0.19164397903695718,40.52217286812393,-0.15151130901407822,35.54729154805031,-0.1577057496420371
3497,45.60097523690971,-0.15239587369330254,42.83999300069685,-0.08724680207066762,42.156074522620386,-0.15209074682807575,41.56641429652198,-0.13064376468064565,41.00023504155946,-0.15406560465274532,45.87988201669997,-0.13059516282598665,42.29897113704801,-0.14945811917230867
3498,38.76573820438663,-0.037971567760847307,37.215429335335784,0.021779721185041456,36.83180822336779,-0.03796419626336006,35.2901381510221,-0.018511178946789747,34.85668194101194,-0.04986895534686199,39.18387563651588,-0.02654402713803316,35.96474957131967,-0.044245198570790074
3499,41.92768546975357,0.035741247533838935,39.99672389682433,0.08327372297985357,40.119128831116214,0.03436851391593169,37.90575189851053,0.050578601619750786,38.49633332539807,0.0273282310715083,42.976276652022335,0.04128865482194098,38.73055124503776,0.02994380424474074
3500,43.84975099050873,0.06766133037600897,41.55226898061562,0.11940397831766365,42.748340899402386,0.06933292222777251,41.036952617576276,0.08025786822640582,41.78032591694357,0.06256840280518347,43.964084434994966,0.0687105439533778,41.71354450572066,0.057620928539636726
3501,44.10718904369582,0.07778417561113435,41.189064994510986,0.12416351782204028,41.06785516750496,0.08615799428403768,40.077778662067054,0.08721930629998406,40.76367541664928,0.0764741712172045,43.17178156627832,0.07811382170827738,41.369964990298186,0.089089114693339
3502,46.8741954961249,0.0070525106209636396,44.85093787258394,0.044393536176590885,44.48847038299146,0.014998399782499859,43.14518740267473,0.02399423886633357,44.00893666441466,-0.0014396408988498893,45.0403923136015,0.006780699440411868,44.70317974464663,0.02097987618137831
3503,47.21799736234694,-0.05799894626358321,45.53662719458991,-0.04552576370196793,45.8092377589103,-0.05402402774617077,43.15362449550452,-0.03593103115153609,44.5860344733802,-0.07582941499439093,45.13256057802393,-0.06408834918467202,45.56160762809757,-0.040312837766460975
3504,48.78599112522621,0.0011866408010040505,47.36253842334884,0.010849087172414458,46.39577668509246,0.0073208897536432595,44.49860276224556,0.019250991493453794,45.01328027671708,-0.006919729452288626,46.08704569561566,0.004372011330804903,47.15039132505568,0.018587301859299535
3505,48.94939918828904,-0.024827535367641346,49.09179698180193,-0.026372747504086663,48.863498043441815,-0.013714815957072461,46.31847826877412,-0.011778772703467095,45.206915272853266,-0.025571602500384295,46.55226681054807,-0.025580722807287577,48.620364490156085,0.010097863911997414
3506,41.983512340310824,-0.02013762501052757,42.89282409022448,-0.03390689815590765,42.15214289578489,-0.01080566725416541,39.2221255390078,-0.009282608035660412,39.09041696470012,-0.029846911161726435,40.14593784256909,-0.027479191683140412,41.48479358321434,0.0075978177908542065
3507,46.16367469319221,0.07541821100451854,47.88891428637376,0.07388687465185703,47.28706832666803,0.07950600901650731,44.039046211283676,0.09116077000097403,44.246802856047296,0.06621525902106869,44.811813663189454,0.07051814271899656,46.03483092823066,0.1241965515985442
3508,42.88286716184051,-0.009803289407844052,46.45161443787452,-0.01887453252568306,45.51922321631501,-0.010749797229234779,40.99853385882852,-0.002331302615498649,43.473279410514834,-0.015925295399076778,42.95390427141577,-0.004295447682917843,43.585740429059555,0.020146828873626052
3509,42.55767291699445,-0.03826530688058177,45.7209689952048,-0.040595319372635205,44.58574667526324,-0.03331640853745426,39.56513057213753,-0.029987348884884885,43.426355120696584,-0.03125369894993117,42.40519682088131,-0.024485910647232864,43.41466153390428,-0.009570971996692884
3510,37.73508845489688,-0.015637315014934157,40.872804576755826,-0.014874741780940597,39.93908892917699,-0.010946790994331067,35.80483151117142,-0.0027345287258600474,39.64070299847245,-0.012167347582219365,37.4701752288254,-0.004629834048389202,38.207883622202495,0.009188775518118
3511,39.011526777169486,-0.023160612681724955,42.36660740471721,-0.01813692783032693,42.44326257553473,-0.014075019633437954,38.920789120743706,-0.014905555022826165,42.32149539787643,-0.026242642963097352,40.56083520010833,-0.005409683803208311,39.961074564112344,-0.005890944312291298
3512,39.88403359373735,-0.025283487273937005,43.7029718815384,-0.03170098388596841,44.2255495018948,-0.013831789217962097,41.1384840556532,-0.013807723788976925,43.41340745167231,-0.02304888896570299,41.56931169605288,-0.018217347423867648,41.09297271098299,-0.017390240300849843
3513,35.7860680200915,-0.03357952978607612,40.39054231684955,-0.038878258173232275,39.09304089246022,-0.029562013369934827,38.34053618769247,-0.02977836259782224,40.258220347068715,-0.030767152499074055,37.526439382174004,-0.015915907680329487,37.26145221466623,-0.030547417221973922
3514,33.1026027606787,0.002131086965004082,38.38542081953821,-0.018940316513158084,37.23175890363481,0.0025997896176646875,36.43801530173714,-0.007912598680570402,37.352091069007756,-0.00930124072903525,34.748035210445906,0.010751079310512023,34.469988172084165,-0.007554628662763612
3515,33.15620475556868,0.027283677568987925,38.93101108462878,0.019842182553989847,37.78501120388934,0.0195841977275604,36.66049194167959,0.00726807165809891,38.494745238566,0.010008291237093535,35.30925928997431,0.03468504592916707,35.31500307909,0.02801158245923073
3516,31.722581693306005,0.08524571829886926,37.21782726009715,0.09232290343732096,36.562711470037755,0.08887700888847935,35.31513713902201,0.06373428754753481,37.667926868030925,0.0664391798884241,33.857127451312856,0.09806266524492095,34.089962621905386,0.09226880103325126
3517,33.606358942019085,0.023233415289895594,38.985568489644514,0.022303255375098474,37.223574750411174,0.019842255000260493,35.91210585278478,0.012248573510825606,38.4653943576389,0.007400329842391012,34.944549071703406,0.03520611671670916,35.11769090178101,0.04022606635838228
3518,35.62206587125079,0.06368899488462121,41.38498607543046,0.06895229572996281,39.84613530282472,0.05131746482894543,37.114539201632425,0.04162026352270605,41.616144980905375,0.04021021791416739,37.07948437412796,0.07069946855040884,36.08266667908186,0.06648703485864736
3519,37.98474013618697,0.05058331191191705,41.79497974073924,0.06141704697784618,41.60851398860395,0.043944826048413904,39.62420669623511,0.03239926762470725,43.54206077961137,0.02880678279705738,39.032745582364726,0.04632586393899394,39.40577352450176,0.05874648564060609
3520,45.33564765735008,-0.03178157390007405,49.56851363575942,-0.008719293975688727,48.37991237647245,-0.015690829697525843,47.37926391733876,-0.03594425861553055,50.48668526587001,-0.03826900249306937,47.11041093629987,-0.023413328344435016,46.093515060061215,-0.019023002412817912
3521,43.639196487882316,-0.05945698124012365,48.02498395592701,-0.035407847297511966,45.955762379155665,-0.04670503654128134,44.38266266385615,-0.05264107214514923,49.17581665421351,-0.06375173673916797,45.8103223797147,-0.049872460965131274,44.23037029901952,-0.044076927827039876
3522,43.568194026873535,0.01076670795839514,47.62354995718185,0.018497252001993196,45.31116109323729,0.015404261346742758,42.97805774744194,-0.003570725171642076,48.129178820230806,-0.004524795287407355,45.294586945577166,-0.0034146397768568017,43.70627895929313,-8.703406212202426e-5
3523,43.3648212297875,0.014134213591610144,47.64321091662512,0.024374100970773863,45.93481216970851,0.01983269462161423,43.04666836542144,0.00047209387067131264,48.30759432582837,0.0063212901967787775,44.69260667761924,-0.009929123124302316,43.48418384999228,0.02036756229742895
3524,44.40267405649383,-0.006400378073928832,48.77220565333609,-0.01358188310596966,47.96625225211485,-0.0104810818575411,43.91745346250437,-0.028323019289787046,49.6778200245476,-0.010668564187649268,45.30341838290923,-0.04130130479590196,44.860466577738414,-0.014412186319512413
3525,45.642753541893725,-0.007123461268529604,48.45295099484285,-0.015863516700080266,49.593812828639415,-0.019764736970046916,44.780508493631245,-0.04210276878504354,48.68662128528391,-0.009797820161401348,45.811222331294616,-0.040253540247772,46.15338359479334,-0.022872937035908102
3526,46.678913242323745,-0.02555629164055627,48.35583753892492,-0.052005327695642825,49.38245405362406,-0.05457489074393611,45.508129793338085,-0.06500949161944927,48.89631114664031,-0.03399845561545123,47.21811367556366,-0.06270942865533033,47.17513507894629,-0.057040594744735926
3527,49.38289859773468,-0.05942644849826058,50.43623224721618,-0.07967740939244232,51.66939014010589,-0.08875044497011467,48.3635285212615,-0.08049485906202701,51.35375138121411,-0.056979497668351725,50.36762408118208,-0.08522211463939496,49.214684542440075,-0.07958868722680179
3528,47.72368554391544,-0.023705116245039362,49.12246294364991,-0.05252391849390306,51.29672265731664,-0.04928379811995478,46.915001425757794,-0.03809301248978514,49.50936639565742,-0.020032293434686474,49.40192528158141,-0.047644560152270504,49.282598335627306,-0.031098828692208615
3529,45.044405456597204,-0.04013468540505302,46.46332220795193,-0.06961941527811737,48.86573937522627,-0.05712766976104012,43.87611277031388,-0.05037126339494882,46.92441856048073,-0.03182396808744133,46.375167059206454,-0.07298794492675978,47.052293417545805,-0.05698639482182008
3530,41.41926678230909,-0.0961120942206602,42.33256238577141,-0.11872704438204074,44.79350459869779,-0.09668534059046377,40.25615080571845,-0.09149204554932124,43.47413365221517,-0.07530233810252604,42.697481766595004,-0.10954353069107392,44.440556080534115,-0.0830070373012092
3531,39.407105059104865,-0.07744868776026496,39.863129919828026,-0.09870363476942906,42.63369418488516,-0.08343375203059131,38.397572094310306,-0.08979832318502476,41.68367975364579,-0.07030059694640504,41.05923481235942,-0.09166131508754496,42.931757551682956,-0.08072214125868359
3532,33.60934757473456,-0.09340783739193981,34.122984471660374,-0.0910826726970387,36.03570032613981,-0.08771332128007461,31.8330126600274,-0.08739136354981188,36.09926117291651,-0.07544639280758954,35.09391191581648,-0.0943598842771383,37.24791679879488,-0.08728460239759873
3533,35.18461726521097,-0.08496128853061183,35.602324631059126,-0.07061528047781841,37.38963328165213,-0.08528392618314837,33.424275689706135,-0.07621493545246019,37.3038616297374,-0.05579631434436298,36.436593962376136,-0.07498290104823375,38.09567866744488,-0.06945023037809923
3534,31.217833433138352,-0.005439965059190239,33.537850099667764,-0.004187749781055879,34.25338661893004,-0.0008203048692496267,30.073419222161057,-0.005863479032365562,33.11530368773981,0.007893515522058444,33.292707202597555,-0.0024167438801240403,34.24305562456147,0.013822861285563395
3535,30.190291306481498,0.02373647082020938,31.573050182953057,0.040030471201508995,31.41614292779861,0.05513397359252507,28.998602775869028,0.0323443677991385,31.684687184230953,0.051213550287793626,31.298263728616377,0.038910048067936506,31.82305858225105,0.05233550752831559
3536,28.65420371846892,-0.004241311388719618,29.925541535414695,-0.0036745372115213407,29.47294146412797,0.021870945156944516,27.707978005316278,-0.003922981338622263,30.130514757588713,0.023027458332995816,29.863623516186678,-0.007123999819979221,29.93563896710928,0.020424630841354385
3537,31.444573195143626,-0.012259597785619967,31.99563305118151,-0.004332633820420998,33.47725793996025,0.008072683922012961,31.627517030965237,-0.016985003859761833,32.82226393376975,0.01756018086616255,32.58769425018468,-0.02025404907271322,33.197701326171114,0.0018350687091947258
3538,27.222770193179233,-0.08338982735488676,25.99594876927675,-0.0585637732056976,28.78672708309982,-0.05676362473263548,26.726822909952435,-0.08407572695805277,27.87839807622976,-0.056190627067366584,27.73653947534184,-0.07731171468050783,27.93948924126807,-0.07595072513168964
3539,23.299692429151698,-0.12757011332944443,24.269230253412097,-0.10061576409005611,26.15093877400154,-0.07747254215493414,23.799041471571943,-0.11843161339729165,24.064720693810507,-0.09283510715779235,23.671883600829638,-0.10414262986953067,24.00165296168868,-0.10114550102197123
3540,25.251298070563056,-0.06109283667933651,26.44536791426807,-0.03289183727666139,27.685825694557288,-0.027599247587433314,24.619407255094718,-0.06478474603908123,25.251192125000216,-0.02024373933036755,25.420865353378623,-0.02557754414389195,24.832485597088244,-0.030288306063340858
3541,28.533214825091804,-0.05952554027043233,28.923029336994645,-0.020429880458547885,31.010223142943172,-0.010614349293491669,27.085660184223915,-0.03429706011333899,28.053491018756958,-0.011098542229016285,28.057836872023163,-0.014907516128423785,27.80522314286188,-0.028542621496374647
3542,28.97936770216551,-0.06084286503705373,28.31962877450207,-0.01610668567858884,30.301439222267646,-0.013594885329573555,27.744877633820725,-0.036800646620351124,27.98966975487355,-0.016005448817354447,27.5429907110177,-0.0063065232088770455,28.796707962874322,-0.025448595648593957
3543,27.840532017748654,-0.06634325946536176,27.090420400441005,-0.03252602550276204,28.594336573335447,-0.030078637000743296,27.100875376482474,-0.035567646631075825,27.259733722169436,-0.023011014497584914,25.59744365821053,-0.008709829002887751,29.431271912352525,-0.026910878191806424
3544,33.73698527969292,-0.04683141931697619,34.21803735497603,-0.0028139645775361304,34.67177328359628,-0.009181446506794002,34.964010987714374,-8.298617039160898e-5,33.71019900781001,-0.0018303864467738417,32.79217499205468,0.0037718168026318923,35.69084372969714,0.00033334606037278705
3545,36.50739061728671,-0.024480422738164247,36.41212004156008,0.01261972059779512,37.871648797813315,0.004111626811873775,37.131935461769075,0.006883702493720092,36.882415773702874,0.01829896052183851,34.74675205908797,0.02196380621857085,38.28021723162281,0.022843179342798746
3546,36.30442463510857,-0.08804616002826424,36.12979820308433,-0.03132799008818121,38.17822787635238,-0.06389116028313083,37.35066818883937,-0.05374879635029189,37.54859327817521,-0.02965379080753178,35.021710860490884,-0.03625995773318919,37.896969285679695,-0.02392744324585519
3547,38.90511606374187,-0.09463551234280407,38.70301024845824,-0.05918107906461652,40.847135201989,-0.06865043965913797,40.242387088704355,-0.0484438693576498,40.37212047739996,-0.04549292360851575,37.98155012704706,-0.0575935596391608,40.61955681798715,-0.02790550613363696
3548,37.296006180469774,-0.05871639380824631,37.321033610432366,-0.03658323744403444,39.471728843245344,-0.043416040943158214,38.41906774488411,-0.019553063806935594,39.05679210285898,-0.019117806221676296,36.1632812532824,-0.04369367694973281,39.44568435074945,-0.005757507332011132
3549,35.304395418512094,-0.02869822003153179,35.92212213731011,-0.006542371102175167,36.75194184232109,-0.03254828367816266,37.099892523250304,-0.0038275777481672525,37.092193635305975,0.0019808608169321028,34.66016911966558,-0.029308771864781123,37.18896200096959,0.00766338851433861
3550,33.334023239047056,-0.05059154371156433,34.832644174956854,-0.025495076261108487,35.09496629204425,-0.06512863022788518,36.42487601482527,-0.03219001134727901,35.85410405833417,-0.023591039654705874,31.764258352474428,-0.05433872375122625,35.59343723428704,-0.017683055627414786
3551,37.40060754124275,-0.14249761778979456,39.431034579974835,-0.11243420202121311,40.08462976718632,-0.15199555413833782,40.445185099387004,-0.14216103635334568,41.765278953323815,-0.11280564111537854,37.17922454582067,-0.1557867304900815,40.33343548262077,-0.11362423419842459
3552,38.63104254165274,-0.14403542380603784,40.48408563137823,-0.09785217649901162,41.36664953466177,-0.12964154049651125,41.41429554195206,-0.14432173115306687,43.689957974889566,-0.10872064434924526,37.69578634075006,-0.15213540985340607,42.42476225419924,-0.10260395865902427
3553,36.09702503748881,-0.16834794963316077,37.88401024263733,-0.13088622417802767,38.790024502817964,-0.14486861186469127,39.1049453878338,-0.1786602344046137,41.41577892869205,-0.1474620667247603,36.87181250816788,-0.18046218642119394,40.06714521901728,-0.12819459350216955
3554,35.70801147775158,-0.02576422841570647,36.97957979148043,-0.008273027579335944,38.48078221728219,-0.02642173315941352,37.816443032700384,-0.05625987312722367,40.82187413489399,-0.02133120140874838,36.267806863405475,-0.053426524382903746,38.82648033461538,-0.006082484893774422
3555,34.52449185102692,-0.026833045687556168,35.79181207742307,0.0025878523882934346,37.99794375761009,-0.007006816507136144,37.01839738285181,-0.03969918144169664,40.59489300925168,-0.021877573633711702,35.340482099410266,-0.0430648833786229,38.508619388951004,0.010217276712428966
3556,40.055665100109934,0.05744718120293583,41.57212873980822,0.07360155463058443,43.294532044584216,0.06931976178877959,42.383923173468816,0.025051456038272378,45.535943508910435,0.041492490341142316,40.88912524772059,0.031073691861726746,44.84235433608548,0.0838551827287702
3557,39.103764988933975,-0.016579541875285344,41.74787261833663,-0.007333059608644926,42.96234047874133,0.005623321962494873,42.2380437092092,-0.0481157230660209,45.450821816422994,-0.024034736550113955,41.72645008481915,-0.0390949373378231,44.910887554158414,0.018131590878533464
3558,41.34490558304174,-0.008958209350727019,44.786440108381164,-0.006014680084785486,44.09291919645908,0.006253724572751048,43.55225789456629,-0.0407239125145091,48.04338922146385,-0.015010006985196889,44.07090150470638,-0.02874220196269874,45.44480395285139,0.043047607880580346
3559,47.24319884999631,0.017754804291111835,50.448861072374854,0.01576306872725723,49.22276694117776,0.007055722556845022,49.34735817372122,-0.03441012483411378,52.61575601379268,-0.011171122063563268,49.32542855323185,-0.01440417067962154,50.82709327706459,0.039752708028212264
3560,45.49929840207816,0.05570899307708102,49.56437692139189,0.04390421713673921,46.709429200167406,0.0341405724454678,47.37114057665015,0.0005642580590925761,50.38155070324603,0.013840281440039862,47.684130751475244,0.017079483873893096,49.47903148494237,0.06756662856496584
3561,50.78385635806292,0.1572517401074853,54.65058307977725,0.15022728314017558,53.61485479001875,0.14414473578121303,54.057707951744476,0.11051965931558623,55.28862713684823,0.09777688787591063,53.55446784242904,0.12114722543930918,54.87180977499081,0.1600996794285928
3562,49.85939064181457,0.14183535781188028,53.73348269144526,0.14412393272878174,51.889018111058476,0.13733802276658444,51.45604615114726,0.09680827336347383,53.99414118572452,0.09087025476838614,52.44247888055112,0.11212013259478115,53.91500424096308,0.13623386570834342
3563,48.79527208689006,0.18631760488594828,52.79870039475499,0.1936213433421036,50.31247662331953,0.18642961924113738,49.967985430360386,0.14735399752177653,53.1699671039754,0.13536306655070432,51.48990060829622,0.1708386319566243,52.361480575457605,0.17863234741158981
3564,46.72764734510706,0.2854278450434744,50.24106845911292,0.2876026170121154,49.13700413417126,0.2806442134204344,47.108159375099305,0.24325656411858312,50.72734820325636,0.23150953325160376,49.08245146715729,0.28032454280596086,49.385801512217704,0.28888516308034107
3565,44.40472652838156,0.27131625244996455,47.641014153622656,0.26150278442205127,45.791835436040486,0.25972124564024196,45.03133885809171,0.2311023134486771,47.86845041040511,0.20993736313068437,46.33798701432211,0.2563179508868034,46.608602533443914,0.26132565300505833
3566,44.151650332829064,0.298417007049767,46.84292675323643,0.28455542154015934,46.011747638708364,0.282151472918231,44.93083483462161,0.2549553828934078,47.24341247344458,0.24273933432380673,44.53991657361888,0.2713460763315721,46.36832388336451,0.26625617941112983
3567,43.88042109187449,0.2944596989070789,44.23998091155133,0.27686984544324794,45.17324705335064,0.2727792376680885,43.017720219777814,0.24828227609761072,45.68118818126496,0.2321059525932799,43.49395449805614,0.2837057509136289,44.625243678304685,0.28220056189405346
3568,44.58611924833519,0.26065594298769035,46.75153089151205,0.2370277561161491,46.30577849772361,0.24942217818195872,44.4380006237066,0.21668994148660944,46.806476614383584,0.20196420622644173,45.104732402651486,0.26055933388586744,45.773733914798676,0.24691721424902202
3569,41.79823468318113,0.24445645481074743,45.22056666770277,0.22270162182308922,43.399734745747345,0.23083828376599408,42.11960416507971,0.19595286545461935,44.793836217232645,0.17652977127915653,43.05697890723984,0.23173906110317094,43.53620082853645,0.21792855937781627
3570,40.946950813247476,0.24325880820817655,43.25513554056424,0.22935878472189938,41.889781681361605,0.23340473818766538,41.38242068809965,0.20227728606599532,44.1952015828884,0.1933405177202231,41.55154627683245,0.24044612650443195,43.22782722360834,0.23076922063616032
3571,37.56027223717585,0.24648727042244387,40.75107734246753,0.23925482798161643,39.123043958859384,0.2345031692351217,37.85776688516897,0.2054437490695685,40.724209271190176,0.1926724434407698,38.6405015567557,0.2539996791885313,39.60466500982646,0.2351533490299492
3572,34.302866095363726,0.32169268162687925,37.91202615068397,0.31987198208253426,34.67871920688927,0.3220779890833687,33.51313572390826,0.2817596357993231,36.844803404946845,0.26819498161910227,33.298838016696244,0.35211761224761295,35.15594789997604,0.3236303331182132
3573,38.69760934366702,0.2980313942071887,42.08701666885866,0.30976564361733117,39.428828210270595,0.29904079712848713,37.92912123866667,0.25345104200517743,41.13327068723449,0.25069319602077056,37.35249311483442,0.3302074458680756,40.14963538923208,0.2936902903304173
3574,40.01038063992492,0.2766991140712097,43.372206348604706,0.27907166608178435,40.66728731342293,0.2712407532580052,39.854557470853685,0.22518571045685565,42.51015324923121,0.2227089626964508,39.03135314280518,0.3019651720467492,41.50403951525533,0.26395558924070506
3575,50.36887129159015,0.22046643341259478,53.06641911946632,0.2126947242838483,50.075511020294556,0.20966688526105381,49.41277888795788,0.15600533021831525,51.71287378326316,0.1573353269976019,49.134824436954716,0.23530024343103356,52.308545643628136,0.21478351156878564
3576,50.67075894010148,0.20671127102142817,52.878197127036785,0.19373333646550056,51.141093461705715,0.19379949843787242,50.69639441799278,0.14922932677584566,52.566816641215695,0.13979108053569728,49.67700119313638,0.2214954994895886,52.80707357017647,0.19086461081296247
3577,53.87172934988908,0.1858051098315762,55.007067649459856,0.17747571222268715,53.07437893528579,0.17541513789906676,53.67603786929874,0.13756321362302068,54.455996041588534,0.12684158766285047,52.64710576968906,0.21201332686348545,54.72584041685394,0.17639198272352075
3578,52.309215691250714,0.2094444098309695,53.24627083284667,0.21056371039343524,51.48360424058164,0.21533799375618567,52.790232525020926,0.1624955820759345,53.449885682469244,0.15279415848627148,51.06484699216853,0.2376375329303069,53.75728896756996,0.20707869264660508
3579,55.48040897212275,0.24317135696127026,54.803079919292216,0.22792844095417067,54.89492624824404,0.24455835262366,55.606098934071824,0.19120660023157798,56.387156273709195,0.17210061771548732,53.93166411260711,0.26822946860253516,56.158662149812855,0.22301591605902032
3580,52.123624794687856,0.24517741702943974,51.10952003709283,0.20288827719107988,51.81926425828352,0.2369393048488463,52.26265927547211,0.18583865558786816,52.75075782929388,0.1577994251548721,51.272054634903554,0.2602762031249708,53.626612062987995,0.21145628364264535
3581,53.20004082851952,0.19676553327652427,52.81266830248637,0.16250074329106642,52.47962995913249,0.18874666695527503,53.129729380979356,0.1501643261210281,53.40288510489029,0.1189450219076008,51.936997011757136,0.2199230386713218,54.40765544773987,0.16594964149487526
3582,47.75785785424802,0.20302467693820248,47.26623999168677,0.1697917793477656,46.9051012036261,0.19317704362121838,47.139242250895485,0.16479058149301443,47.17723291762976,0.1369172922009801,45.13401297545546,0.23500638750791952,48.547602515822064,0.17457261345702862
3583,47.80959724069489,0.19840512548313752,47.32860177923824,0.17512740955713435,45.98533078822487,0.1995237290353893,46.98129403751793,0.16788107736673988,46.84130175305124,0.1279682747553883,45.23186188210222,0.22406783698717397,47.775328572167616,0.1761559891971872
3584,47.6994200710124,0.2259375056795342,45.48095652625658,0.20661613968045858,45.70946811901663,0.21813420700472105,45.115452886676266,0.191017077927902,46.778801543675655,0.1461647243346193,44.03071231955842,0.24415528395143693,47.4110953837425,0.20762387239472002
3585,47.732759217725445,0.16694421321077876,45.08626207872886,0.15022022496946946,45.29174669493016,0.15923242598995374,44.848566396943866,0.12786567012365452,46.2781749019327,0.08771703661640981,44.080026953451735,0.17041129552757137,47.88663280064686,0.14529553534038955
3586,41.09881635055661,0.17378944652309913,38.4692443015842,0.17991207427535041,38.810656221361725,0.18932881708925567,38.55864192021031,0.16223844217671046,39.70865795627867,0.11486675560876033,37.860712199113706,0.21662055410664044,42.16877664816134,0.17054661529202889
3587,43.9746402464427,0.21098378037814308,40.27298671676295,0.20855146003603475,40.94397701845506,0.21301085842975206,41.312598935075464,0.19546825515119925,42.522693946408594,0.14768036258889544,40.28361675870151,0.25203707690189664,44.28096684970129,0.20492045323419153
3588,42.175594455011435,0.16520469423598244,38.573820970208345,0.16204874299763125,38.53634863180381,0.1638077104115922,39.32425044637762,0.13172470547955706,40.901799322363715,0.09969494801418304,37.67821053768793,0.19225019688851608,41.68086345153444,0.15403477538945898
3589,41.47661423321422,0.19728184281668365,38.001455275244,0.18592296523564525,37.09283576532992,0.18956114359130416,39.35376083772885,0.1598619601422038,40.84328287278544,0.12221662466281337,37.26219990718119,0.20997892752112554,41.03003683608062,0.17624996707897791
3590,41.14011687017361,0.14497812685721106,38.593132539048256,0.12509352886590608,37.793586404782324,0.12607762306986928,40.80959524078895,0.09898814493872726,42.23748505920024,0.07557396479398906,38.56402907411227,0.1520810117270262,40.339655233470154,0.1255989458017868
3591,41.39539411291244,0.15534402066217343,39.42573847019644,0.14578898659928702,38.33191633882355,0.1463912042617176,41.012852009544474,0.11725458646693458,42.68172422202629,0.10763418214966311,38.840901567993264,0.15641439085446554,39.77735997080498,0.1417159787201603
3592,48.06912981027142,0.1714722110037186,47.56581592102938,0.15952108672647458,45.01235811555452,0.15654944532499887,47.80697051365116,0.13276903011074137,49.11109577881313,0.12215770912364934,46.03355543001918,0.15136823215938944,47.706579653013826,0.14012942596049227
3593,49.46405214515874,0.11838112164393594,48.226361683986326,0.09398554703916315,45.0660169218643,0.11609322715829655,48.46824955075696,0.06812176247372634,48.803231864548934,0.06562830702931166,47.7067550611202,0.1123577975087175,47.4792789045205,0.0833184724751573
3594,48.78995412198649,0.07287056357247007,48.34989916447504,0.046823953911107004,43.48879367884639,0.07766625837178134,48.093988508016885,0.02284384355630911,48.590753607365585,0.031149213937895156,46.40882247464633,0.06551225245987592,47.73876953785418,0.04361410181680246
3595,49.37347496021413,0.09338998513522684,49.51754595546219,0.04675355007969296,45.20409709786452,0.08752031560254579,49.28030278048091,0.0246385071025262,48.35773283497808,0.04089731078357926,47.86808262395479,0.0851098892503838,48.30012340456157,0.04206517309921333
3596,50.54371577779949,0.04315359856189098,50.93980282848609,-0.007276150744545719,48.71080196126478,0.02874567588588354,51.09781782289616,-0.020928195137573304,50.08369281270809,0.0006757668300858121,48.78949397581078,0.030540341729548823,50.10709759980617,-0.009341533033643941
3597,44.9161181172063,0.07786015039873276,45.311760857110585,0.03737145990351875,43.22660643577619,0.056013622275526434,44.95771886604985,0.008807645002816875,44.80485219345476,0.03609130454927588,42.937971157282576,0.061091840952696416,43.992003101621904,0.013783108372537184
3598,45.40058180316575,0.12809154884646,45.60190346968626,0.06779733672268941,43.6972941959013,0.07143013595317241,46.26564697765393,0.034069038317582304,45.08181111828446,0.0679244919553068,43.822312597251326,0.08553642102868665,44.32721813590297,0.04896036542134427
3599,36.680760997714906,0.09900816601012255,37.904456753447406,0.02707025964168565,36.12759490914915,0.02490692535511576,37.29714766442693,-0.00013647213564219052,36.83521952453482,0.024488223291334738,35.35266974811903,0.04880025678284971,37.666966685395444,0.0124547721983762
