V33_complex,V64_complex,V57_complex,V55_complex,V53_complex,V61_complex,S64_complex,S57_complex,S55_complex,S53_complex,S61_complex,V66_complex
(1.0176659402220218+0j),(1.0463767018688732+0.006520574336113976j),(1.0769962967709072-0.0019499222223518056j),(1.0502088257810551+0.001590644259267133j),(1.0487646159513642+0.003632085151212674j),(1.0658019464829789+0.004012155330040522j),(-0.04334208986123986-0.0014083553242099285j),(-0.04368324914124909-0.037220746155528686j),(-0.04216235444761934-0.02757099480598147j),(-0.04298022996353837-1.44880168472958e-05j),(-0.043399287033000986-3.55027860354701e-05j),(0.9992988724163944-0.037440133377470854j)
(1.0066288521663858+0j),(1.0366514687349464+0.008229610164553827j),(1.0607967611335454+0.022094995327846107j),(1.0357412795052825+0.015357312783497716j),(1.0359437976644486+0.014117342362984129j),(1.0531620396851868+0.018722742375796072j),(-0.04604664294349553-0.015884008570023624j),(-0.04636712043266513-0.003071422222521669j),(-0.04458654490526402+0.012416529203103911j),(-0.04555975795269929-2.69143483858032e-05j),(-0.04750741627111444-4.26118689482521e-05j),(0.9990977730197111-0.04246928239391095j)
(0.998244128297463+0j),(1.0240762017391547+0.021566517724027956j),(1.05496230923066+0.019452899209167134j),(1.0259219156091381+0.019990071127788098j),(1.0269789376994731+0.017111726903564703j),(1.0451068922456783+0.021108846363602735j),(-0.048034062028727086+0.02653357405671822j),(-0.046625530979004175-0.021970295887962593j),(-0.045120806491870176+0.032103727704411056j),(-0.0460783348134786+2.09684157197157e-05j),(-0.049371406043012156+1.3196268828266999e-06j),(0.9989852792349434-0.04503789373274523j)
(1.000858320634033+0j),(1.0300930235148646+0.0037317914065047855j),(1.039115744159801+0.04644319063806525j),(1.024940361808416+0.02051022920699972j),(1.0255115823671421+0.019000627039046262j),(1.038931468999839+0.029650651277716437j),(-0.04378428374600135-0.044430292963753525j),(-0.042027988962204804+0.04843465248241278j),(-0.03973647237368741+0.016780340318659947j),(-0.04249629265939585+7.2717223647349e-05j),(-0.0444712964310241+6.36029706767751e-05j),(0.9991949370559284-0.04011829709495681j)
(1.0199877238451693+0j),(1.051026580312302-0.0012565811816313312j),(1.0733945289970483+0.007564938361205007j),(1.0516304495310858+0.000865564949249188j),(1.049944457899746+0.0037428924560362975j),(1.065953824412204+0.006726762578814571j),(-0.04320945608198883-0.03227429741107322j),(-0.041064382703270556-0.010222724778846391j),(-0.03910327870910154-0.036870130090152414j),(-0.0414793922451843+0.0001136429796027212j),(-0.043702566985246195+0.000107823839554925j),(0.9993611807539237-0.035738360372624296j)
(0.9915844369658579+0j),(1.0144210460905907+0.022536412406708155j),(1.0341965102234436+0.04279971555558217j),(1.0156991684793495+0.02335798900481213j),(1.0165502600004566+0.02100702408477679j),(1.0305050094976123+0.03181231993670765j),(-0.044521014002253584+0.01738600486526579j),(-0.04415069847072033+0.025429206729784947j),(-0.04193788343624191+0.02589641996048097j),(-0.04318126610139805+8.84663065627025e-05j),(-0.04538593246778003+6.93190135428012e-05j),(0.9990606162247428-0.04333457174862897j)
(1.027807044933204+0j),(1.0633582492008997-0.008017687780768338j),(1.0908538262020417-0.005643350725322114j),(1.0627953181473628-0.002230058293749197j),(1.061029627056242+0.000697253279486269j),(1.08001743889354-0.0005361589173033323j),(-0.045547216523831646-0.048029168370118856j),(-0.04552008755234584-0.034421356910981214j),(-0.0421963598955372-0.038188138672561274j),(-0.04420130466315741+8.95799393429199e-05j),(-0.04699625332223731+7.95817987609039e-05j),(0.9993230948689288-0.036787933641153195j)
(0.9948352014632346+0j),(1.0215824870419636+0.006396055248298331j),(1.0317888060934481+0.04700591981898937j),(1.0150250164926198+0.026409577759096428j),(1.0167844771778687+0.02247340591617665j),(1.0307988621633049+0.03193801519880621j),(-0.040522537731020054-0.03659724046379029j),(-0.04154392288684989+0.04170541770664944j),(-0.03830249561939974+0.04532116893551764j),(-0.0396452803385449+0.00013754075048448599j),(-0.043866379238642034+0.0001249146024531302j),(0.9992134743830485-0.03965391041696722j)
(0.9975390620248745+0j),(1.016374021603743+0.024809700531090644j),(1.0369718084757704+0.03775372563128507j),(1.0240325843625315+0.010821539901295656j),(1.0226055676059085+0.012907977385130455j),(1.0342041251177476+0.026124801396264944j),(-0.03986297027390868+0.03479188707854385j),(-0.041089891977699355+0.029119150527625624j),(-0.037196851481973284-0.027142527674593922j),(-0.03819672320643867+8.46446093683668e-05j),(-0.042372117305181055+6.54194289621588e-05j),(0.9992648433711331-0.038337616024797974j)
(1.0144865737739657+0j),(1.0425087120937615-0.002739903962078707j),(1.0582585184444833+0.01935493422372457j),(1.0411720192644742+0.005142455684358602j),(1.0398896655885619+0.0068710048173500045j),(1.0537740850896995+0.01231593833531278j),(-0.037257102740630474-0.04214420983025235j),(-0.03863456615618692+0.013502888965855796j),(-0.035160410015216845-0.023421297072441703j),(-0.035257932336776834+2.27643318685576e-05j),(-0.039230838912376796-1.62432699031726e-05j),(0.9994672296917585-0.0326382715884535j)
(1.008824272981353+0j),(1.0396448002620124+0.0014023802524450566j),(1.0623236445417683+0.013234676626246885j),(1.0350369283343779+0.015849139793176877j),(1.0358535022134676+0.013146164880077667j),(1.0538142116107714+0.01389051591286972j),(-0.04392180460663188-0.03248725455586616j),(-0.042489316965854486-0.01664336094233629j),(-0.04189331896442104+0.02957612219216804j),(-0.0409120586697624+5.6851701670868e-06j),(-0.04501145463392325-5.1809389884703005e-05j),(0.9992372910576032-0.03904915056519086j)
(1.0104465893801977+0j),(1.0416891516305262+0.0015044691972208894j),(1.0647678139836243+0.011763473149843827j),(1.0375937141122207+0.013753425857338903j),(1.0380158898865768+0.011761204105281616j),(1.0558047982520893+0.012596146343841385j),(-0.04530616917345614-0.031053068773001184j),(-0.0433446222272843-0.01778370789733046j),(-0.04194258394044407+0.020880892007918452j),(-0.04073061987259277+3.17201846473551e-05j),(-0.04387312656485817-2.88566865086398e-05j),(0.999242503695981-0.038915534268302625j)
(1.0018980065295715+0j),(1.0291494610147367+0.010653243441920687j),(1.0541696115872285+0.016641536345807968j),(1.026589548013251+0.019432073525899513j),(1.0277509738087207+0.01581110897262586j),(1.0451226746454547+0.01766322537083942j),(-0.04401225964507088-0.005125394372081814j),(-0.04297273560303015-0.018452819858415667j),(-0.04260623377469423+0.03979716995492911j),(-0.040170845926616995+5.80060964391417e-05j),(-0.04380417107591046+1.9404985600272e-06j),(0.99918571726724-0.040347272635842396j)
(1.010338441591458+0j),(1.0351301045407615+0.020029637181249133j),(1.069462369334429+0.003374571690910389j),(1.0431595174092851+0.003724086609317541j),(1.0414376302075623+0.005775228874547625j),(1.0580718800668545+0.009003029088144413j),(-0.04640057973693243+0.03815392935573965j),(-0.04495188744728849-0.036386090395623884j),(-0.04436341524687269-0.028813217654532992j),(-0.04254634136551875+3.6988863171214605e-05j),(-0.04484001699218488-9.706833478177e-07j),(0.9991890185293811-0.0402654349323602j)
(1.0168564929855257+0j),(1.0484814181739033+0.002851882542906288j),(1.0791217048177817-0.005170301530557108j),(1.0478945756592675+0.006729355024432694j),(1.0474739072799517+0.0062577977541964395j),(1.0663797976615195+0.003624555419956605j),(-0.046612193821149187-0.015210040249119544j),(-0.045037626557013606-0.04850542009803962j),(-0.04413640741102969+0.002117996193152372j),(-0.04254423673697856+5.7581561072867796e-05j),(-0.04375495028765318+4.3062243338901806e-05j),(0.9992490806056459-0.03874628896773656j)
(0.9960741733293671+0j),(1.0207729361817612+0.01790765715417682j),(1.047234304639771+0.023761046414704747j),(1.0202947879605127+0.022809412934259653j),(1.021712709984287+0.018753309098619664j),(1.038175195491119+0.022663588441126228j),(-0.04407137021826192+0.01334691492191627j),(-0.04544376598307139-0.011941478496979826j),(-0.04405697236942+0.04486925688507695j),(-0.041987722264199716+4.41362399161155e-05j),(-0.04284304095540294+3.13183085376224e-05j),(0.999101693045031-0.042376962545144836j)
(0.9984644364316101+0j),(1.0249064387657938+0.012661038255026543j),(1.049336141887907+0.02299136471246074j),(1.0225231374755017+0.022650908324765604j),(1.0240714720673056+0.01844742989362394j),(1.0406283566724137+0.021490156280192067j),(-0.043435020172089014-0.0029943775804881483j),(-0.04483779276575967-0.010135146212147249j),(-0.04383772140550065+0.047047468922075675j),(-0.042296495437447706+8.69282842631924e-05j),(-0.04240364410554695+8.32808913120569e-05j),(0.999133684466324-0.041615869145653454j)
(1.0168061562569568+0j),(1.0462733383315082+0.006195544192526567j),(1.0765154305947229-0.00015996653279395305j),(1.049360131241634+0.00348450151813913j),(1.047885614497296+0.004849373054033113j),(1.0651590875090915+0.005242180180352169j),(-0.044528379292161295-0.004702610438954146j),(-0.04480709870842677-0.03563359300332879j),(-0.04504882662321318-0.021023090311674764j),(-0.04216670788544734+6.28998884964619e-05j),(-0.043054828130625784+5.3864403117782e-05j),(0.999263289481181-0.03837809655583924j)
(0.9920271790987941+0j),(1.0200050054551184+0.020550410775041373j),(1.0432280492156387+0.0422348867997617j),(1.0189144944699315+0.028571630350971742j),(1.0203220101610828+0.024298793334785403j),(1.0369279643734406+0.03303974420790471j),(-0.05072058214647477+0.006154597500586988j),(-0.050940524169385326+0.01612478699926445j),(-0.05150013004397211+0.046677849408319566j),(-0.048773568053888675+6.718751212520679e-05j),(-0.048706816955463084+5.90636861113434e-05j),(0.9987958126889376-0.049060417395744474j)
(1.0157269454654734+0j),(1.046921624375831+0.004823606619198376j),(1.0680361016582665+0.022876332028385096j),(1.0498566099725293+0.0037414413632757865j),(1.0474728737573429+0.007129445408037395j),(1.062248960752269+0.014961008192253501j),(-0.04704582376611874-0.02336839308324265j),(-0.046253754404489256+0.014149626919465788j),(-0.046370003891718685-0.045375810361753935j),(-0.04491097383773998+2.67584918305499e-05j),(-0.04444449945706488+3.34895204880292e-05j),(0.9991847201860857-0.04037195742905573j)
(1.022792332658099+0j),(1.0565360461239082+0.0018042367010529304j),(1.0882760661477269-0.003595366338899958j),(1.0593169297088063+0.0005489451377546318j),(1.0574202900304726+0.0029628382675166245j),(1.0761886254075366+0.0026127995686701087j),(-0.04843483701262089-0.018459006563179885j),(-0.04799627607423908-0.03975964115799161j),(-0.048500953127052895-0.0337007854705506j),(-0.047077760037578284+6.404065422094519e-05j),(-0.04716496379587491+8.856566256904729e-05j),(0.9991757277168853-0.0405939052252005j)
(1.0141587325400843+0j),(1.0444355579674398+0.007700040132679919j),(1.0767101734133842+0.0004211494015703519j),(1.0465130764688046+0.007885652893251001j),(1.0459887665348955+0.00777863951986755j),(1.064612048319025+0.0072465923933192535j),(-0.04596184898981143-0.002703561517425811j),(-0.04645722197790689-0.04146783028236485j),(-0.04631308618353848-0.0020524195559673123j),(-0.0459200460845033-1.55622436343906e-05j),(-0.046529459430945073+1.608994131694e-07j),(0.9991583794330785-0.041018688529307755j)
(0.9929253040665469+0j),(1.0156537369457534+0.024906427786122794j),(1.0446611027901367+0.02446230395660991j),(1.018069448005942+0.023626993378048446j),(1.0195464637043268+0.019722896124817934j),(1.0355573323868814+0.024375076315062673j),(-0.04560403379590738+0.03457040451581954j),(-0.04458520765949997-0.015220020318814904j),(-0.04583781562576747+0.04350536310774149j),(-0.04547093266369255-4.99028396823988e-05j),(-0.04433314452099762-4.09446831275816e-05j),(0.9990165513019769-0.04433881171958378j)
(1.0060433346644022+0j),(1.029357355949906+0.025084940417662384j),(1.0635715991508374+0.012412370950200162j),(1.0396546574797207+0.0066524766807657945j),(1.0380281191768896+0.008697667035829332j),(1.0535028034424647+0.014502008865570204j),(-0.046501728400956725+0.04831980428844423j),(-0.04577722495984014-0.02347306715743872j),(-0.04743191144042061-0.02837250025004161j),(-0.04713857570683115-0.00010761205609560131j),(-0.04594129522460949-0.0001084376066216761j),(0.9990776811537544-0.04293934117376535j)
(1.00703829626737+0j),(1.0365356199310807+0.012609510454987325j),(1.0687821820893069+0.0044530838003997795j),(1.0371159910272791+0.015499712927987276j),(1.0378069388607276+0.01290101386854341j),(1.0565756429928053+0.011906412908853237j),(-0.04857847310729553+0.007240271709055534j),(-0.04559294117251333-0.043462712566597644j),(-0.04869469176635523+0.027885135773262848j),(-0.0478208716091309-3.65699300692464e-05j),(-0.04664379110305306-5.18405819605579e-05j),(0.9990484245085614-0.04361473933157714j)
(0.9990935892230257+0j),(1.0303260343985656+0.015846282003746777j),(1.0507355541846441+0.0440894641431448j),(1.0304932816887569+0.022368264775033883j),(1.030639438011712+0.02088826786727171j),(1.0468017708877515+0.031635901206081195j),(-0.05305010294618262-0.009158230588772175j),(-0.0502211361314367+0.02953648971626648j),(-0.053056244841171635+0.014181629166371324j),(-0.05307330770452265-8.5046832672108e-05j),(-0.052652916128887436-9.334393389704119e-05j),(0.9987606492300015-0.04977113168962336j)
(1.0087829720418586+0j),(1.0404511145298587+0.014118062235638808j),(1.0737909618847485+0.009130123434475j),(1.0427947202416568+0.014013671234818744j),(1.0428411343973443+0.012780134668354242j),(1.0622640750880814+0.014082859723019217j),(-0.05243002081743565+0.008079721482202075j),(-0.04889642631114142-0.03510962561018925j),(-0.052488105674617556+0.01152673291905996j),(-0.05279636434605698-9.00299031335324e-05j),(-0.05192296966185918-9.872736703324771e-05j),(0.9988873921268193-0.047159069648181014j)
(1.005039160386227+0j),(1.0390993451727109+0.013706993950870602j),(1.0636794366642455+0.035771301903668305j),(1.040270840138336+0.01811831378602869j),(1.039814302738302+0.017741155038142015j),(1.057500526478447+0.02672745507005321j),(-0.05601353255777647-0.011520549504123522j),(-0.05305890859944009+0.016050930722221735j),(-0.05595005459660345+0.0006949365256589957j),(-0.056055909774461274-6.21776915064118e-05j),(-0.05480429745306747-7.257308870885481e-05j),(0.998692209807221-0.05112602146040463j)
(1.0156466981225547+0j),(1.0481598567277428+0.013030298401407061j),(1.0820629683239371+0.006079206182924253j),(1.0537207081710198+0.005253914860764879j),(1.0520578033037493+0.007285184756245773j),(1.070733700612875+0.010070895270732875j),(-0.053603249180986585+0.00921270994241121j),(-0.04985232579283648-0.03187271329465604j),(-0.05314319393495392-0.02879487547954584j),(-0.052966706500774334-6.0480401770219006e-05j),(-0.0516260343643884-6.90469510699273e-05j),(0.9989335966965611-0.046170005315920706j)
(1.004673690856965+0j),(1.0390221610364274+0.009580821479877167j),(1.0558371254236296+0.046758417087258204j),(1.0386501380778848+0.01855569539896779j),(1.037946868299592+0.01877915501141424j),(1.0533355975845005+0.03070547370292817j),(-0.05466082383775983-0.03052153879889176j),(-0.05133148921463226+0.04295398159819569j),(-0.05460017261195078-0.00628117096959209j),(-0.055275865074730264-3.31242080859635e-05j),(-0.05223016868156129-5.11949179586271e-05j),(0.9987664685765997-0.049654216810138124j)
(0.9863289839104057+0j),(1.0122960013160165+0.033090082847461934j),(1.0413436344691747+0.044449253537807376j),(1.0153849740514964+0.031092614447490806j),(1.0172037292546359+0.026861686992886734j),(1.0343098307821679+0.03704238063255897j),(-0.055728767957780076+0.041880477405980304j),(-0.052435222152349505+0.009121306109253893j),(-0.054211631736170066+0.04793952003738926j),(-0.056353751799279914-9.67210024373591e-05j),(-0.05402728286347497-0.0001176101421995082j),(0.9985306846915156-0.05418922152506968j)
(0.9992192137427759+0j),(1.0290908660026408+0.01963583850957053j),(1.0568581788370377+0.02967234284133939j),(1.030543309687497+0.021811491313894947j),(1.0312968356414531+0.01945953055208666j),(1.0486660705854831+0.025789880114474827j),(-0.05342982055062439+0.011388480273232773j),(-0.04997133814512074-0.0027251612447333285j),(-0.05266542567312501+0.025481387841542368j),(-0.05424417938539549-0.0001273045005796013j),(-0.05080674549695871-0.0001327155218212105j),(0.9987662702613218-0.04965820564910081j)
(1.001293337649709+0j),(1.032480588376419+0.020517983693202554j),(1.0667677108345224+0.01757193209556167j),(1.0339509684109072+0.02131791501324472j),(1.0350969348074877+0.018244006727476805j),(1.0550866294847459+0.020897198718573196j),(-0.055830425569445154+0.01989009392303466j),(-0.05201261171542599-0.030323626417345394j),(-0.05388840100309725+0.034446792871623055j),(-0.05576257242529766-9.42966649341658e-05j),(-0.05384062861739945-0.00010050826840973829j),(0.9986978715709165-0.05101530475966223j)
(1.023958897885415+0j),(1.0623594449470162+0.004072480514839875j),(1.0978381711753207-0.0025065172923178112j),(1.0652919670241168+0.0023009945452731615j),(1.0636222372182154+0.0047440416904096176j),(1.0848210660734967+0.004548265813438827j),(-0.05735372651505912-0.01677573265527087j),(-0.05324755467487902-0.04472607477587786j),(-0.05502798529302585-0.03327343622688819j),(-0.057186231532886954-9.93217317949332e-05j),(-0.0557742729341542-9.79350243238369e-05j),(0.9988769520933922-0.04737968527349004j)
(0.9940463397520583+0j),(1.0247715938549096+0.027438270471290976j),(1.0523560139560775+0.04550110810349709j),(1.0281329601829032+0.025582013222498267j),(1.0286912696606272+0.02372902993095737j),(1.04646308618513+0.035402433434730596j),(-0.05940682951245314+0.023355293851485055j),(-0.054973295049246036+0.018987663977513648j),(-0.05719502509218769+0.019629088337377944j),(-0.06002207851226039-0.00012754308284196108j),(-0.05853032176293542-0.000137418564376303j),(0.9984364072447194-0.05589938003463804j)
(1.0205392826524686+0j),(1.060283967556097+0.0018893211360147249j),(1.0850810838191252+0.02377402222568488j),(1.0616113708625037+0.005525679506340918j),(1.0594888550298975+0.00894564761789061j),(1.0781611090049585+0.016327718597662362j),(-0.05855939121997987-0.04070851726792813j),(-0.05415560815189803+0.01044130514177334j),(-0.055521424423419174-0.045227012415217614j),(-0.058346542692007654-0.0002442840360337329j),(-0.056659509014144446-0.0002300696277904473j),(0.9987955096260964-0.049066586907449576j)
(0.9893843919741477+0j),(1.0162495263900984+0.03354589268832813j),(1.0416587630232086+0.05351481575582809j),(1.022132046621301+0.025895886978132627j),(1.022430029107832+0.024735941057731744j),(1.0378827313180692+0.03963288042953116j),(-0.05786016847217386+0.03945904798790421j),(-0.05328904372591591+0.03331307099475342j),(-0.055105405501561976+0.011663167639224559j),(-0.05883967977678051-0.0001666676943348604j),(-0.05627925554212936-0.00017953564876797078j),(0.9984793286168231-0.05512740085382476j)
(1.0042779892614684+0j),(1.0369187262904833+0.028620732528490057j),(1.080851532682359+0.012776378814529475j),(1.0441545013960292+0.016798808390342302j),(1.0442115543453985+0.015850017686710623j),(1.066464182793903+0.01937683038358521j),(-0.06258080730025746+0.047543904487072665j),(-0.059543231243169965-0.04541026629905923j),(-0.06024184492292377+0.008661762642770184j),(-0.06326029172561305-0.0001578196704691302j),(-0.061964187714060814-0.00017354640935620668j),(0.9983873008108418-0.056769688916196326j)
(0.9971506438008457+0j),(1.0337308471016957+0.016810571961250992j),(1.055459370281029+0.05401058352360205j),(1.0316045653804313+0.02830113367600651j),(1.0324518505496714+0.02584359447572881j),(1.0512224343819643+0.03835929416529084j),(-0.06165144788247338-0.01836327998064381j),(-0.05948505642617333+0.03828293736312499j),(-0.05888525365707878+0.026873100283588545j),(-0.061487320891948256-0.00012899855566226751j),(-0.060652863102665586-0.0001573821865752422j),(0.9983561387940757-0.057315095151139556j)
(1.0121427527756595+0j),(1.0498682126881307+0.017780830519677816j),(1.0845022717472463+0.026825867918362785j),(1.0553756701782842+0.010932863959162655j),(1.0537238733605265+0.013253826637275761j),(1.0745039604603788+0.02203201963621369j),(-0.06383751964770172+0.005677717750805201j),(-0.06231102592858508-0.0030730582387143244j),(-0.06068236261598927-0.03181521744262264j),(-0.06341282203497046-0.0001520071925429006j),(-0.06258220176083476-0.0001723781094500612j),(0.9984197028012548-0.05619694883402515j)
(1.0041832176561725+0j),(1.0440306328799516+0.014344550347420036j),(1.0682737605837793+0.05061579119883183j),(1.0436749399052532+0.02221632395543358j),(1.0433429112982835+0.022034293903163343j),(1.0629811245822758+0.03495151613667624j),(-0.06525272217077177-0.02416803605915395j),(-0.06403336842964216+0.03716125527351678j),(-0.06165415437001361-0.0007865177807654717j),(-0.06496378984415094-0.0002113804272739981j),(-0.06316516193783665-0.0002067187918318836j),(0.9982631829923694-0.05891194685242672j)
(1.0010347066959229+0j),(1.0373242315583378+0.01677857608650563j),(1.0581802616002693+0.05365321235614833j),(1.037617610361183+0.02216994955317474j),(1.0372740378045788+0.022111944543770953j),(1.0547841581597777+0.036288134886134985j),(-0.061911929554040665-0.015847333734507685j),(-0.059100676357482736+0.0450311405349073j),(-0.05763898515132279-0.0020255322175720494j),(-0.06104303245971427-0.00025033832633613814j),(-0.059309151894239305-0.0002570595782195009j),(0.9984332077147369-0.05595649857220375j)
(1.020533447257149+0j),(1.0595492460958997+0.0009860999102859261j),(1.086038813639141+0.020136506876397512j),(1.0603984345178283+0.00581746900424654j),(1.0586498819262629+0.008681207610845043j),(1.0778828059353711+0.014651917715412577j),(-0.056003119302839854-0.04065848953687285j),(-0.05489426118020124+0.002478971153587964j),(-0.053153183141524646-0.037794661542984186j),(-0.056725692279841394-0.0002358656373994353j),(-0.05574419926718831-0.0002278468351188793j),(0.9988539751398704-0.04786163753236277j)
(0.9975191833304409+0j),(1.0284047389559257+0.023963189230096774j),(1.0534655586004973+0.04766941525869136j),(1.0321649044557488+0.021324711336829307j),(1.0319638717070265+0.02115140190960174j),(1.0487406496315193+0.03440024839467478j),(-0.057255194794460416+0.013604377963741456j),(-0.05565007363747923+0.03054825229858643j),(-0.05427741056566858-0.000122830556545658j),(-0.05815463375508109-0.0001959243426474672j),(-0.056859079792576775-0.0001901306356617391j),(0.9985557934716207-0.05372455047984913j)
(1.0135655118707454+0j),(1.048347627115442+0.005686008596115389j),(1.0762207951851577+0.014710523531035797j),(1.048209057914788+0.011405595681179303j),(1.0479313314994831+0.011481643893507348j),(1.0668206132437568+0.014405951913869085j),(-0.05234363031758348-0.02194612110560841j),(-0.049586144309072634-0.015512449668089118j),(-0.04965959367082236-0.00286617510352464j),(-0.05346714680467117-0.00021958904269018558j),(-0.05186308761749575-0.0002004039394453171j),(0.9989458517762331-0.045904087171580774j)
(1.0155460964466398+0j),(1.0484152341258512+0.0006550342318166432j),(1.074818341951578+0.004006704544844974j),(1.0465196428313952+0.009547195888451125j),(1.0467075347886519+0.0089646239076516j),(1.0646947246700862+0.008112217143788136j),(-0.0469480308744206-0.02904293626584497j),(-0.04344848888871581-0.030030259241885036j),(-0.04390258714614348+0.005883873835212917j),(-0.04838532820414918-0.0002590039671923341j),(-0.04567880887686894-0.0002593229649663117j),(0.9991893012945825-0.04025841748558988j)
(0.9866335630991676+0j),(1.008342887073389+0.032945598267743965j),(1.0364538388230946+0.038866805154035386j),(1.0127519182875744+0.027622104951305515j),(1.0145620695336748+0.02400320645682276j),(1.0297550938216449+0.03318133326398932j),(-0.049159043264683164+0.04910716795453779j),(-0.046687654145097575+0.004730913991728613j),(-0.047170864316338955+0.04198106943175062j),(-0.051973772997850234-0.0002837160608614424j),(-0.0487224411930899-0.0002725131961854563j),(0.9988090373978836-0.048790437713892014j)
(1.0011427091373581+0j),(1.035342907549628+0.004230093771262097j),(1.0527202165232736+0.03668511396098726j),(1.0283404098419766+0.026498480934957727j),(1.0304415817057129+0.022303481869310655j),(1.0478009945121844+0.027744966774426824j),(-0.05104323485171732-0.043678771495756476j),(-0.04698735839978481+0.017541636356013576j),(-0.04843882223260745+0.04953177007893529j),(-0.0532887735310724-0.0003071216025416844j),(-0.05027426676367475-0.0003085706713042281j),(0.9988923178360218-0.047054621113975834j)
(1.017857212964902+0j),(1.0497688749365477+0.010551992643791442j),(1.0832822017585082+0.0020795118329245826j),(1.0550593532398826+0.0026278073586297255j),(1.0536131806801483+0.0052869185973632195j),(1.0721103072032399+0.007206968014352841j),(-0.05079179707857682+0.005483500261297316j),(-0.04772002327663785-0.03526488037255274j),(-0.04779229798847251-0.03403988568025524j),(-0.05279665000181845-0.0002227838673715859j),(-0.05127241602189796-0.00021961712419392578j),(0.9990440810554693-0.04371411794870201j)
(0.9945625014631759+0j),(1.0228743164133713+0.025824039075993694j),(1.0487076936396664+0.04378940260866292j),(1.0262059550799416+0.023233171786021564j),(1.0267557917491081+0.021855909124193242j),(1.0432670011036853+0.033383443439123556j),(-0.05458542311599524+0.02243014761660206j),(-0.0523587394400696+0.020772766205769188j),(-0.05110707090383168+0.01499547115349924j),(-0.05582387955249765-0.0002583598562281909j),(-0.054377019612444934-0.0002451073518454531j),(0.9986569000212376-0.05181115748535053j)
(0.9929137981853793+0j),(1.0192298396977144+0.03093149261059721j),(1.0455245994245956+0.04648337878026763j),(1.0251841361398701+0.02176661300449403j),(1.0253064940920429+0.021431642584090266j),(1.0406600677289513+0.034839307894993794j),(-0.055399821247185704+0.037837668578867244j),(-0.0521689295582123+0.025330478815015697j),(-0.05054380638801482+0.0030309929670470767j),(-0.05652524335329633-0.0002052471788284948j),(-0.05367215986003892-0.0001778935590564253j),(0.998642050119365-0.05209660001757829j)
(1.0077209544322354+0j),(1.0368847942355295+0.01920899904349927j),(1.0613499575646228+0.03563870900238028j),(1.0442140018960995+0.007618619698979576j),(1.042244239456763+0.011584344301087858j),(1.0569400658897479+0.024248206275168813j),(-0.05212359142946397+0.012801550322469468j),(-0.04996077650621855+0.026089500743860395j),(-0.04784918215941442-0.04896391486686143j),(-0.0546179247410668-0.0002015158710536637j),(-0.05214716344091671-0.0001730921418971689j),(0.9988946717548791-0.047004624663029446j)
(1.0101869498772984+0j),(1.0389761232821748+0.01992580195490593j),(1.0722434843849937+0.014666956558058691j),(1.0466100615318703+0.006467474828493406j),(1.045292877023353+0.009043475433943867j),(1.0624207548999522+0.015063199497130458j),(-0.05180078992495918+0.02752991743196608j),(-0.049570721313507315-0.018257634957351485j),(-0.04792771322272276-0.032297794246399815j),(-0.05405635209896735-0.0001816216954568649j),(-0.05120184006596488-0.00016151538155709748j),(0.9989356440789683-0.04612568686249371j)
(0.9926311499823286+0j),(1.0184834970641485+0.028893159173286446j),(1.0521520067787087+0.028089273191156363j),(1.0216876839933977+0.025221507149944044j),(1.0236350593256094+0.02173219718399072j),(1.0418250778552056+0.02759999744887708j),(-0.05226076638174844+0.04135256235039473j),(-0.05194000108955689-0.016382075601217464j),(-0.047997694130225775+0.04192908369262619j),(-0.055234542921158016-0.0001297974370851019j),(-0.051897135255611786-0.0001229520624386959j),(0.998723036155195-0.05052026378542668j)
(1.003200301983037+0j),(1.0361430253392208+0.008532770183939324j),(1.0536208917721064+0.04321774576880711j),(1.0337330661921411+0.019917324914170503j),(1.0342277658091663+0.019193643553326263j),(1.0501652345908514+0.029389401336035008j),(-0.051349807840730684-0.030974620304260556j),(-0.05032887365985531+0.034736667999085626j),(-0.046590565488691164+0.008843421592778313j),(-0.05389199289462632-1.62047565765059e-05j),(-0.05116453957095297+1.1488046422964301e-05j),(0.9988815515558184-0.047282617963062885j)
(1.0157073016358171+0j),(1.0501693575455344+0.01212657165724863j),(1.0814511426134383+0.017692989185896693j),(1.0550427567771283+0.005400010962481984j),(1.053554390544628+0.008704343022668948j),(1.0719936319239558+0.0151611989226133j),(-0.05564065937270294-0.0016007132297106708j),(-0.05421392286026183-0.00871843843300151j),(-0.049917629141596476-0.04048288534312423j),(-0.05847069541015748-6.85186293819101e-05j),(-0.05468935840231216-6.42477084574391e-05j),(0.9988327122932665-0.04830334204666114j)
(1.000435076783009+0j),(1.0333300122098026+0.009778524706572504j),(1.0548359527302948+0.036642291470651414j),(1.0292781259219557+0.02467405951756246j),(1.0310387439207902+0.02152318917377j),(1.048694628291667+0.02817936893730798j),(-0.0515063875629276-0.02517407632763049j),(-0.05062913513461494+0.014287724527127368j),(-0.04765835056951783+0.03813148548823659j),(-0.054812315623474314-9.4718386258268e-05j),(-0.05154764866464757-8.70720854898944e-05j),(0.9988280661090467-0.048399321822332156j)
(1.0115151693688784+0j),(1.04248644599528+0.006920098075598762j),(1.0706381578707551+0.010046718664034622j),(1.0427978314026556+0.011223659411711013j),(1.043032303462883+0.010813855996087824j),(1.0607069261367033+0.012216031051246808j),(-0.04682127508260435-0.012352235479686634j),(-0.0458579819120216-0.02367120931894698j),(-0.044195940588828996+0.004500717607090365j),(-0.0501987589535988-0.00014908953626922j),(-0.047030041614954846-0.00014756439124361908j),(0.9991096315174409-0.0421893850285048j)
(1.0088574590498844+0j),(1.0384888053820451+0.008313208349429247j),(1.0653477568633087+0.012976127683087249j),(1.0382526563957493+0.01281933689291602j),(1.038628137615838+0.011879913378824863j),(1.055912130112484+0.014012819089849849j),(-0.045903699770751726-0.009388339357782669j),(-0.04520007478673129-0.019266124150088302j),(-0.0426599430608662+0.010340353255437345j),(-0.047002872735276424-0.00011439041535125539j),(-0.04563872992062272-0.0001000522042179086j),(0.9991450319421742-0.0413425343353761j)
(1.0040999210931285+0j),(1.0358348560475288+0.004122875094706495j),(1.0472369751228119+0.04692475955479288j),(1.0325834886310146+0.01825752335007844j),(1.0324248548466821+0.01798687276435824j),(1.046288687413951+0.029394594790992157j),(-0.04759334589072676-0.044668430752449084j),(-0.04646586821036344+0.04974779255252344j),(-0.04508295540493762+0.0012149668056381415j),(-0.04767631488111971-0.0001037532163941884j),(-0.0465590738909981-9.81913519361984e-05j),(0.9990605505205674-0.04333608650467507j)
(0.9871725506359637+0j),(1.0107190494071894+0.02935217824474295j),(1.0337568521518983+0.04886310485563238j),(1.013495874754656+0.027994597723918394j),(1.0147056877795437+0.024868289872617973j),(1.0294036192213336+0.0370251751113315j),(-0.04967658067648806+0.03168456296385104j),(-0.04893939959498744+0.026567139362331106j),(-0.04827385092179164+0.03460194271897069j),(-0.04962116472206806-9.9665017381261e-05j),(-0.049058487023168465-8.73166830464871e-05j),(0.998798533496193-0.04900499449907518j)
(0.9971951932651286+0j),(1.028030034162402+0.004943450531455115j),(1.0413202926832121+0.04548255010855666j),(1.0209730455549924+0.027804254781571548j),(1.0227874824389058+0.023440123597666233j),(1.0383397208305452+0.031611813928680565j),(-0.04581889672771558-0.0437914591632898j),(-0.0467857904165309+0.03531791508307942j),(-0.04547602851439634+0.0496143515807758j),(-0.04581826742678753-7.09685116017325e-05j),(-0.04602291658293411-7.81128066755232e-05j),(0.9990301296373704-0.04403180755702529j)
(1.017415255841203+0j),(1.0516956815304783-0.0013170062593393353j),(1.0817884599187786-0.002634470272350211j),(1.0490774152395772+0.009885096072162673j),(1.0492328123213324+0.008433263929963849j),(1.0690364763294162+0.005140360821266292j),(-0.04731925128537838-0.03236971354478665j),(-0.04728104546912549-0.04553772381314552j),(-0.046922020406367476+0.014432599658404597j),(-0.046491540920779846-1.34615682577328e-05j),(-0.04595231801240986-1.26360982650518e-05j),(0.9991688426569335-0.04076302078605115j)
(1.008290842730704+0j),(1.0411869680475798-0.0003923289366300208j),(1.064020672826518+0.014586060651314795j),(1.0350890913985284+0.019335030171987892j),(1.0364254440514213+0.01546445911104673j),(1.0546725864928688+0.015153141458497854j),(-0.04610229537537645-0.04148031676660944j),(-0.04502558406708837-0.01758566137389673j),(-0.046351069060407084+0.043245587634959025j),(-0.04483343159511242-4.97959330101931e-05j),(-0.04423296206042207-3.43375929015529e-05j),(0.9991443472524651-0.04135907824704593j)
(1.0097931700479297+0j),(1.0427124076519525+0.008551509246803946j),(1.067581236866969+0.02440555385478405j),(1.043411131257936+0.013062190863984543j),(1.0426501526921617+0.01321405472506452j),(1.0598623843075725+0.01920344342647125j),(-0.05139384833849369-0.01775278923508843j),(-0.05006243293547416+0.002422753953653192j),(-0.051118769125132996-0.005848667779157637j),(-0.05024072423063746-5.87214950915488e-05j),(-0.04898570135792482-4.72667989979154e-05j),(0.9989508152202817-0.04579594709943711j)
(1.027968446254994+0j),(1.0661336394987142-0.0018765151223571965j),(1.0998429527175346-0.007263946475873657j),(1.0682114990633071-0.0013544639113048061j),(1.0660177498927301+0.0016433124274821693j),(1.0862929390023335+0.00013246021221714033j),(-0.053664549644445676-0.03063212638112616j),(-0.052544886152999314-0.046216666857416884j),(-0.052897759158573594-0.041390624482450095j),(-0.05183977173364038-2.4610240734701203e-05j),(-0.04972038055143753-1.46880996172695e-05j),(0.9990648554176801-0.04323672824405086j)
(0.9998072464866621+0j),(1.0323171140596776+0.011734318695600423j),(1.05464659229311+0.035652253795336986j),(1.0289403880765962+0.024667954481926803j),(1.0300822386861053+0.021242573750284793j),(1.0477324439251616+0.027872362856456914j),(-0.05286058152192173-0.018547843346937185j),(-0.051296970141174715+0.01118223944585455j),(-0.0515113848429512+0.03770642293263493j),(-0.05090409572417674-8.8452125420697e-06j),(-0.0495991983032448+3.591050161505e-06j),(0.998820277730067-0.04855978578239199j)
(0.9980395408683728+0j),(1.0319486176816757+0.010112501822849614j),(1.0515823810642095+0.04144487121457088j),(1.0263446340668108+0.02813590603144628j),(1.0279599597813205+0.02380602881043434j),(1.045586228003729+0.031088805273920217j),(-0.05446899129278842-0.02906010009180329j),(-0.05236182899163212+0.02023890370811924j),(-0.05266778927531573+0.04843830255651527j),(-0.05197032671299536-9.339609502916139e-05j),(-0.04975325015972053-6.84697945831713e-05j),(0.9987617146966289-0.04974974629331931j)
(1.0120737146553278+0j),(1.0487750511675868+0.001645231285831128j),(1.0753693717890633+0.015491238068165627j),(1.0447000868775254+0.016470949358379335j),(1.0451561699392062+0.014280693948142211j),(1.064926582019502+0.015418633960930373j),(-0.05340401876088893-0.0380135374120361j),(-0.051742720237594575-0.017632213593485317j),(-0.051977625793484986+0.022839061645347058j),(-0.051206970844870615-0.00012154787066434571j),(-0.049597559462877056-9.01094220041233e-05j),(0.9989261776115999-0.0463302458689612j)
(1.0207221691074422+0j),(1.0580580703820748-0.001825071413118277j),(1.0892642184994-0.0022370422681850166j),(1.0560169155631502+0.007813085446989514j),(1.0554595522642805+0.007371435889380771j),(1.0761892039937526+0.004837609913939963j),(-0.0524216403485074-0.036036714051063595j),(-0.05066182731576292-0.044222254013693674j),(-0.051413701364958445+0.0009105690122365928j),(-0.04934993869270824-0.0001318926279521727j),(-0.04903457352598568-0.0001056869587827622j),(0.9990544732342629-0.043475964746162415j)
(1.0138791155839166+0j),(1.0494249839550787+0.0025515884037976473j),(1.0726481517995972+0.02297599460418338j),(1.0483257087713909+0.011426078288427859j),(1.0472965508834118+0.01188134546504588j),(1.0650986872943684+0.01724146933903295j),(-0.05217153505100655-0.036668885513139356j),(-0.05063321090486626+0.004384597341880849j),(-0.051663081952723164-0.010205424493175484j),(-0.049570161269604264-0.0001161758549150193j),(-0.04948987947461723-9.691974262381391e-05j),(0.9989776349687899-0.04520713253639433j)
(0.9930619415201205+0j),(1.0196994366948693+0.024125595455900397j),(1.0404171436772702+0.049618209603117074j),(1.0225140028392905+0.0236169415640305j),(1.0224382560952576+0.02212347557033789j),(1.0370796506696849+0.0353364071546809j),(-0.051409915448363194+0.015349330525867209j),(-0.0500413954752052+0.03565639587152547j),(-0.05164506498990893+0.013101047861518823j),(-0.04905017293338756-9.98652077003554e-05j),(-0.049880597986314425-8.43420331377608e-05j),(0.9987948522283471-0.04907996701460097j)
(1.0105214575336623+0j),(1.042584938156305+0.0029351610731246946j),(1.0557519845609118+0.040967572094795214j),(1.042651886920043+0.01046250651784131j),(1.0408107573159653+0.012695244841556718j),(1.0542270773718159+0.024334735882984133j),(-0.04742391389906493-0.04236245564992123j),(-0.046458764454285734+0.04675106809025807j),(-0.04762835737478865-0.03134498380711325j),(-0.04615558337282491-9.89964967586662e-05j),(-0.045550109488208645-9.757146682096191e-05j),(0.9991152296565003-0.0420566031490719j)
(0.9882770127796939+0j),(1.010272090894207+0.02551562809274978j),(1.0284143237207584+0.04812495126972251j),(1.0122100695336422+0.026022959231404443j),(1.0130980769301727+0.023175619021378303j),(1.0256667794198016+0.03507102659636652j),(-0.045817333762523074+0.02271710682034728j),(-0.043629704731521654+0.03277574326998172j),(-0.045545222241038345+0.030365493091756457j),(-0.044780367918353325-0.0001586201427084168j),(-0.04335454751355777-0.00016173489166553128j),(0.9990024490241303-0.044655423453261456j)
(1.0110902739453471+0j),(1.0327057476458885+0.016265271833926585j),(1.0589376416901286+0.007573412217556073j),(1.0411305693195032+0.00013167013890662174j),(1.0388848275722657+0.003636010086384333j),(1.0512172238374615+0.008559465534490123j),(-0.03999730286012236+0.02824316189597688j),(-0.03649956141704839-0.015995542510285475j),(-0.039378182137229746-0.04553023138622446j),(-0.039080443200536275-0.0001318196793902913j),(-0.03682092939127858-0.0001491748295209667j),(0.9994059292390093-0.034464309102494275j)
(0.991646802044591+0j),(1.0154768425010519+0.014933694040062681j),(1.0303172149516822+0.041231157203382364j),(1.0126860267060065+0.02696708864848217j),(1.0144114798554664+0.022654257208266068j),(1.0272325510032716+0.030590016536110442j),(-0.04191945143865815-0.006154807479232169j),(-0.03966756065883489+0.025457741951699475j),(-0.04302809257760424+0.04833872260320693j),(-0.042474194606928715-5.99866263402487e-05j),(-0.039979986027588045-8.18023808362252e-05j),(0.9991568217334142-0.041056614370674954j)
(1.017648571607491+0j),(1.0453509191596526+0.010345581197857424j),(1.0749402791008105+0.002527536792465005j),(1.0526857337632982-0.0008040127182443115j),(1.0502680914373423+0.00286289598013273j),(1.065409515119655+0.005762111275158775j),(-0.04457990870427041+0.009278357271519945j),(-0.04183289817718033-0.02616739297133998j),(-0.04641667234574412-0.048471077229631294j),(-0.045899840628430624-7.43755346380738e-05j),(-0.0429929895297215-9.08960825439231e-05j),(0.9992549520078557-0.038594570703374846j)
(0.9999800223144869+0j),(1.0251044309767152+0.01833012591965645j),(1.0496755048084747+0.025032081234688j),(1.028172363935775+0.01745689907108016j),(1.0283725272710982+0.015991555357453394j),(1.0428373280141352+0.021790641946928334j),(-0.04558318458744704+0.0154379583844335j),(-0.0419338887483268-0.002215643411857215j),(-0.04727886869009247+0.014357176424722893j),(-0.04730827611787028-0.0001006821377791816j),(-0.043558365323575814-0.000119870328051799j),(0.9990733191484663-0.04304071288520632j)
(1.009388482263289+0j),(1.0389377782893618+0.007748232899399399j),(1.0585494736262562+0.026934836555071336j),(1.0411484156405337+0.010667844635312484j),(1.0398272285515124+0.011782563659842786j),(1.0538696573777422+0.01910381396698608j),(-0.04600646536405534-0.018037877772536376j),(-0.04241782910683095+0.015204985594203094j),(-0.04900910656536275-0.017930897574918604j),(-0.04713806157577798-0.0001110420122336028j),(-0.04439236627792782-0.0001117466872807104j),(0.999128642017206-0.04173675479543048j)
(0.9981277537089317+0j),(1.0257751112367988+0.021159985967887873j),(1.0590207987132565+0.014611309353657356j),(1.0273199369862946+0.02336486407269536j),(1.0288561648822268+0.01894021366816648j),(1.0474683180267212+0.019950790995586595j),(-0.05056994328648159+0.025432381110434554j),(-0.0467812335462969-0.035914204595821446j),(-0.05324265446866781+0.04902188228205363j),(-0.051479432703582885-8.50639515489988e-05j),(-0.04902488038631474-7.671929283852461e-05j),(0.9988505259687658-0.047933566234111984j)
(1.009346698148551+0j),(1.0375454865667264+0.021816222693650838j),(1.071326778055718+0.01592812995649344j),(1.0470395970606217+0.007017851218132136j),(1.0449018254739137+0.009413938879604579j),(1.061783731760348+0.016045020327321746j),(-0.05173930340995878+0.032859516278831276j),(-0.04912069152435241-0.016947770274187774j),(-0.05496711592021694-0.03450440679604621j),(-0.051921416638095796-2.83567517288183e-05j),(-0.05141099567684068-2.50923468619282e-05j),(0.9988887761272571-0.04712974567075929j)
(1.0077506704201085+0j),(1.0386924034328164+0.01330894662321421j),(1.0648246081747228+0.025109206880848525j),(1.0420121165599168+0.013026987073040305j),(1.041075479608629+0.013518345392630589j),(1.0577619293721277+0.02036719499481091j),(-0.05073139061311597-0.002269404656332277j),(-0.04787984949847705+0.0018309061503818144j),(-0.052538962495709225-0.00997439151797279j),(-0.05184833674080458-1.38212786155443e-05j),(-0.05077323171332579-1.20165613892069e-05j),(0.99891366182489-0.046599315655804316j)
(1.0110746573702416+0j),(1.044352353034078+0.010579078776594688j),(1.0749570664576669+0.014420151530032154j),(1.046406755412772+0.012635936356222881j),(1.0459152615245066+0.012362745016755397j),(1.064874996955914+0.01544586639103473j),(-0.05241169688420691-0.0061337316187303655j),(-0.050053450012782254-0.02068843672302843j),(-0.053555862347054096-0.0003821711898899025j),(-0.05352418921352303-1.87098661836575e-05j),(-0.05249880415403392-2.8119236608558602e-05j),(0.9988776409325842-0.04736516066641592j)
(1.0019284900660563+0j),(1.0333913897992075+0.021520165163332196j),(1.0671466590064258+0.023520223074062794j),(1.0370440016974614+0.0200196275028314j),(1.0373670480414101+0.01815099846479093j),(1.057059227254773+0.023461878114192106j),(-0.05583292900350963+0.020070169567686737j),(-0.053019052403693374-0.017657200167170446j),(-0.057177718702827965+0.0189334382758479j),(-0.057433053283043774+5.8411270828765e-06j),(-0.05719110017149813-1.81607973176471e-05j),(0.9986147570004003-0.05261717496247334j)
(1.0024432395410459+0j),(1.0338997010699196+0.025455969127490624j),(1.0611647130344126+0.04373046464950115j),(1.0420409453575452+0.01511151423413425j),(1.040210412662392+0.017322670451533233j),(1.0566720832464376+0.03139220895194405j),(-0.059107224448952354+0.02217598443687412j),(-0.05457218160537587+0.02831352292019066j),(-0.060244255268571655-0.031116309466001753j),(-0.060536999725389236+9.9787550554597e-06j),(-0.059470252704760584-3.34964343699259e-05j),(0.9984953836670941-0.054835834957648946j)
(0.9887300821588004+0j),(1.022496005758893+0.0215115113139988j),(1.0408324744131492+0.06390912877942757j),(1.0197699088283965+0.035465565057545646j),(1.0214522038492313+0.03110379836276356j),(1.038879102553451+0.0453449390386329j),(-0.060099083651788454-0.010438711498084372j),(-0.056747255115151926+0.04976116242306548j),(-0.060294564035043595+0.04867160953610454j),(-0.06076728513604034-1.3826060712769201e-05j),(-0.06000337172056576-6.227533387519691e-05j),(0.9983103990127429-0.05810634408580527j)
(1.0125222862247012+0j),(1.0530595712045843+0.0062085829612420155j),(1.073119669901366+0.04614361090359944j),(1.0536901265393257+0.013930166954116065j),(1.0518163300132386+0.0162792700566515j),(1.0698922996501539+0.029280115826209863j),(-0.0618049156427869-0.043833202301621174j),(-0.05862392949923078+0.04463276700971729j),(-0.061208983627608536-0.03307586105395789j),(-0.06181005850866186-4.69250920327614e-05j),(-0.061211292111254326-0.0001022251206844449j),(0.9985136834473181-0.05450159601763125j)
(1.0103867071935653+0j),(1.048593504722765+0.01160907696950863j),(1.0759755181364872+0.03344337976237375j),(1.0504399735906698+0.015102020953844332j),(1.0493644844544037+0.016019386099857407j),(1.0688580607794531+0.02499656965719189j),(-0.06093411961261397-0.018751961171712097j),(-0.05753418721292774+0.012749572990853466j),(-0.06030805814555598-0.014977469197205863j),(-0.06148438142851333+8.013716894668701e-06j),(-0.06040371767999044-4.6912008842660505e-05j),(0.9985171011082319-0.05443894556668941j)
(1.0181140161419377+0j),(1.0597711928808322+0.0016953088940397912j),(1.0954034216478334+0.0025155171894166717j),(1.0572357496747777+0.014436985918212877j),(1.0576924803397674+0.01258620329680565j),(1.0815547072111602+0.010196212476417752j),(-0.06000078894236062-0.033953582794664566j),(-0.0565446352004101-0.048241482633430206j),(-0.05933907324553761+0.019809823652578697j),(-0.06145967387183518+2.2122442865194003e-06j),(-0.060448024304586366-5.45880913266307e-05j),(0.9986446510321539-0.05204671905958633j)
(1.0044201951854508+0j),(1.0429613180612953+0.01259181563427944j),(1.0694546802911564+0.03689183518104362j),(1.0411982973284815+0.023171177896798154j),(1.041686309954163+0.021186537216141277j),(1.0621296480212192+0.029018957051810002j),(-0.062349802029596633-0.02117514512396976j),(-0.0574327399735973+0.01036949784559573j),(-0.060269347699790685+0.020866671016273663j),(-0.06196789904301046-2.8591691765419298e-05j),(-0.06113080191173684-7.494124456037481e-05j),(0.9984233773861473-0.05613162645816483j)
(1.020811733428606+0j),(1.063492071074112+0.00453185800661172j),(1.0969250407482773+0.012848095272747504j),(1.064345439812683+0.008648076257710807j),(1.0629145799727+0.010205496591198127j),(1.0855073592604512+0.01346387587765507j),(-0.06429768945636537-0.030034292756034888j),(-0.059390045137905335-0.02218514812541926j),(-0.06170498074325739-0.0232887317615011j),(-0.06254751020344021-1.9873701972999298e-05j),(-0.06252736967294804-7.07331909450412e-05j),(0.9985497750957267-0.053836294971641815j)
(1.0179812179824208+0j),(1.0625713353160855+0.004529252689698078j),(1.099561649029565+0.007684915485731271j),(1.0602890209804916+0.015321289242242884j),(1.060302531868172+0.013835721306215751j),(1.0854866087171802+0.013396351898751716j),(-0.06717983304513894-0.03120961124551049j),(-0.06177446392082126-0.042712827229629054j),(-0.06457909293643437+0.01396591191912782j),(-0.06450411218678034-1.25972664888312e-05j),(-0.06499229065698613-6.18840095653277e-05j),(0.9983974762444064-0.05659045351293722j)
(0.9892137881303416+0j),(1.0244256083482657+0.03223858619055751j),(1.0567424269728023+0.052879666309475486j),(1.026364423314241+0.03441071313116502j),(1.0277170115188157+0.030257073448747708j),(1.0490603384218165+0.04256806504479652j),(-0.0686996728963506+0.02647756720412853j),(-0.0644789601931126+0.01627221486473632j),(-0.06802172672378339+0.04527263829819259j),(-0.06720176947906592+2.501855899182e-07j),(-0.06752825561860522-5.59758582222752e-05j),(0.997881067886912-0.06506438620993885j)
(1.0115815445076246+0j),(1.0507350341387276+0.01788061577950428j),(1.0919484152392023+0.01099803158542318j),(1.0542506784021075+0.015447750554492715j),(1.0539332749820025+0.014671648608400329j),(1.0776918175625287+0.01680283891390328j),(-0.06620491664288844+0.011933842483187242j),(-0.06167044988684651-0.04313105757109939j),(-0.06500790716781253+0.005207141912575566j),(-0.06544294779657776-8.63802956296853e-05j),(-0.06450937261336465-0.00014622987774484181j),(0.9983155570902714-0.0580176565498911j)
(1.0134117081579699+0j),(1.0576182976802309+0.00606836495064044j),(1.0858635340800242+0.03396952644010965j),(1.0561073147938993+0.01778384576800476j),(1.0555096472354901+0.01781260399258409j),(1.0774564220833867+0.025495244942104898j),(-0.06716765845964169-0.04182921810239067j),(-0.06370225907175044+0.010732890485989778j),(-0.06534397640335204-0.0040704646056076614j),(-0.0673401889053287-5.54649608056877e-05j),(-0.06487769147123751-0.0001149486393979766j),(0.9982784090261299-0.058653372215576344j)
(1.0058808021128751+0j),(1.0451923407659813+0.016551412726173j),(1.0825328953244426+0.019430696901084007j),(1.0445976863241306+0.023040082572075668j),(1.0457308215731191+0.019887721099339246j),(1.0692905206636305+0.02229370768639758j),(-0.06565305728481166+5.3424247563327696e-05j),(-0.061536234518790166-0.032090354706645924j),(-0.06301666916788883+0.03540080387741467j),(-0.06537807477122852-6.22246536597805e-05j),(-0.06295130861646683-0.00011826323937094379j),(0.9982861080904646-0.05852218719078482j)
(1.0118156775271219+0j),(1.05136105656641+0.022343073876584178j),(1.08988298132433+0.026015969444364268j),(1.0585536987350486+0.011798484253819677j),(1.056702577753762+0.014180039127328027j),(1.0787215614299879+0.022999907804837676j),(-0.07007394416249534+0.01790748566061584j),(-0.0652493202123068-0.010711169659965712j),(-0.06728568755110263-0.03347000972544043j),(-0.06899383833038468-4.39944070300432e-05j),(-0.06705699562518197-9.73379040410088e-05j),(0.9981481388668452-0.06083003268660365j)
(0.9900150010473603+0j),(1.024004801917645+0.03374221563903935j),(1.0565222046177092+0.0510093973797482j),(1.0270899287932633+0.031567112093645606j),(1.0282842847396625+0.0284641989357888j),(1.0486553920112685+0.041001443397123805j),(-0.06865623253269541+0.03378931457284151j),(-0.06363261969795546+0.015270599140191443j),(-0.06428598550200332+0.03465539170526064j),(-0.06750549391794354+3.07229983562884e-05j),(-0.0650433524929816-9.3362984180095e-06j),(0.9979692777216314-0.0636971013764784j)
(1.0188964946172276+0j),(1.0631211579497235+0.006190790283489805j),(1.101001165440444+0.005847263782470904j),(1.06201376510435+0.013123370427352631j),(1.0618856794200386+0.012543892637874603j),(1.0863576384733922+0.012130580185018293j),(-0.06832838986850225-0.024095062858738144j),(-0.06221618923428327-0.04527311013665533j),(-0.06326245053615494+0.004438378488911418j),(-0.066687192560685+7.86921585542917e-05j),(-0.06303252622864132+3.19308660136644e-05j),(0.9984030893450148-0.056491337268031454j)
(1.0185508724620893+0j),(1.0568871496235204+0.018471420367163226j),(1.0984193051737692+0.00643624657772955j),(1.0646657729304143+0.004371949231427266j),(1.0624282865634957+0.007650661719670818j),(1.084583313190631+0.011627497793866808j),(-0.06659280612282797+0.02109062258222073j),(-0.06080606221618065-0.04041674806755144j),(-0.06264456428792252-0.04428411487565734j),(-0.06420829402198303+8.59706080709498e-05j),(-0.0624159003749737+3.91968803700275e-05j),(0.9984687073735954-0.05531943958231579j)
(0.9972954448949019+0j),(1.034647211111568+0.013455058831958635j),(1.0511712933993673+0.05779291091507169j),(1.0302121621021725+0.028685922376679284j),(1.0309302069705755+0.026137979664828618j),(1.0486775591935253+0.03940723744034519j),(-0.06250133800277861-0.03163489117069588j),(-0.05740991648137451+0.049265675255102497j),(-0.057925664146785766+0.02727765130560336j),(-0.05847373901237904+0.00011209445062192149j),(-0.058015396900699887+4.72612330778881e-05j),(0.9984433246496718-0.055775688812511444j)
(0.9912432343020692+0j),(1.0208455231356781+0.03249729132256071j),(1.0540239557743682+0.03864861363615778j),(1.0244068313027321+0.02777930719530287j),(1.0255970331475874+0.02457423959368135j),(1.0447705091487418+0.03386365360229371j),(-0.06151583244468543+0.04182977900228671j),(-0.05706393526896829-0.0020769225454378175j),(-0.057311708288450905+0.035737558085610174j),(-0.059143236257488116+0.00016277028905508408j),(-0.05758019859621828+0.0001052310154351642j),(0.9983809270381294-0.056881671270149314j)
(1.0024386982020668+0j),(1.035559007689182+0.012266302947044986j),(1.0605102157085375+0.029154573847965857j),(1.0330450410488279+0.021810330704338073j),(1.0340484939683685+0.019147914568902843j),(1.0524538458836317+0.0245652439819074j),(-0.054489923700199276-0.013010598754135051j),(-0.05086237424582821-0.00020608452693341662j),(-0.050470163298916744+0.030092435094089088j),(-0.052684161415440425+0.0002204413140938805j),(-0.051211446933510825+0.0001810673183905715j),(0.998812443225279-0.048720665618901905j)
(1.0037010113982197+0j),(1.035774760881035+0.013471657277744267j),(1.068234851967313+0.00908427674776358j),(1.0329076921605667+0.02119257479195509j),(1.0348173387499173+0.016954211878303503j),(1.0553419295444668+0.01594511801020668j),(-0.05388092184759041+0.002724109754417789j),(-0.049595407588807705-0.042756779364542835j),(-0.048289137083768204+0.04963717555607696j),(-0.051075884902213785+0.0001510085577978069j),(-0.04973449383248333+0.0001301213535866641j),(0.9988933318914979-0.04703308944457904j)
(0.988143473224449+0j),(1.0124970209286603+0.02942310596241755j),(1.0361701594880477+0.04338894386450423j),(1.01395921678171+0.0271148194060034j),(1.0152759412803678+0.0237818399493773j),(1.0306323167043843+0.03441360166481579j),(-0.05283788749540652+0.034075095732384326j),(-0.04783745117954083+0.01645109567602576j),(-0.04671568962840457+0.03723328626561028j),(-0.04785250962777167+4.35492170979242e-05j),(-0.048042394880541156+2.6189467317807e-05j),(0.9988257756241669-0.048446567977324696j)
(0.9877490010022987+0j),(1.0102108327962263+0.03014464368358935j),(1.0329764897205211+0.042265430036695625j),(1.0121948885123515+0.025676393823082143j),(1.0133460104021452+0.02265984384711162j),(1.02795004088988+0.033478118826646516j),(-0.05081175094250975+0.03863534729143943j),(-0.04524233129375439+0.01670622468579517j),(-0.04380874628035065+0.033429270731204004j),(-0.04466312746672598+3.31593644806689e-05j),(-0.046288538932088716+1.9492589755075998e-05j),(0.9989319147809647-0.04620638085844429j)
(1.0231131933186928+0j),(1.0602498055397434-0.004900858347561575j),(1.0844502037894888+0.005384520644427158j),(1.0577805084645484+0.0030042469244739058j),(1.0564320074112044+0.004988792453650692j),(1.075158099850665+0.0061946453860591225j),(-0.0519011461405912-0.04833941752359092j),(-0.04658109669411065-0.018495526210272128j),(-0.04472628954825687-0.02671579507833837j),(-0.04663138567237282+4.02848352527611e-05j),(-0.048052203954942155+3.57006607472714e-05j),(0.9991861875607468-0.04033562430185107j)
(0.9959853517695751+0j),(1.0197598967946047+0.02120378544502544j),(1.0380258665727982+0.039666933819552906j),(1.021913915778633+0.017912689306784857j),(1.0218080091593613+0.017416174167387957j),(1.0348998232579825+0.0285952879568182j),(-0.04693906776309354+0.016114843970551986j),(-0.042004360332625564+0.026775257285597282j),(-0.041286980294311784+0.00374985845567678j),(-0.04271823551868142+1.7843460558685e-05j),(-0.04390460413605557+1.2314319573342e-05j),(0.9991131815350636-0.04210523106317134j)
(1.0006615173890643+0j),(1.0275271921118296+0.01352873076773687j),(1.0499792685822849+0.023672484162122705j),(1.0260051295444397+0.01860378992301041j),(1.0269724276756993+0.016217712467802695j),(1.0428936496970456+0.020895063767266773j),(-0.046226949159843225-0.00019282406964408948j),(-0.04220349725066585-0.003938977989034811j),(-0.040964849671471515+0.02706342453833897j),(-0.04324180910872502+5.4880383869322e-05j),(-0.04397741747239476+5.06279452778926e-05j),(0.9991505402230472-0.04120919766257207j)
(1.0121982234364033+0j),(1.043632165025156+0.006549051348294796j),(1.0625431359909463+0.027910084364375972j),(1.044568596921156+0.007246025622693733j),(1.0430640595828338+0.0098335699245481j),(1.058125951489679+0.018603486602539996j),(-0.04941336065150192-0.022903681351347516j),(-0.04488567302845044+0.020159980635838792j),(-0.04296227515609345-0.03302673971338737j),(-0.0464757153943809+3.8392810427137496e-05j),(-0.04711102919813053+2.32734731527385e-05j),(0.9991407546829055-0.04144577580012306j)
(1.0050224699639005+0j),(1.033120077941522+0.018166134738054972j),(1.0520591242377328+0.039756543880449226j),(1.0378483756988168+0.009412425563538392j),(1.0359685858549745+0.012605068958951022j),(1.0496628352548276+0.026146302455522158j),(-0.051736438364226825+0.006953895436024041j),(-0.045814723759323175+0.03579506548814976j),(-0.04464336779063661-0.040564256038247974j),(-0.04774588862259235-1.2026285099354401e-05j),(-0.04921435580214908-3.12092180607534e-05j),(0.999015785437514-0.04435606437305892j)
(0.9992744406947954+0j),(1.0285293543131648+0.008262863160076355j),(1.043699453145567+0.034917282491020045j),(1.0228425785689117+0.022511817169927027j),(1.0244599189949273+0.019444143276922378j),(1.0399946237146542+0.02615908675808502j),(-0.04735752976498476-0.02566268548150956j),(-0.04109497026108283+0.01899444902154379j),(-0.03931511469850395+0.03662947679578016j),(-0.044380940103299994+3.69501429281636e-05j),(-0.04587680414214309-6.9413709095303e-06j),(0.9991325599462779-0.04164285839369481j)
(1.0045254154571648+0j),(1.026473796192084+0.01672036740788738j),(1.0460805824712298+0.022560738750182944j),(1.0305817160014246+0.006899304710670808j),(1.0295251566782133+0.008970094082985438j),(1.0417782177812998+0.017156163321357724j),(-0.04186538351659674+0.017834268516342903j),(-0.03561741795543634+0.008409314697897628j),(-0.03373170306907695-0.025464488924578237j),(-0.038090606641667836-6.62657005601322e-05j),(-0.03961327787367161-9.52151476189316e-05j),(0.9993761493596028-0.03531730583117425j)
(1.0060892894753055+0j),(1.033583337366777+0.0020271107992986745j),(1.046657912785902+0.02358628273117511j),(1.0285382665471405+0.013963173835738658j),(1.0292021764661963+0.012761455397380689j),(1.0427249092989246+0.017308101517781817j),(-0.04198766964498395-0.03358503049947514j),(-0.03515829508590908+0.011710962125149712j),(-0.033297642333324544+0.01429527228548224j),(-0.03807120346087672-7.97159403652065e-05j),(-0.037988215475560215-0.0001110256940594071j),(0.9994034690388338-0.03453557691923891j)
(1.0049127446773547+0j),(1.0289170778716328+0.002407866957319213j),(1.0419059906571029+0.017679433794426207j),(1.024124142674171+0.013023124580680346j),(1.024944158001143+0.011352606427593786j),(1.0374364622923373+0.014200904962085543j),(-0.03694197487314346-0.02598805205120172j),(-0.030880243254549578+0.0026268034806819144j),(-0.029146910087447707+0.019520466799247328j),(-0.032459110382343635-7.345968739460711e-05j),(-0.03309322350326337-0.00010173886553773299j),(0.9995401158415095-0.030324195348628426j)
(1.000362681863458+0j),(1.0210833704780142-0.0026510270530730974j),(1.026513141484371+0.022642648799427876j),(1.012404404683209+0.0174039384357627j),(1.0142898559339495+0.01377514500486051j),(1.0245608304678242+0.01626845140727246j),(-0.029215094761085914-0.042600368645321796j),(-0.024690225193680075+0.01517096227801511j),(-0.022614159738437556+0.04296785081279027j),(-0.025415496862264034-7.2130811694987e-05j),(-0.026644563209096698-9.9466156008338e-05j),(0.9996962841543753-0.024644257909998406j)
(1.0177203929721133+0j),(1.0397064151511872-0.004893714691964402j),(1.0510233331442067+0.004570870198959463j),(1.0393420040274768-0.004010315344121673j),(1.0375763260577222-0.0004908703105173458j),(1.04737995234888+0.0022054150930744796j),(-0.029605041294598226-0.032925105390529535j),(-0.02456550674761728+0.0008981860353026079j),(-0.02296547349948369-0.043115269151928384j),(-0.025751591092178516-8.320703496846179e-05j),(-0.026902509276317113-0.00010268636648856939j),(0.9997650987798818-0.021673653629533683j)
(0.9836723141175902+0j),(0.9968477355661199+0.02966803913994289j),(1.014806314505365+0.035473834873110434j),(0.9989663985219428+0.02406167304292566j),(1.0008945997634517+0.020374396988955455j),(1.011290434996965+0.02903062091585578j),(-0.03686503575346885+0.048310020715509196j),(-0.0322901505827003+0.012318363123466234j),(-0.03023090077162909+0.04298237830519854j),(-0.033828840261948614-0.0001287886464661511j),(-0.034217530821992685-0.0001503289652499702j),(0.9993861486437343-0.0350332113721211j)
(0.9900218854975218+0j),(0.9969289309291554+0.02602996227868462j),(1.0035491188448065+0.03875488095831995j),(1.0036970241470018+0.00848526073153394j),(1.0027886921957885+0.010659773356474615j),(1.006198113202226+0.02448333966418477j),(-0.027205719455325943+0.046209366357937876j),(-0.02110367079295863+0.04461630786621947j),(-0.0186298102291518-0.024972188176075803j),(-0.023223370023532516-9.893043834441601e-05j),(-0.02325569589756717-0.0001239555468498482j),(0.9997247559954818-0.02346086634748051j)
(0.9929361729723752+0j),(1.0093440033531385+0.01622672786867629j),(1.0168887170237728+0.039369178854466426j),(1.0086791451616484+0.016043228268347455j),(1.0092324289850287+0.015323048105597299j),(1.017314903137986+0.026062533660108418j),(-0.03447572237076854+0.007634745137838195j),(-0.02907074292851405+0.03874995041335213j),(-0.02491382685242614+0.009109080763051083j),(-0.030036130975235744-2.5891881723438497e-05j),(-0.030196322053228496-3.8228672239536796e-05j),(0.9995544191291635-0.029849006672926687j)
(0.9929379746124495+0j),(1.0036356800068695+0.01813620599289738j),(1.009280197898971+0.03697429449111144j),(1.0064304722157424+0.01045949395267634j),(1.0061621831815257+0.011510235791286318j),(1.0110275348327595+0.023192213680003956j),(-0.027117592879407328+0.020988100236705234j),(-0.02323132489964774+0.04217130386725852j),(-0.01903170758374555-0.011351327892121092j),(-0.02439185333197099+1.1575246860586599e-05j),(-0.02368571669891793-1.2357604834265e-06j),(0.9997154173122106-0.023855489688382588j)
(0.9949294570671252+0j),(1.0091235953538438-0.00013174243351487996j),(1.0102456767182029+0.02387297867853515j),(1.0007147950381723+0.017917665764093222j),(1.003164140634112+0.013879879824277701j),(1.010030832277415+0.016689323603874026j),(-0.02148019752812877-0.03080247887336195j),(-0.017496622553267577+0.02020644119680972j),(-0.014050797897172975+0.049153076022775355j),(-0.019366778304414477+6.5469565828266995e-06j),(-0.01866033090875929+1.1035436900073401e-05j),(0.999830058760667-0.01843511862292366j)
(1.0048223497780027+0j),(1.0215084837028505-0.0025392997863922253j),(1.0307072579637224+0.005094646584318856j),(1.0157021585609185+0.009047292933903293j),(1.0171493544244905+0.007053935353606675j),(1.026042957403208+0.005950014928736937j),(-0.023270938481901052-0.0265109904304078j),(-0.020226168820650252-0.010021777920459345j),(-0.014893875699946567+0.025625114193666955j),(-0.021380402994208333-2.4285992158392602e-05j),(-0.019242811275519852-9.211199850068401e-06j),(0.9998321778312466-0.0183198300545211j)
(1.0048303669142113+0j),(1.0243189101366996+0.00018500273740369922j),(1.0401384982853068-0.000863850502687562j),(1.0184991513529278+0.012093541485115024j),(1.0205153861173326+0.008757929392595109j),(1.0323932222538825+0.005141365567910916j),(-0.028490152307184644-0.018387319257105544j),(-0.024954295636970138-0.030535678768691652j),(-0.021004495127385524+0.04110483879724266j),(-0.026887763145352198-4.1417084701390595e-05j),(-0.024611956953189067-5.51343053838268e-05j),(0.9997268636915028-0.02337087960585522j)
(1.0103320650139331+0j),(1.0315702486152352-0.001671961836287752j),(1.035521001304371+0.028852654687740693j),(1.0303607748582486+0.0018391169382673195j),(1.028921439760799+0.0053384199238790285j),(1.0361986081283274+0.014557867279174033j),(-0.030738823095917685-0.038021863823977216j),(-0.028150122133610987+0.04327975132796411j),(-0.022160703857405352-0.04093287832777699j),(-0.028559629488351498-2.6948380461375597e-05j),(-0.02618844872936424-4.68763628346174e-05j),(0.9997094291949934-0.024105127641652988j)
(1.0062104550826545+0j),(1.0206426642682676+0.016506732699749126j),(1.045924188397832-0.003953255705180641j),(1.0265663989626135+0.0011335013871827389j),(1.0261530868161874+0.002689938353289568j),(1.0366522081002314+0.003218403161045842j),(-0.030149199111212083+0.03995919763562635j),(-0.02884296871516669-0.03646939686109121j),(-0.022812043427022418-0.01724945904338621j),(-0.029787713282059546-5.4565046209530895e-05j),(-0.02598105042047484-9.549537532882419e-05j),(0.9996814270338432-0.02523973937224432j)
(0.9984676184827312+0j),(1.0145141409220433+0.010311805144204874j),(1.0282457044492117+0.017930945009968585j),(1.0131370307527625+0.0128120782826721j),(1.0143652790984417+0.011245256371460524j),(1.0235520237667475+0.01474549444950783j),(-0.029074585324278125+0.003947578800791085j),(-0.0278009721844774+0.0017961885720638407j),(-0.02168261525205013+0.02037049466855695j),(-0.028958973857896003-6.83387124520777e-05j),(-0.024579672039598488-0.0001101262293719603j),(0.9996662651960905-0.025833277548535444j)
(1.0054588340583301+0j),(1.0160886641659537+0.014369418279090612j),(1.038861293263485-0.01006357070402145j),(1.0214813149068211-2.9853534539463396e-05j),(1.0212807708093798+0.0009886892426062977j),(1.0300402932365647-0.0004910289391702709j),(-0.023376479731313047+0.04012517456516368j),(-0.02207533463164685-0.04271808480698481j),(-0.01749778877489774-0.011000910658672269j),(-0.023128407153532378-0.0001022799026061132j),(-0.019934838915231085-0.00013637755806061668j),(0.9998123364113999-0.019372453628226125j)
(0.9844588540295304+0j),(0.9947833781014828+0.01706893606891905j),(1.00045956315746+0.038256559639672345j),(0.9922802779304932+0.0234771068633575j),(0.9947858679312662+0.019359147946497623j),(1.0009544000997925+0.027253769550973368j),(-0.024793385198941024+0.012897482233494899j),(-0.02275542142968889+0.03178790357322803j),(-0.02020301615132089+0.04959776135658156j),(-0.02613021159206053-8.069863741419039e-05j),(-0.02331272222804392-0.0001235824600188303j),(0.9996809436456449-0.025258877879924417j)
(1.002232264461428+0j),(1.0172991896385766+0.008087676085726038j),(1.0365871076240423-0.00019228583456420173j),(1.0167841956719637+0.010051164040872496j),(1.0181936433691634+0.00786994683882339j),(1.0286806364223455+0.005924249908502322j),(-0.02507740609288382+0.009279815155409819j),(-0.02491543318721756-0.03098604640740578j),(-0.02147877552929156+0.02715294418923422j),(-0.02736555140399973-5.11675212033072e-05j),(-0.023757396123772218-0.0001039849366211987j),(0.9997293246321407-0.023265370630270128j)
(1.0045905258048193+0j),(1.022069331747017+0.0019820175133212718j),(1.029102286456548+0.02615551715737359j),(1.0216138071043708+0.007169463973454308j),(1.0213092098503493+0.00834062885314807j),(1.0286080601936862+0.015401112192038215j),(-0.024959816024352526-0.023937892023293078j),(-0.02612650027072788+0.03063354645119787j),(-0.022327357979111905-0.012945768594129724j),(-0.028386573906740896-5.64504747835778e-05j),(-0.025342965331086806-0.00010070861861116521j),(0.9997196927187434-0.02367564128680299j)
(0.9888902901588554+0j),(1.001057936712857+0.018966567089696743j),(1.011132044035906+0.038457538517879676j),(1.0023566684853924+0.018633713460663497j),(1.0034260621978621+0.016752618629282585j),(1.0104459187936623+0.02645977863877339j),(-0.027563582976221048+0.0191378435865952j),(-0.028974940194528568+0.03321277566986311j),(-0.02496119242516121+0.022298547623670475j),(-0.029070712272687982-7.89334157054562e-05j),(-0.026367742057907363-0.0001431802047505483j),(0.99959864232533-0.02832938865131047j)
(1.0041290444802147+0j),(1.0279487120148094-0.003647759326054189j),(1.0396422635463647+0.01917932815419615j),(1.0205510386861396+0.016519469684147747j),(1.0222819520603745+0.013261794679723646j),(1.0344496676646988+0.014555437245098597j),(-0.03138606509176208-0.04529939187853138j),(-0.033146213192467924+0.005283652290228104j),(-0.027618329456859003+0.038928352016733746j),(-0.03154781865737624-0.00011406952988648771j),(-0.028798439158113916-0.00017075609790971011j),(0.9995947810047736-0.028465308500326483j)
(1.0101094763540412+0j),(1.031358908016244-0.00358743665320067j),(1.0416397887471873+0.014220700809310358j),(1.0285227516323552+0.005575304599247457j),(1.0281833168876662+0.006086668834174879j),(1.037763109608605+0.00900482602759907j),(-0.02825541354295616-0.036628242624830006j),(-0.028370249613315565+0.009326326299505937j),(-0.024741706501217032-0.006911022434652622j),(-0.02709000336565785-9.501102701620701e-05j),(-0.024613093171623208-0.0001521743169189961j),(0.9997171296504394-0.023783622169187765j)
(1.0197420946173263+0j),(1.0398241488915365-0.008652279130502892j),(1.0502332625485695-0.0004125640623703612j),(1.03948978562873-0.0068205396273028854j),(1.037579961486355-0.002966028851989765j),(1.045921775654444-0.0017938283196888044j),(-0.024183135277913947-0.03872616898761571j),(-0.022867057914460247-0.0027377476585484927j),(-0.01950941971807816-0.04709299956364427j),(-0.021956724761720975-0.0001269192455659367j),(-0.02027678932745648-0.0002044710338272188j),(0.9998502813560065-0.017303608650064636j)
(1.0141822208830755+0j),(1.0299097903951135+0.005780534734097157j),(1.0508987193401023-0.011997495984133487j),(1.0339183841062942-0.00557128243084748j),(1.032553714805095-0.0027323987039540314j),(1.0422204160276312-0.004106619963461596j),(-0.026064725950543773+0.014065294661448135j),(-0.024559865999506856-0.037774520626905894j),(-0.019969480385532257-0.03443800995875491j),(-0.023004517191219667-0.0001780358686213011j),(-0.021117043243132412-0.0002434150097993545j),(0.9998113259992571-0.019424530975216823j)
(0.9936911726141592+0j),(1.003036356880819+0.007930704590957467j),(1.0074156878451204+0.021420448621241525j),(0.9999593456299941+0.013106215302725951j),(1.001261080290427+0.010780483509888038j),(1.0062518333522132+0.01499784874808741j),(-0.01901166744048897-0.0001325364886091264j),(-0.01749089045875219+0.016730173933012855j),(-0.012944308463334789+0.027533333760199143j),(-0.015639115311469203-0.00020280019867374848j),(-0.014002579787007394-0.0002655039186638654j),(0.9998644664509044-0.016463557599993617j)
(0.999729819723656+0j),(1.0054038830500256+0.008002245375190663j),(1.008976000714598+0.014190141419508504j),(1.007185281837379+0.0012148187779356576j),(1.0065239239855754+0.0028131609742615073j),(1.0088210794443013+0.00818786412085235j),(-0.014030252508736091+0.0110011594237848j),(-0.012028652180528177+0.01723065375502627j),(-0.007703025708931341-0.018459164824997567j),(-0.01023492859067091-0.0001982837110650744j),(-0.009209343557678691-0.0002466355255587404j),(0.9999457887257304-0.010412473753967314j)
(1.0206451697184074+0j),(1.0359496937118087-0.013933495876878112j),(1.0469585565629325-0.025695612908763616j),(1.0324666644468568-0.008637161433017706j),(1.031865565203549-0.007042792414694124j),(1.039345880771551-0.014568659418025008j),(-0.015377980730044491-0.0366588042294532j),(-0.01287529564637629-0.04567665875265088j),(-0.008352940671364596-0.018608417532212j),(-0.011445003074790587-0.0001924219665993461j),(-0.008826408231193168-0.00023311198211895708j),(0.9999746882026633-0.007114980954728069j)
(1.000002214084753+0j),(1.0036146977843692+0.014204731250382437j),(1.015914546100843-0.002384749090137298j),(1.0081177833945858-0.0007563073557985244j),(1.0076726124478623+0.00041055826849033136j),(1.0113290055457775+0.0015374477320322683j),(-0.015085567267190835+0.04026218548571928j),(-0.011818016868968505-0.018559122605399027j),(-0.007958481004882372-0.01341582991904432j),(-0.010484305552850294-0.0002282800719588399j),(-0.008429882877702346-0.0002524178662635542j),(0.9999459111114185-0.010400713992566491j)
(1.0009837117596103+0j),(1.013888479837758+0.00025434669149556927j),(1.0232873149404458+0.000974709028416229j),(1.008248333355484+0.010786449830446899j),(1.0101040037842144+0.007456797684857398j),(1.018025609513644+0.004701577426575748j),(-0.019597365793900222-0.01362922696593104j),(-0.016472379838225096-0.01934190453705635j),(-0.013172490936519001+0.03985651075665714j),(-0.01637144663713287-0.00018696004069130152j),(-0.01475058117010023-0.000226646997545669j),(0.9998811673545134-0.015415938822390228j)
(1.0177578081193528+0j),(1.03619531195173-0.012514325294157821j),(1.0419499701123451-0.0015110164963935164j),(1.032587009195185-0.004733972914277837j),(1.0314584844151302-0.002266974100566131j),(1.038680183446251-0.0025853162827120103j),(-0.020711131941782306-0.04947571095496664j),(-0.01737564608224158-0.001999959670762095j),(-0.013856450271229477-0.02959648841573133j),(-0.016702529658360412-0.0001594225639539307j),(-0.01564054661832138-0.0002043969429547553j),(0.9999149167268968-0.013044512526076985j)
(0.9893937013570263+0j),(0.9984895443162153+0.017371812902042313j),(1.0026092142757557+0.03687980208818348j),(0.9989083622433923+0.014254402140213347j),(0.9994190901174375+0.013385180277003821j),(1.0040473531885172+0.023742344871306113j),(-0.024603796727059493+0.018614586190323922j),(-0.02183610174798315+0.039647379689669804j),(-0.016953261254313026+0.010154493257618889j),(-0.019776992036073707-0.0001886900154318406j),(-0.02014219480561056-0.0002508882960088427j),(0.9997632228208515-0.021760015966546087j)
(1.0145580794594355+0j),(1.031121518121844-0.0037799775814157167j),(1.0395305872214229+0.004396737987153098j),(1.0312259368667698-0.005129625071070041j),(1.0295675274742855-0.0016048063026765412j),(1.0365100462814083+0.0012453157368037954j),(-0.022332064061229607-0.02457602200277712j),(-0.020313914009328967+0.0045789638740011615j),(-0.015523328434517666-0.042348596464340346j),(-0.01850733494823904-0.000176185494413799j),(-0.018058602737316326-0.0002541479426541195j),(0.9998768677677583-0.015692332616180197j)
(1.0125649939590518+0j),(1.0254832439293708+0.008610161030318447j),(1.0437465290624817-0.008037025170087832j),(1.0309672188627943-0.0077603385343647125j),(1.029022536536533-0.0038097431933153047j),(1.0370088672535476-0.0027854372349258817j),(-0.02435683829919992+0.023016793260819103j),(-0.021123137677304324-0.026607889606221534j),(-0.016820846551551603-0.047790763993765015j),(-0.01901047427149888-0.000134118085939029j),(-0.01935144516164553-0.0002176136673724094j),(0.9998541036211339-0.017081319386360483j)
(1.0214349388371637+0j),(1.0463265807181608-0.010011382737246947j),(1.0595879060085989-0.004030058205109392j),(1.0434741303670774-0.0041799456059040995j),(1.0421956821349214-0.0014318977626259959j),(1.053623189983162-0.0022360731070289333j),(-0.0315496723822171-0.04609790306460221j),(-0.02621719315738857-0.015345711882461146j),(-0.022999643490974758-0.033354435702852056j),(-0.026935869671486378-4.05794249307687e-05j),(-0.026624642369124537-0.00011105424067365551j),(0.9997640122016709-0.02172371760121233j)
(0.9990335815702525+0j),(1.0102825683773662+0.010324884956853152j),(1.0131592655189365+0.02908866446914466j),(1.0120944030974262+0.005198991780882978j),(1.011236663681715+0.007228898427375828j),(1.0152192354986085+0.016867670130154864j),(-0.02354288547274571+0.003920243615766431j),(-0.01836121062879905+0.038414513649284256j),(-0.01665878968939078-0.023485235408560526j),(-0.020678333975580727-1.7069628144282498e-05j),(-0.01977979689686214-7.33684385172402e-05j),(0.9998137076246122-0.01930155553126592j)
(0.9884611640976704+0j),(0.9975518758166363+0.016609818174509156j),(1.0039327313124404+0.028108735572634012j),(0.996270596815262+0.01710567584543264j),(0.9979007208123407+0.014401041697790117j),(1.0034372084433354+0.020791376606775047j),(-0.024290595810009058+0.01989939808572609j),(-0.018856888448880376+0.01997608145715925j),(-0.01679753585606308+0.03267377479489144j),(-0.02122685400841211+4.58839697237091e-05j),(-0.019517923990252616-1.18372654706538e-05j),(0.9997687170118931-0.021506103421895427j)
(1.0000350041789923+0j),(1.0158373665177731-0.007536490244881415j),(1.0146761758897447+0.01759531668441388j),(1.0057429259981323+0.014823167050964092j),(1.007940288672287+0.011173354417291687j),(1.0141943495592338+0.011749559691116795j),(-0.020597889820480598-0.04966713048798277j),(-0.01490806925558649+0.016168137303684573j),(-0.013182381210598466+0.04460055923669418j),(-0.018046655785200306+5.01558079480912e-05j),(-0.014678560892603476-2.18112126425658e-05j),(0.9998776709255667-0.01564107363528013j)
(1.0167626782144186+0j),(1.0363130597921661-0.003588398766681269j),(1.0469167155236863+0.0032249632779232664j),(1.036810435290761-0.005292600087294603j),(1.0349713367229747-0.0014524916279586822j),(1.0432251623666338+0.0011390148787033434j),(-0.027074640219565602-0.025828839003932458j),(-0.02257361365974431+0.0002467363690234023j),(-0.020333051411587567-0.0463396651587216j),(-0.023660034351152062+5.6046734409698296e-05j),(-0.022245163666212497-4.2891487398919e-06j),(0.9998144743800069-0.019261796910734964j)
(0.9957111638392774+0j),(1.011142286993708+0.004669064138946789j),(1.0137952517153521+0.0318767602010444j),(1.0065328998715781+0.0158389712800218j),(1.0076714884429694+0.013755513091942083j),(1.0142337782227324+0.020406480967070744j),(-0.025744133571310744-0.02107608710411917j),(-0.02292631467855153+0.03377635883067842j),(-0.02042205675541815+0.024792664594766114j),(-0.02362763161958992+5.06447221203254e-05j),(-0.021573744610418735-4.7586782848549996e-07j),(0.999740155799361-0.022795194280141172j)
(0.9985341840017561+0j),(1.0134495472550176-0.0025266254991511204j),(1.0098815977370303+0.03250617127356016j),(1.0072184361800758+0.013034679047308435j),(1.0080483408351784+0.011673610203433516j),(1.0125406327825943+0.01840752039022028j),(-0.02149072843224308-0.04134037355755285j),(-0.018282890971559013+0.04488007127901285j),(-0.016300071803099853+0.016593097676781476j),(-0.01973988084739318+4.11362085980896e-05j),(-0.016824437356609656-1.1559758462901399e-05j),(0.9998376249209123-0.018020094131524868j)
(1.0079935507606548+0j),(1.027306181886322-0.00906023009820729j),(1.0386799335787738-0.005777046956302684j),(1.0188084141848346+0.01083474624316884j),(1.020922090022833+0.007003985516146026j),(1.031670677091049+0.000947145249642909j),(-0.023019720566020706-0.042720940689304654j),(-0.019906811963445164-0.031378843503295485j),(-0.018200106473775415+0.046445165641151365j),(-0.02207576233537376+7.96716630549916e-05j),(-0.019440102527903066+2.00678095443628e-05j),(0.999833376867013-0.018254273546366964j)
(0.9855964799253636+0j),(0.9958904726694799+0.019219622084569045j),(1.00151090935905+0.039740870546292j),(0.9952597724318805+0.020660399566840803j),(0.9968016338258404+0.017855552960109888j),(1.0023606437934136+0.02737902889697931j),(-0.02690174944224659+0.019203133187729492j),(-0.02355528438414056+0.036392790368975234j),(-0.021839849060782464+0.033130403845999086j),(-0.02532109740340661+9.20444718171607e-05j),(-0.0228281403006998+3.5511152056336895e-05j),(0.9996696517152857-0.025701895639028083j)
(1.001746096326061+0j),(1.0191714434287427-0.0013673494519985748j),(1.0225573464119595+0.023932529906819943j),(1.0141548388066295+0.011908224754799713j),(1.014896843073147+0.010557907509908896j),(1.02205755252689+0.01501968103953312j),(-0.024901245683645563-0.0347551332867839j),(-0.021899777619405526+0.025139084692236392j),(-0.020599337640111237+0.0161263972031387j),(-0.023752804279506046+3.4795077402705096e-05j),(-0.02130918215221967-1.5377635336784602e-05j),(0.9997711445451851-0.02139295526126504j)
(0.9910405997153733+0j),(1.0056827716627783+0.0049639610556905835j),(1.0045300698826218+0.03952654920267086j),(0.9992986259592481+0.020938396657080957j),(1.0012214159686212+0.017459161860569974j),(1.0068069011373346+0.02506694836540082j),(-0.025019000363161938-0.02556148619732572j),(-0.02164817181382307+0.04483417861737125j),(-0.020587270646684037+0.04128243380839033j),(-0.024161426727872002-8.4517220921394e-06j),(-0.020827430164954048-5.15697248124459e-05j),(0.9997336683192605-0.023077964141466144j)
(1.002584617859381+0j),(1.013485614747229+0.0181718560351787j),(1.0316416541211577+0.007183827029564916j),(1.0208060720711423+0.0011586083388831698j),(1.0196135626328486+0.0034378640241080785j),(1.0268581440618163+0.007924321643329086j),(-0.02650403093142477+0.04110214834663913j),(-0.02219657841628893-0.010109925967871157j),(-0.022657001175719622-0.027754342972888098j),(-0.025098124212372182-6.16463661347598e-05j),(-0.023224170099536565-0.0001130935395928261j),(0.9997441375645096-0.02261988959731693j)
(1.0179404716784877+0j),(1.0415876595772657-0.00418250562449637j),(1.0578136256927049-0.0010440017852473432j),(1.0412326289780054-0.0015361604462936361j),(1.0399294597772188+0.0006954585959196719j),(1.0514418586208003+0.0007493962321736913j),(-0.03173154933090224-0.029627885064544078j),(-0.0281233008057011-0.0160681954248398j),(-0.028049937190980482-0.028517552594610692j),(-0.02961023935744933-0.0001740868559382535j),(-0.02849278819844005-0.0002216674667150411j),(0.9996959380908439-0.02465829200629273j)
(1.0098866705826777+0j),(1.03340164800525-0.0064565668717989j),(1.0502141996410983-0.006284751152018138j),(1.0258662724061405+0.011624570839174354j),(1.027519070765956+0.007771908901261578j),(1.041333685877862+0.0018646657349058295j),(-0.030401283063855398-0.038238118167523906j),(-0.026809017709169065-0.03919499049201211j),(-0.02681766404111276+0.04444674173854529j),(-0.026693599853609362-0.0001429967175487713j),(-0.027025528051446104-0.0001839958783820011j),(0.9996993814081538-0.024518295457772128j)
(1.0032242298266019+0j),(1.0191220065793531+0.014614842813159803j),(1.0435738711390163-0.003925576042252423j),(1.0217253064352791+0.007677839311683717j),(1.0221178036036345+0.006367998790496383j),(1.0340062645498547+0.00486992113362863j),(-0.03133602158311812+0.03065502482845908j),(-0.02799828954213467-0.04197656079569589j),(-0.02736740156412634+0.013911859448362726j),(-0.027939885219087798-0.0001894435412956184j),(-0.027306748006046707-0.0002323493048492026j),(0.9996444825052611-0.026662869252740147j)
(1.0078154212518045+0j),(1.0249226490519494+0.004010169952189631j),(1.0394139339748105+0.0016139854693730186j),(1.0245342358789753+0.0038477614181497964j),(1.0242395085037412+0.0039602366413438546j),(1.0336139554112092+0.004130837658237054j),(-0.027837533436116568-0.0035192914719021856j),(-0.02272661100039489-0.017019719266113113j),(-0.02285146359144946-0.002934916291106724j),(-0.023244606722549754-0.0002232596073858144j),(-0.022279207550242618-0.0002704792541150552j),(0.9997666327027863-0.021602780703697762j)
(0.9922115780920078+0j),(1.000354923648555+0.02212669157752497j),(1.0092291613420494+0.031977154333875116j),(1.0062625857464265+0.009222932252106554j),(1.0053578506717802+0.01024875123124427j),(1.0097691249213503+0.02107088691897847j),(-0.025538742868929352+0.03787371992745998j),(-0.021794256316877862+0.03199132089039738j),(-0.02283822928516461-0.014346859231196532j),(-0.02179005809448059-0.0001962025595971727j),(-0.02170093601120946-0.0002340539838786875j),(0.9997291132440714-0.023274452350646648j)
(1.0039152092529675+0j),(1.0155481900962817+0.011080394014907268j),(1.025307752199727+0.014972917219043628j),(1.0201637545021451+0.0005264705024715651j),(1.0183809206769066+0.0031437049868460127j),(1.0238680030113332+0.009640815800243011j),(-0.023988279011289467+0.015541769848034312j),(-0.01903961476611545+0.01311980628121482j),(-0.021525559616507955-0.03385632385827066j),(-0.019266187929536997-0.0001868018728040845j),(-0.019837326418700053-0.00023244608739463572j),(0.999812007544373-0.019389419024061348j)
(0.9997556764012848+0j),(1.0096490597603887+0.0191897210289011j),(1.0225290416035249+0.021562396759428375j),(1.017456112517837+0.002145665043035019j),(1.0156021538118016+0.0051374774469062235j),(1.020949395213165+0.014264116317472644j),(-0.025711890949875183+0.03667069395629935j),(-0.023128174094604464+0.01864130854490737j),(-0.02344622339065996-0.03768557325408182j),(-0.022771125143273084-0.0001724958701909722j),(-0.02211498315227848-0.0002200847238700446j),(0.999743851004158-0.02263255132272823j)
(0.9994151622476302+0j),(1.0071390177704072+0.021868284148901726j),(1.0203999362899803+0.022012593810392316j),(1.0171426995225128-0.00024460608671324517j),(1.014922558770778+0.0038310520759611247j),(1.0193437857675482+0.014142200294792016j),(-0.023986562638440283+0.046778748500543255j),(-0.02212369687866831+0.021117334913692276j),(-0.02134255675918546-0.049649552516588744j),(-0.022205427467396687-0.00010487109293629j),(-0.02155407414996199-0.0001406905965094884j),(0.999769601617231-0.02146494076682147j)
(1.0043205975218639+0j),(1.018420964725333+0.011991422384387627j),(1.037187782868918+0.005108389219244267j),(1.022296174922853+0.004049647846528285j),(1.0216579947986777+0.0047444833593931505j),(1.0308361430447919+0.007005236599389243j),(-0.026438406371769797+0.020898295874971884j),(-0.02584488631193205-0.01588901105062135j),(-0.02454146766398301-0.009982505654135465j),(-0.02463299267110329-2.7719702906326e-05j),(-0.023978334307827233-5.79285484043383e-05j),(0.999724816689962-0.023458279864937398j)
(1.0042044319039034+0j),(1.0202808791322477+0.009894430151650674j),(1.0447808936442722-0.008470330265200467j),(1.0211385290530524+0.008909041966474573j),(1.0220473795091605+0.00648079494674846j),(1.0344099805976745+0.002529877159238224j),(-0.02751457866561133+0.018887881102125657j),(-0.02729859015900296-0.04982352089995355j),(-0.026690133362599424+0.027166353732990235j),(-0.026544280018492336-6.18276039945406e-05j),(-0.02605530457843941-9.64117917243372e-05j),(0.999688590839346-0.024954385298831448j)
(1.002882938354274+0j),(1.0177899290514316+0.015559810886472205j),(1.0307404467223378+0.02767584804287699j),(1.0245734191891598+0.0029096163154815674j),(1.0224774094315179+0.006389625848714716j),(1.0294326764091453+0.016987208737389584j),(-0.029912702676300692+0.018920958175485305j),(-0.029397500625884133+0.029164758079808607j),(-0.028587188086721463-0.04372012081968228j),(-0.02862141754062249-5.07679219641507e-05j),(-0.02755103194830739-0.0001087316048908073j),(0.9996312831195227-0.02715322833139134j)
(0.9816214990316254+0j),(0.9907125729788001+0.029827293335006312j),(1.0025912036662377+0.045755522673171053j),(0.9947637259295223+0.02209982365060634j),(0.9956835836450587+0.01972755363846596j),(1.0023770999425488+0.0322769583360349j),(-0.030679888880448685+0.0471689960902151j),(-0.03043286999293184+0.037743947049076076j),(-0.027892204648849055+0.025980101690816573j),(-0.028011122540548543-1.21342901396182e-05j),(-0.027986700452893348-8.39125523678704e-05j),(0.9995195932271743-0.030993269511040644j)
(1.014013910841089+0j),(1.0346394303081285-0.0028141929915637977j),(1.0427679508088403+0.019504687563867317j),(1.0357367784946236-0.0017549915819181337j),(1.0334495865680797+0.0021700408642585725j),(1.041228716627491+0.009234583896990082j),(-0.02772769533999954-0.03407928978027432j),(-0.028409890399783373+0.028213214119213494j),(-0.025961435098144182-0.04938816672535961j),(-0.02573719964025543-4.33965644073831e-05j),(-0.02459454619017375-0.0001154463737506363j),(0.9997392686191993-0.022834070612760337j)
(0.9960180544168656+0j),(1.008098927622594+0.01680250398582548j),(1.0169217647746798+0.03491086260888531j),(1.0125919794496103+0.008827960084677046j),(1.0114253268579094+0.010277606199830983j),(1.0170612679189595+0.021599923220039206j),(-0.026907797253126347+0.018418345657797174j),(-0.027439664809095175+0.03876275929047599j),(-0.025452685349148012-0.01956999841068325j),(-0.024230049394051826-3.3796105978077394e-05j),(-0.023816613401891076-8.44198372709261e-05j),(0.999679466900194-0.02531725613378727j)
(0.992184879790474+0j),(1.0050751439412995+0.017012031785838214j),(1.0201440185941995+0.02318131765344347j),(1.0057167435335947+0.01702739608560747j),(1.0067511464548669+0.01416787377866986j),(1.0155514459277013+0.019079813665784744j),(-0.027801683353209865+0.02178307708987867j),(-0.028510151830757596+0.0046196388070766405j),(-0.02672190158039989+0.03140488896138803j),(-0.025325853884273112-2.08716037269591e-05j),(-0.02416914459904568-5.6968954244860004e-05j),(0.9996351697570669-0.02700976461874397j)
(0.9967480084960897+0j),(1.0113955607949554+0.02041341910842061j),(1.0360026936507345+0.009636311565030807j),(1.0150001946297205+0.012990590241247478j),(1.0155174188543523+0.010918283342668622j),(1.0270498279991103+0.01301605475414133j),(-0.03215275126966943+0.03949102557054403j),(-0.03320913775014478-0.024354224483057123j),(-0.03066251080239512+0.021690485969420723j),(-0.028712002976141602-6.664698848506729e-05j),(-0.027935732424806913-9.31559411347527e-05j),(0.9995516830801813-0.02994048849930064j)
(1.0054407373695697+0j),(1.0270671873156543-0.0016385969279853593j),(1.0440199478019212+0.0017394133182729267j),(1.020963163806127+0.014178452807639415j),(1.0226114010973226+0.010142952456849732j),(1.0354242562086649+0.006579885494078968j),(-0.029716901224072393-0.027287236208826803j),(-0.029494495283504733-0.028267830564859268j),(-0.028158912275502573+0.04603982822130974j),(-0.02702747597968996-1.63964510461765e-05j),(-0.025387025019157284-5.20737186631663e-05j),(0.9996661311630979-0.025838463681185742j)
(0.9940626694191078+0j),(1.0078282873163975+0.012163789711093081j),(1.019102710694289+0.02356516611523022j),(1.0066504066897919+0.01620987204000906j),(1.007464663597578+0.013385247724637749j),(1.0155307796057331+0.01806887671993386j),(-0.02686668902579628+0.006934911550602962j),(-0.026436217174695235+0.010383346482151182j),(-0.02619022836960411+0.030067375477481506j),(-0.022611374218688467-2.43545801738655e-05j),(-0.021614927773113277-6.37750821934052e-05j),(0.9996873113770619-0.025005588809330875j)
(0.9906176136485793+0j),(1.0028913859812818+0.024576059198247298j),(1.0178847650415415+0.035857663903728736j),(1.0083286559432987+0.015031131165638862j),(1.0079406609919415+0.014527567521044369j),(1.0155322376579525+0.025230910985051043j),(-0.03161244825808963+0.03817082535046655j),(-0.03246949148582452+0.02692734231635128j),(-0.031433869143019794+0.002458383002773786j),(-0.028621340864110695-7.239799086777481e-05j),(-0.027546882863632-0.00011189624611495689j),(0.9995245457743717-0.03083313792879199j)
(1.0026952177849127+0j),(1.021325057885606+0.007514153277816418j),(1.031744549649757+0.028493837336655232j),(1.0222512527568863+0.009072545760132398j),(1.0213242891725998+0.009812486129979064j),(1.0298276760306182+0.017876427423666883j),(-0.030545120197151058-0.01040568423041556j),(-0.031102484695141007+0.028114972719433983j),(-0.030124970511219443-0.011876635294796167j),(-0.02812762993973115-3.53773128330407e-05j),(-0.027269043677079205-6.55717038932537e-05j),(0.9996124126186708-0.027839262538367174j)
(1.011841232338933+0j),(1.0342564392627418+0.0051600720729002j),(1.0598434029367554-0.008354196900241152j),(1.0349576891060055+0.0049366958243493644j),(1.0345726096840153+0.004211152296528725j),(1.0489221136105231+0.001107599418449573j),(-0.03457153072621548+0.001383415194553784j),(-0.033249453249341275-0.046637808200574525j),(-0.0338589247542292+0.004768075015540241j),(-0.030012719938187705-3.48783119344762e-05j),(-0.031064061099864124-8.94608477056732e-05j),(0.9995826155513-0.028889352495718067j)
(0.9953222567336217+0j),(1.012236987406065+0.015945003920304006j),(1.0305152130162514+0.019405344103470744j),(1.0120554043080021+0.0168182929085672j),(1.0129083003733002+0.01386755079599694j),(1.024139864273219+0.01763245823021635j),(-0.03349797304400778+0.017659583086617837j),(-0.03244531773811849-0.005079798536220828j),(-0.031224317442502585+0.03158827111223042j),(-0.027957271552262318+3.87235953930618e-05j),(-0.02848001211581248-5.41886969286e-06j),(0.9995361117150563-0.030455892328848256j)
(1.0054425032466265+0j),(1.0280586656465986+0.00564510070838715j),(1.0358406048885749+0.03699758674806402j),(1.0285511604182707+0.007797488307518074j),(1.026653392048477+0.009877367568871746j),(1.035712249834185+0.021159091937647465j),(-0.03633259358027959-0.023580493850791584j),(-0.03517989568834194+0.04637637261879159j),(-0.03456080957602271-0.029490890801482168j),(-0.02997294023409992+1.8515948217511303e-05j),(-0.031483395631431266-1.84709916137691e-05j),(0.9995193354333015-0.03100158213658278j)
(1.0098114668471392+0j),(1.029206156376337+0.0057388473200804405j),(1.0455450617248843+0.011224786063752705j),(1.0316896169638043+0.001913769887441896j),(1.029996359740671+0.003902460042279986j),(1.0402048462348086+0.008290170723450091j),(-0.030663282533525967-0.00421629029228405j),(-0.030751832881927583+0.0001907218080286483j),(-0.029460711942859562-0.027605293260401533j),(-0.02573318676883224+4.0841373663486706e-05j),(-0.027273219425748958+1.84610524890001e-05j),(0.9996642871795002-0.025909707406718312j)
(1.0008813617061987+0j),(1.0194723782152566+0.009364598636147333j),(1.03991407340963+0.006178195606339795j),(1.0176485182896537+0.014041917110626889j),(1.0186654899313317+0.010771633024195822j),(1.0311666158988657+0.010154399499173038j),(-0.03168132718238359+0.005402752858827775j),(-0.03157854350605613-0.02586477446173828j),(-0.02999018215264342+0.03555623815970033j),(-0.026606817887827608-3.3703320890725706e-05j),(-0.027040510585518138-5.3057366867458e-05j),(0.9996045580021617-0.028119879468142372j)
(1.0170456083752801+0j),(1.0416724345619972-0.0016939708610262912j),(1.0592151418054547+0.005547246834201406j),(1.042449880200597-0.0006835724238863687j),(1.0405750267411178+0.0018999069382776973j),(1.0525405735130933+0.0042567731559983515j),(-0.03415046600582128-0.026599880613719363j),(-0.03388875081444293-0.006899320244947546j),(-0.03244953387688216-0.034630858005507976j),(-0.03022949669103582-4.9306476015307e-06j),(-0.02989838816425859-3.1555182796075e-05j),(0.9996200851820022-0.027562389241984304j)
(0.9988025359518933+0j),(1.0251114175964624+0.014405263576511975j),(1.0489079377841526+0.023983570295172042j),(1.023324294599849+0.020787148766174792j),(1.0244216380096338+0.017402483581890928j),(1.0405047024219922+0.021536470743186244j),(-0.045553799076127756+0.0021445519297922573j),(-0.04489862160910455-0.006779971492803505j),(-0.04295543029551464+0.03704698667915094j),(-0.04117783629212931+4.27800429669e-06j),(-0.041488314212813134-2.0835564243397e-05j),(0.999140736549728-0.04144621293757832j)
(0.9961075660178241+0j),(1.0163861243450143+0.02749565647357598j),(1.0399357315637463+0.03534731508869557j),(1.0236500446430705+0.013716111720352687j),(1.0224964426059633+0.014578781638103472j),(1.035002019861521+0.02627088300949522j),(-0.044874761295633406+0.041629144065566066j),(-0.04377202542626048+0.018276343869796666j),(-0.04246788885789432-0.014284738583222987j),(-0.04035293401064682-1.8376904751107e-06j),(-0.0417575450753654-3.0568691513607e-05j),(0.9991445726160988-0.04135363359843051j)
(1.0158388295935976+0j),(1.0436676911795608+0.0016843200352772505j),(1.0630640374397204+0.013727484852594401j),(1.044934976654182+0.002148812344092625j),(1.0430330931588458+0.004817579766626531j),(1.056783187594358+0.009648015828974326j),(-0.04059622103428521-0.02456528028486701j),(-0.03960014732257547+0.001866857687952859j),(-0.03811699418790668-0.03571046963283354j),(-0.036887384677812364+3.28849638605715e-05j),(-0.03783248431295358+7.3865239805278e-06j),(0.9994287580422375-0.03379582219965489j)
(0.9891476853212493+0j),(1.0096287589946298+0.022022135974731846j),(1.0236696777594654+0.047326093463026714j),(1.0098670188558807+0.023763688508659838j),(1.0106575506008435+0.021278979969618965j),(1.0220357545627612+0.03321594784567191j),(-0.042303457844283715+0.014734688279652908j),(-0.04011958433112658+0.03773585338136789j),(-0.038819332157617584+0.026663043268267628j),(-0.03827108825561131-4.8640952552788e-06j),(-0.03901851160924255-2.85726172475543e-05j),(0.9992041904312868-0.03988716365645208j)
(0.9906859424699547+0j),(1.0089756045568767+0.028801157234983242j),(1.0312115434143687+0.037126799621651156j),(1.0143267821882318+0.01926736075244693j),(1.0144876987363003+0.018039161150549262j),(1.0266267001063294+0.028723920165852627j),(-0.042630366099845385+0.043632240070462694j),(-0.04100850900265886+0.016597244700683633j),(-0.03991195763947156+0.011880569400076589j),(-0.039939187541691-2.31922502359234e-05j),(-0.040349907770957344-3.73232978277408e-05j),(0.9991735845470648-0.04064662277938415j)
(0.9977698439058112+0j),(1.0203672491101579+0.02414313390212055j),(1.0398207302398388+0.04394536619648386j),(1.0270963077768671+0.013408369039297659j),(1.0255767789798853+0.015263257863686631j),(1.0373757885310397+0.029505205644093823j),(-0.04591689241926295+0.02549583891583852j),(-0.04509338337275455+0.037985208539103935j),(-0.04425896768399208-0.02561338855287937j),(-0.04393476961398298-3.1594971089053e-06j),(-0.043813644121001194-1.79239721041662e-05j),(0.9990838815674112-0.04279483137243317j)
(1.0025946057218715+0j),(1.0225973506649761+0.02611164479698557j),(1.0504678255836069+0.022389623612556694j),(1.0328111566020712+0.006435854824718003j),(1.030957711096724+0.009185055680298308j),(1.0434066839284262+0.018392694641785425j),(-0.043128698390421195+0.048064221878578804j),(-0.0425648985501707+7.88624036702074e-05j),(-0.041777822250443256-0.035942301409129254j),(-0.04222600215258797-1.99358565240409e-05j),(-0.040324093801296396-1.4570858584738699e-05j),(0.9992206529271075-0.03947260776697034j)
(0.998414608476679+0j),(1.0153908006709569+0.02519343976136308j),(1.0389696929793566+0.024748839583136135j),(1.0236817322049079+0.009588757422459715j),(1.0225905455821844+0.01093946946232807j),(1.033162621948416+0.01970056764766808j),(-0.03843705393736365+0.044891995953666705j),(-0.037813790246361174+0.005310849441892287j),(-0.03725601242848211-0.01860773628637112j),(-0.03778339978782179-5.03406753520065e-05j),(-0.03461344210549544-4.40511073318643e-05j),(0.9993567619979581-0.035861710067376075j)
(0.9953077740101415+0j),(1.0157085540942177+0.02116463718472633j),(1.0333926181043873+0.04009021077986035j),(1.0200624202456816+0.016684103403947256j),(1.0196797630152987+0.016574957792621404j),(1.0305560179701547+0.02794387608765913j),(-0.04040244810722693+0.019411241712323283j),(-0.0406161936238004+0.030604692669340995j),(-0.040586882830880425-0.0013018362198895944j),(-0.04113748930212739-2.76202753805334e-05j),(-0.03843740578637896-1.69398458582519e-05j),(0.9992273225039403-0.03930340903288751j)
(1.01848143410813+0j),(1.0471966910073902+0.0011155935768220413j),(1.074725394899598-0.00418438953577356j),(1.0487864839760175+0.002481779845459512j),(1.0479089886169186+0.0037461887859299783j),(1.0637610266062159+0.0021752867790978334j),(-0.04040918241742067-0.016862799321576617j),(-0.04058153066559459-0.037791271135803925j),(-0.040143929719910675-0.01713005489188936j),(-0.042681343663301646-6.148170562612901e-06j),(-0.0384634641497527-1.7363076253496203e-05j),(0.9993921728497499-0.0348609358258712j)
(1.02456212166531+0j),(1.0573217721579855-0.0035434767756158825j),(1.086128941416507-0.007869187844786659j),(1.058419383184318-0.0007896259522213393j),(1.0570892957730498+0.0015461851142967741j),(1.0742863277595576-0.0008137872630209039j),(-0.04405705531265171-0.03109962437029064j),(-0.043940983251689866-0.04175353012184849j),(-0.042715757579601984-0.03020610463335365j),(-0.04643133936671964-8.736247397210841e-05j),(-0.04134859058943974-9.69519910626606e-05j),(0.9993353302782252-0.03645404857777373j)
(1.0038271246537562+0j),(1.028424234548527+0.015283848018127355j),(1.0433896508913345+0.04316389268105658j),(1.0336143133123508+0.009139814668709495j),(1.0318849809510426+0.012483134058791716j),(1.042203471347138+0.026362977172561336j),(-0.04350135336414897-7.50624015930867e-05j),(-0.04356890127676905+0.04742430933574281j),(-0.04098547902298616-0.04113438164906864j),(-0.046102310825025375-6.45283167523229e-05j),(-0.04038747009559885-7.625483233185321e-05j),(0.9991988514917345-0.04002068437194331j)
(1.0054920184218086+0j),(1.0309077089855192+0.008889111753926319j),(1.0499179869985997+0.025348434950570826j),(1.0317928111517964+0.011963228688421963j),(1.031718472401313+0.01225415723117592j),(1.0445166241926491+0.01852167427106784j),(-0.04027501565696909-0.010827773383637006j),(-0.040704991060153364+0.011288608349966332j),(-0.03793091831237134-0.0036012214425801474j),(-0.04367838640731889-1.55905032610727e-05j),(-0.0381736092724075-4.94481127273483e-05j),(0.999302563222456-0.037341493502927876j)
(0.9891500589962431+0j),(1.0081976176298009+0.02369327042049106j),(1.026503025510963+0.04196266275243821j),(1.0103877778848789+0.023506500098459508j),(1.0117596597086582+0.02101012209797438j),(1.022934894701209+0.031065209723813738j),(-0.039670948597990835+0.024183635662823638j),(-0.04066539305516508+0.025533816244502638j),(-0.03797672819888881+0.029622991324499102j),(-0.04342520315199501+4.8010398912371e-06j),(-0.037834294823709425-1.04925624081389e-05j),(0.9991940819006956-0.04013959011532079j)
(0.9913901192608903+0j),(1.0097978160323062+0.02585619749167127j),(1.0355948445795025+0.027780380840965818j),(1.0136961192105467+0.021114499188014973j),(1.0152534326634297+0.018460162512662293j),(1.028066765630371+0.02470255254977511j),(-0.03963106018123534+0.03980214077907611j),(-0.04139844507809202-0.003461989815311149j),(-0.037624039145861286+0.03208278023424283j),(-0.044201333148912884-2.2911611286133103e-05j),(-0.037871638570394175-3.4977029624155404e-05j),(0.9992007722199754-0.03997270062186055j)
(1.0114771583749762+0j),(1.0386875325524634+0.011843195075323902j),(1.0724306668717356-0.000767236654447758j),(1.0421812824243573+0.00786903872676575j),(1.0423973923512888+0.007952322578883187j),(1.059329447850775+0.007015141956703083j),(-0.04386896885758614+0.012915323841393765j),(-0.046412015127791764-0.04552859274932631j),(-0.04097959680858335-0.0002611682298835092j),(-0.049151193682422885-4.45208068384471e-05j),(-0.04148030865954605-6.01421163426085e-05j),(0.9992054086327388-0.0398566350697278j)
(0.9942003811915099+0j),(1.0111980435323216+0.028540641806482067j),(1.0304752722572172+0.04428871954452841j),(1.0202058527991993+0.01219297900863494j),(1.019235360782945+0.014661101428924678j),(1.0282853611133789+0.029455221358229918j),(-0.04002063121951195+0.042996539135055835j),(-0.042381962042792556+0.039481046867935576j),(-0.035763909380051785-0.028627232069689316j),(-0.04366044962713821-0.0001082553775520294j),(-0.03754482315368772-0.0001240700693286342j),(0.9992388529887047-0.039009161460068574j)
(0.988933579649284+0j),(1.0113350231019291+0.014751860169916819j),(1.0218050323305785+0.05181391441434191j),(1.0074336331650342+0.0278294865147821j),(1.0096285595431287+0.024062336660064465j),(1.0205319492816725+0.03497191267001471j),(-0.03979443214006019-0.011529965203276645j),(-0.042275736217219216+0.0463316738517346j),(-0.035962710519396195+0.045255360699669844j),(-0.042503807885340625-0.0001935177555368491j),(-0.036319089019249885-0.0001808251426037364j),(0.9992202140169325-0.039483716896406326j)
(0.999498709863131+0j),(1.0253482986122175+0.013124285683473007j),(1.0404788616167113+0.042403178958814944j),(1.0251789733495118+0.01708330739791206j),(1.0253592942435472+0.016985133815282754j),(1.0372572029990486+0.0278366615845996j),(-0.044514899288882165-0.01002895497866307j),(-0.04569454508630582+0.0375167355635654j),(-0.038883060464345635+0.0012165700985146658j),(-0.04532696300691447-0.00017925653764948722j),(-0.03853563916992387-0.0001666076200310113j),(0.9991734575445977-0.040649744628644326j)
(1.0040400356919663+0j),(1.0335693112160036+0.00734604398744831j),(1.0531871062140905+0.029175948761895745j),(1.030700731461983+0.01754951938216435j),(1.031575608010579+0.016037863579112844j),(1.0464907227579447+0.02170911641972245j),(-0.046239080710952014-0.022981180222275625j),(-0.046796029925492644+0.011137334524047141j),(-0.04088199129925489+0.0181714697807152j),(-0.047123775816530024-0.00015390244906472898j),(-0.04081867118180817-0.00013358952047515891j),(0.9991398324551556-0.041468002140007586j)
(0.9996571076096255+0j),(1.0224854137410604+0.02471094034145024j),(1.0585149503904576+0.005134769825567789j),(1.026708081453301+0.016080381354475468j),(1.0279961568480855+0.013588253035601j),(1.0446860758540657+0.013653270328992379j),(-0.046716543518118284+0.047534551825864316j),(-0.0465584709541507-0.04847020836485574j),(-0.041703030030366926+0.029390204135526565j),(-0.047031149743151764-0.00023461067538614169j),(-0.040174213645420946-0.0002140201691715677j),(0.9991092383055338-0.04219869586297688j)
(1.0175436778371325+0j),(1.0471442169696024-0.0011228331896038838j),(1.0670441978199625+0.011525380276720652j),(1.0471756061389437+0.0025722832977265533j),(1.0459010101455262+0.0050346177003269005j),(1.0595857905725128+0.008279402243615909j),(-0.041881469897987376-0.03336363826414542j),(-0.04152985295739949-0.0023533466559466517j),(-0.03757036311514643-0.0308793091953356j),(-0.04207246485575668-0.0001566456473881587j),(-0.03588906488842962-0.00014233629616544068j),(0.9994039252015412-0.03452237378501453j)
(1.0031985932409249+0j),(1.0297356534138329+0.014325346908975002j),(1.0554089614369855+0.019720845771930257j),(1.030508685124692+0.015279255449053106j),(1.031105092109136+0.014016467759527756j),(1.0464345344802184+0.01808814935822187j),(-0.04572896380319044+0.00626786360462819j),(-0.04546231210793519-0.010068610293872505j),(-0.041275309668977564+0.014398347379275868j),(-0.04599342584950747-0.0001745919830413446j),(-0.04080902598147365-0.0001603391654581075j),(0.9991507584370348-0.04120390654656504j)
(1.0029117720403686+0j),(1.0294175698655865+0.019183853646112525j),(1.0496235839686403+0.04111440287347696j),(1.0345200815708464+0.011079759607745298j),(1.0331345034528605+0.013730523978848304j),(1.045909367145323+0.02692894016026623j),(-0.04899774870901539+0.010364573943386723j),(-0.049020007661909386+0.035655640442065734j),(-0.04337597597742964-0.03297412952334166j),(-0.048753730024427434-0.00021325135123480298j),(-0.044458797870763685-0.0002007334975623605j),(0.9990339734404446-0.04394450946133022j)
(1.0136735566185657+0j),(1.0424801373299537+0.013004985556848304j),(1.0706606522935762+0.0156737872477245j),(1.0482748912718556+0.0029107605730194675j),(1.0464742017865+0.006463948078457941j),(1.0618595299777074+0.012890667413324322j),(-0.048143847105467694+0.007633179639256092j),(-0.048416806801067525-0.006360875018237956j),(-0.04325937010742888-0.04423663429675122j),(-0.04876549029249816-0.0001828528202443512j),(-0.044539763719356876-0.0001862726739709587j),(0.9991367314568901-0.041542651018468144j)
(1.0117628303701156+0j),(1.0367454357387313+0.016076774574133805j),(1.0663385289673502+0.009160674533719246j),(1.0436740682149712+0.0019614332333393884j),(1.0419906947094018+0.005128952969572793j),(1.0567451753071415+0.010055286556177448j),(-0.044442811639392725+0.02371287850949494j),(-0.04436114547437734-0.018763038284452152j),(-0.03948772517748202-0.03968964500699469j),(-0.04362010025773933-0.0001923015401824741j),(-0.041207671991532926-0.00019459882932520458j),(0.9992685069605521-0.038242005659077954j)
(0.9919964658986722+0j),(1.0152992311370732+0.023195336849431977j),(1.0337171754977956+0.04799766089749531j),(1.017410283078789+0.02221459108994941j),(1.0178808825255037+0.020886343211235378j),(1.0307502993757662+0.03362126175716735j),(-0.04608135596620818+0.0165899117643218j),(-0.04663751314672498+0.03659901794615862j),(-0.04239516045679591+0.014218576632300833j),(-0.045435358749858525-0.0001483848228337143j),(-0.043961432168113344-0.0001467488306337408j),(0.9990227598350676-0.04419870282626863j)
(1.0024749431141962+0j),(1.0291350574886529+0.019220585004680765j),(1.0630421653830722+0.010273379256098156j),(1.0312291470560075+0.016500686689647787j),(1.0322105540897024+0.014174251146591236j),(1.0505688868874365+0.015566758083819294j),(-0.0480286252803391+0.025603548240936087j),(-0.04889342777448245-0.03696552551787441j),(-0.04397745834606353+0.02649173437197647j),(-0.04719340678325452-0.00013929480967203288j),(-0.04595549432305439-0.0001418665428169718j),(0.9990346971945322-0.043928052556759314j)
(1.0108700759777143+0j),(1.046331163370935+0.002772594158699287j),(1.0617507152705512+0.042678990978704825j),(1.0447895923711443+0.012671466741137527j),(1.0436386903481398+0.014531278686775728j),(1.0591845279061056+0.026117438781912306j),(-0.052436108345604776-0.047521586642314984j),(-0.05180202808664183+0.044873456144031j),(-0.048004067174827164-0.024394850073229266j),(-0.052119489553552424-0.0001038409641558952j),(-0.05088612306069024-0.0001087933884200351j),(0.9989431129159577-0.045963650396548504j)
(1.0041344399476195+0j),(1.027592229508443+0.025225199806523792j),(1.0580766226205787+0.020556194742942988j),(1.0360838952031852+0.007518941076112503j),(1.0347994484759864+0.009936744868832406j),(1.0497124603199883+0.018246199758944807j),(-0.04779790593542901+0.04336080429747369j),(-0.04643915817992033-0.007323171618810051j),(-0.04179845536964778-0.030098298109652918j),(-0.04665255996205447-2.57928577617055e-05j),(-0.04583048790767765-4.0122639025020894e-05j),(0.9990928587350748-0.04258473464254292j)
(1.011208845336718+0j),(1.0447072024173767+0.008637026640956629j),(1.0683886891990542+0.027630378423874023j),(1.0454671125732407+0.010366374126840648j),(1.044481170918345+0.011989590867758288j),(1.0617081905425323+0.019992465287429245j),(-0.05283710709131479-0.019007650766877035j),(-0.05117982949291205+0.011450579109941949j),(-0.04662557774215988-0.021171767859499823j),(-0.05098298874395277+1.40675004229976e-05j),(-0.05104273587156277+4.1596127019222e-06j),(0.9989586357960911-0.04562503664012367j)
(0.9954660121698727+0j),(1.024856192377999+0.027299021751614527j),(1.0517592663793573+0.04368060288241684j),(1.0281577365096581+0.021723355964410773j),(1.0281652938065133+0.02088238653333246j),(1.0456376245297692+0.03322894089928672j),(-0.05830792425057247+0.026279131708171987j),(-0.05508761355134069+0.019948868335491976j),(-0.05137298603188944+0.0074024271198746515j),(-0.05333737229699829-7.80221407345804e-05j),(-0.055590318691634694-8.39872047937096e-05j),(0.998615418853999-0.05260461222223898j)
(1.0269750209008681+0j),(1.0676515815491951-0.0029982763414845136j),(1.0994781007746448-0.0010750970038177904j),(1.0669375877291531+0.0012254012631436855j),(1.0652762591616065+0.0037795225403908905j),(1.0869505961877204+0.003664155983479236j),(-0.05767936618554312-0.040962340980679385j),(-0.05447296016957801-0.03647327575246536j),(-0.05072002148140443-0.034356902579506125j),(-0.05300693854290199-0.0001097829339653007j),(-0.054459376483746075-9.817110779679019e-05j),(0.9989772690459435-0.04521521789739023j)
(1.016470763688478+0j),(1.0565316446915969+0.0070492295995342675j),(1.093701373087769+0.004513196183695381j),(1.0553263094864227+0.01263889312122173j),(1.0554166555186522+0.011685156264933022j),(1.0790760219068545+0.011173436377356885j),(-0.06163024492751843-0.01690144257434889j),(-0.059793082650778574-0.04596403926035271j),(-0.05568855463803318+0.009133984684791829j),(-0.05845069491776158-6.320481692167699e-05j),(-0.058683431385791775-6.221013544880869e-05j),(0.9986568200507621-0.05181269888839762j)
(0.9999834580810385+0j),(1.032843355980112+0.01721672193706247j),(1.0545441148766568+0.046720211906108394j),(1.0329233453633795+0.021143015417669605j),(1.0327898614166695+0.020477103054786942j),(1.0499456168380359+0.03274241497040703j),(-0.056961147959047734-0.007505612458315461j),(-0.05551295584334255+0.03315001130270055j),(-0.05205557503304504+0.005041422943499597j),(-0.05356144706573701-9.951393309606731e-05j),(-0.05458070129947232-9.83375562456037e-05j),(0.9986738802884574-0.051482820722992526j)
(0.9910280196946807+0j),(1.0172361487145944+0.032582105632599626j),(1.0409955275626517+0.05399940542498281j),(1.0229518797106267+0.022391778233802062j),(1.0226286015241706+0.022366252561280397j),(1.0376004342686551+0.03848840293848817j),(-0.05708923462493118+0.0380781047941566j),(-0.05377952194657862+0.03896808234605172j),(-0.0506011104627124-0.001955287257751273j),(-0.05355172782072312-4.23272502868724e-05j),(-0.05397656527754273-4.7792839476024894e-05j),(0.9986211240978754-0.052496195152560175j)
(1.0082899481630296+0j),(1.0381169485592+0.016265220024453447j),(1.0594136034445687+0.035608096107463384j),(1.0430223673104873+0.0074913239433926915j),(1.0407501372640453+0.011032138721530754j),(1.0554275866666714+0.023539425994876545j),(-0.052972687311701856+0.003164965909056903j),(-0.0486413182185477+0.028960742459600158j),(-0.04702930297059552-0.046151694612136265j),(-0.047970057127236045-8.55807553582785e-05j),(-0.0495332785112892-7.57970228812582e-05j),(0.9989877713831347-0.044982581372771065j)
(1.0090005023223454+0j),(1.0380065423160463+0.004413005056865745j),(1.0488806143230844+0.03768783776809995j),(1.0372842609345247+0.008663932050628383j),(1.0356562832175595+0.011043407366070134j),(1.048007320653361+0.022379718954539232j),(-0.04537872461390439-0.03343362898903706j),(-0.040769390480565014+0.04363720974183458j),(-0.03927162269285485-0.03145178384794596j),(-0.03986319928729149-6.80970037504097e-05j),(-0.041830429161693355-4.5988866909613e-05j),(0.9992915855836626-0.03763411991384445j)
(1.0157639928100348+0j),(1.053382750020464-0.0021895557186212378j),(1.0815265176722069+0.005180644755978228j),(1.0475190419286875+0.013903225463068795j),(1.0483179756601282+0.011649302989657355j),(1.0693222983903443+0.009724360535833209j),(-0.05322752197676128-0.04395075069284955j),(-0.050991127127142266-0.034727003374793855j),(-0.047210819080192826+0.025355347381483876j),(-0.04929028634963248-5.04628064302209e-05j),(-0.04912106694443622-2.666819240545e-05j),(0.9990320553513221-0.043988093622171376j)
(1.0124400918682046+0j),(1.0425693233296154+0.007867173285312652j),(1.0742368143091654-0.0017116262533329292j),(1.0423747047494203+0.00973032887420066j),(1.0425509435310654+0.008563779424080197j),(1.061404696434944+0.006733510338963275j),(-0.047327265108890015-0.0019586991770415806j),(-0.04573847706655095-0.047453349312760365j),(-0.042942186305125536+0.011658667163281258j),(-0.04387756651803501-7.31675088133002e-05j),(-0.0442971100116568-5.050998803727e-05j),(0.9991970034985579-0.0400667967212604j)
(1.0241633092506612+0j),(1.0580286123080174-0.006495297552765827j),(1.0798258931079887+0.005625569059684655j),(1.0573215464807366-0.0007570190962800301j),(1.0553131167883296+0.0024334095639874246j),(1.0715476079372988+0.00446697573883321j),(-0.0451625999500211-0.04891168615288637j),(-0.043686835152365586-0.010358737763499392j),(-0.04145638030828238-0.041908579530724896j),(-0.04219805038733359-5.38898096293592e-05j),(-0.041770518936560815-4.88518425597615e-05j),(0.9993575889609172-0.03583865770676236j)
(0.9898123424140006+0j),(1.0105604395838812+0.030929663200972013j),(1.0315262297505918+0.049483697225511915j),(1.0166936523041779+0.020533094581280942j),(1.016365671379997+0.02025889841116897j),(1.0285086942158135+0.03497207629731692j),(-0.04761920698675888+0.04077290274743496j),(-0.0471021075983931+0.036843501203629336j),(-0.04432855524083014+0.0004978966416661946j),(-0.04503855321452485+8.9554309368677e-06j),(-0.04423778932783538+1.03242264489813e-05j),(0.9989752558244097-0.04525967576723323j)
(1.0058024735744011+0j),(1.0329609768329988+0.004731099305001609j),(1.0534956285003068+0.016813445576053243j),(1.0297030132835057+0.015142168986612626j),(1.030481579084208+0.013008101983633561j),(1.0456546649078167+0.015193359123165901j),(-0.04100192590573569-0.02125279208667777j),(-0.04080974445077275-0.008140544560159299j),(-0.03775086037491217+0.023907884562444515j),(-0.03907508894483247+8.83233021256642e-05j),(-0.03795822588186689+8.63114610057773e-05j),(0.999334730000865-0.03647050060114566j)
(0.9919792836443349+0j),(1.0098601508340457+0.028394778056984742j),(1.0349039749717002+0.029339866457956627j),(1.0152905230611555+0.018208669047769677j),(1.0157438016530325+0.016723465811612794j),(1.0282503324914902+0.024926901945388727j),(-0.04174473778268255+0.04750074313707463j),(-0.040785659669063896+0.001843996662960855j),(-0.0385464743333776+0.015815242232311313j),(-0.04009104343154561+4.84313139494088e-05j),(-0.038297660261286365+5.1371886662544696e-05j),(0.9992152831818887-0.039608305388366224j)
(1.002935147447263+0j),(1.0284076445222283+0.010815463449908488j),(1.0470087875580631+0.02719962621756332j),(1.0281070398675434+0.014417065824467487j),(1.0281761719627576+0.013781351257512672j),(1.0417414029956469+0.02041707423484355j),(-0.04239206531146144-0.007372263476346994j),(-0.04067334929330678+0.011242663259213437j),(-0.03848892449796938+0.006046223349395995j),(-0.0406641837851148+6.604280764877719e-05j),(-0.03951550172687166+9.39905789382652e-05j),(0.9992769815201109-0.03801991851721716j)
(0.9956508464367855+0j),(1.0161386657176434+0.019390925660055982j),(1.0285202860373406+0.04732827374062691j),(1.019495326825728+0.015038535165315512j),(1.018696410113137+0.0160528848214295j),(1.028440219421726+0.03026606357961384j),(-0.04044744387230813+0.010438570490428076j),(-0.03963560500358536+0.04921036514238574j),(-0.03670212392646713-0.013860330312418512j),(-0.03854583431025472+4.44913122228313e-05j),(-0.03818365436261384+7.19929200101921e-05j),(0.999289534007365-0.037688555601712054j)
(1.0113390376990739+0j),(1.0371702149960895+0.0121314843967478j),(1.0618787209664386+0.014572466295892454j),(1.0417626614831916+0.0036343518971781504j),(1.04015429879842+0.006385315058228065j),(1.0544091376274163+0.012283380059307148j),(-0.04360781204095239+0.007392570795106082j),(-0.04198768469651391-0.005666107507339177j),(-0.03890177965315378-0.03502048221703114j),(-0.041538547673203176+4.2528784589279e-06j),(-0.04114931503385627+5.3798619237765796e-05j),(0.9993035488125753-0.03731510861022554j)
(0.9967484349714973+0j),(1.021828724164587+0.007282550276528285j),(1.0336114367130351+0.0374744368004674j),(1.0165301516443976+0.022762007115932518j),(1.0180449855565679+0.01935277217022186j),(1.0308161490326089+0.026468821467805752j),(-0.03989943315297107-0.02627469112041315j),(-0.038416196938626634+0.027351233486542326j),(-0.036542447122156284+0.03913819241087549j),(-0.03820375770786734+4.0842819747043e-06j),(-0.03756273947962686+5.24346759498932e-05j),(0.9993153258384232-0.03699837218643535j)
(1.0102644159611538+0j),(1.0397619576697426+0.00019973249342627672j),(1.0617579269821213+0.008942523116759143j),(1.0351405141374286+0.01305135420599837j),(1.0359699117416254+0.010968668979398898j),(1.0524419233486546+0.01064942194416217j),(-0.042170884449045404-0.031726041290992185j),(-0.04129236502509377-0.02062615275184244j),(-0.037417832973474535+0.023749237076474784j),(-0.0395833173435092+3.38396646642333e-05j),(-0.038696446552966605+7.38045432345386e-05j),(0.9993518396468511-0.03599861934094715j)
(1.001977012507534+0j),(1.0240924129396403+0.013270399073171166j),(1.0519292737461945+0.002050473463830336j),(1.0231671341339064+0.015286633598859902j),(1.0248123507580535+0.011936721940104738j),(1.040308969148698+0.010031486325328555j),(-0.038805604195345+0.016065255258557173j),(-0.038238051933272524-0.04295008387532164j),(-0.03366885552478847+0.03953253545966423j),(-0.037007900533968234+2.73878246074098e-05j),(-0.03464615050210845+8.020513785782891e-05j),(0.999405980545012-0.034462821284150194j)
(1.0106286592867793+0j),(1.035792498912886+0.009546386103091787j),(1.0583607933753831+0.01651425304092068j),(1.039131551669042+0.004729925524537284j),(1.037975337810388+0.007079755679106405j),(1.0512392516446618+0.012766468644978943j),(-0.040656414412108016-0.001136651828612578j),(-0.04162003002466797-0.0004553246727073556j),(-0.03610420319732619-0.02882635861093684j),(-0.04116485785246212+2.2838445595483e-06j),(-0.03767224060635397+3.3171828939228096e-05j),(0.9993645170484331-0.03564494444591193j)
(1.0224743787490318+0j),(1.053493913591722+0.004044984881494274j),(1.08400863136774-0.004621477207977273j),(1.0570404143711027-0.0029547620083861343j),(1.0552220821096345+0.0007700983086178521j),(1.0722132020387174+0.0011654076969619535j),(-0.046823324561626765-0.007813775306887904j),(-0.045800206373074304-0.037609822169061474j),(-0.04002687734868086-0.0462351514503063j),(-0.04560028641965306-3.97682964388549e-05j),(-0.04241831585983483-1.8195105298716803e-05j),(0.9993038247264386-0.037307718867697064j)
(0.99286642357637+0j),(1.0167102826669328+0.024027979806352955j),(1.0396609988308603+0.03720760410186354j),(1.018142817939183+0.022343516729294154j),(1.0194318146746222+0.020218507166427476j),(1.0334597127070937+0.02918636988810264j),(-0.04819783966707259+0.024282113388174143j),(-0.04650362506851504+0.013081555773202157j),(-0.04106191832528603+0.025867018005011157j),(-0.04817697958441889-3.0220908817062e-05j),(-0.04272925194922273-3.9485742534659e-06j),(0.9990079885837607-0.044531323198716125j)
(1.0015611669881053+0j),(1.0304102517331701+0.002188675628226604j),(1.0437448161271334+0.03134154116141091j),(1.02304600941927+0.021326496541925845j),(1.025050245077911+0.018109813599513788j),(1.0390233078924445+0.0227472575342608j),(-0.043212347440627505-0.040717707320114656j),(-0.040971328355582745+0.01751568161517303j),(-0.035517478833353336+0.03992421465751423j),(-0.04345246435529637-4.0483334825749095e-05j),(-0.037772946222729746-1.81414004107747e-05j),(0.9992783006258943-0.03798523263354979j)
(0.9955500196170929+0j),(1.0170497152925728+0.024518574888026227j),(1.0386747588482554+0.034604446063670954j),(1.0211249299453766+0.016227982396291363j),(1.0213398468566408+0.016164148718892376j),(1.0334365000929449+0.02609381883575588j),(-0.04568364283256596+0.03117046577588408j),(-0.0429011920670061+0.016224342106084286j),(-0.03807038642897141+0.0011376735817752745j),(-0.04496809889270997-9.05756611852857e-05j),(-0.03922029195633519-5.59925274134944e-05j),(0.9991555701818069-0.04108706091543046j)
(1.003617713658757+0j),(1.0281644326093697+0.00925335601327893j),(1.0429001451302329+0.0292535989841576j),(1.0274322645004401+0.0122129693941681j),(1.0274452660788354+0.012524462220925294j),(1.0388542000934413+0.019989880547036695j),(-0.041402653521863036-0.011806462512321125j),(-0.03854369868292699+0.020751192382668582j),(-0.0339142484387556-0.0034247581119953166j),(-0.040200771229009565-0.00013677082854972862j),(-0.034363169953212536-0.00010353850899232631j),(0.9993729586583414-0.0354074780586379j)
(1.015669183569794+0j),(1.046333662353307-0.0017962808889785214j),(1.07064066490773-0.0012433593489212407j),(1.0424975960766956+0.007892414627457024j),(1.0430194976459868+0.007059475066932434j),(1.0594483545634203+0.0043819548973834145j),(-0.043780071371318126-0.03133919127079969j),(-0.04136802590548939-0.03562659437719486j),(-0.036258913636657376+0.0101211961743212j),(-0.04203613643526437-0.0001369864779029899j),(-0.03635291476857398-0.0001017000758752567j),(0.9993881091061819-0.034977240845588835j)
(1.0027399385256524+0j),(1.0333024926750762+0.011531627156449066j),(1.0617470699410108+0.013174373064705404j),(1.0293475939601988+0.02101327682116185j),(1.0315485312708215+0.016985449889937j),(1.049831857745683+0.016776802544434123j),(-0.05101518732492114-0.004012246566917078j),(-0.0483830875073407-0.03073997960578842j),(-0.04320037549242685+0.04868089558415583j),(-0.0496970686078268-0.0001557372832398362j),(-0.04315374499259974-0.0001235800637809802j),(0.9990245366821937-0.04415852247220499j)
(0.9925668650172984+0j),(1.0217139948644474+0.017650609885365612j),(1.0354415452754535+0.05538320553969466j),(1.0187532601872853+0.026754270579487063j),(1.0201269992799158+0.024468852582312167j),(1.0335342850707183+0.03741729062619465j),(-0.053320354471825614-0.010501357474609898j),(-0.04978088413809734+0.04881734892645549j),(-0.04493225920538703+0.02765504305302935j),(-0.05241969762107155-0.0001608055362726285j),(-0.04546470962663739-0.00012710937859219628j),(0.9988497947939176-0.0479488001950912j)
(1.0000736112905224+0j),(1.0338753558844065+0.008834821873574376j),(1.0520103027567431+0.03917986219221362j),(1.0277991451199953+0.025037604312643687j),(1.0295899564561708+0.02180303347627509j),(1.04612034209627+0.028825809497608736j),(-0.05494797815159944-0.030723460489542418j),(-0.05083908100455243+0.020628254949964318j),(-0.04662096509824309+0.0389683074740515j),(-0.05346722813451814-0.0001729630930959076j),(-0.04661587326826432-0.0001183975189274019j),(0.9988576458274657-0.047784970147663634j)
(1.0061187223413235+0j),(1.037452564569664+0.018171343812672797j),(1.0621051438594693+0.031952168258608374j),(1.0406570479218857+0.011826225822458796j),(1.0397077727483177+0.013664151528533034j),(1.055326372340045+0.023470223313481104j),(-0.057321939808524215+0.007928572598302097j),(-0.051609711860778874+0.013826359669557618j),(-0.04789885059135783-0.023149488442506663j),(-0.05407885191210011-0.00016537163247064022j),(-0.048292425403649655-0.000111068915396819j),(0.998852535705157-0.04789166853825464j)
(1.0137469554923224+0j),(1.0501113736825614+0.00017309005215306625j),(1.0713428552568076+0.019915240809898337j),(1.0455885986958318+0.012463779010112747j),(1.045735907655102+0.012244833058198484j),(1.0631815602960022+0.01566590949029034j),(-0.05425626465952847-0.043745435076959285j),(-0.04897858301553035-0.0009348958628292792j),(-0.04503522191778843+0.0022229851918370122j),(-0.051264541630714956-0.0001424166200919002j),(-0.04574990921341508-9.31547631576156e-05j),(0.9990432956518964-0.04373206390050018j)
(1.0145631920695182+0j),(1.0480533019938358+0.015138723128318021j),(1.0836566850749798+0.004169530746277736j),(1.0522242384698426+0.00652914023237615j),(1.0511938549633877+0.00802371368352281j),(1.0706909353444016+0.009927019431096728j),(-0.057994384390194456+0.015009032472467853j),(-0.05254559576269108-0.03988636181938203j),(-0.05094437038549448-0.02042632849978794j),(-0.05453916270395997-0.0001321517031131697j),(-0.05109205571546934-7.878320263700229e-05j),(0.9988745909212384-0.04742943824175608j)
(1.0053008123157199+0j),(1.039304089533369+0.01378694682502126j),(1.0659317770493593+0.027579370940284568j),(1.038662814333156+0.017910640386875336j),(1.0388452606562288+0.01676544346803882j),(1.0572409481406368+0.022957892789271704j),(-0.05755678936627335-0.006919554297371398j),(-0.05313140652340242-0.0010674155872254047j),(-0.051739671837269255+0.011301492828776141j),(-0.05391586770200171-7.11975027873063e-05j),(-0.05137712680900463-2.1193151384719398e-05j),(0.9987682748835762-0.04961787063231521j)
(1.000230728405881+0j),(1.0350214068620578+0.01907214211816229j),(1.0567459314469518+0.05072137562744237j),(1.0359711022340294+0.02134700549537933j),(1.0354384474058096+0.0212780376796297j),(1.0524139589079802+0.03492975146192162j),(-0.06194340116904705-0.006043066711715938j),(-0.05817940417646993+0.03906921696998297j),(-0.056962766905589164-0.0026420495059304586j),(-0.05815980160805688-1.9639797998159898e-05j),(-0.05589727945610724+2.9622150590699702e-05j),(0.9984994371198397-0.05476197651074353j)
(1.0081975766619045+0j),(1.0414741880626202+0.010177068196030597j),(1.070343761088996+0.015216541700867598j),(1.0400113157728867+0.015863934772539976j),(1.0403883621190557+0.014111091199485191j),(1.059597107363674+0.0164172497081391j),(-0.05387501790537091-0.009386632574594203j),(-0.05055854714503865-0.021952764995131855j),(-0.04916049401419697+0.018252678867498862j),(-0.04969407275836227-5.407856614752e-06j),(-0.04915486725720501+6.48327798628179e-05j),(0.9989318473963043-0.046207837618813696j)
(1.0003097463662232+0j),(1.0250442604520886+0.023473294428335834j),(1.0542367697683404+0.021967380245099973j),(1.0296794611293596+0.014661023259049662j),(1.029495581706724+0.014158627962192916j),(1.0452920394862062+0.02058245723867815j),(-0.04900084803024053+0.0335012154669772j),(-0.046497270707606654-0.010997053385342485j),(-0.04460430931145849+0.003385580576079029j),(-0.04557342183744488-3.34315178523338e-05j),(-0.04497047187392002+3.97023687567805e-05j),(0.9990394043148083-0.04382086975760516j)
(1.0037473054087382+0j),(1.035806868249418+0.005242934912582194j),(1.0581984853126525+0.02262466592428874j),(1.0299778747455688+0.021876078471777548j),(1.0315458696051387+0.017907643423193686j),(1.0497024888986013+0.02027863217649175j),(-0.04866374796288809-0.029417846604845563j),(-0.046927350983067814-0.007442747355917845j),(-0.04520592456109312+0.045102977393920086j),(-0.04539856271111097-5.13710324344519e-05j),(-0.04588896903584078+2.0200600316930402e-05j),(0.9990605909050924-0.04333515547875283j)
(1.0069664301204833+0j),(1.0355447963160302+0.01764549936708409j),(1.0684645189654989+0.010586749248048205j),(1.039187527076567+0.01200733074664745j),(1.0387904608386431+0.011514986035257963j),(1.0570227256190403+0.014366559717972304j),(-0.05057340010501216+0.02085802179677746j),(-0.04866692286976295-0.03087173650184319j),(-0.0480659593973508+0.002328979816756004j),(-0.04716941647569716+5.1567793348258605e-05j),(-0.047954294539145424+0.0001190178188961785j),(0.9990048794544217-0.044601018219948656j)
(1.0143912403595272+0j),(1.0464565490208073+0.009339293918556871j),(1.0803517601885266-0.0008103884763630296j),(1.047922759997612+0.008256811092579707j),(1.047463765122664+0.00805094104998503j),(1.0672401616894296+0.007267238858149144j),(-0.050951986791247454+0.0010228779827568958j),(-0.048851625122308506-0.04708271464849368j),(-0.047497273618699404-0.0007117331809696737j),(-0.04741297548543659+6.48837708057167e-05j),(-0.04848984129028289+0.0001470215651118863j),(0.9990699735745096-0.043118301240063626j)
(1.0076344471480443+0j),(1.030966544971849+0.020487736126832617j),(1.059887911102054+0.014809414724633782j),(1.0388638797730887+0.0044226325717214654j),(1.0370362520835998+0.007157975369710976j),(1.0513800184204882+0.013938731821090136j),(-0.04484338130269821+0.03384743144409433j),(-0.04355996333315406-0.01164468287602137j),(-0.04135723488472789-0.035825061917926705j),(-0.04184951351502653+4.04113767824175e-05j),(-0.042155135117423796+0.000120699408410174j),(0.9992314086976614-0.039199386118754766j)
(0.9996711440583933+0j),(1.0286778270493986+0.006848621573730033j),(1.0419703330070045+0.04144233064137987j),(1.0241248880415073+0.021914418407398707j),(1.0249267366596257+0.019479783329714447j),(1.0390388507372357+0.028237897002740504j),(-0.04535009645448263-0.03256702022121574j),(-0.044261275827849354+0.033733867194846855j),(-0.042675248945278375+0.02656984896657416j),(-0.04302428110067599-1.9669083597575298e-05j),(-0.042592047429055875+5.38837798589225e-05j),(0.9991397159245625-0.04147080976041422j)
(1.0016101250287215+0j),(1.0306621849202109+0.015419076263689479j),(1.0551448439882591+0.029646464929122148j),(1.030996318213725+0.018304881719977625j),(1.0312084821446523+0.01683062133713423j),(1.047735128000139+0.023822586191012206j),(-0.04998822418281264+0.0008430574329604142j),(-0.048926701699899725+0.004717896860901185j),(-0.04712785978088232+0.01457969336460323j),(-0.04718656703674122-5.69261002861133e-05j),(-0.04695289981446037+1.83966819109447e-05j),(0.9989713335317647-0.04534616611983592j)
(1.0214582797270073+0j),(1.0610670250180927+0.0012124198976848535j),(1.089737242908625+0.016515760500700204j),(1.061855769529874+0.0052751113955366805j),(1.0598952904146557+0.00795725438505325j),(1.0800204312920358+0.012989770409981088j),(-0.057303849245671105-0.038226566951052206j),(-0.05707171461259199-0.005925592634816546j),(-0.05456924247435062-0.036969891346703906j),(-0.05488210169066786-8.050580563963731e-05j),(-0.05542640804449513-2.18204132222016e-05j),(0.9988407595457574-0.04813664996709321j)
(1.0126994656641435+0j),(1.0500846386170066+0.0055872325897831825j),(1.0764945091967528+0.025814601480990594j),(1.0490117011789006+0.013425203801559428j),(1.0483402324072613+0.013705458628255715j),(1.067886371356987+0.01987568123249552j),(-0.05636229832313979-0.031280996767102366j),(-0.056268197864465005+0.0031538351098138405j),(-0.053030795491367716-0.006738456165523069j),(-0.054085166178919564-9.03424602116236e-05j),(-0.054386735935331984-2.94846832810191e-05j),(0.9987909996966832-0.04915830473989449j)
(0.9980056184640506+0j),(1.0219626083534816+0.027596542834865886j),(1.0546952229088085+0.02197303999221356j),(1.028089663189638+0.016550190268712666j),(1.0282114429389198+0.015563746018676572j),(1.0449378084796852+0.02199031895703407j),(-0.049401588955708786+0.04568848049901657j),(-0.048232523780973674-0.016747722322853646j),(-0.0462505553040358+0.00941427090288002j),(-0.048013435011602254-9.72213556535982e-05j),(-0.04825540888980004-3.65221909578057e-05j),(0.9989432233035164-0.04596125124472861j)
(1.0033994202718015+0j),(1.0339836355484016+0.016630903397987607j),(1.0636610697567437+0.023733170551354068j),(1.0350486172662243+0.017695945562795426j),(1.0353471008421118+0.016166258927764656j),(1.0541546579028505+0.021681336364340786j),(-0.05225452238994394+0.006898160209349413j),(-0.052013056859778216-0.010250613130923526j),(-0.048935399144502074+0.01552667125868891j),(-0.04984300002752067-0.0001142068813486134j),(-0.051797773388989915-6.96061789766973e-05j),(0.9988646261740718-0.04763883476882873j)
(1.0028265444915183+0j),(1.0323610700874226+0.014478229445237283j),(1.0492124303543822+0.0480363311832376j),(1.034379910031061+0.014546995748009061j),(1.033119887134912+0.01622298926289713j),(1.0472034017654646+0.030505467545723197j),(-0.05019863110282018-0.01115149540699111j),(-0.05073892230644789+0.048047199109375736j),(-0.04607031048144971-0.02297203171794095j),(-0.04778321417144413-0.0001734573332716311j),(-0.04898572985828022-0.0001433632593903311j),(0.9989615422791434-0.045561354756803285j)
(1.0226394752186572+0j),(1.0574860985311896+0.005373214319784595j),(1.0912428794465032+0.001489574945128246j),(1.0613019135484751-0.0003657619811567766j),(1.0592549892088838+0.0031593390935688295j),(1.0791881465500044+0.005367066958893774j),(-0.05202094873350107-0.010964210795657401j),(-0.05303423721841427-0.03272032222045453j),(-0.04717379784841555-0.045717465190071895j),(-0.05009630920064388-0.0001556483558208106j),(-0.0523141951758864-0.0001244789799154635j),(0.999057819940581-0.04339899095110058j)
(1.0184389079540033+0j),(1.0559501640740807+0.0006835178181042724j),(1.0863851953680985+0.00774971446102419j),(1.0539953834083189+0.008942769179842195j),(1.0536242685486334+0.009160566209232692j),(1.0745754150232478+0.010035022867498687j),(-0.05352422759219995-0.034474563941215196j),(-0.05429445122711031-0.02728361491199737j),(-0.04821400590825593-0.004633964668630696j),(-0.05157966910174862-0.00013328211455698911j),(-0.05250079012116693-8.7864799923295e-05j),(0.9989719024528033-0.04533363111230687j)
(0.9940106127543911+0j),(1.0181840903399757+0.028095467901799533j),(1.046861648649034+0.03524783813387853j),(1.022630896424439+0.02041014822985013j),(1.0232038197156887+0.01909798675918571j),(1.0393189550323692+0.028876359908647824j),(-0.049852283589191186+0.03809948439705292j),(-0.05071312766240012+0.005845631399514786j),(-0.044257200029771286+0.014709834050825378j),(-0.04874936164731149-4.87098000430842e-05j),(-0.04904653517063734-1.79046527185956e-05j),(0.9988851187164706-0.047207198675440716j)
(0.9852460419389397+0j),(1.0086319444346548+0.023610739372684972j),(1.0237991685879877+0.055962486851236316j),(1.0064800176887079+0.030528639071456132j),(1.008574316322551+0.02657571838351574j),(1.0220203659260645+0.03965129362315265j),(-0.04676207283740616+0.009925333405733774j),(-0.0465639029803262+0.04354826252236482j),(-0.04036860872249606+0.04660724967154819j),(-0.045228888771732964+4.8577067235513204e-05j),(-0.04539328388154532+7.607789348518281e-05j),(0.9989736003394699-0.0452962009974009j)
(1.0158009014770295+0j),(1.0454616389455953+0.0022654974985648483j),(1.0673437038746043+0.012444604301004062j),(1.0456104477518602+0.003681628879260759j),(1.0444749495492378+0.00591749247590781j),(1.0599043496855358+0.00996739627207514j),(-0.04361669710864304-0.02423128952329388j),(-0.042503577891896606-0.0050181127683097985j),(-0.036630893129325576-0.02778062106636034j),(-0.04132079280015644+1.78008679047073e-05j),(-0.04168748798940929+5.1675753293838097e-05j),(0.999347060995206-0.03613103486262149j)
(1.0139899049804573+0j),(1.0438130644769414-0.0033750725067441577j),(1.0654552507900752+0.004292974857767844j),(1.0390331390504846+0.009464732489522636j),(1.0395740051526472+0.008238411779202435j),(1.0563871572170436+0.00717214914050611j),(-0.04035158046495979-0.03896456005423615j),(-0.039372244438920144-0.024018615932980707j),(-0.03434250786753266+0.01410164101282212j),(-0.03784251998083587-4.58124848698521e-05j),(-0.03967467941814557-9.8457532202902e-06j),(0.9994280200421797-0.03381763969540855j)
(1.0165040213486507+0j),(1.0469958902818162+0.0004901686917910134j),(1.0689607502596947+0.012825859552045859j),(1.0468455968760704+0.0043021557472092044j),(1.0457878719100426+0.006339609291262129j),(1.0615929221814835+0.010141817692765924j),(-0.04310250610782843-0.030563839492567496j),(-0.043099999220779464-0.004339195869795646j),(-0.03799693087426291-0.02551299175108677j),(-0.042630657192289194+9.1168501167258e-06j),(-0.043014209089374526+5.93041816272595e-05j),(0.9993255858580461-0.036720204921444254j)
(1.0007327493011569+0j),(1.021765898591471+0.005851716690826432j),(1.0291309465397132+0.03712483267583063j),(1.01960462698225+0.013128036856404995j),(1.0196271185383081+0.013202113056644652j),(1.029138611805147+0.022929567219222367j),(-0.03327211195319775-0.02369793487630908j),(-0.03264632668328903+0.041251539394648803j),(-0.027682068849973977-0.0008979272147197719j),(-0.03192924785130198+1.21897431491169e-05j),(-0.03263776707105907+5.63414657588895e-05j),(0.9995448483781836-0.030167798736964912j)
(1.0146423145976822+0j),(1.037379101259554+0.015338800657987556j),(1.069285080161864-0.004656015561727082j),(1.0452553088967773-0.0025428244009052707j),(1.0434460792225255+0.001043856471005103j),(1.0584395092835106+0.0027913829875016324j),(-0.04068136644987089+0.0324638075678191j),(-0.03913949342393778-0.040939293765281964j),(-0.03505244234277935-0.04418859578083833j),(-0.03934023984323608+6.97692590020879e-05j),(-0.04000028829939416+9.959673645962561e-05j),(0.9994204922020166-0.0340393855214653j)
(1.002760407998929+0j),(1.0254935354928822+0.007800175641477672j),(1.0388229323683704+0.030519450567831882j),(1.0246340085004046+0.012314568626891849j),(1.024517967024865+0.012406325078674237j),(1.035924109578576+0.020418509760156526j),(-0.03646724178457757-0.015217842145917745j),(-0.03645882133455102+0.02491302444679454j),(-0.03169267734553079-0.0016874414446377839j),(-0.035064197665965254+0.00012128863874935191j),(-0.03515381150236048+0.0001477015149664839j),(0.9994551549506575-0.03300595768277619j)
(1.0008489214460976+0j),(1.0198613213934458+0.02256163913754379j),(1.0500124935884918+0.009102128114518424j),(1.0252690256980304+0.010454296912300067j),(1.0253348635530288+0.010011487097339424j),(1.0398281413165924+0.013238465841833486j),(-0.039326871251839327+0.04392971427112919j),(-0.04001040957131597-0.029179949065156464j),(-0.034215582220661345+0.004243277912986741j),(-0.03690789075871208+8.56520838745021e-05j),(-0.037901634379961996+9.724390699910041e-05j),(0.9993588464241697-0.03580357627043445j)
(0.9899415330335999+0j),(1.0125830328073426+0.023470949168893685j),(1.0330682721656723+0.043428132808922104j),(1.0129089321856317+0.024972803416162002j),(1.0144076412050107+0.022109859230475898j),(1.0284480944086467+0.03258157960473103j),(-0.04501485681657683+0.01930273971734755j),(-0.046215561415940166+0.023666550846245915j),(-0.039408670906286046+0.03381321135082259j),(-0.04427341189325114+8.68458729867439e-05j),(-0.04387545183025986+0.0001041131561870934j),(0.9990511052130984-0.04355329117858562j)
(1.0245281814183873+0j),(1.0564186600519938-0.00852895493801094j),(1.0801127210808161-0.003444522568599899j),(1.054781361257472-0.001237192757431532j),(1.0535558420090565+0.0011685251183456548j),(1.070381404769836+0.0001311960083794669j),(-0.039827309337744254-0.048088379587554575j),(-0.04131400242424228-0.027311424211200874j),(-0.03499350388114668-0.03004457774127189j),(-0.039267080864890676+0.0001058219635691652j),(-0.04038167758861721+0.0001232022134255898j),(0.9994769940264815-0.03233787890058192j)
(1.0167817604086427+0j),(1.050668033676267-0.0035736441703017336j),(1.0767409573914377+0.004223342420080285j),(1.046646934957+0.00980846476100093j),(1.046948368808857+0.008876147621278216j),(1.0658374137014544+0.007663338816021809j),(-0.045498005628793206-0.04278908627012483j),(-0.04670376179359745-0.02885061766966744j),(-0.041507630062980985+0.010303880230305864j),(-0.044945078147559984+0.00021331725001214418j),(-0.0449044490896256+0.000231468624708484j),(0.9992371671179014-0.039052321956460835j)
(1.0174753010086635+0j),(1.0489384838446643-0.0021825331917713167j),(1.0774475074272845-0.0053603763298959856j),(1.0462140275232+0.007362489307103174j),(1.0464834709170836+0.006458283772831574j),(1.0648560174832968+0.0028163403243688643j),(-0.04273162089877289-0.030311264570514893j),(-0.04433588184853291-0.04601935449965697j),(-0.03929714229100813+0.009889513511391137j),(-0.04228041621523968+0.0002023636603350392j),(-0.04090108458174634+0.0002278441837478159j),(0.9993407598141814-0.03630490013778803j)
(0.9921035282653193+0j),(1.0091272862780123+0.025139878037541787j),(1.0264490511182993+0.043549051060290035j),(1.0148352222128747+0.016375878535152388j),(1.0145196282160054+0.016722144257954926j),(1.0242112394276217+0.029802508323979102j),(-0.03772531127178097+0.03177899572477483j),(-0.04039276330193432+0.03619373722150256j),(-0.03561804246615151-0.004993727754679291j),(-0.038796602863449325+0.0002244259360556131j),(-0.03641764041135917+0.00024256280905965948j),(0.9992952461421759-0.037536795782911865j)
(0.9989669758027966+0j),(1.0177562103213995+0.01883668899687285j),(1.0322418583872464+0.0416100250237105j),(1.0237535242497815+0.009969644984947854j),(1.0224028078981813+0.012530142398918273j),(1.0311079373055847+0.026053116677091558j),(-0.03662517540511612+0.01554763170085439j),(-0.03920325734873438+0.04363056590878874j),(-0.034610298719242455-0.031229297389432278j),(-0.03870279231567251+0.0001251760844978357j),(-0.03485095759772493+0.0001443048030990077j),(0.9993765537094985-0.03530586205895444j)
(1.0109579447883854+0j),(1.0348463781228068+0.015090840260355199j),(1.0640260931651635+0.010246332226582054j),(1.042025095707484+0.002833022484373215j),(1.0404257770080843+0.00570700018553962j),(1.0546471486611397+0.010587878481134724j),(-0.04095746818810803+0.02095469970215953j),(-0.043939702972107086-0.016513612552306853j),(-0.0395187401515184-0.03608050082151951j),(-0.04298617361372014+0.00012495209074698112j),(-0.039938172339169756+0.000143623673218931j),(0.9993016859597671-0.03736496270528144j)
(0.9938419307616692+0j),(1.0137255582356401+0.028357585057736355j),(1.0445688731300953+0.027256486313267395j),(1.0204793187588321+0.018695429296660876j),(1.0211328309240701+0.017213818590399804j),(1.0357223458950284+0.02457292053513919j),(-0.04207693061094344+0.047673458655992346j),(-0.04712694376655194-0.006842816321392099j),(-0.042158434339865346+0.016774658335643074j),(-0.046319607013900636+3.1963896742731095e-05j),(-0.04322807978864242+4.41868771411056e-05j),(0.9990657721502145-0.04321554023607274j)
(1.0026806234778454+0j),(1.027282891775771+0.014030199799184665j),(1.0472466379178844+0.035884751382239954j),(1.0308110154784134+0.012797940294195424j),(1.0301361285166606+0.01392183836830123j),(1.0428389340133875+0.024229005930616238j),(-0.040772581804922554-0.0006398544904161909j),(-0.04602044483464599+0.027189504832218915j),(-0.040545600870257846-0.014471487008152678j),(-0.044778987260300496+6.67994560792555e-05j),(-0.04132054277830722+7.56802816928889e-05j),(0.9991933368291396-0.04015813287803075j)
(1.0132671005808425+0j),(1.0399365964377303-0.0003799954816462504j),(1.0541288440718077+0.027280959140850103j),(1.041155106576646+0.00447416378553901j),(1.039682109242557+0.007553568678866841j),(1.0510595910787073+0.015680963296026664j),(-0.03589757225441051-0.03777041853528424j),(-0.039958094765302134+0.0297000640094702j),(-0.03552290550523313-0.03745301351201276j),(-0.04107912058237162+7.012422636414579e-05j),(-0.03657553635787674+8.956416440091481e-05j),(0.9994389108552436-0.03349423037605787j)
(1.0023021788819357+0j),(1.0280434937005225+0.008457158862678966j),(1.052785568224359+0.014849893357776487j),(1.0256159764434343+0.018886483479943206j),(1.0274398809973564+0.015407575352727229j),(1.043377493392614+0.016123751671201517j),(-0.03930492681825128-0.008896398411461028j),(-0.04219646689406696-0.019478880453313138j),(-0.03823708110608062+0.041612236945144064j),(-0.043217781869957866-2.9269482622210002e-05j),(-0.03959970938739555-9.8783126474578e-06j),(0.9992691775389925-0.03822447933648747j)
(0.9967489054007881+0j),(1.0157534746446952+0.02629085420373085j),(1.0389183591810796+0.03656803342969656j),(1.024068129621223+0.012376617381465253j),(1.0232712829070842+0.014086918531299142j),(1.0345945844456763+0.026176371947099375j),(-0.04062074681774785+0.03932770978883935j),(-0.043471354990974126+0.023187415936861733j),(-0.03841408374659064-0.02064075634573496j),(-0.0443234678531887-4.84256131478761e-05j),(-0.040765954788764484-3.3755971407508304e-05j),(0.999193082537162-0.040164459536811914j)
(0.9966365153271746+0j),(1.0174836357141126+0.01872503434646985j),(1.0334384324402532+0.04240013237279405j),(1.0211199539053157+0.015391262498760903j),(1.0208727816493732+0.01601928511387932j),(1.0314053442410993+0.02820762515787026j),(-0.039257955890239796+0.011177507261264751j),(-0.04128973759409596+0.03794258358023499j),(-0.036644962999034275-0.007578983591889297j),(-0.042254334225056873-1.6308030144318e-06j),(-0.038460178706781256+2.5855395189203e-06j),(0.9992624323129342-0.03840040843582886j)
(1.0088900847391218+0j),(1.038726262694508+0.0035503446017372355j),(1.0508333890892005+0.041824269919650624j),(1.0387874394457508+0.010379254823204521j),(1.0374560255175278+0.012745660113910963j),(1.049739454362416+0.024601855926443945j),(-0.04407829276872577-0.03903745092808279j),(-0.04497170541840462+0.04913702873427829j),(-0.041829189862499325-0.029894099626350357j),(-0.045974368853947005-6.3738404909589e-06j),(-0.04293223098635667-1.37252230264995e-05j),(0.9992028316032563-0.03992118881038879j)
(0.9873775594144628+0j),(1.007929922536025+0.029945104656455997j),(1.0342627072366886+0.03804974092343896j),(1.0111506179570204+0.02622397994659225j),(1.0129018483689467+0.022693472833171677j),(1.0273966390417644+0.031619134863421446j),(-0.045446252396207816+0.04237694923099561j),(-0.04659635301218187+0.007045976475892957j),(-0.04258957403242648+0.04102153528231016j),(-0.04672844345243086-0.00010740816160678141j),(-0.04423203992417748-0.0001111359435725011j),(0.9989735747406754-0.045296765556012066j)
(1.0084672251557474+0j),(1.036218284275268+0.00852547428130507j),(1.0503303932647219+0.0398229083440826j),(1.0390086699674044+0.007557067263556292j),(1.0370784483413087+0.010962388402390895j),(1.048754154371752+0.023586766061157435j),(-0.044280155751214974-0.020348075805598526j),(-0.044451939832738374+0.04546796443182259j),(-0.04127737512025967-0.042890371775285034j),(-0.044501231558920065-2.00559252791119e-05j),(-0.04176297784978576-1.6514555718959102e-05j),(0.9992229731368195-0.039413829496952116j)
(1.0124695548849263+0j),(1.0433049673121233+0.010809231709168386j),(1.0734839712322324+0.008864318745147506j),(1.045618373085426+0.008125508939005717j),(1.0449474937263505+0.008897503073419272j),(1.0626321958103173+0.011342213166403848j),(-0.05020362703150532+0.0010815113076049342j),(-0.04821336832275492-0.02594662819409524j),(-0.04570349044238225-0.011411371233190727j),(-0.04857526822232273-9.37626080371205e-05j),(-0.04630414192023322-8.63308251146032e-05j),(0.9990805382444274-0.04287281307804607j)
(1.0020686719946503+0j),(1.0283807886043619+0.02541330352951883j),(1.0525069846865924+0.04084338288979941j),(1.0367149923323173+0.01047316639568552j),(1.0345380749992379+0.013638610540089429j),(1.0484627657448227+0.028027835074393583j),(-0.05248521295716446+0.029237061859582938j),(-0.05006202203362548+0.03080783530091703j),(-0.04922119821820596-0.04179926232527042j),(-0.04955764295419289-6.47383186131445e-05j),(-0.04992098278243894-3.2530691604933095e-05j),(0.9988893604799642-0.04711735900841699j)
(0.9833123149946513+0j),(1.0067575739357333+0.03188819428587628j),(1.029090154995122+0.05211794099645202j),(1.0076508853999742+0.03162328922604135j),(1.009540216031671+0.02733790821414463j),(1.024732700317921+0.039881671573004256j),(-0.052303051845095754+0.03548639388190821j),(-0.049628725468602836+0.027527563289112066j),(-0.046825154698750635+0.04857730445373664j),(-0.04842415072857992-4.4568002024906695e-05j),(-0.0493541955551808-2.5359146767992598e-05j),(0.99875660809706-0.04985215925569992j)
(1.0176605559150755+0j),(1.0539000213841465-0.0019851560848618962j),(1.0826090052282618+0.0026691035319665333j),(1.0498994454627628+0.010238140886342575j),(1.0501598257627638+0.009200577319231157j),(1.0707107613000684+0.007636844314454487j),(-0.050545297798998766-0.03934792699942011j),(-0.04950872937450366-0.03560181716546053j),(-0.045079900520581924+0.010925750475857577j),(-0.047920095388582676-8.7665530412489e-06j),(-0.049152777724167124-7.126629311197e-07j),(0.9991080175385729-0.04222758920590522j)
(1.0120289258322848+0j),(1.0492930220204293+0.008936060194433899j),(1.0705533564114127+0.04010830257754182j),(1.0500765500211302+0.010521079012575629j),(1.04822786536407+0.013402292185488648j),(1.0659450786734068+0.02577806268481385j),(-0.059517647080428435-0.028437127707734572j),(-0.057046089468708525+0.03495927000964744j),(-0.05184900100041843-0.03789157422127852j),(-0.05446171953211944+1.8539777680299e-06j),(-0.056452179596834774-1.7760221170632e-06j),(0.9987422225513778-0.05013953423331868j)
(0.9938863549377227+0j),(1.0217935635245747+0.032700755338177394j),(1.0523268058940956+0.0425930685093751j),(1.0276192568706908+0.021315828521043044j),(1.0274885052844034+0.020822981795427433j),(1.04514551917267+0.03357141846020476j),(-0.059370336174093846+0.04404166286560268j),(-0.05657673526314601+0.013991127037478414j),(-0.052175820316595053+0.0035118851893979224j),(-0.05473405911196725+5.68995459431633e-05j),(-0.05654227473055948+5.32800466838705e-05j),(0.998545603419138-0.053913615092196866j)
(1.0076278290957699+0j),(1.0447284880703258+0.007688654762622197j),(1.0751842837574408+0.015066375694459979j),(1.0395198912404098+0.02079452823671171j),(1.0411207570484968+0.017224289652660017j),(1.0630407783235418+0.017795641147403268j),(-0.05817423989103855-0.021788028472261856j),(-0.05475248831371832-0.02918934048386208j),(-0.05029250420751805+0.04187257308984588j),(-0.053813822441663925+6.27676449938815e-05j),(-0.053989311256718804+6.13699001159595e-05j),(0.9987697982640742-0.049587196689675664j)
(0.9828836287490477+0j),(1.0075620100126808+0.030794141461903818j),(1.025746363731355+0.06096295109658692j),(1.0075701575274307+0.03215677705058717j),(1.0093457421543395+0.028556486877296422j),(1.023687292094901+0.04377017566277109j),(-0.0539231454115858+0.026128022883073965j),(-0.050832211954365686+0.04545057319825551j),(-0.046194225536564416+0.04181932484267613j),(-0.05038597887668996+0.00015141918381103158j),(-0.05029485135170304+0.0001687885025408076j),(0.9987099347509697-0.05077860011573613j)
(1.0117525830555527+0j),(1.0445865126102454+0.010620292174057295j),(1.0715676538425618+0.01892380809895875j),(1.0457909262708582+0.009180596276931153j),(1.0449480642346078+0.010551114057334486j),(1.0626683695029042+0.016167522791923614j),(-0.053870933940586285-0.007392932609031732j),(-0.05044675710955013-0.006803141476012101j),(-0.04582818984986208-0.017878067194687333j),(-0.05020724220306519+0.000154362304946468j),(-0.04922725785316116+0.0001772203935041102j),(0.9989880428298125-0.04497655259199898j)
(1.0048441173074945+0j),(1.0359995820774022+0.011270748867786997j),(1.0511716044141588+0.04542781912244175j),(1.0361143060278888+0.013824870448622316j),(1.0351293981008878+0.015592546227388046j),(1.0491841113635814+0.028754246934583106j),(-0.052064988416301264-0.02074235444001819j),(-0.04899249231560609+0.045793752278338797j),(-0.04414303315316018-0.02221672025691805j),(-0.04910036582777078+0.00016998245653394108j),(-0.04809592505683551+0.0001910635597374999j),(0.9989901790841116-0.04492907848481418j)
(1.0119704672088599+0j),(1.0423683697493509+0.003676358748049996j),(1.0536905694316372+0.038119547378516104j),(1.0425189754365185+0.005598661379444113j),(1.0404763433443165+0.009473748615402193j),(1.052639627675379+0.021670535895863586j),(-0.04730068336990585-0.03599237999888652j),(-0.04327831941762061+0.04717930466480534j),(-0.03902107690769636-0.04794726000329578j),(-0.043243948780221975+0.0001882115809455702j),(-0.04210741878729787+0.0002083009316492178j),(0.9992615398093102-0.03842362629849425j)
(1.002340421105333+0j),(1.0291002831233935+0.009497464029871585j),(1.0454868631097982+0.02929142414579436j),(1.0264519590603165+0.015876544970616132j),(1.0269445735126397+0.014819588737229503j),(1.0406692941866194+0.02156324741523005j),(-0.044893781309538514-0.014403361529895265j),(-0.0405929721946493+0.014801731842932816j),(-0.03657661013351629+0.012272722743739663j),(-0.04070412577719169+0.0002170342837404927j),(-0.03933967324913074+0.00023420473720219028j),(0.999270611932183-0.03818696281036992j)
(1.007494344635595+0j),(1.0303078764588427+0.010975082594346337j),(1.0472685558440669+0.022640807465922227j),(1.0331032548893313+0.005075377732906833j),(1.0316985910539231+0.007589363911270665j),(1.0431271823413832+0.015549074271038332j),(-0.03960123114576507+0.0008869846687220999j),(-0.036123751384729265+0.014208763742645148j),(-0.03289607439751813-0.03122383692992381j),(-0.03574764353674818+0.00021709374598022748j),(-0.03558318148626576+0.0002350207379266304j),(0.999452942320596-0.03307289051025493j)
(1.0105160742975199+0j),(1.033168975479322+0.015459169269276552j),(1.0565489182505718+0.014255890305578616j),(1.0396327365713738+0.0003021498473697565j),(1.0375098799186533+0.004310612271780702j),(1.050097365639222+0.011516063781645344j),(-0.04189387682608568+0.02089529322946504j),(-0.038234782881000684-0.0025484941149140207j),(-0.03460177557934108-0.04942323117634399j),(-0.03784136140794577+0.0002290697414542899j),(-0.03825910861769869+0.00024450479610179347j),(0.9994074127380592-0.034421263257158725j)
(1.0089363965401201+0j),(1.0368165571576609-0.0002740943672001533j),(1.0577007259161215+0.004121984374635243j),(1.0305712790092205+0.01369361246560894j),(1.0320721119836258+0.010761015632532164j),(1.0483957526753196+0.008642947982402513j),(-0.040289660853665754-0.029749871004758247j),(-0.03666140344669869-0.029143766954022425j),(-0.03236279088156778+0.03526149181157564j),(-0.03637420697686746+0.000177824495769908j),(-0.03696940099419281+0.0002015758511366203j),(0.9994495236941785-0.03317603935794217j)
(0.9941316497586595+0j),(1.013826588406976+0.025657486341397282j),(1.040028267328976+0.022508125825753605j),(1.0171071280282684+0.017936884860185874j),(1.018025914389214+0.015918259263935117j),(1.0321266883126745+0.02174478415895734j),(-0.043252193736809656+0.04175180278165155j),(-0.04013566504549406-0.010979859900976803j),(-0.03662241597212117+0.02331438373356845j),(-0.039909567453286714+0.0002165839530688079j),(-0.03996112654352209+0.00023663768400704598j),(0.9992274884040565-0.03929919105682923j)
(1.00082983690045+0j),(1.0300381739253028+0.007265308524108486j),(1.049635065195333+0.025057235365065555j),(1.0241373323225171+0.022043794023394465j),(1.0258864131049013+0.018127843294763316j),(1.0426085292986815+0.02152737091459881j),(-0.04623335850272167-0.022750296146581833j),(-0.04289612310441009-0.0014553866537925443j),(-0.0401972770425954+0.045536391558051004j),(-0.04199354581720073+0.0002148872621622938j),(-0.043382400751520785+0.000245290412481215j),(0.9991697268264441-0.04074134255972679j)
(0.9929851017881425+0j),(1.013530250753546+0.028306848108582985j),(1.0366937887422196+0.036324249277735345j),(1.0185841924838617+0.0178010029221131j),(1.0186053379690785+0.017281420851469255j),(1.0317067251389929+0.028168710104949896j),(-0.046237469093624514+0.04132556125997509j),(-0.04299548922090693+0.01529795034647303j),(-0.04004078499247749+0.004654062390115207j),(-0.04255469211092952+9.59343105866937e-05j),(-0.04304771446617152+0.0001479913992435592j),(0.9991058278753162-0.042279365009174334j)
(0.9990206111551853+0j),(1.0264606376124528+0.01374777099372647j),(1.0427474205507856+0.04138982247732393j),(1.0252945080541653+0.018929226290834298j),(1.025372464926471+0.01796609117876066j),(1.0395985477149488+0.028605037254493478j),(-0.04737704673309423-0.009896912759287169j),(-0.04519021243539715+0.03206735906709236j),(-0.04210049908110931+0.009192886656198516j),(-0.04296503106610942+0.0001281701007824373j),(-0.04495424184696316+0.0001723100861807006j),(0.9990949003254944-0.04253680927844098j)
(0.9911360425916558+0j),(1.0112314481178697+0.023955273635597518j),(1.0273319516616328+0.04675721079208886j),(1.0142222766177966+0.02019311146919014j),(1.0143583980018533+0.019328739557270273j),(1.0255330403420497+0.03239039504752239j),(-0.04234092313261105+0.022471172196553722j),(-0.04154661214979336+0.0384151235680892j),(-0.03873931049225219+0.008457302554021376j),(-0.04037482095998993+0.000107208726163627j),(-0.04031318294448965+0.000157093678012525j),(0.9991830999576362-0.04041203730385839j)
(0.9960925870462392+0j),(1.0191012034595794+0.017515753280994337j),(1.0437733819548816+0.019976673864531575j),(1.0181740244587247+0.021302764594629164j),(1.0197264876716847+0.017358703647845572j),(1.03513464677629+0.020356820672333156j),(-0.04247226101754851+0.015758012334106595j),(-0.040786754117090554-0.015558995122390541j),(-0.03975412528473368+0.04446583007414644j),(-0.039281994514400634+7.52467936825325e-05j),(-0.03965265822995765+0.0001259229148443036j),(0.9992261709782109-0.039332673850416805j)
(1.0159798011043413+0j),(1.0420963742496048+0.011669761789479911j),(1.0720312697748364+0.0005323229900524586j),(1.048456470138245-0.0006701465384277586j),(1.046323609994921+0.002552905330646296j),(1.0614998028782985+0.004946830072114075j),(-0.04378460667205745+0.01537427374124059j),(-0.04224566151618353-0.031020605010689536j),(-0.041513589189815965-0.04240109159856488j),(-0.04110205292544647+3.89166742711982e-05j),(-0.03991316490043295+8.55710300826866e-05j),(0.999333256170294-0.03651086293252318j)
(0.9985344750490958+0j),(1.0204933423977867+0.024389885621176416j),(1.042480103982192+0.03722390217610083j),(1.027311249117252+0.012455627678911316j),(1.0259628313539884+0.014024493253664384j),(1.0381668443157452+0.026261587959414103j),(-0.045274094870997116+0.03081227313203491j),(-0.04479267713998695+0.02497313740296011j),(-0.04292067963146504-0.022073949145975023j),(-0.042652466443942605-4.85517036757985e-05j),(-0.04184820616949107-4.0483645082242e-06j),(0.999130936843616-0.04168178309523676j)
(1.0082934269768562+0j),(1.030899464364623+0.014020928963860797j),(1.0511754140160905+0.023709935727602948j),(1.0371696546218545+0.003565285470697775j),(1.0348716444618273+0.006931917823092976j),(1.0464158331093143+0.016059006854744873j),(-0.03975580381763833+0.010628490656845358j),(-0.03954398263239872+0.01491262499927364j),(-0.03897627879596792-0.04420802484591914j),(-0.03747951404193759-4.0438592024633e-05j),(-0.03718173403420473+4.7995003140296e-06j),(0.9993775113982081-0.03527874305476919j)
(0.9941921660451314+0j),(1.0119065312624629+0.026081780286425653j),(1.0330735000466018+0.03316594989995002j),(1.0183482513829212+0.015078700096613603j),(1.017845679867015+0.015023995776320962j),(1.0287097934282206+0.025175351654516665j),(-0.040132758465647914+0.04003330631686129j),(-0.038485017327643006+0.016002460626693058j),(-0.039276878711898916-0.0023789777475750427j),(-0.03868215618794134-3.37742029683304e-05j),(-0.03701493399124233+1.47960148579334e-05j),(0.9992736511478919-0.03810734996770511j)
(1.0061426562145048+0j),(1.024176613718799+0.016824857317162465j),(1.050563687364151+0.0020276376893477504j),(1.0304216980800154+0.004549166491780929j),(1.0294404816179472+0.005445812770743151j),(1.0414689757222795+0.007196286952281658j),(-0.035018368293650244+0.03386041523445935j),(-0.032972100327310315-0.030422951516417086j),(-0.034444216703871516-0.013703542953829093j),(-0.0331709900135369+2.97613182565736e-05j),(-0.03147231986943917+7.09874601339355e-05j),(0.9995238938235397-0.030854265115691233j)
(1.005135875613094+0j),(1.0244467307770373+0.01404722642077996j),(1.049772875129659+0.0027626928027399823j),(1.0281116847347425+0.008034922331609979j),(1.0279257738981926+0.00753640072898037j),(1.0402773210010603+0.008011593477704065j),(-0.03521887719209613+0.022965268636223078j),(-0.03369439169303318-0.031187062745220918j),(-0.034661763789372364+0.00350319370040971j),(-0.03437712893645074-3.0980376759049e-06j),(-0.030407940386218066+3.01990556324244e-05j),(0.9995090376545533-0.03133183120835224j)
(1.0048380313919754+0j),(1.0272083783153594+0.0019294837832187998j),(1.0341716813188278+0.03146419937655428j),(1.0253411901965654+0.010613977093220647j),(1.0246391280042815+0.011019951971241402j),(1.0332518285126613+0.018848782344029227j),(-0.03384219125589787-0.032430619092832076j),(-0.03135031742141604+0.0356609569970732j),(-0.03279249722790729-0.007634602690552363j),(-0.03171470859677067+1.9444953654415e-06j),(-0.02797792315095726+2.8382699432857298e-05j),(0.9995693142568732-0.029345970695209538j)
(1.003596211225374+0j),(1.0160839402367423+0.015575828266780702j),(1.0389825783750548-0.005644371424926308j),(1.021033377928332+0.003864121135052398j),(1.020597156306183+0.0037372712767632004j),(1.0302155553218826+0.0028532438625987065j),(-0.027130590745491238+0.038373179748352956j),(-0.02402564201470837-0.039405564857121204j),(-0.025542068662944395-0.0010974363645109475j),(-0.02345428048444246+4.58363755091098e-05j),(-0.022208228440141687+5.63689333374501e-05j),(0.9997382808032903-0.022877279044534942j)
(0.9874316727359009+0j),(0.9971104796029537+0.022561467835989175j),(1.0046519385494035+0.03887716214916191j),(1.0000022222830098+0.01666602435914294j),(1.000241182117143+0.015454691350513295j),(1.0056167075182063+0.02646272100048922j),(-0.028111972317035078+0.03129158197205544j),(-0.02380215783392164+0.03677749592830921j),(-0.02513366834367887+0.012168993147758364j),(-0.02425695875901724+4.0645752713496e-05j),(-0.024208049481168746+5.96455917777676e-05j),(0.9996523255218828-0.026367178057041113j)
(1.0038435761228466+0j),(1.017019276539177+0.020174933284608145j),(1.0369704167667322+0.011872761019131288j),(1.0258767776139353+0.00037610832733366305j),(1.0238298410127342+0.0036098058997036013j),(1.0320223053244644+0.01029353702618621j),(-0.03097210658245395+0.04318603460753767j),(-0.027353149152421864-0.0034166135632009683j),(-0.02834492819070293-0.0410483633165705j),(-0.027412559795742107+7.93162185378298e-05j),(-0.026939489322756607+9.65975028925368e-05j),(0.999651769911692-0.02638823435589414j)
(0.9862295870255552+0j),(1.0028698795229+0.017927188754075132j),(1.0101921354110397+0.04670904678795455j),(1.000482276825611+0.02561192180380603j),(1.0020752571103488+0.02178849595050854j),(1.0106857374056253+0.032273435497384935j),(-0.03476332073600216+0.005206512454914616j),(-0.031151431457664542+0.04177166573350812j),(-0.032478224269339884+0.04284670592598204j),(-0.032014431792625836+7.07283348338246e-05j),(-0.031373539166158565+8.89082982468391e-05j),(0.9994408049337585-0.033437664890971726j)
(1.014471747621731+0j),(1.041722031246574-0.0009945672592773323j),(1.059245828322877+0.009563970424370672j),(1.040491193366806+0.00487558800800505j),(1.0394866677110528+0.005901524530257827j),(1.0530076422106214+0.008146978426970852j),(-0.038778778240218574-0.03110495896206432j),(-0.03475558177268441-0.00621050954645537j),(-0.03606213796308453-0.015173305315590198j),(-0.03540977858406633+8.71632463965185e-05j),(-0.03558749138027312+0.00010918147520889961j),(0.9994942866093659-0.03179891562985573j)
(1.0093234196198273+0j),(1.0345545470584454+0.007924151280392457j),(1.054754329134249+0.01732831399479562j),(1.036593231243376+0.007217548196747019j),(1.0354293925442384+0.008403082058402447j),(1.0487832752681014+0.013636151098881213j),(-0.04001210662219464-0.007586051325099284j),(-0.03807692062350351+0.0009972737689196408j),(-0.03902999192977778-0.01745877441475636j),(-0.037963842750846445+0.0001069197558486621j),(-0.03835087922418805+0.0001181734623341998j),(0.9993790423070107-0.03523534869306794j)
(1.0155084154610832+0j),(1.0389218959500306+0.006729791854900434j),(1.0657874424797371-0.006962446602317945j),(1.0427953297795227-9.515283191365893e-05j),(1.0412980077799359+0.0016546430902853835j),(1.0555537823410521+0.0008035678680260709j),(-0.03670846630105154+0.006461778796080154j),(-0.03474310082227518-0.04066272140246558j),(-0.03586891374112422-0.02463493279790451j),(-0.03366173162372118+7.88295675719749e-05j),(-0.034575618183342344+9.68274270301032e-05j),(0.9995335649241641-0.030539361322592676j)
(1.001755665003947+0j),(1.0254046838173836+0.004744365011519891j),(1.0351736101308624+0.033829328563050834j),(1.0227773626497847+0.015427476929695745j),(1.022684720568788+0.014313878626065969j),(1.0338082184292614+0.02221078169614567j),(-0.036346022134914766-0.028034453775805757j),(-0.03397090857448026+0.031567321429386744j),(-0.03599002486175287+0.00975677734845577j),(-0.03343139672843412+5.5711076737752e-06j),(-0.035141990456083225+3.11874386781757e-05j),(0.9994501825434444-0.03315618515263316j)
(1.0016036147063931+0j),(1.0220226612263938+0.01843722841516557j),(1.0398965896854204+0.03292033962046549j),(1.0282318159801505+0.008951130381011944j),(1.0263280042466487+0.010988719249123443j),(1.0371812401383391+0.022241047832813592j),(-0.0390656600340352+0.01817533459965479j),(-0.037973114252872794+0.02670452221718759j),(-0.04009121653626748-0.02917661769049789j),(-0.035949671121738906+6.4302918776748e-06j),(-0.03831570703600265+1.4424500436109201e-05j),(0.9993415764195661-0.036282415014115214j)
(1.0018990347956558+0j),(1.0242298089514432+0.015205827095178244j),(1.0500737212425233+0.010692433241651773j),(1.0260166055523219+0.014428396277541883j),(1.026186504902945+0.012174214353047984j),(1.0410863453567776+0.01393811478369307j),(-0.039824410888266895+0.01732250764488049j),(-0.037564901751832504-0.02479723120085488j),(-0.04127722165374928+0.02191943802153625j),(-0.03583805156789531+1.66916631882268e-05j),(-0.03818376833366071+7.0626527028303e-06j),(0.9993332501566015-0.036511027532012755j)
(1.011891425347883+0j),(1.0404989298949932+0.0008037378841342279j),(1.0583979512316037+0.01708657543699353j),(1.0392939831158199+0.008944964679240105j),(1.0381975961915784+0.009073889475199296j),(1.0523930201903027+0.012873986489724576j),(-0.041260644634494296-0.03214563941075491j),(-0.038917914135352887+0.0025255782219671162j),(-0.042697859250144375-0.007137564042592522j),(-0.036932525670789744-8.22903660852489e-05j),(-0.03811388310884614-0.00011000416411150051j),(0.9993691447951889-0.03551496066917181j)
(1.0008042316141708+0j),(1.020791690826277+0.020584366528655654j),(1.0447747846090283+0.0210233725221288j),(1.0270023286487873+0.011022616833190314j),(1.0258249084430393+0.011226137435165198j),(1.0384422791717838+0.01808051070514702j),(-0.03954273491081141+0.030697082981437196j),(-0.0378236305170025-0.0020322123558705768j),(-0.04228227236022029-0.008197966765188667j),(-0.0361503590664265-0.00010027602856521881j),(-0.03814477160236813-0.00012791133251138j),(0.9993164401878885-0.03696826166059742j)
(1.0129157458726938+0j),(1.0379119522657065+0.014485781068945526j),(1.0677425002351568+0.002997136498001209j),(1.0450367237404117+0.002008464783941369j),(1.0428654387867595+0.004364491593286915j),(1.0579030851819775+0.007193143928712359j),(-0.04359612695147771+0.02231333623312636j),(-0.040532062084022824-0.029425735680118307j),(-0.04517918109945133-0.03412404099896442j),(-0.04012817050940177-8.12475718369205e-05j),(-0.040961158447516396-0.0001342251465152572j),(0.9992964868425495-0.03750375160085275j)
(0.994492393124938+0j),(1.020480406608504+0.011437996807072751j),(1.0347502696423034+0.03979142567488793j),(1.016481452801223+0.025862635393458226j),(1.0177039584844465+0.02158776557223784j),(1.0315731003803625+0.029188449223443096j),(-0.04341526690074854-0.01701579037433632j),(-0.04045196032678746+0.02524132418216516j),(-0.04513388974234904+0.04559801722019221j),(-0.03975291411892706-0.00015734562763747702j),(-0.041356631687324494-0.00020530187715994412j),(0.9991561138711959-0.04107383733972167j)
(1.0112844088222932+0j),(1.0355741701608872+0.01418685039235334j),(1.0615901955262343+0.010595778895711085j),(1.042311830818809+0.0027019111388094474j),(1.0400806929311128+0.0053522393582090206j),(1.0539100414265044+0.010460391889904842j),(-0.04244665715600416+0.017425840360208632j),(-0.0392282557972633-0.01273986771897657j),(-0.04342656989734-0.03734720917262395j),(-0.039182561046982235-0.0002623222026530021j),(-0.0402215026514315-0.0003162309294099272j),(0.9993219916106723-0.03681789080432906j)
(1.0008549720387179+0j),(1.0205121537765782+0.023388100451773346j),(1.053025110157967+0.002783060852983646j),(1.0266344702509715+0.012359564857766596j),(1.0266368912874921+0.010623280997310072j),(1.041966707844729+0.011299305153785655j),(-0.04083813846591777+0.048649646686761444j),(-0.03757852278857423-0.044277334353822397j),(-0.04222818024457636+0.015983873913782132j),(-0.03804053295433249-0.0001924405078170776j),(-0.03975714691379008-0.000252800184121868j),(0.9992924761843175-0.037610464520066555j)
(0.9937184553544759+0j),(1.0097391858550775+0.020904324048410076j),(1.0261589704604497+0.030376029665949347j),(1.0134938450958426+0.015999477395728063j),(1.01337574382054+0.014723198212338336j),(1.0232767116078798+0.02311022323778229j),(-0.03457444474265591+0.027231544841279674j),(-0.031372234655721344+0.015982432555595224j),(-0.0356451772593794+0.01088578195920087j),(-0.03192705409629467-0.0002112548627872458j),(-0.03337624673491441-0.0002736837795759553j),(0.9994474393779782-0.03323877134917125j)
(1.0016219501863206+0j),(1.0145814057736096+0.02021090992243889j),(1.0368666888460885+0.007356710750712008j),(1.0222139184006755+0.004594525821174469j),(1.0210353399886372+0.005652898769034746j),(1.0305665078391097+0.009612402161466848j),(-0.02983706555403676+0.04448237052543757j),(-0.02668710270574928-0.017239840026298425j),(-0.0301377099816505-0.01623781827738769j),(-0.027112882448024022-0.00019572758511059428j),(-0.02819890892043336-0.0002437193782781834j),(0.999635157411008-0.02701022154424908j)
(1.0056160284374465+0j),(1.0255873016139556+0.005137590271104497j),(1.0382471787453234+0.018807344827019404j),(1.0260486394794015+0.0082552231818201j),(1.025291863030356+0.008449169116447065j),(1.0352129754289467+0.013363747968781741j),(-0.031035411224710784-0.013019608426143251j),(-0.027960132259438598+0.010773294137994584j),(-0.03200620492511003-0.00609163598100757j),(-0.0290413051715872-0.0002720762242033115j),(-0.029807555487814448-0.00030660817148155876j),(0.9996119692052822-0.027855179438266556j)
(1.0111510872539946+0j),(1.0320231991379774-0.004342540214507268j),(1.0364986227188726+0.02361207491549661j),(1.0310189021443708+0.002770687619549784j),(1.0293234243476082+0.005114746757190262j),(1.0368760875259158+0.012089110234097075j),(-0.027622295336911483-0.04289986364801661j),(-0.024746172750690222+0.034408867070317706j),(-0.027567589592543896-0.031312799561600824j),(-0.02556134736831882-0.0002911067055521647j),(-0.02584039903660108-0.0003158987351005278j),(0.9997316388854615-0.023165711976740194j)
(0.987530024980002+0j),(1.0014766354681448+0.012616185487323916j),(1.0050793203993607+0.04275616232395071j),(0.9980779428243686+0.02341985084410543j),(0.9997355143213837+0.019537498802377942j),(1.0065687711958602+0.028596675040888104j),(-0.02726300535517758-0.005011272942016774j),(-0.02542953677615565+0.04244519849985644j),(-0.026760696275841843+0.043390797490384415j),(-0.02601434413634713-0.00026725850597818717j),(-0.02562529289940066-0.0002647309676872499j),(0.9996259633375381-0.027348371459723023j)
(1.003532373194643+0j),(1.0240999839459648+0.003219937509342529j),(1.0396326899938089+0.012037781639444476j),(1.0213124443677832+0.013608288154033258j),(1.0222148447036612+0.011009366078834739j),(1.033848935167849+0.01170422741280236j),(-0.03023705367297284-0.01727029245913421j),(-0.029010786705897844-0.008717131525735432j),(-0.03089322891081789+0.028428179186278827j),(-0.030136106207160493-0.0003667133873906061j),(-0.029091873226818755-0.0003421449056370231j),(0.9996044030205036-0.028125388211057905j)
(1.0113521603858353+0j),(1.0317461751154267+0.010097660536812225j),(1.0567363998457273+0.00013164732108691306j),(1.0370181353861379+0.0016524614372449094j),(1.0357114750855094+0.0033398638373434556j),(1.0479867404914824+0.004488549639750678j),(-0.03364021259221921+0.014549135443495525j),(-0.033308578216808306-0.0276961449369j),(-0.034493507316755226-0.023404288605541966j),(-0.03394591090627126-0.0004047330510688137j),(-0.031876240993664116-0.000370853373557648j),(0.9995528064258262-0.029902962499637874j)
(1.000093245438828+0j),(1.0208975798903406+0.009325549849540619j),(1.0348570664867127+0.02549754379900716j),(1.0201406025223552+0.015159410071325574j),(1.0205188922650958+0.01352355983698475j),(1.0313704845545786+0.01900280915117168j),(-0.03466168486184225-0.007398412554415814j),(-0.03185991193689972+0.01300679044295152j),(-0.03455018771494819+0.016607544833598973j),(-0.03397349311908911-0.0004213439186634783j),(-0.0324787945125401-0.0003954017016998628j),(0.9994812930425231-0.032204733472676064j)
(0.9906948804492458+0j),(1.0047980402051093+0.018160093874510543j),(1.0134406400733935+0.040697714246768844j),(1.0066597183574304+0.017892827489651073j),(1.006963415530554+0.01648965009430339j),(1.0138605095575133+0.027132636707765608j),(-0.030526675288089063+0.014305281503746803j),(-0.02864254277816913+0.03932876319229674j),(-0.03073437326416058+0.013842441446508856j),(-0.03017141028906144-0.0004603286379086589j),(-0.02799624898932204-0.00042813560060165403j),(0.9995461393574793-0.030124994532093437j)
(0.9971534243049742+0j),(1.015869592911361+0.00228649236406336j),(1.0207269644182122+0.030343619283855344j),(1.01052025180766+0.01867509056489866j),(1.0118316156835148+0.015389932466068248j),(1.0202105257748695+0.02043750339963696j),(-0.028264030575399546-0.030599300526661096j),(-0.025055671455622423+0.027582838068097536j),(-0.028300748350978372+0.03647386479257795j),(-0.027608310196727524-0.0004625224523915243j),(-0.02560368231559828-0.0004374765736637503j),(0.9996503214565843-0.026443048457917697j)
(1.0039456605971833+0j),(1.023743086522049+0.003960000141882225j),(1.0394082138238754+0.008575758382293918j),(1.0213797122162107+0.012261776295953522j),(1.0221970463060803+0.009863167526610766j),(1.033390992338999+0.009832084684549996j),(-0.030248513844857303-0.012253047730639424j),(-0.026966650688376427-0.013853398182079325j),(-0.02992108812197227+0.02604491872240298j),(-0.029279138364006772-0.0004621900187504981j),(-0.027534137221428372-0.0004465008084720487j),(0.9996343572917437-0.02703981734262629j)
(1.0206173003379244+0j),(1.0454941266704554-0.010165653327388703j),(1.0629031171484882-0.01223290585071705j),(1.0428174603010931-0.0005745641935152606j),(1.0421845238243022+2.4014404843942767e-05j),(1.0546662426962212-0.004738680821753855j),(-0.02997150873984776-0.04287431167584482j),(-0.025970819008945885-0.03665939070437719j),(-0.029032033942807872-0.009586883699351723j),(-0.02912102853169296-0.000414045604093411j),(-0.026835022397689264-0.000392760667019302j),(0.999734096511128-0.023059407474577392j)
(1.0018352052678894+0j),(1.025002115560539+0.0015785116196051514j),(1.037317786075781+0.021654760975051007j),(1.020081153007617+0.017801297839780975j),(1.021435179682196+0.014515251876341327j),(1.0329726389642586+0.016835232970921283j),(-0.03365116689409919-0.031053670199423324j),(-0.03139318870449183+0.006844452901227918j),(-0.033933741799859224+0.03697560153267053j),(-0.034435523394498915-0.00044801045229065115j),(-0.030524746690943582-0.0004205565473524005j),(0.9995153223310018-0.031130699085524658j)
(1.0132398503485174+0j),(1.0396603592773919-0.008780242040851238j),(1.058383972394785-0.006945678687924584j),(1.0329356391485078+0.011094530825014931j),(1.0342174029643232+0.0075846386135118215j),(1.0490474251586148+0.001324489400598639j),(-0.03239875626266148-0.04680999285368597j),(-0.02956453341989392-0.040726188616337866j),(-0.03306346107124362+0.03936217690536289j),(-0.03164652623709621-0.0003730787599419807j),(-0.030624282413969875-0.00035117785906780354j),(0.9996220514167795-0.027490986182919497j)
(1.0132913372105892+0j),(1.0387040911617895-0.008030403025345221j),(1.057840514617726-0.00895562037486202j),(1.0324139173714224+0.009924560008170925j),(1.0336172929740726+0.006658910991830082j),(1.0482790267033946+0.00019692879450548356j),(-0.03135533473252581-0.04222873336029012j),(-0.02882760345407752-0.043714160480550664j),(-0.03112740604255632+0.03669853025189531j),(-0.030021928457296777-0.0003050180888378758j),(-0.029757139733474654-0.0002980548322917505j),(0.999653378106703-0.02632724140233964j)
(1.011959832476417+0j),(1.0285607378074397+0.01439866518226856j),(1.0537889190725256-0.0058259527722382505j),(1.0366228891425846-0.004192680339784962j),(1.0345490203977055-0.0007616214442823063j),(1.0453197471700075+0.0007257984264480949j),(-0.032168846126775744+0.03528532504321416j),(-0.028353783266586982-0.03385467774799127j),(-0.029314561553280178-0.04385606868247932j),(-0.029036130739397207-0.0003047143942344844j),(-0.02873964441985969-0.0002973820082515248j),(0.9996622426399807-0.025988471290253414j)
(1.0107777661700523+0j),(1.0309894626752183+0.01069406596233701j),(1.0579649424906297-0.00996531773472458j),(1.0343966063461658+0.0027315591287745368j),(1.0337922392155612+0.002988805978209833j),(1.0471981280264684+0.0005784784640750481j),(-0.03536348960846285+0.021120984660143893j),(-0.031187952289049685-0.04979873397494096j),(-0.03239031432480664-0.006019197514597622j),(-0.03140128670015925-0.0003044339581544834j),(-0.030745274757934742-0.0002778182458074892j),(0.9995866067387419-0.028750923959549275j)
(0.9943545504967656+0j),(1.0197999375009708+0.005440512982488871j),(1.0261360816330285+0.044629331043857794j),(1.0123039363102002+0.02600233186619444j),(1.0139824715761425+0.021660728572000437j),(1.0256897582381637+0.029943848245715343j),(-0.040576462396579104-0.037277414300232556j),(-0.03627132607875253+0.04144551623082056j),(-0.038131089074562315+0.04819405307209041j),(-0.03633037117746102-0.0003407508607574778j),(-0.0361626224970066-0.0003188913619417853j),(0.9993257539467352-0.036715630170123595j)
(1.0043253587341179+0j),(1.0233755382916998+0.021206966370414297j),(1.0548900114990236-0.0030461876415044716j),(1.0294087217464183+0.007379022249103232j),(1.0290947010755684+0.006925485858632135j),(1.043497369198221+0.006772607105412063j),(-0.039802813753615406+0.047588284330659515j),(-0.03563122001932434-0.04860430873145536j),(-0.03669977887943072+0.002151285531705291j),(-0.03553608363826917-0.00032829304239220954j),(-0.03571724816118564-0.000281166337337385j),(0.9994182654589814-0.03410470153748688j)
(0.9882459781099551+0j),(1.0100724812262445+0.01555637128253694j),(1.018595728565275+0.05107746315866544j),(1.0057489148482688+0.02759551639817016j),(1.007518032752789+0.023559370139513074j),(1.0186193353082535+0.034772894450668945j),(-0.040673223099781976-0.00870233431643316j),(-0.037966010945318575+0.04640745530679572j),(-0.036561202123045346+0.04548068370506756j),(-0.03718060663349775-0.0003427118151931145j),(-0.037708448641002826-0.0003183080123084729j),(0.9992642204064314-0.038353850074365814j)
(1.0066721483958867+0j),(1.0342628666047584+0.00798915652413248j),(1.0576057840632684+0.01386604020902773j),(1.032658369618336+0.013564145615292456j),(1.0331236131776045+0.011974990176040026j),(1.0491877322156682+0.014150301252710929j),(-0.04387704472375178-0.009756930518472495j),(-0.04122550213520025-0.015205647632009716j),(-0.03950797081503074+0.016790867111109564j),(-0.04075809405257409-0.0003617079198514412j),(-0.0412785502702234-0.0003149627761921422j),(0.9992711678495565-0.03817241287348125j)
(1.0176790555727568+0j),(1.047073009006392+0.0091222271223077j),(1.078815873971478-0.0026523359894286827j),(1.0513058526250068+0.0010365179436846329j),(1.0497012080820873+0.0033266708448685947j),(1.0672304206043184+0.003988465540230276j),(-0.04713949305603783+0.006255805487208974j),(-0.044547217804041465-0.040164294049243696j),(-0.04316717198047169-0.03113133391842986j),(-0.04369956350776477-0.0003492662765468909j),(-0.04474163501940373-0.00030039820529643166j),(0.9992462100056263-0.03882024973376272j)
(0.9940930870613884+0j),(1.0186029516894648+0.01781421820550469j),(1.0323327275164833+0.046655273751758444j),(1.0181356021859223+0.021541819748771052j),(1.0186273021526326+0.020058542421431475j),(1.0308429804112225+0.03191803911199832j),(-0.04598926080710065+0.0004391520107817968j),(-0.04194110724981984+0.03997858929712776j),(-0.04103960138921934+0.015766035733531757j),(-0.04326470999422139-0.0002042844882326131j),(-0.04218845413244428-0.0001683867234025275j),(0.9991199817109789-0.04194355905086097j)
(1.0064246312158331+0j),(1.0332787010715359+0.010798385889243384j),(1.0579692820482545+0.012268032359391005j),(1.0329383416260713+0.01237834069291633j),(1.0332249046213602+0.011284643857594517j),(1.0491577144581297+0.013616757941839402j),(-0.044898672649112466+0.00037156138458570347j),(-0.040997304143629794-0.01899451273051842j),(-0.039151246922656896+0.011374229077168629j),(-0.0412116916268083-0.0001225977045148127j),(-0.04129513922587723-9.66682015640887e-05j),(0.9992626750639306-0.0383940910047021j)
(1.0238503616107275+0j),(1.0540913466381945-0.009858735129897142j),(1.0751315197211133-0.010089364743583908j),(1.0506162169855748-0.0012814182983547826j),(1.0496984539380732+0.00017423211116129373j),(1.0655210458206619-0.003281539751335716j),(-0.038720597044546015-0.047553225535591236j),(-0.034600440388479974-0.037067638996466125j),(-0.03177367714219962-0.01916629249858643j),(-0.03377565253285357-2.9405771064594e-05j),(-0.035268418624816805-1.45121739391599e-05j),(0.999593851877907-0.028497917255282477j)
(1.0020946150179137+0j),(1.0269752407277903+0.0013739931319739975j),(1.0335118231286626+0.03562339018324606j),(1.0215883740971288+0.01622023230189761j),(1.0220775865130711+0.0148630129707416j),(1.0331268350138216+0.022687279487133418j),(-0.037306158960541014-0.04064502803634501j),(-0.03284802732597812+0.03690075010603538j),(-0.03202005881036347+0.014854043510624138j),(-0.03383550212078135-7.21497140179461e-05j),(-0.034932148578734654-4.6736281481158905e-05j),(0.9994789058598801-0.032278735122939j)
(1.0064970371332589+0j),(1.0305276389264464+0.003188009386640018j),(1.0469527058720394+0.014247546630065317j),(1.0277772058263985+0.011659541729612408j),(1.028042813108453+0.010281228759442436j),(1.0414467677441706+0.01265257495794998j),(-0.035961763270771364-0.020962204878706942j),(-0.03237071475471224-0.0046888260723817726j),(-0.032957694487846745+0.014118230356932927j),(-0.03241748459283886-1.43246229153505e-05j),(-0.035393228587888965+1.32123997524074e-05j),(0.9995113388839317-0.031258333967923435j)
(1.005123967683698+0j),(1.0242114791802999+0.017418551789920026j),(1.042889039587276+0.025436656601125807j),(1.0313862713059507+0.003332387232805933j),(1.029219068795579+0.0068974677308628355j),(1.039684169910705+0.017213651522378942j),(-0.03674333310550274+0.022305140983448362j),(-0.035210685284583015+0.018795585142853732j),(-0.03378982351918492-0.04513031916258441j),(-0.03417490203628629+4.44778776330387e-05j),(-0.03671937352387958+6.77525114657919e-05j),(0.999460636400342-0.03283955368489889j)
(1.0150503126233372+0j),(1.0465386038982323-0.0040951115666249625j),(1.068546592939727+0.005417482346173329j),(1.0421886120918396+0.009954226763041165j),(1.0423728575619184+0.008744921938980512j),(1.0594953971698673+0.00782603289442248j),(-0.042306057721729-0.043277025012681734j),(-0.04061548321384027-0.022617610981703763j),(-0.03976478878685341+0.012307597014857995j),(-0.04012943469698624+0.00010458339402379079j),(-0.041235622582939245+0.0001258786794490497j),(0.9993557022869382-0.03589122882516749j)
(1.011192343713744+0j),(1.037092470968407+0.003871616389491059j),(1.0494485856655027+0.03161187448404488j),(1.0392886350515709+0.0042745913138937455j),(1.037147867991107+0.0078046151665719325j),(1.047972919965762+0.018172947567237006j),(-0.038789123522956624-0.027125115925684996j),(-0.03810308979255167+0.037452253954565154j),(-0.03735175167473432-0.044972042810958374j),(-0.038301343702527864+0.000118748350911702j),(-0.037599917782156385+0.0001586120007858767j),(0.9994182723356467-0.034104500020248577j)
(0.99556641207056+0j),(1.0119799317546896+0.01960024732847419j),(1.0361364359820258+0.014507734148745802j),(1.014748542334988+0.016503789941420818j),(1.015889006480839+0.013795116572034733j),(1.028288825264369+0.016478458364580083j),(-0.033019269968826835+0.03189528485020152j),(-0.03364720509830767-0.018753898981556744j),(-0.03295160657026548+0.03081409354026051j),(-0.03432345167290795+0.0001228263901639411j),(-0.03329819318471076+0.000169594574308482j),(0.9994574303203649-0.03293698494721159j)
(1.0016042236501852+0j),(1.025403392612411+0.0063235126761168586j),(1.0439941732347848+0.018984148058414464j),(1.0221374314870297+0.017649170798140518j),(1.0234726861943872+0.014597475069161247j),(1.0374925694928765+0.01697480725118086j),(-0.03619586343632592-0.015865731947921406j),(-0.03639353642969151-0.004909119273719618j),(-0.03480898363755231+0.03524352575189922j),(-0.036533235615977724+0.0001469884586433161j),(-0.0364517192358952+0.0001827949513216575j),(0.9994124736006225-0.03427400781182633j)
(1.005149715169166+0j),(1.0265779035100182+0.01149936708817961j),(1.0465755487688992+0.019756441475737473j),(1.029606747132564+0.008533495425453739j),(1.0289298315140922+0.009420720479204689j),(1.0411066262802846+0.015422811873837391j),(-0.03562882462104368+0.004388529306744424j),(-0.03646170833656863+0.003763768001963733j),(-0.03427424363557834-0.012031209627504211j),(-0.036294800226277804+0.0001677665646891299j),(-0.036177556881650946+0.00018794685653460649j),(0.999443825398971-0.03334726183468617j)
(1.025189552826453+0j),(1.0600442334541853-0.00543831529303351j),(1.0875459910297567-0.002216265912368061j),(1.060096186254715-2.898465314748944e-05j),(1.058415529188552+0.002434612179651065j),(1.0768907720443175+0.0019057354152473345j),(-0.045818026845045656-0.04215547992112913j),(-0.0458994936368993-0.030888397781499707j),(-0.044507409808083535-0.03303867652293785j),(-0.045251980953564426+0.0001574595793667255j),(-0.04632262321937275+0.0001732257103563849j),(0.9992771657055449-0.03801507726538082j)
(1.0053882323618115+0j),(1.0315733165851932+0.020074300645882694j),(1.0592740901540076+0.024543204226748806j),(1.0380735125285132+0.00961483710685007j),(1.0365719720237674+0.011359552251619108j),(1.0519687129973394+0.019908851018678328j),(-0.048064807960432394+0.023151534918151122j),(-0.047102780540372036+0.0013689078818493812j),(-0.04687117553285386-0.024606497838884706j),(-0.04628688405212486+0.00013838031946871978j),(-0.047385685277295336+0.00016079201307709322j),(0.9990432455170196-0.04373320919873093j)
(1.0154949324369333+0j),(1.0503686043522875-0.0018034320316585608j),(1.0706282197678862+0.021967929449091435j),(1.0477326062897017+0.00954784916086671j),(1.046775785555108+0.010372814489273657j),(1.064099719280402+0.015558829591557036j),(-0.04866274614199041-0.04820299513799992j),(-0.047735883929454735+0.00822163851065816j),(-0.045679180149688-0.013150684271245381j),(-0.04569245534141939+0.00014219772261475568j),(-0.047916104578175224+0.0001676745168443792j),(0.9991349437884669-0.041585623727641845j)
(0.998884929379615+0j),(1.028243114997547+0.023394201424227316j),(1.0492972791340942+0.05228531472194331j),(1.0334117736182813+0.017130259177513017j),(1.031838819260848+0.018715524797527024j),(1.0466556530465443+0.03482137671138921j),(-0.05535773689451723+0.012019187793224419j),(-0.054437121458512046+0.04660678386146309j),(-0.05328336462523065-0.023419937161131853j),(-0.05207089620234767+0.0001455868538863505j),(-0.05341456000318598+0.0001640545860524934j),(0.998705437640883-0.05086697186320627j)
(0.9888731271407574+0j),(1.0162249726956123+0.03236119433951132j),(1.0390925739441794+0.06170936024388546j),(1.0215245387996372+0.026218585764347147j),(1.0211191504478605+0.025362361957360403j),(1.036574504229286+0.04306115112326412j),(-0.05739910498932482+0.031140486000653837j),(-0.05720314917034483+0.04937398525667472j),(-0.056077766035238216+0.005536080216239526j),(-0.054128343278347736+9.60748542052649e-05j),(-0.05660250696899264+0.00012375402787330328j),(0.9984806446065547-0.05510356019422756j)
(1.0065040632877484+0j),(1.0414393044757129+0.01257496448621259j),(1.0662634933246502+0.03625048672138845j),(1.0421742192361136+0.016727951137163244j),(1.0413160673495543+0.016809403177687244j),(1.0596328079568094+0.026407241430688295j),(-0.05680395052168646-0.015375136788167907j),(-0.055881789006164855+0.017990844989084542j),(-0.05528908760984193-0.005507802591840573j),(-0.053507698505665446+0.0001713880805811238j),(-0.05503235996766263+0.0002077327740480401j),(0.9987035985572367-0.050903066988402704j)
(1.0179654129506193+0j),(1.0558810406164383-0.00189529043607362j),(1.0809089223592083+0.01633047484149498j),(1.0534368051485166+0.009811010153153851j),(1.0523963163047352+0.010253558423368208j),(1.0716623653811015+0.01342858941339847j),(-0.05323422935954042-0.047908148095171514j),(-0.052481854406376593-0.006834990713331443j),(-0.05197144966245226-0.009887775071197645j),(-0.049656657140804424+0.0002066156263061012j),(-0.05032968391181078+0.0002478482748546785j),(0.9989856089002787-0.04503058083280084j)
(1.0044899276537418+0j),(1.027653223315654+0.02736850935662622j),(1.0584975937137866+0.02212347657679122j),(1.0380643992480603+0.0059207745628125155j),(1.0356843201993522+0.009028837545113954j),(1.050360920874072+0.018773098001048576j),(-0.049128856828024335+0.049651413029057644j),(-0.04724366922206369-0.003703705912827985j),(-0.04645887631261917-0.04205892639323608j),(-0.04368147717196887+0.0001340716288248226j),(-0.04580084427614818+0.000178077006209234j),(0.9990683894526273-0.04315499040126591j)
(1.0108661683846836+0j),(1.0451591465348384+0.007669218666818749j),(1.061586852221392+0.04454098693932908j),(1.0467623991551804+0.009601634428343084j),(1.0441974447390965+0.012835568654495135j),(1.059335284340138+0.026797983610806354j),(-0.054074208407270105-0.03182408315353523j),(-0.05282556396078534+0.04904930969062839j),(-0.051667903720802134-0.04461444689854642j),(-0.04831757526427165+0.000141535592123551j),(-0.05117817273814025+0.00018443036253099458j),(0.9989196515507467-0.046470740748721186j)
(0.9966338740480707+0j),(1.0294251489465305+0.02668956190276889j),(1.068037676597608+0.024601875714724487j),(1.0306520652714861+0.026535711275965098j),(1.0320368569883107+0.022269087354283422j),(1.0547366282362487+0.02681553035935374j),(-0.06176409273056504+0.030997167627128838j),(-0.06086618576579718-0.02964266181912897j),(-0.05848336776817953+0.047080349551609973j),(-0.056476771575084614+0.0002019946465654901j),(-0.05973801259200934+0.000250736874142171j),(0.9983978712074888-0.056583484943530236j)
(1.0118015733748018+0j),(1.0464037086684492+0.01428597002209087j),(1.0791785385087271+0.018235313274666827j),(1.0494463946599606+0.010232074539224267j),(1.04813712842553+0.011375254845485908j),(1.068323813989803+0.017184727456418015j),(-0.05758473109050017+0.002527146199870181j),(-0.05671241720713243-0.015398244670380052j),(-0.05326279439987909-0.017969893224741254j),(-0.05215307609767842+0.000293738040566823j),(-0.0553023672895333+0.0003343289489602557j),(0.9987734918001682-0.049512746614375235j)
(1.0120061100855102+0j),(1.0435075330569843+0.021003665210845422j),(1.0820541429954968+0.009440580549329761j),(1.0506317173902946+0.0061996207370185125j),(1.0490124052761791+0.00845340161944434j),(1.0689897455519872+0.013213533628744249j),(-0.05713856635129009+0.03164561993855869j),(-0.05662338166823291-0.033768860905242774j),(-0.051335052015313666-0.03035973712114445j),(-0.052712315648799773+0.0002878467883997875j),(-0.05404907082870032+0.0003219885885923166j),(0.9988102906677244-0.048764774748335855j)
(1.017957623843978+0j),(1.056136401572411+0.006470949565412428j),(1.0839612276207866+0.025165440492849092j),(1.0583369780051934+0.005939923833506903j),(1.0562307465011522+0.009393598617709546j),(1.07557683371497+0.01781203464541608j),(-0.05828411664169071-0.026239100808520148j),(-0.0587009250829217+0.008103878287748521j),(-0.05279480522304568-0.04483967430082959j),(-0.055674517267284174+0.00029823477569122607j),(-0.05648361031859165+0.00034554840562988357j),(0.9987796841407527-0.049387676071042656j)
(1.0303041255875844+0j),(1.0734759284332527-0.0033994070851272816j),(1.1102610699750433-0.005761885339815551j),(1.0739193832677625-0.00012518644881356816j),(1.07196637002308+0.0028514765091878177j),(1.0954470478737657+0.0015723092113595885j),(-0.0603001028718319-0.04091115433417903j),(-0.060219289490064866-0.04858806633197848j),(-0.05550922948731071-0.03997152175558968j),(-0.05741479670438332+0.0002705178839507022j),(-0.058052162761405+0.0003275829444626977j),(0.998841872303075-0.04811355457755866j)
(1.0134455288375577+0j),(1.052190456253773+0.014421994653571342j),(1.0941471916335577+0.007395062110715371j),(1.0542859352882028+0.013645334755077081j),(1.0540575249003272+0.01293341078734764j),(1.0783935156394595+0.014082632370838443j),(-0.06276524269667365+0.004790129834532934j),(-0.06449148159013995-0.047832182470417935j),(-0.05929657687391452+0.005419880919630685j),(-0.06035829070361576+0.00027466933260731843j),(-0.061683274024442326+0.0003170376542152259j),(0.9984859471360349-0.055007393792611624j)
(1.0108323304679907+0j),(1.0474350566775767+0.009568934808757437j),(1.07643956259424+0.02635247476889481j),(1.0475041671835175+0.014097585180769803j),(1.0468399414502103+0.01433824922938361j),(1.067052362814684+0.02108775976379295j),(-0.057073559287893545-0.019116103258806562j),(-0.05842255131928957-0.0001594499261058573j),(-0.053203799491399084-0.006043297854238482j),(-0.05414379914492571+0.0002145611626097411j),(-0.05614657147978688+0.00025328646952996496j),(0.9987274060412058-0.050433802377020935j)
(0.9952791241646332+0j),(1.0307863355444922+0.020569022587417784j),(1.0530004974804017+0.05930269662922409j),(1.0299901281064034+0.027928372359114828j),(1.0303739673177497+0.02614095208149288j),(1.048915090739535+0.04112274860524458j),(-0.062248167734453824-0.009132610182345232j),(-0.0631065604328343+0.046110827452677444j),(-0.058177203645142936+0.018431960306592565j),(-0.05956099648495307+0.0001879855430792548j),(-0.060602293005682414+0.0002342821097838877j),(0.9983218369142034-0.0579094978414658j)
(1.0036588273709546+0j),(1.0416785197596856+0.008087523722276157j),(1.061681676871942+0.04870735548059235j),(1.037768740855017+0.023306606928134518j),(1.0379338005532057+0.021814856368175345j),(1.057007238383172+0.03316524333107046j),(-0.058583104563826614-0.04071831162882109j),(-0.05973510980963975+0.03798490082596406j),(-0.05522643136717286+0.014701931288798861j),(-0.05559900717535925+0.000185113376269443j),(-0.05802075604753238+0.0002035865539011108j),(0.9985829541452237-0.05321732509811151j)
(1.005864796205708+0j),(1.0359708709586828+0.02297890043581669j),(1.0731851093347584+0.01717844715903926j),(1.0418579718517686+0.012743102109377154j),(1.0411311853029923+0.01303709695497266j),(1.061099030018073+0.018707895234507242j),(-0.05507908457813767+0.03189077874819667j),(-0.0565327048104487-0.02531079433396661j),(-0.05172095310650373-0.006828890621869256j),(-0.052108346665453886+0.0001983001257390587j),(-0.054856593365932314+0.0002046212532261542j),(0.9987573963906063-0.04983636378245521j)
(1.0015590382158324+0j),(1.0325667776346892+0.01919709309846854j),(1.0689685736871608+0.01592713656724416j),(1.0330895931901005+0.021369207931231066j),(1.034406781687034+0.017910435293427292j),(1.0556672738816515+0.020016516188131155j),(-0.053566705355371336+0.017350134685120623j),(-0.0561331119291653-0.03499519676043636j),(-0.05085960226072074+0.03921805457468638j),(-0.05199398220666159+0.0001572636751877247j),(-0.0536369304577288+0.0001728037241480676j),(0.9987515322720427-0.04995374644855716j)
(1.0106826098138673+0j),(1.0467735418487483+0.0005226414009577151j),(1.0679133015776867+0.030846920407079443j),(1.0427108333288713+0.01615390357937073j),(1.0425858359147382+0.015325819781366915j),(1.0612371838346597+0.021846773710720982j),(-0.05079078401882493-0.04919410142709123j),(-0.053451753026893936+0.015656478994487546j),(-0.04846368331515941+0.0069958975957894725j),(-0.04865117475931744+0.000148349381816142j),(-0.05161147574200583+0.00015808600873414868j),(0.998956768484382-0.045665903026666094j)
(1.0256204989364497+0j),(1.0642243385339598-0.0036003277345152502j),(1.0979626086030805-0.006090736034692055j),(1.0631805459155574+0.0026351751439796325j),(1.062008551559806+0.003990549110312876j),(1.0840824582822017+0.0017599114520152092j),(-0.05256124276882298-0.038406367056287055j),(-0.05396140526639516-0.048208876252587435j),(-0.04858991665469325-0.019634146410492704j),(-0.04937935126099272+0.00018188625488795528j),(-0.05260748183780186+0.0001802399088357371j),(0.9990715435058539-0.04308190985588591j)
(1.0098442621050423+0j),(1.0410651237484516+0.014201509870615157j),(1.076878132178657+0.006737486761591358j),(1.0433422618142376+0.011969438394864173j),(1.0433315172564728+0.011226255796102617j),(1.0636472225854603+0.0124613458033804j),(-0.051310332384093445+0.010979533797062147j),(-0.05318308020978152-0.039917664341099605j),(-0.04781739078659747+0.00677580061441018j),(-0.04969102995224658+0.0001623963288318179j),(-0.051140573065902556+0.0001708618515455973j),(0.9989465159679314-0.045889631024136734j)
(0.9913518724231043+0j),(1.020259123777625+0.017023680432716955j),(1.0379395790114514+0.05236804320507141j),(1.0165220899670908+0.029522652675078337j),(1.0181572983361955+0.025623502860938955j),(1.0343546760026008+0.037226497431644724j),(-0.050041340482549754-0.011012910205050517j),(-0.052166892751538504+0.03781988624442106j),(-0.046337715492316287+0.04441098513150124j),(-0.04746218803515997+0.0002591639069139385j),(-0.049902332146218586+0.0002419452738660049j),(0.9988392646348933-0.04816765951990775j)
(1.0223646293949453+0j),(1.054049204388169+0.005358888098743336j),(1.0875850392626523-0.001534541323262613j),(1.058998976046106-0.002302112338057946j),(1.0566519565863641+0.0014909667534631487j),(1.075365165481904+0.003253293749820237j),(-0.04646446282417706-0.005845867379937388j),(-0.05059333636419893-0.035346943980260295j),(-0.044256828770002886-0.049340311643842893j),(-0.044845623888760504+0.0002654652252038171j),(-0.047766765167123505+0.00025068455352673507j),(0.9992115607188894-0.03970210228339628j)
(0.997551181418182+0j),(1.025545326125236+0.018095101919769426j),(1.056253381122604+0.022032029510124784j),(1.024269410362333+0.023709099805233516j),(1.0260229391552573+0.01947948277949389j),(1.0453201456463554+0.0227917788525553j),(-0.048570563016152195+0.011984610261751407j),(-0.05123360274782697-0.02070950259124335j),(-0.04556048906871924+0.04857800252318296j),(-0.046234998677421986+0.0003445528554985125j),(-0.04910575543052108+0.0003253811109613269j),(0.9989347640115507-0.0461447423786028j)
(1.0023381953197523+0j),(1.028841545426313+0.025423971267857576j),(1.0627817851484411+0.02108981998992705j),(1.0353422612430958+0.013105103999413663j),(1.0345489630093485+0.013423914677371881j),(1.0524180177946079+0.0205472600015264j),(-0.05176890025184462+0.0393072788409947j),(-0.05212976549487025-0.01593989457372176j),(-0.04825377836468445-0.007177435975076044j),(-0.04764808580755066+0.00035586145327903753j),(-0.05067790471868639+0.0003525916818131219j),(0.9988959365183088-0.0469777394859608j)
(0.9937742461212515+0j),(1.0208728749573774+0.03036267194365353j),(1.0476326219964283+0.04766417350554845j),(1.0267582438684153+0.021081272383892055j),(1.0260603117191558+0.020884678459408022j),(1.042420382814347+0.03521130952693002j),(-0.05604791053531866+0.03523454557950367j),(-0.05502462060740051+0.02743190310308285j),(-0.053141432819307735-0.001833931876572862j),(-0.05138702889116011+0.0003690707636032169j),(-0.05483257743978812+0.0003680476893295388j),(0.9986323000089812-0.05228316534767416j)
(1.0052441768913143+0j),(1.0430427992530036+0.005021882005828553j),(1.0676195973940514+0.02973367979809883j),(1.0366785303982122+0.024219335893154007j),(1.0378644162777544+0.020382566333577542j),(1.0589013078732838+0.02474181414898889j),(-0.0568130689793135-0.03962917510902576j),(-0.05531533257080622-8.40974063226909e-05j),(-0.0540050806306015+0.0424696566826365j),(-0.05179559029413666+0.00036561638028055946j),(-0.05537111336720015+0.00035730666436695007j),(0.9987254192717744-0.05047313047967748j)
(0.9978166526311074+0j),(1.0278523131378108+0.024131653514593156j),(1.0625225004737764+0.024727553627599732j),(1.02985507936683+0.023161687985821054j),(1.0306243940604096+0.019885297870197462j),(1.0511141593534998+0.02515797074068805j),(-0.055780384872854465+0.026863498483913218j),(-0.055598056244788134-0.02086623343111003j),(-0.05449339601568231+0.0347757381669739j),(-0.05114943175646975+0.0003620877498992654j),(-0.05514303911896741+0.0003606362336413483j),(0.9986548878026217-0.051849928331031j)
(1.016602556507971+0j),(1.0498523261011226+0.01436689402280054j),(1.0856791534842298+0.0073730982591295145j),(1.056263006484544+0.003731504210856865j),(1.0539193585745126+0.006486400575632305j),(1.0737800325762972+0.010636896318392893j),(-0.05525640637869871+0.012575475674366269j),(-0.05387288351553139-0.030480088342387676j),(-0.05437508888682777-0.038993153014821536j),(-0.050763671735577616+0.0003424741163252127j),(-0.05439698254635169+0.0003351940515507335j),(0.998882661155268-0.047259170997489365j)
(0.9927691344271296+0j),(1.0191655318046242+0.029210819245900712j),(1.0469973344209051+0.04305212943459509j),(1.0237043642639436+0.02304844976093356j),(1.023730504115607+0.021522301281300112j),(1.0405232168480425+0.03350476382001776j),(-0.05386037908629518+0.03428667167919025j),(-0.053755646731139695+0.01685734124026506j),(-0.05174947429030062+0.01433286719146976j),(-0.05007012288791874+0.0003543577594391565j),(-0.05307466112253238+0.0003552018205124679j),(0.9986946215652645-0.05107888856086526j)
(0.9976602188964554+0j),(1.026210445355455+0.017672239478012712j),(1.0427515244799748+0.05258734436348447j),(1.0275582170277697+0.019708230303462804j),(1.0266864805625098+0.019742126866413152j),(1.04082600976087+0.03446754777690473j),(-0.05069323663169644-0.005395200817130409j),(-0.05133012465325194+0.04969205572296321j),(-0.04895983543729791-0.0048720863613289115j),(-0.04608667085616422+0.0003201163079996688j),(-0.04865897480351967+0.0003134416226813727j),(0.9988981638792467-0.04693035476820453j)
(0.9935043060675169+0j),(1.0144367107871732+0.028307346784364296j),(1.04665085789485+0.021028366754694144j),(1.0192957441586974+0.02041334671675069j),(1.0198894823728468+0.017402045347118807j),(1.0363464185935192+0.022549586178986305j),(-0.04498095227258662+0.0490143658918508j),(-0.04610741523151666-0.021689170246305393j),(-0.045363563502239856+0.031224615288411903j),(-0.04064438943788233+0.00038881940833215313j),(-0.04425405191063436+0.0003957322905548337j),(0.9990606949411919-0.04333275693540252j)
(0.9906924639558484+0j),(1.0098476984217624+0.02851889035270663j),(1.0312495727822102+0.04359755153442291j),(1.015716648196967+0.019535521265748354j),(1.015204166683422+0.018748182544466904j),(1.027797331944774+0.031804227899071856j),(-0.04274097400034614+0.03872777636427841j),(-0.04387493791989265+0.02832636713707337j),(-0.04297173714769932+0.00476915254823318j),(-0.03866448097686086+0.0003532886948377159j),(-0.0434436879846446+0.0003617371300117801j),(0.9991153063108265-0.042054782075567225j)
(0.9978115449157141+0j),(1.0234774300997196+0.019473212519087135j),(1.0505073341699331+0.0262225803648132j),(1.0248573667378904+0.020253113063825063j),(1.0252547848349371+0.017564653903196788j),(1.04225728916516+0.02357998819478525j),(-0.04646954682512445+0.01672464992049192j),(-0.046759310633803536-0.006175242825935591j),(-0.046791369465308784+0.02728302009066098j),(-0.04192408800090272+0.00031813630819256j),(-0.046939331281875024+0.00033481387410400136j),(0.9990317056232119-0.04399603572569012j)
(1.0131035026077655+0j),(1.0425843119789453+0.005293179498262044j),(1.068102192268132+0.010876044555770115j),(1.0433558810496772+0.007396391608043555j),(1.0421205569558334+0.007985534357888046j),(1.0590344600836645+0.011000149895999064j),(-0.04418792469452243-0.015205214559414345j),(-0.04469948922995725-0.015532400496300768j),(-0.043688842480017594-0.011894211166898528j),(-0.0390445743115045+0.0004014430239073288j),(-0.04354769030994323+0.0004201085484667017j),(0.9992620703557124-0.038409826196108936j)
(1.0245105248980624+0j),(1.0544794739053105-0.003301249212393132j),(1.0814272647835939-0.01011366047252349j),(1.0559837000542365-0.00375916327058607j),(1.0536564825822021-0.00099614721736787j),(1.0705570123486634-0.002667466244373051j),(-0.040422380603606575-0.02598014480253312j),(-0.03961716546943971-0.04119414438033509j),(-0.040020434856401145-0.03881379994600087j),(-0.034502151640418637+0.0003157864658209336j),(-0.03975669328950114+0.0003330011669877599j),(0.999486158152719-0.03205338766991811j)
(1.0027120142872894+0j),(1.0354655785052687+0.0035209704187794755j),(1.0497428618310172+0.043280447750911236j),(1.0301355782535746+0.021924923758120444j),(1.0303935148604288+0.019657428218854064j),(1.0467136580588603+0.02903624177741658j),(-0.04826703479116637-0.04653744296961116j),(-0.04862914234132728+0.03677014237593755j),(-0.04765702363227612+0.022688264221296998j),(-0.04369161758448405+0.0003202735470314591j),(-0.04865837750726183+0.0003306729649210934j),(0.9990192514806792-0.044277930969993315j)
(1.0244582340152815+0j),(1.0593267687724832-0.003485616149096422j),(1.0843468874232987+0.006192598051567885j),(1.0601156068462547-0.0011814156062128725j),(1.0575851126399123+0.0024304087693236046j),(1.0755823719449051+0.005523570010133455j),(-0.04765200716587201-0.04067131239092717j),(-0.046868353563874865-0.012874451315256828j),(-0.044964324483815994-0.04850085212797909j),(-0.042620163413607325+0.000266623138769311j),(-0.0476999721412573+0.0002859900226780676j),(0.9992556758414006-0.03857582531515866j)
(1.0094613519892368+0j),(1.039106683310648+0.015014107473846707j),(1.0639958293271279+0.028148646660079196j),(1.043993640862892+0.007421600752029376j),(1.0417772139917358+0.010195859820208479j),(1.057939148592017+0.02026908346709247j),(-0.0506538597464793+0.004050898416534679j),(-0.04915406316338575+0.013196613571630345j),(-0.04796121711152946-0.03815719040354057j),(-0.04532074040761087+0.0002617194760007553j),(-0.05022687155372501+0.0002647314564320366j),(0.9990195910768256-0.04427026817958251j)
(0.9894421160318521+0j),(1.0141309279396353+0.02150222452988567j),(1.0299485865381275+0.05218776308071697j),(1.0132960287076536+0.026946035075046615j),(1.0140663896284459+0.02388336461324748j),(1.0280998748271937+0.03682067054330594j),(-0.0473755218220884+0.006198538920993435j),(-0.04588882141841258+0.04098421974889882j),(-0.04536752572717309+0.03221854245250671j),(-0.04206346819596081+0.0002641989015024079j),(-0.04687649373682041+0.0002660447784441774j),(0.9989784427600464-0.04518927860358699j)
(0.9928465569938789+0j),(1.0158026899332981+0.026650287967165807j),(1.048930612598662+0.019577215603804734j),(1.0182553537291983+0.023953250410753118j),(1.0197499499333877+0.019459673408012725j),(1.0379349127856443+0.022952509849823288j),(-0.04662817899589068+0.04206330964050568j),(-0.046919146396077895-0.028661414338750846j),(-0.04639000280989787+0.04941702220665328j),(-0.04291841606774619+0.00023768578500855538j),(-0.047596599644085164+0.00023144850348786388j),(0.998981678606968-0.04511768841158081j)
(1.005216639972695+0j),(1.0304067088102167+0.018419204145781274j),(1.062243685997698+0.011616402650686522j),(1.035208495995771+0.011399502716428974j),(1.0346272259604794+0.011020763037325968j),(1.0518547782112138+0.01462435373433758j),(-0.04473544487614967+0.02564010443253958j),(-0.045631527977832334-0.026666658022698585j),(-0.044955657436929156+0.0005487243321172457j),(-0.042309841998174454+0.0002585012695895926j),(-0.04635612609702004+0.0002497836708646949j),(0.9991351496128827-0.04158067830185498j)
(0.9876425997917839+0j),(1.0062519575553859+0.031193278477203313j),(1.0284178767572953+0.04490370482002896j),(1.011822859421645+0.022536125558075836j),(1.0120040234878744+0.020852223846107354j),(1.0246112167288361+0.033624279287038886j),(-0.04386370545761978+0.04491638592861857j),(-0.044152137563256574+0.026094178748651862j),(-0.0429604186708351+0.016429390241008143j),(-0.04100265589552591+0.0002645370549145381j),(-0.04345330838413889+0.00025807076839440914j),(0.9990618424972787-0.04330629129748616j)
(1.017716764124265+0j),(1.04655054233344+0.00351952229962772j),(1.0703753209593414+0.008596829542182811j),(1.0494675174434285+0.0007216945760933896j),(1.0473004761615023+0.003775314429018715j),(1.0625037610084374+0.007669529590919406j),(-0.04256226579288573-0.01637342658527598j),(-0.04168916219318688-0.010405021749908592j),(-0.04123790861222308-0.040791235438027255j),(-0.039523736301356686+0.0002158759910292306j),(-0.041482867508175515+0.0002179900380590587j),(0.9993569231404744-0.03585721923412252j)
(1.0069017473729331+0j),(1.030440429965523+0.005213787086250711j),(1.0530904190243968+0.004814026007571176j),(1.0291251345191945+0.011927457825089234j),(1.0297179664807092+0.009821211246696004j),(1.0441329015210707+0.00902120108774476j),(-0.035309813183477326-0.009075610757703289j),(-0.034937696471055296-0.027432808547080283j),(-0.03545821573804585+0.022878948455877467j),(-0.034707981336367+0.00021204294446759182j),(-0.03438967000308252+0.00022009171039293591j),(0.9994815363767543-0.03219718065239104j)
(1.0000817300193376+0j),(1.0183128333462157+0.02648810882096075j),(1.04010718280472+0.03480035896071825j),(1.0294244680141227+0.006870086556315195j),(1.0269554585113256+0.010463284707812761j),(1.0370665982880136+0.02381874460562329j),(-0.04043139063099686+0.04340806852290012j),(-0.04002304749839507+0.027098767562691892j),(-0.041901294520207355-0.0467149216520634j),(-0.04037756389608575+0.0001960875728388721j),(-0.039780765117872936+0.0001977340549177141j),(0.9992580435524103-0.03851444398935536j)
(1.018882395314111+0j),(1.048525305101111-0.0008222676922115371j),(1.0694055236210527+0.010596395948056704j),(1.0504666889550507+0.0012753786008969786j),(1.048326345538754+0.004157035807054904j),(1.0627118889948683+0.007900716890410648j),(-0.04095930605331593-0.03139624495696568j),(-0.03994939881609526-0.0031258536892894854j),(-0.042673257937451456-0.039161920213793805j),(-0.040497573637510734+6.13373751284524e-05j),(-0.04022000094898082+6.44068640075888e-05j),(0.9993796795930914-0.035217268724447144j)
(0.9991894815260602+0j),(1.0248362243761342+0.008472334074837799j),(1.0421527346773374+0.029989234024409377j),(1.02187181317481+0.021145565415553777j),(1.0228538127027036+0.017828239852415394j),(1.0372154267882074+0.023211698777248435j),(-0.04003318243813716-0.01817240223334895j),(-0.03992244476170627+0.011482194534027698j),(-0.041870414825360226+0.03579139427423199j),(-0.03908747742358652-1.24439813554648e-05j),(-0.04051768318755987-1.5634469719975097e-05j),(0.9992536310874381-0.03862875559178697j)
(1.010356491624414+0j),(1.0411935943208313-0.0006519255916750142j),(1.0659097375099866+0.006377564422291822j),(1.036704322791936+0.01579236140929528j),(1.0377117391428532+0.012459026389518716j),(1.0556977531640295+0.010466489816004074j),(-0.042149513078836576-0.0346092641740785j),(-0.04230222713342952-0.029702563800548035j),(-0.044053042900740795+0.03654991074167709j),(-0.041851934747147566-7.160345529665579e-05j),(-0.04246665369479739-6.98195413262733e-05j),(0.9992614121528788-0.038426946043558334j)
(1.0038827977283025+0j),(1.0276104568084545+0.018221691942940977j),(1.0562561408800832+0.015505332408140235j),(1.0328345735815017+0.011804280723515215j),(1.032201973576184+0.011525238135022702j),(1.0474744248804615+0.016045090321654607j),(-0.042563670567278576+0.02390475596760595j),(-0.04262769773675256-0.016546631345170794j),(-0.04494177355639089-0.0009320941019676709j),(-0.042316809185615235-4.2368644726104e-05j),(-0.043076614160285374-4.6783848534813895e-05j),(0.9991857319063105-0.04034691010288683j)
(1.0027641878888878+0j),(1.025584684613655+0.015925454336962987j),(1.0477874423860813+0.02515550403223076j),(1.0302979336277192+0.012000903224502674j),(1.0292413295386074+0.01224813697691945j),(1.0424897598043108+0.01969680731298379j),(-0.03985080511521908+0.012337433069526303j),(-0.03951985389805776+0.007011740557281776j),(-0.043989915087133125-0.008039654521916162j),(-0.03960397188203659-4.9423143949435e-05j),(-0.04140857587082974-5.6180982152872e-05j),(0.9992568268573634-0.03854599822229538j)
(0.9918452635719777+0j),(1.0127359712254478+0.022730476460636372j),(1.0381762111397028+0.027065593886789766j),(1.0147577862808845+0.02412227474459894j),(1.016079090656871+0.01990508966582536j),(1.0309892661959763+0.025152653121872284j),(-0.04082148229820304+0.02807994095756473j),(-0.04053766252203761-0.0067639302855176525j),(-0.04484043480153764+0.045606070943668545j),(-0.04090463526812758-6.7023333482136e-06j),(-0.042803907545421495-1.27172253691882e-05j),(0.9991340506100257-0.04160707766237228j)
(0.998314664271471+0j),(1.0210295159594205+0.018345359240250866j),(1.050904359652817+0.012015992352908953j),(1.0227418666821098+0.019623280353485765j),(1.0238195591602695+0.015723649100780883j),(1.040426297260335+0.01678016527981278j),(-0.04075345549777544+0.023943550978126997j),(-0.04153000088404011-0.031876371613456043j),(-0.044505563234267+0.04186293111175159j),(-0.03986256299692273+5.94053690715296e-05j),(-0.042093144597723904+5.28756465455863e-05j),(0.9991952375952993-0.040110811097177484j)
(1.018650755290453+0j),(1.0483500642719745-0.0036273488329948826j),(1.0713754480865243+0.003777417680709984j),(1.0482765577841064+0.0037971183583290955j),(1.0470162129809608+0.0048690150654828145j),(1.0628785235572886+0.0053080888601348426j),(-0.0383710972823402-0.03684696431576752j),(-0.039844405032676174-0.019041759278912836j),(-0.04141055908519968-0.017088086982350974j),(-0.03881078439436048+2.17628237386182e-05j),(-0.04034485027463099+7.7000076905995e-06j),(0.9994143997847496-0.0342177951202122j)
(1.011043091115772+0j),(1.0416443390629797+0.005585785157706964j),(1.0681508210187523+0.012377550070424303j),(1.0417918107668753+0.011933824863261784j),(1.0414718461212615+0.01112699526685094j),(1.0587374611867115+0.013056079673540229j),(-0.04529448769733121-0.017500675796631084j),(-0.04556417300820219-0.018054870030845948j),(-0.047474332188896164+0.0057555506239031825j),(-0.0455514529164459+2.8620942988535297e-05j),(-0.045170492683151486+3.16126184045298e-05j),(0.9991436144935679-0.04137677629695774j)
(1.0056718088873966+0j),(1.0301507779434136+0.01677397247470765j),(1.0626282722816822+0.005966851807516721j),(1.0347922934023432+0.011799355895225808j),(1.0345089904244036+0.01065440966930069j),(1.0512073372332271+0.011803061061853788j),(-0.04242559549703638+0.02445272763078966j),(-0.043770908321753225-0.036805715072471414j),(-0.04592745456475231+0.009219296599689529j),(-0.04235749849240858+8.02258385091498e-05j),(-0.04287151329454146+8.76683440617383e-05j),(0.9991897633559926-0.04024694776744468j)
(1.0009213962785104+0j),(1.0341033177640406+0.004353090456471227j),(1.0512290916866223+0.04062933482728909j),(1.0285952620081964+0.025858424221163127j),(1.0297913975757003+0.022063538506510105j),(1.046636602506674+0.029171244613392003j),(-0.0484180180811699-0.04402675710563666j),(-0.049327714277322916+0.025869847393415142j),(-0.051426997738388276+0.04158324546618503j),(-0.04922148207380569+0.00010735202925230671j),(-0.048926944115097265+9.64908946723856e-05j),(0.9989148607411517-0.04657360830433521j)
(1.0014326969852936+0j),(1.0256088084903163+0.02524262004888134j),(1.053229301611023+0.03283773311984463j),(1.0346687840015967+0.011482654817964764j),(1.0329257051212293+0.013441668464901161j),(1.0471351726287452+0.024735556342919376j),(-0.04748180602645331+0.03490538377638547j),(-0.048431997290168734+0.013598981758899264j),(-0.04963043202599049-0.02784698018848017j),(-0.04803959860605047+9.452547539269569e-05j),(-0.04769028329863996+8.63110518774967e-05j),(0.9989647974735957-0.045489926451225744j)
(1.0066303347508638+0j),(1.035062403553273+0.021640931156348648j),(1.0708722471241645+0.014672152019218836j),(1.042444726573323+0.01161504978518756j),(1.0413601883792682+0.012025914040587168j),(1.0596791640154388+0.016860581641041143j),(-0.05114344534131811+0.031244301470621537j),(-0.051598647408993455-0.02587419484590518j),(-0.05424219334940207-0.00988240235760319j),(-0.0516706521056134+4.15683178411438e-05j),(-0.05192344072242343+4.83054923729705e-05j),(0.9988497338841684-0.04795006902524658j)
(1.0246490309267473+0j),(1.0587452788623444+0.000569200901165957j),(1.0893289521244254-0.0006452033231326335j),(1.0626772578242363-0.0015855138387943445j),(1.0601035047671081+0.0019351198194548517j),(1.078338564976009+0.0031041346914854155j),(-0.047718651302823746-0.023247192058693956j),(-0.048113114524010916-0.03035742396297668j),(-0.05013542259977836-0.048137088375175496j),(-0.04741085341934033+6.7920661682752e-05j),(-0.047900988258144976+9.056407228243719e-05j),(0.999176062191741-0.0405856716466037j)
(0.9995273390874405+0j),(1.0298860214994456+0.009901037916774106j),(1.0474825395336491+0.04101507402865992j),(1.0273476003906492+0.023277663219211063j),(1.027943073773209+0.02065845618389929j),(1.04334657244878+0.029274388442452597j),(-0.048006210705038126-0.02459366237773598j),(-0.04752114338385488+0.027425340980164293j),(-0.04996856555567338+0.027408031584919598j),(-0.047932185119314075+0.0001076379026702758j),(-0.04695372170743834+0.0001262107852458708j),(0.9989557612694749-0.045687930862798765j)
(1.0061575816206776+0j),(1.0336236939433305+0.017386043270073828j),(1.0656737087158006+0.010942221780240761j),(1.037887968482971+0.012743483715626282j),(1.0376150971040725+0.012023952976939577j),(1.0548444976116549+0.014577899848373264j),(-0.04812061166281342+0.020625083261550197j),(-0.04629037105540046-0.02942402973573695j),(-0.049015641455683184+0.0051092334579450165j),(-0.04832514364969705+4.67608941018688e-05j),(-0.046505744276431206+5.12276310152327e-05j),(0.9990302535589556-0.044028995831485326j)
(0.9942366427612698+0j),(1.0262281914073224+0.012443710434951858j),(1.0423518257188764+0.051682143406226747j),(1.0216880878219041+0.03020814903803536j),(1.023165429745261+0.02603461326562027j),(1.0392682704166474+0.036474537212592924j),(-0.05217686455656444-0.02687552990078396j),(-0.05107121656538041+0.038878350982596524j),(-0.05320486950104915+0.046149550655736817j),(-0.05191338300991881+3.55008983569828e-05j),(-0.050581076253895435+4.54522006468738e-05j),(0.9987494385721261-0.0499955893240902j)
(0.9867442387815044+0j),(1.011781831735745+0.033421776609348475j),(1.0393770849331372+0.04757142131526328j),(1.0163390522194233+0.029277564748199904j),(1.017364918649488+0.025944622834843795j),(1.033407373799479+0.03779853786832001j),(-0.05442853536304743+0.042626572629602656j),(-0.05225934651441003+0.017911461140285224j),(-0.05517528343695362+0.03577024083311709j),(-0.05422203517706496+5.19955597144649e-05j),(-0.05274502138211817+4.79232636239496e-05j),(0.9985742921590127-0.053379612579398765j)
(1.002613049525328+0j),(1.0313777701379279+0.027488609560762517j),(1.0678670050920545+0.021132726736164512j),(1.0393497729430112+0.014832918219152903j),(1.0384700721751485+0.014901844212002068j),(1.0569592421411809+0.02161221318784509j),(-0.05642514951836098+0.04312042944276082j),(-0.053819294074710124-0.020310909561807648j),(-0.057001611474641084-0.005571770200221785j),(-0.05514893268692165+7.23792976407422e-05j),(-0.05423883424559065+7.221355561064161e-05j),(0.9986637512456448-0.051678931374177076j)
(1.0057042555264097+0j),(1.0386007145315597+0.019659348684106494j),(1.0763632144762516+0.012345415957733575j),(1.0418448215449656+0.017689742387729156j),(1.0420597751020624+0.01566833788449238j),(1.063230965223451+0.017709940017130762j),(-0.05736985232235256+0.020555577743026555j),(-0.05504562477149516-0.0390544774101174j),(-0.05806403741625963+0.02009386520553744j),(-0.05639049875824906+0.0001429628783481946j),(-0.05621726673231471+0.0001376695110268881j),(0.9986372665532705-0.052188215633533735j)
(1.008516017125447+0j),(1.040226965630976+0.02485770645521142j),(1.0767578245773355+0.021953286427362755j),(1.0495531328415917+0.009455251595348707j),(1.047292064881953+0.011777616220330495j),(1.0663916374866584+0.020273238385655395j),(-0.059234182081340896+0.03484080374102404j),(-0.05684767115919289-0.012971048114909045j),(-0.06024680688433061-0.03437354521931711j),(-0.05615423282180427+0.0001630928057546526j),(-0.05777003276185543+0.0001416238627169272j),(0.998600594078969-0.052885286282012056j)
(1.007557010175859+0j),(1.0431842886269063+0.013986879762423316j),(1.072638627930786+0.02764553758899553j),(1.0449077625463068+0.01693926407773943j),(1.04402262185291+0.016308475008776187j),(1.0638236904849316+0.02319487518607307j),(-0.05847649842040883-0.006933302833664534j),(-0.05561074008392872-0.0019904938476776337j),(-0.060383976888526335+0.0012712738259664461j),(-0.05485993514600249+0.0002501596801895598j),(-0.05713070116347152+0.0002325601989764933j),(0.998619872746744-0.052519993862116233j)
(1.011081314137522+0j),(1.04641041881882+0.012169192375091776j),(1.0819682464331637+0.0081260972236747j),(1.0475895352539817+0.014660233050438398j),(1.0472374333103456+0.013052564449369333j),(1.0689310771181584+0.013856922400968728j),(-0.05692878308116852-0.0003362544115757089j),(-0.05426659197702043-0.04007350992354898j),(-0.05817418267448616+0.013491037216192105j),(-0.05263504070980783+0.0002514991509178045j),(-0.05549672424414437+0.0002332027335767299j),(0.9987465630006633-0.05005300085271644j)
(0.9858378687747331+0j),(1.0123913287612945+0.030173803137124915j),(1.0360466783776192+0.05175342341785421j),(1.0136188195171305+0.03180682717783895j),(1.014758476512797+0.027470932122873628j),(1.0314111393555163+0.039895883482884635j),(-0.05536302548370301+0.02843747339113968j),(-0.051664867500471674+0.026027448308193393j),(-0.0552767922315646+0.04573458506894941j),(-0.049711326747035676+0.0001922074164149161j),(-0.05362533967740358+0.0001819999676640226j),(0.998597767513284-0.05293863161704598j)
(1.0099801656952607+0j),(1.0434950398629221+0.014102399516106383j),(1.0749306115881194+0.01741634020622341j),(1.0464286756612189+0.012558399609141362j),(1.0453295078613878+0.01261759306423159j),(1.0648631975426563+0.01739709510174255j),(-0.05562899294699302+0.0024045683739971156j),(-0.05220407749956739-0.017437608764608526j),(-0.05600209598590161-0.006408031130996364j),(-0.051465889394508316+0.0002470087382127043j),(-0.054414156060059504+0.00022440347414647891j),(0.998799790241791-0.04897937334178766j)
(1.0192308984728684+0j),(1.0502083396956734+0.0061248808433218204j),(1.0793595024365525+0.00024057042203162474j),(1.0539012657721545+0.0008073530008482526j),(1.0516244281480653+0.003346729894515441j),(1.0689147633407512+0.004822261263443402j),(-0.0481057463147221-0.005745554416316466j),(-0.04379429318536353-0.03182475416629969j),(-0.04744730041367946-0.03644912538650466j),(-0.04239580645197517+0.0002499069405162434j),(-0.04498468006220699+0.0002378666500124933j),(0.9992325527742194-0.03917021159397579j)
(1.0162280538264468+0j),(1.0478892631922578+0.0016782699378193235j),(1.0653090836601244+0.024673381504495738j),(1.0492245372114082+0.0038171523084814915j),(1.0465538411854767+0.007029280464144215j),(1.0609149044249497+0.015220160159026011j),(-0.0468328778033433-0.03457909389643713j),(-0.043692656392640916+0.021071379877667832j),(-0.046525916702348485-0.04485787198882232j),(-0.04092645099121553+0.0002200838732025176j),(-0.04342487610928046+0.0002194707458704332j),(0.9992448501161078-0.03885523795368216j)
(1.0129345274420138+0j),(1.0447893451658066+0.004524748112878789j),(1.0616392153959513+0.029448267775983607j),(1.0455189974647905+0.0070850564904840485j),(1.0432047166530436+0.009550980774464311j),(1.0577070148742915+0.01871862517328691j),(-0.04940142790044771-0.030160517697469278j),(-0.04459162174044898+0.025486426516287387j),(-0.04763959809145425-0.03568456159129508j),(-0.04211908250572344+0.0002544627443503522j),(-0.044649238238036806+0.0002494339386085413j),(0.9991662883513533-0.04082558293742045j)
(1.0133261485956342+0j),(1.0438480410009312+0.00538623095817661j),(1.0694586326351272+0.00756344741415435j),(1.0439121595843568+0.008228164760821053j),(1.0428947510478421+0.008253723836655248j),(1.059954777853682+0.009808872969269158j),(-0.047142661040845975-0.014533795491704624j),(-0.04302696459935619-0.02288689363642996j),(-0.04590052316722967-0.005538682120220543j),(-0.040777207587321306+0.00021500945960773j),(-0.04325521903128157+0.0002126890729626006j),(0.9992285647786804-0.039271813433282836j)
(1.0077871948024457+0j),(1.0364163127029038+0.001730233419591938j),(1.051674015026066+0.022386148191125242j),(1.0330483544281153+0.013616819100634996j),(1.032734436981914+0.01240367678453564j),(1.0467407972166334+0.016707157241017866j),(-0.04273302376113424-0.03431614629275057j),(-0.03764398813746765+0.008590508681144882j),(-0.04212549556180012+0.009850738145478708j),(-0.037340797571232355+0.000201457784612843j),(-0.0383142822782604+0.0002155660210554049j),(0.9993384115124212-0.036369482754510706j)
(0.9947704498617403+0j),(1.0206591031778611+0.018675292678392397j),(1.0381552518094475+0.04242844222920011j),(1.0208525719419081+0.022566138898194553j),(1.0209581647061776+0.02034992093862878j),(1.0348255266288395+0.030799005595416422j),(-0.04813719223280155+0.003932982646375486j),(-0.04378024337856267+0.02814371144776188j),(-0.0480771088366443+0.021142189894595452j),(-0.04289583668208426+0.0002126521791754832j),(-0.04451774443592523+0.0002179324155870656j),(0.9990190228243196-0.04428308971991002j)
(1.0243787464396936+0j),(1.0620687071688921-0.001320303774332454j),(1.0911057523862826+0.001989192577518638j),(1.0629308770973305+0.001773486687967501j),(1.0606121013315821+0.004156812938831195j),(1.0802476151439253+0.005125132783326057j),(-0.053920422843139734-0.035196509908890006j),(-0.04955183000363064-0.02840041217472893j),(-0.05378427527441722-0.0355613161146442j),(-0.04812976837859136+0.0001595264806188618j),(-0.050630101628203805+0.0001734669555304968j),(0.9990615216645193-0.04331369216974145j)
(0.9972309839893422+0j),(1.0219074314025232+0.027650168306381756j),(1.0455085717922739+0.04275439767546399j),(1.029758026410184+0.015547116871138114j),(1.028039690052649+0.016768455578799576j),(1.041811048623586+0.030616830307605137j),(-0.05117409758578151+0.03400188289735333j),(-0.04765486478825043+0.029048366777948344j),(-0.05234706009773582-0.02059885704019784j),(-0.04738165430507769+8.645674846891769e-05j),(-0.04941247653175473+0.000106754739389057j),(0.9988701618968243-0.04752262274130158j)
(1.0208565594791077+0j),(1.0523229959182863+0.012559697191295474j),(1.089486904134289-0.0056178662389243525j),(1.060522158230155-0.0016532591153838399j),(1.0576351864568099+0.0018878111598435517j),(1.0765105676378572+0.0029306696196355485j),(-0.051786906335752135+0.017943820904903377j),(-0.04877078644774062-0.04877153688585521j),(-0.05385470360178304-0.04980947852285155j),(-0.04821149285720617+6.2364718971938e-05j),(-0.05004909058877955+6.69838289350038e-05j),(0.9990603858960605-0.04333988155515206j)
(1.0150562846798197+0j),(1.047240860982796+0.006866675401045478j),(1.0749867581391268+0.010110158681024661j),(1.0495287683599417+0.006983599136995177j),(1.0479187996527937+0.008077578108616793j),(1.0652840168730107+0.010961389872165198j),(-0.04983485324071128-0.012107025587371744j),(-0.04686318493669514-0.0190773973599359j),(-0.05116280851348541-0.01904430424479865j),(-0.04610996678082988+0.000152138705474999j),(-0.046238566923099564+0.0001382268303556217j),(0.99909325195982-0.04257550808095559j)
(1.0229639592908606+0j),(1.0627447394830505-0.0005301229880115806j),(1.09378305394076+0.005923777628742775j),(1.06314358448449+0.005510616722855218j),(1.0613392659466074+0.007061118478149971j),(1.0821608382436188+0.008238154087384153j),(-0.05668910912414219-0.03785447694671476j),(-0.05448121643042669-0.02720387976570976j),(-0.05775094556175208-0.024820000444122768j),(-0.053777217962409495+0.00016764673087479919j),(-0.05400903412220028+0.0001410599533022415j),(0.9988794144476667-0.04732774442847001j)
(1.0211561889899428+0j),(1.0548187586797995+0.007580304122163637j),(1.0890598559540883-0.00036678066805283775j),(1.0600778854084285+0.0007616658944745993j),(1.0577077535539554+0.003710050127716669j),(1.076956801706747+0.005185564934251819j),(-0.05166680727034621-0.0027114711464827222j),(-0.05026504411978684-0.03793735170172576j),(-0.052615753220901874-0.04130016268339466j),(-0.049411899660327635+0.0001620190997937395j),(-0.05087681330746337+0.00013794744637993388j),(0.9990415589939203-0.04377171921454652j)
(1.008054850156648+0j),(1.0378756443206232+0.007044813146800837j),(1.0654278366668508+0.008912064013545311j),(1.03658095779177+0.015442430642048317j),(1.0371038668125951+0.012913890265975779j),(1.0551486683433355+0.012882447218494398j),(-0.04528988667404853-0.012063719530382563j),(-0.043691520502970566-0.02952428269830203j),(-0.04685805325714507+0.0266261147395201j),(-0.044308087102175264+0.0002221527669702589j),(-0.04537628543634186+0.0001934365431884218j),(0.9991467215519467-0.04130168049845597j)
(1.0169504363203665+0j),(1.045642779787925-0.0008238283426426352j),(1.0707067802985322-0.005192705661025061j),(1.044762201462711+0.005036490898452494j),(1.0441881312964836+0.004876389029637139j),(1.060391912326884+0.0022018462602700927j),(-0.04018981102460195-0.023455683487492465j),(-0.036886482230392585-0.03995350173661637j),(-0.04000173926318526-0.001493315685912691j),(-0.03794907604846004+0.000200760669359808j),(-0.03818074781103535+0.0001717904967753705j),(0.999438438103818-0.03350833389771441j)
(1.0046973018248428+0j),(1.028183115543546+0.008340754161730678j),(1.0522107878676061+0.0027292951626709835j),(1.0265071111435307+0.01413458455907886j),(1.0275773032163895+0.011119861972697775j),(1.0425440105705746+0.009327113946047261j),(-0.038068415876784424+0.0003028279550006303j),(-0.03420300860352207-0.03590100844115443j),(-0.03646893804524398+0.03382125135645967j),(-0.03587713810396598+0.0002334552400649603j),(-0.03526133818105652+0.0002036511867880289j),(0.9994374027226229-0.033539201526834914j)
(1.0207989100539907+0j),(1.048662010158002-0.006481097033922315j),(1.0657197717915188+0.0038769201716429723j),(1.0485706680641427-0.0010852987669610764j),(1.046627615562041+0.001657410484431105j),(1.0595853361414005+0.003114913331480369j),(-0.03596066541355919-0.04281290976410021j),(-0.0331293819069277-0.007955692285718996j),(-0.03613678098770373-0.03657825523786036j),(-0.034460702200647605+0.0001982036803722746j),(-0.034147597490098776+0.0001677421564036189j),(0.9995734223901697-0.02920570579875499j)
(1.0006178322228318+0j),(1.014457252618749+0.015642751674865275j),(1.0332351616764877+0.00974830026073811j),(1.0187509227145435+0.007796441230788931j),(1.0183846840214077+0.007656740598084749j),(1.0276823363274386+0.010862574724254281j),(-0.02830646903259549+0.02774429137604149j),(-0.025337536382276527-0.012433473080947997j),(-0.027999520434892546-0.000530316509225301j),(-0.02692526650994035+0.0002225196061638471j),(-0.02668672752106369+0.0002132596271467894j),(0.9996615672316185-0.026014438299227574j)
(1.0056131821574879+0j),(1.014863420111592+0.016967748936515602j),(1.0351234825924567-0.001711493579899637j),(1.0241258643654534-0.0029355242773941147j),(1.0222837760200694+5.7499633873143535e-05j),(1.029172599077176+0.0027053683790897306j),(-0.02255213167240862+0.04542682127296611j),(-0.020087531301658898-0.022726622658853033j),(-0.02282192259047473-0.0374800561816641j),(-0.021963625384689572+0.0002595249939858368j),(-0.02078369955385515+0.000250567539441647j),(0.9998040029201535-0.01979787223005736j)
(0.9857673245058685+0j),(0.9943581007828449+0.019579587441618026j),(0.9978352129375221+0.04259321269271004j),(0.9960286141539927+0.0188700412616083j),(0.9966628834095095+0.01696550106242997j),(1.0007724249671488+0.02814466764505542j),(-0.024015417997528907+0.02074922191460632j),(-0.020477469230116712+0.04539728237846373j),(-0.02420858564216523+0.02061549401989743j),(-0.02351839048562632+0.00025418802738722527j),(-0.022788667870504084+0.00022960065495505018j),(0.99969797657806-0.024575508656640113j)
(1.008847937112137+0j),(1.0276783539355454-0.0038198131083877367j),(1.0338031981862779+0.015356980169937492j),(1.025564430055796+0.00513908464132611j),(1.0248879880181434+0.005794273808566391j),(1.0324693292088492+0.00926484305543125j),(-0.02494865162284183-0.03609952878386533j),(-0.020974188513583625+0.015712368954678542j),(-0.024800567678962722-0.009619756650280507j),(-0.02429235805492992+0.0001995586942096666j),(-0.022772139209645055+0.00018613369177817928j),(0.999776360389799-0.021147794346617774j)
(0.9806897217405962+0j),(0.9888930391460188+0.030092610410758933j),(0.9990545649211016+0.043579784475043286j),(0.993061291401752+0.022908347569624156j),(0.9941251580867919+0.02009897022053611j),(0.9997058055951833+0.03161399828133594j),(-0.03042551133880344+0.0490471093928544j),(-0.025058101746856902+0.03464979019278835j),(-0.029474995681477302+0.03083669395732344j),(-0.028863593539930957+0.0002221822472833172j),(-0.026597292986933477+0.00019845999335531319j),(0.9995407198348036-0.030304280095763837j)
(1.006266692281432+0j),(1.0219615733428793+0.003962819613518109j),(1.0303661137589755+0.012491606529044052j),(1.0227627312155527+0.0035245157585582806j),(1.021736281023976+0.004737749919794121j),(1.028224662528612+0.008539345809733749j),(-0.02603818506892277-0.00850887376277879j),(-0.01938015302173816+0.008152486063105278j),(-0.024278809652718544-0.016583210593394185j),(-0.02296453592276866+0.00020901330498586778j),(-0.02000300057581673+0.0001683286181646961j),(0.9997851427114566-0.02072844454927405j)
(1.0093006865837477+0j),(1.026226760416916-0.008810159282020181j),(1.03389432623209-0.0032263525058450113j),(1.0205610432249899+0.006308244590084467j),(1.0213218362572152+0.004367623292603298j),(1.0293304494038666+0.0005236354655643899j),(-0.01997489519940434-0.0399366730820541j),(-0.014928009567401002-0.01852303360237209j),(-0.018835188352253885+0.02215825352767663j),(-0.018821584775676393+0.0002325901256281496j),(-0.015959802655111464+0.0001943988890362699j),(0.9998807522562899-0.015442838709117215j)
(0.9995222991646708+0j),(1.0046714795665008+0.01743087591268213j),(1.0177440824662312+0.005386743621394051j),(1.0122990756718928+0.0006642744771075353j),(1.0111860662640073+0.002538686429310761j),(1.0149203418889854+0.006310289105283367j),(-0.018037932034909835+0.044050026620516214j),(-0.012771115040029596-0.007342700038184781j),(-0.017475098509065867-0.023028442942540223j),(-0.01790992749470434+0.0002003459817831187j),(-0.014878767119241177+0.00014640879663919122j),(0.9998754480273321-0.01578253566895907j)
(1.005626456711534+0j),(1.0187930644987144+0.002895134085477674j),(1.029448428877202+0.0019902638247791355j),(1.0190629463620675+0.004114993279033408j),(1.0189957069208984+0.0040427012581062j),(1.025920525762863+0.004056863907020329j),(-0.02050245082233125-0.004076480099586633j),(-0.01497968628136065-0.012066098367602097j),(-0.019663172467468102+0.00033862490135440023j),(-0.021094734915186583+0.0002120742932230101j),(-0.01894026666730214+0.0001669660507457401j),(0.999846699626505-0.017509347388909614j)
(1.0156910601361353+0j),(1.0311856339703727+0.0019995674955895085j),(1.049879626877354-0.013677889738834523j),(1.03570539165207-0.005738358073671723j),(1.0341666456052245-0.002973875283694393j),(1.0429836971335393-0.005253791758261538j),(-0.02230346618788289+0.003987166684089103j),(-0.018625912101079937-0.036930126651081994j),(-0.023176764951484078-0.034338146862314164j),(-0.024298164773446675+0.0001445557316673649j),(-0.022127681222828134+8.75465186399077e-05j),(0.9998311647275944-0.01837503848872437j)
(1.0138440402840996+0j),(1.0278479746417808+0.00021029026485047965j),(1.0395365886238987-0.0027009227662645467j),(1.031414589297789-0.005837809966390738j),(1.0296266448793012-0.002342282202666953j),(1.0360024202115488-0.001207884441364958j),(-0.01974405833978141-0.0063570477161638125j),(-0.01580233538780567-0.010389228130136331j),(-0.019064647325329438-0.0424505310835345j),(-0.020891782335089547+0.0001188046505687578j),(-0.01866388437000193+5.82074095025174e-05j),(0.9998762697020392-0.015730393724722125j)
(0.9925491290112848+0j),(0.9974778263201548+0.02298502586124748j),(1.0054197687173336+0.031196268610373404j),(1.0062726635292443+0.006084355107785827j),(1.004917781743802+0.008375045670253052j),(1.0074309434895996+0.019924631588099057j),(-0.02039166892376848+0.044473912023905667j),(-0.0173691299992128+0.03520161011257609j),(-0.020842228772026572-0.02811910049561294j),(-0.021544081846789596+5.29003896894703e-05j),(-0.020323395617294324-4.8524523978433e-06j),(0.9997875607328381-0.02061148718267108j)
(1.0055863810903651+0j),(1.016982396540587+0.006928562598719061j),(1.0349042929718122-0.011443610411629534j),(1.0189877744857263+0.0033451581167942782j),(1.0192714262998432+0.002476958823657264j),(1.0279000687805964-0.0012013227915644632j),(-0.019536262641061408+0.01697488222532771j),(-0.01547176898434497-0.04215567285507399j),(-0.01938122795942389+0.009439589564417991j),(-0.02022204842008433+2.67686957561954e-05j),(-0.019796512070262114-1.7832008653193398e-05j),(0.9998516786013093-0.017222682663977185j)
(0.9856257867485995+0j),(0.9928409501481379+0.018438869121241843j),(1.0018070817208915+0.02527053398464673j),(0.9926043766434774+0.020504846187157106j),(0.9948185610262547+0.016289962254387273j),(1.0008277966210808+0.020995656213679444j),(-0.020811322967426875+0.027200808110861063j),(-0.01666257731372378+0.010187712392135374j),(-0.019837526683032798+0.04923879994565104j),(-0.022311385377663542+4.58718970818032e-05j),(-0.02141431909747353+3.3892385508545004e-06j),(0.9997571711856834-0.022036303292525674j)
(1.0039228351243825+0j),(1.0174935084773102-0.003918983956377537j),(1.0212796764199135+0.009324652323534771j),(1.0130822651430547+0.00770996623591891j),(1.0137743286276704+0.006302528275991393j),(1.0202825038476442+0.006994679451337181j),(-0.017349410177921045-0.029932896281202305j),(-0.01271896141757804+0.004783703048604636j),(-0.014933696094675581+0.016444670768819607j),(-0.01657690823473496-9.523074481016e-06j),(-0.01781393122800829-4.7775959296933796e-05j),(0.9998914201771003-0.014735937575245887j)
(1.007594944625344+0j),(1.0209142786452041-0.007435334623714915j),(1.027440352324468-0.0029374133140363744j),(1.0160283061420199+0.004701869815041142j),(1.016904701678704+0.0032329135332979366j),(1.0242562281320653+0.00033480733951167047j),(-0.014481093903106236-0.0324391179760076j),(-0.011310541866594397-0.015179820653744756j),(-0.011506896052286376+0.01801338381521278j),(-0.014401656702128117+1.72139181309989e-05j),(-0.01615578581116996-2.47781189471294e-05j),(0.99993012135936-0.011821691852503553j)
(1.0052338812451969+0j),(1.0207430548757146-0.01054529343340381j),(1.0262795310895645+0.0011707968296012154j),(1.012540223724976+0.011146906595444468j),(1.0145152271676914+0.007441457947250129j),(1.023085503459873+0.0036129479630212743j),(-0.015479118688934555-0.047808705230662635j),(-0.013181768307374435-0.01275299777344075j),(-0.014285084060362+0.04433279610232289j),(-0.01682415092300986+3.25160725584639e-05j),(-0.018290641653030862-2.6012342819419e-06j),(0.9999006664530418-0.014094581468168612j)
(0.9917232840540748+0j),(0.9964922720469207+0.00558478948857987j),(0.9958425557906041+0.022287932045897834j),(0.9941034882015768+0.012855343434958597j),(0.9955061567448003+0.010430613113881656j),(0.9979980958726171+0.014828687424090539j),(-0.009655111254141724-0.003772429615403439j),(-0.008242360582762545+0.024352533256743213j),(-0.008959939233781992+0.029013073180004834j),(-0.011647689434188839+2.0508705652981097e-05j),(-0.011939240160829107-2.935794140996e-06j),(0.9999376750343886-0.011164499398612323j)
(1.0060170506170716+0j),(1.015225938859655-0.006954070113383861j),(1.0180788598958264-0.00013634770577733256j),(1.0117540169018+0.0025106791740342285j),(1.0122810923086536+0.0019427477869029318j),(1.0167339909764308+0.0005314067120849041j),(-0.008647823983395288-0.02842093146643164j),(-0.00704798520965933-0.004349921782766799j),(-0.006859106775824642+0.007873220575826102j),(-0.01031643886086373+0.0001024569808037343j),(-0.010534412329511088+7.03587065124711e-05j),(0.9999725477775667-0.007409702506988764j)
(0.9930567751029667+0j),(1.0012751865726615+0.001201117099324122j),(1.0016466728789648+0.019757205981591114j),(0.9956024492078326+0.01583970325356934j),(0.9977572756580393+0.011947677804970244j),(1.0021211925180387+0.014062091463685592j),(-0.01216248568623519-0.01888521249997161j),(-0.011170758597202004+0.016889963946284645j),(-0.010839992030239593+0.04620642007426675j),(-0.013534410947009303+9.7204628517037e-06j),(-0.013030883223313961-1.38481978453378e-05j),(0.999916495020629-0.012922963501473856j)
(1.0161640794051516+0j),(1.0277160464060788-0.009753427150037682j),(1.0387588477395067-0.021676571020134813j),(1.0267787664565882-0.006342055700920417j),(1.026306305175126-0.005174099387331284j),(1.0329722107971635-0.011392384510566173j),(-0.009866152183031534-0.02373022748106641j),(-0.008964523414076468-0.04039217024401448j),(-0.00908542014929701-0.013638483009234448j),(-0.011409291181716144-2.86340002641153e-05j),(-0.011453140727931226-5.65171169370794e-05j),(0.999976427072571-0.006866243454408714j)
(1.0017177833808297+0j),(1.0097751884102453+0.01464881638997257j),(1.0221921672979155+0.014405614363194565j),(1.0170711306053326+0.0001424534305550689j),(1.0155165090282228+0.003043505898872126j),(1.0205686094686852+0.00991001620162987j),(-0.018752442667510343+0.02960744613095583j),(-0.01862000855308921+0.010329828523305452j),(-0.018388263880494006-0.035220065560089j),(-0.019712864516816198-2.84693454215704e-05j),(-0.02042344979824999-3.22310420076451e-05j),(0.9998333220151591-0.01825727767579778j)
(1.007879158639155+0j),(1.0193971699347335+0.00958684950370317j),(1.0372955343338783-0.0010518953466844999j),(1.0253744110896124-0.0018897539157231788j),(1.0241136173175678+0.0005004385732726809j),(1.031939465013561+0.002264838010352235j),(-0.02016147231014497+0.021447633236899022j),(-0.02031376675277119-0.01870274966266517j),(-0.020102521135114976-0.02911919716463143j),(-0.021979169598100173+7.77601540519131e-05j),(-0.022363775696760173+7.37219229662793e-05j),(0.9998221307506169-0.01886019250422124j)
(0.9866182640693731+0j),(0.998521729847263+0.010961687119533216j),(1.0009848244487125+0.041220504558050805j),(0.9943815132923951+0.02356430596438776j),(0.9965861730730787+0.019378761943913345j),(1.0030862307211412+0.027783220845491386j),(-0.02239611016164094-0.007417640222636059j),(-0.022281025421018723+0.04119668371540905j),(-0.02133255128356617+0.049017834753270206j),(-0.02389580115702321+7.44597350031633e-05j),(-0.025091698453541148+6.14476065634642e-05j),(0.9997025753824774-0.024387717680054235j)
(0.9937201389326872+0j),(1.0020488793529962+0.018407743569381j),(1.0223723158963505+0.004483096960793957j),(1.0047128954715834+0.012621554564203994j),(1.0061833996465297+0.009805594036541685j),(1.0154546094855288+0.010116654439107992j),(-0.021010131907968303+0.04096787455291179j),(-0.021967066456688892-0.027725215696419284j),(-0.01893420783002323+0.033265814108791474j),(-0.02153415394999674+0.00011764400415931971j),(-0.023132294560803388+0.0001054059551841979j),(0.9997649951207177-0.02167843470528758j)
(1.005640688358778+0j),(1.0207125199130247+0.002719121182360591j),(1.0336686182516839+0.009071868865046444j),(1.0206522318670692+0.005343109739715412j),(1.0205166342549288+0.0054216940502530234j),(1.0296697331698286+0.007732340545261898j),(-0.021118425416332968-0.009826864923695248j),(-0.023130782466598786-0.002641727703181729j),(-0.01979325852465412-0.0015009821929015672j),(-0.021330045568637747+0.00013227957830982658j),(-0.024462090284019546+0.0001281210079203474j),(0.999794318266533-0.020281054261517144j)
(1.008533408869145+0j),(1.0242691237754151+0.0034040592643111633j),(1.0331193062135318+0.02214821796022437j),(1.0278048607177614-0.00010420807142447249j),(1.0257599139192162+0.0034744815035940677j),(1.0331368525145075+0.012018589169601114j),(-0.0221813788514436-0.013417099029277055j),(-0.024434006053737783+0.029602806359945846j),(-0.02269067118509309-0.044360426282651355j),(-0.022908335633897214+0.0001158560457663709j),(-0.027606387539333987+0.0001248605362961439j),(0.9997682298404524-0.02152873897115938j)
(0.9932144053055829+0j),(1.0063711972400324+0.01700957045300087j),(1.027401881622826+0.01276696225585402j),(1.00707340254287+0.01769853255948184j),(1.00874012968589+0.013767043710117345j),(1.020714205091222+0.015465656930326518j),(-0.026105904784104364+0.027197191668718868j),(-0.02808573739051029-0.019092520706587193j),(-0.026456606030339405+0.04463206061260739j),(-0.02574703438668579+9.631178848418801e-05j),(-0.03103406562136625+9.53520755544606e-05j),(0.9996162338261547-0.027701716033748425j)
(1.0055383105354614+0j),(1.0276696628301272-0.0032797846117811444j),(1.0383390419196914+0.020929089927574952j),(1.0228171375979527+0.012818159890739072j),(1.0234380542905979+0.011073203334139104j),(1.035350514905669+0.014580909297879533j),(-0.02769753913803381-0.04239793734029941j),(-0.03010968159978832+0.013565183654654376j),(-0.02717313576955649+0.019376089443867726j),(-0.02766905033519727+4.16223000980897e-05j),(-0.032422139250661015+2.65844071033303e-05j),(0.9996398318645966-0.026836664280812394j)
(0.9872721984593158+0j),(0.9977922268632987+0.019437273519881594j),(1.0119429945649794+0.0291842022583606j),(0.9982679972698906+0.02082860917215972j),(0.9999697450632463+0.01698928445704126j),(1.0092701848338745+0.02345891057200389j),(-0.024147110023761367+0.026029429279752197j),(-0.026652734684295736+0.011815216552239561j),(-0.02402917416939524+0.0435571328511843j),(-0.02374828513695926+7.344498492279191e-05j),(-0.028868129806810788+5.58061763734037e-05j),(0.9996400365325916-0.02682903951167252j)
(1.0025739021259574+0j),(1.0106452652135876+0.01976651002946432j),(1.0301753174158363+0.01074227975408766j),(1.020890853348015-0.001849484700124843j),(1.018887559446989+0.0018130868413122252j),(1.0262666779983596+0.008974733554738292j),(-0.020611153523578993+0.04770557634867059j),(-0.023904600771600257-0.0013322915782158732j),(-0.019892251013845574-0.044689167902940696j),(-0.020588520019894592+6.40569379012627e-05j),(-0.02586667781642325+3.22605043288352e-05j),(0.999782672572576-0.020847244989139604j)
(0.978855053188612+0j),(0.9830328682896008+0.027621523729459887j),(0.9930158033772962+0.042940096406487674j),(0.9862977782233651+0.022981941856994034j),(0.9878442638517212+0.01947686967547182j),(0.9938565909118542+0.030840879345597268j),(-0.020245199223506878+0.04585124627714129j),(-0.024339032498787248+0.03510085989253591j),(-0.0205539933305272+0.03932225481994974j),(-0.019966935163447507+0.000121279102707485j),(-0.025926238675952278+0.00010718575466431659j),(0.9996904384310135-0.02488025943610775j)
(1.013319919829131+0j),(1.0289576470344044-0.003549021742373706j),(1.043601058087273-0.000546765318105127j),(1.029993262519851-0.0019855522787188807j),(1.0287705327989445-0.00016999855853835766j),(1.038479186616571+0.0005425889728174282j),(-0.016895796378590514-0.02072752858210804j),(-0.02317026578522837-0.011609445467005052j),(-0.018320825726277773-0.02346457657769612j),(-0.017248398976122268+0.0001102005438212495j),(-0.023651260591597414+8.82154621855947e-05j),(0.9998591384748042-0.0167840164568057j)
(0.9927319887366444+0j),(1.0025000632253909+0.013487307452387052j),(1.0151084703754627+0.02281830138871183j),(1.0031057898603248+0.01455802483545949j),(1.0040266892214964+0.012215646045271951j),(1.0123720707977006+0.01770619133222507j),(-0.019071959584125876+0.01527007595962626j),(-0.02435422199036826+0.01025838329383231j),(-0.019182948010336088+0.02615331618536194j),(-0.01853825988285809+9.0241768855156e-05j),(-0.024502852135312586+4.9179310620444796e-05j),(0.9997634594324766-0.02174914213496415j)
(1.0088346339326517+0j),(1.0184059249536992+0.01123728253685404j),(1.0370258615937622+0.001039351013449238j),(1.0266607603257318-0.006034032026448948j),(1.0244296838983433-0.001963025240700088j),(1.0321272624661781+0.0022068162989814476j),(-0.017268164436337795+0.028487170953963258j),(-0.02199599444293437-0.011453187002537859j),(-0.01722129559047904-0.04984289333086447j),(-0.017079120029754292+0.00015987273157544741j),(-0.022920879130640455+0.0001189157584937812j),(0.9998554527974653-0.017002161955928526j)
(1.0183625297244123+0j),(1.0406938891690396-0.0037300803114010796j),(1.0594281680768582+0.0011208157139636589j),(1.0422335780956098-0.003136576399974321j),(1.0404371041189986-0.00013150220121523239j),(1.0531081429457871+0.001599553139847946j),(-0.02689864511799074-0.027202454354075613j),(-0.031355821334629844-0.012002940268152486j),(-0.026529760931388185-0.0381912014228472j),(-0.02664412015527492+0.0001280016111150194j),(-0.032722019033605096+8.49280257138573e-05j),(0.9997073143707711-0.024192676445161772j)
(0.998138778908198+0j),(1.0087792803395466+0.02000731093666903j),(1.0214285996157795+0.033188181035488165j),(1.017211218817323+0.004037183160268204j),(1.0152612595925286+0.007510658380914998j),(1.0217729267347622+0.020465705893525418j),(-0.024757864993401348+0.0319296791921494j),(-0.028076769215583382+0.03722681768126562j),(-0.023748253036071997-0.042496348488266195j),(-0.024777423052455328+8.617015439555981e-05j),(-0.029571720889339303+4.6810421943476504e-05j),(0.9996764771254902-0.02543503650418572j)
(1.0073997704312325+0j),(1.0284137114317282-0.004807494108962152j),(1.0433950587584029+0.006206230138460884j),(1.0230123460406335+0.011465725098014181j),(1.0242719149451744+0.00882174065127532j),(1.0370601078019284+0.007506529259806704j),(-0.024845159577010844-0.03744649889401885j),(-0.028607327996760946-0.01434712890891781j),(-0.023809418770341782+0.03110970746172731j),(-0.025784582647101425+7.05088736378755e-05j),(-0.02914900465149844+3.4352928282870005e-05j),(0.999710583309533-0.024057215527014085j)
(1.0177989200032203+0j),(1.0380441686607562+0.00255489847494739j),(1.0612463216289947-0.005381490025203851j),(1.0429424298117005-0.005178131211997736j),(1.0409769019896484-0.0016178255240784504j),(1.0533152272627107-0.0008671881331438668j),(-0.027597673874518384-0.002203657105383669j),(-0.030748230762646905-0.02696384252991136j),(-0.027581951845524005-0.0446456913739833j),(-0.028917085156814067-7.182613343879501e-05j),(-0.031962393884191566-8.9822730776108e-05j),(0.99969339058694-0.02476135732927454j)
(1.0016648684297031+0j),(1.0143050037384498+0.016167967231871895j),(1.0362274641959321+0.00916491245794958j),(1.020243698611952+0.005549193734657073j),(1.019835152649684+0.0062739994753172185j),(1.0299897906245705+0.010149978362573744j),(-0.02447150403303069+0.03199989960668301j),(-0.028581491740094292-0.013246315517565763j),(-0.024022836852295233-0.009184755951199556j),(-0.02670888876710164-5.87107878309893e-05j),(-0.029157132252777388-8.11271133841681e-05j),(0.9996791198190065-0.02533095730319755j)
(1.0011165478064814+0j),(1.021039076739074+0.011295070680661306j),(1.0345026434093114+0.036562528055514895j),(1.0236448302079946+0.011048170798363819j),(1.0229021576096016+0.012265383261283756j),(1.0333634223037131+0.023229785660533346j),(-0.03225546099705926-0.0049930057802947654j),(-0.03663085619363122+0.036894465856341194j),(-0.031742298332143454-0.015570368903417162j),(-0.034607778130842835-1.36783834084118e-05j),(-0.03722798481666472-2.63098405787871e-05j),(0.9994617277641342-0.03280632156660805j)
(0.993801753961763+0j),(1.0158136346362374+0.018755820811134704j),(1.0320600949276997+0.04748251671164722j),(1.0180124321111927+0.02037222884422722j),(1.0182218040398547+0.01944450924651741j),(1.0306381324505363+0.03225636311399465j),(-0.03957686010393701+0.005913055725030915j),(-0.04331247495413676+0.04145930904470075j),(-0.03982811336668046+0.009336728537088603j),(-0.0420199073521771-5.226975758206999e-07j),(-0.044405389176942846+3.4330527484796e-06j),(0.9991601758669056-0.040974906486947314j)
(1.0131237178744241+0j),(1.041343249768481+0.0060775546942514755j),(1.060843680603671+0.029120196061464307j),(1.0455372632309117+0.0041001009977200565j),(1.043269351296524+0.007871301367912477j),(1.0571529271572724+0.017977591735145466j),(-0.04115850247331621-0.0203852264143586j),(-0.04484162946711328+0.02694829257176491j),(-0.04207964785016125-0.048406556636830314j),(-0.043543717620986896-5.28247242819193e-05j),(-0.04586995439404507-4.1559512085879803e-05j),(0.9992488818919457-0.038751413363853925j)
(0.9958329310260395+0j),(1.0154304798667289+0.0300628362498866j),(1.0402291386096876+0.04154515120871232j),(1.0256668957103454+0.012673774936837186j),(1.0242198370967373+0.014894727611540436j),(1.0366753078104596+0.02940166296126106j),(-0.04328816391875276+0.04712774394940324j),(-0.04611096598901129+0.02923615772777046j),(-0.04269039825703-0.028734068228904133j),(-0.04497818736348185-3.90954218494987e-05j),(-0.0468846162428672-3.35140882959922e-05j),(0.999063160136783-0.04327588309329653j)
(1.0144250830919452+0j),(1.0450863814858975+0.005134113452667604j),(1.0739204851695527+0.006306476759555777j),(1.046223189558814+0.007741076534033334j),(1.0455784641680306+0.0080827557157749j),(1.0637562419560418+0.009366948436239753j),(-0.044772091151185404-0.013989467690343597j),(-0.04563896617580304-0.026786767715092443j),(-0.04433416400647367-0.007014335089362774j),(-0.04488538739079433-3.0096683270865998e-05j),(-0.04740341390391681-2.20234017610835e-05j),(0.9991890465047395-0.04026474071628396j)
(1.001388743754772+0j),(1.0293563289180432+0.009775304220448517j),(1.046161759698381+0.038182558171551244j),(1.0284108018507223+0.018562244639681348j),(1.0284638477167922+0.01739133852006504j),(1.0428244907859725+0.026528189231265147j),(-0.044170411274573586-0.01975440336722163j),(-0.04419156140686199+0.028436434500601043j),(-0.04458144865261235+0.01093670687703505j),(-0.044314640721793586-8.4636597054187e-06j),(-0.04531583602210071-3.2080458987836997e-06j),(0.999114289467-0.04207893276750108j)
