i,ts,row,V7_complex,V8_complex,V9_complex,V10_complex,V11_complex,V12_complex,V13_complex,V14_complex,V15_complex,V16_complex,V17_complex,V18_complex,V19_complex,V20_complex,V21_complex,V22_complex,V23_complex,V24_complex,V25_complex,V26_complex,V27_complex,V28_complex,V29_complex,V30_complex,V31_complex,V32_complex,V33_complex,V34_complex,V35_complex,V36_complex,V37_complex,V38_complex,V39_complex,V40_complex,V41_complex,V42_complex,V43_complex,V44_complex,V45_complex,V46_complex,V47_complex,V48_complex,V49_complex,V50_complex,V51_complex,V52_complex,V53_complex,V54_complex,V55_complex,V56_complex,V57_complex,V58_complex,V59_complex,V60_complex,V61_complex,V62_complex,V63_complex,V64_complex,S64_complex,S57_complex,S55_complex,S61_complex,mods,max_voltage,total_dP_mw,total_dQ_mvar,run,t_rel
0,1791551192.622405,77,(1.019531943+0.007187113j),(1.038281793+0.016246463j),(1.038285183+0.016247217j),(1.038480613+0.016237111j),(1.038487394+0.01623862j),(1.038623907+0.016231561j),(1.038758295+0.016319443j),(1.046495283+0.019848268j),(1.038366341+0.016057903j),(1.022857751+0.008942279j),(1.022199736+0.008505092j),(1.004013542+0.000260819j),(1.003755452+8.7992e-05j),(1.01001508+0.002849107j),(1.010286977+0.003025092j),(1.014705537+0.004974114j),(1.014977434+0.005150098j),(1.019395994+0.007099121j),(1.019531943+0.007187113j),(1.038281793+0.016246463j),(1.038281793+0.016246463j),(1.038484004+0.016237866j),(1.038627298+0.016232316j),(1.04662628+0.019935395j),(1.022596795+0.008767866j),(1.003616483-1.955e-06j),(1.003619504+0j),(1.010151028+0.002937099j),(1.014841485+0.005062106j),(1.038278402+0.016245708j),(1.019667891+0.007275105j),(1.003619504+0j),(1.003616483-1.955e-06j),(1.003616483-1.955e-06j),(1.022590653+0.008768475j),(1.023350194+0.008940716j),(1.039361808+0.01640878j),(1.038627298+0.016232316j),(1.038281793+0.016246463j),(1.047354866+0.020111062j),(1.046620275+0.019935927j),(1.010151028+0.002937099j),(1.010151028+0.002937099j),(1.019531943+0.007187113j),(1.014841485+0.005062106j),(1.038484004+0.016237866j),(1.02257092+0.008764186j),(1.022589118+0.008768627j),(1.025882434+0.01046536j),(1.023538544+0.008983928j),(1.048960384+0.021076809j),(1.047537012+0.020154979j),(1.046604588+0.019932441j),(1.046618773+0.01993606j),(1.042694482+0.017471529j),(1.039545435+0.016452896j),(1.038256848+0.016246823j),(1.020628081+0.007576092j),(-0.039503007+4.1256e-05j),(-0.039500725+3.337e-05j),(-0.039836761+2.726e-05j),(-0.03972334+3.3135e-05j),"{'64': {'dP_mw': 0.0, 'dQ_mvar': 0.0}, '57': {'dP_mw': 0.0, 'dQ_mvar': 0.0}, '55': {'dP_mw': 0.0, 'dQ_mvar': 0.0}, '61': {'dP_mw': 0.0, 'dQ_mvar': 0.0}}",1.049172111275862,0.0,0.0,PISR_baseline,0.0
1,1791551192.6686664,77,(1.019531943+0.007187113j),(1.038281793+0.016246463j),(1.038285183+0.016247217j),(1.038480613+0.016237111j),(1.038487394+0.01623862j),(1.038623907+0.016231561j),(1.038758295+0.016319443j),(1.046495283+0.019848268j),(1.038366341+0.016057903j),(1.022857751+0.008942279j),(1.022199736+0.008505092j),(1.004013542+0.000260819j),(1.003755452+8.7992e-05j),(1.01001508+0.002849107j),(1.010286977+0.003025092j),(1.014705537+0.004974114j),(1.014977434+0.005150098j),(1.019395994+0.007099121j),(1.019531943+0.007187113j),(1.038281793+0.016246463j),(1.038281793+0.016246463j),(1.038484004+0.016237866j),(1.038627298+0.016232316j),(1.04662628+0.019935395j),(1.022596795+0.008767866j),(1.003616483-1.955e-06j),(1.003619504+0j),(1.010151028+0.002937099j),(1.014841485+0.005062106j),(1.038278402+0.016245708j),(1.019667891+0.007275105j),(1.003619504+0j),(1.003616483-1.955e-06j),(1.003616483-1.955e-06j),(1.022590653+0.008768475j),(1.023350194+0.008940716j),(1.039361808+0.01640878j),(1.038627298+0.016232316j),(1.038281793+0.016246463j),(1.047354866+0.020111062j),(1.046620275+0.019935927j),(1.010151028+0.002937099j),(1.010151028+0.002937099j),(1.019531943+0.007187113j),(1.014841485+0.005062106j),(1.038484004+0.016237866j),(1.02257092+0.008764186j),(1.022589118+0.008768627j),(1.025882434+0.01046536j),(1.023538544+0.008983928j),(1.048960384+0.021076809j),(1.047537012+0.020154979j),(1.046604588+0.019932441j),(1.046618773+0.01993606j),(1.042694482+0.017471529j),(1.039545435+0.016452896j),(1.038256848+0.016246823j),(1.020628081+0.007576092j),(-0.039503007+4.1256e-05j),(-0.039500725+3.337e-05j),(-0.039836761+2.726e-05j),(-0.03972334+3.3135e-05j),"{'64': {'dP_mw': 0.0, 'dQ_mvar': 0.0}, '57': {'dP_mw': 0.0, 'dQ_mvar': 0.0}, '55': {'dP_mw': 0.0, 'dQ_mvar': 0.0}, '61': {'dP_mw': 0.0, 'dQ_mvar': 0.0}}",1.049172111275862,0.0,0.0,PISR_baseline,0.05
2,1791551192.7191393,77,(1.019531943+0.007187113j),(1.038281793+0.016246463j),(1.038285183+0.016247217j),(1.038480613+0.016237111j),(1.038487394+0.01623862j),(1.038623907+0.016231561j),(1.038758295+0.016319443j),(1.046495283+0.019848268j),(1.038366341+0.016057903j),(1.022857751+0.008942279j),(1.022199736+0.008505092j),(1.004013542+0.000260819j),(1.003755452+8.7992e-05j),(1.01001508+0.002849107j),(1.010286977+0.003025092j),(1.014705537+0.004974114j),(1.014977434+0.005150098j),(1.019395994+0.007099121j),(1.019531943+0.007187113j),(1.038281793+0.016246463j),(1.038281793+0.016246463j),(1.038484004+0.016237866j),(1.038627298+0.016232316j),(1.04662628+0.019935395j),(1.022596795+0.008767866j),(1.003616483-1.955e-06j),(1.003619504+0j),(1.010151028+0.002937099j),(1.014841485+0.005062106j),(1.038278402+0.016245708j),(1.019667891+0.007275105j),(1.003619504+0j),(1.003616483-1.955e-06j),(1.003616483-1.955e-06j),(1.022590653+0.008768475j),(1.023350194+0.008940716j),(1.039361808+0.01640878j),(1.038627298+0.016232316j),(1.038281793+0.016246463j),(1.047354866+0.020111062j),(1.046620275+0.019935927j),(1.010151028+0.002937099j),(1.010151028+0.002937099j),(1.019531943+0.007187113j),(1.014841485+0.005062106j),(1.038484004+0.016237866j),(1.02257092+0.008764186j),(1.022589118+0.008768627j),(1.025882434+0.01046536j),(1.023538544+0.008983928j),(1.048960384+0.021076809j),(1.047537012+0.020154979j),(1.046604588+0.019932441j),(1.046618773+0.01993606j),(1.042694482+0.017471529j),(1.039545435+0.016452896j),(1.038256848+0.016246823j),(1.020628081+0.007576092j),(-0.039503007+4.1256e-05j),(-0.039500725+3.337e-05j),(-0.039836761+2.726e-05j),(-0.03972334+3.3135e-05j),"{'64': {'dP_mw': 0.0, 'dQ_mvar': 0.0}, '57': {'dP_mw': 0.0, 'dQ_mvar': 0.0}, '55': {'dP_mw': 0.0, 'dQ_mvar': 0.0}, '61': {'dP_mw': 0.0, 'dQ_mvar': 0.0}}",1.049172111275862,0.0,0.0,PISR_baseline,0.1
3,1791551192.768887,77,(1.019531943+0.007187113j),(1.038281793+0.016246463j),(1.038285183+0.016247217j),(1.038480613+0.016237111j),(1.038487394+0.01623862j),(1.038623907+0.016231561j),(1.038758295+0.016319443j),(1.046495283+0.019848268j),(1.038366341+0.016057903j),(1.022857751+0.008942279j),(1.022199736+0.008505092j),(1.004013542+0.000260819j),(1.003755452+8.7992e-05j),(1.01001508+0.002849107j),(1.010286977+0.003025092j),(1.014705537+0.004974114j),(1.014977434+0.005150098j),(1.019395994+0.007099121j),(1.019531943+0.007187113j),(1.038281793+0.016246463j),(1.038281793+0.016246463j),(1.038484004+0.016237866j),(1.038627298+0.016232316j),(1.04662628+0.019935395j),(1.022596795+0.008767866j),(1.003616483-1.955e-06j),(1.003619504+0j),(1.010151028+0.002937099j),(1.014841485+0.005062106j),(1.038278402+0.016245708j),(1.019667891+0.007275105j),(1.003619504+0j),(1.003616483-1.955e-06j),(1.003616483-1.955e-06j),(1.022590653+0.008768475j),(1.023350194+0.008940716j),(1.039361808+0.01640878j),(1.038627298+0.016232316j),(1.038281793+0.016246463j),(1.047354866+0.020111062j),(1.046620275+0.019935927j),(1.010151028+0.002937099j),(1.010151028+0.002937099j),(1.019531943+0.007187113j),(1.014841485+0.005062106j),(1.038484004+0.016237866j),(1.02257092+0.008764186j),(1.022589118+0.008768627j),(1.025882434+0.01046536j),(1.023538544+0.008983928j),(1.048960384+0.021076809j),(1.047537012+0.020154979j),(1.046604588+0.019932441j),(1.046618773+0.01993606j),(1.042694482+0.017471529j),(1.039545435+0.016452896j),(1.038256848+0.016246823j),(1.020628081+0.007576092j),(-0.039503007+4.1256e-05j),(-0.039500725+3.337e-05j),(-0.039836761+2.726e-05j),(-0.03972334+3.3135e-05j),"{'64': {'dP_mw': 0.0, 'dQ_mvar': 0.0}, '57': {'dP_mw': 0.0, 'dQ_mvar': 0.0}, '55': {'dP_mw': 0.0, 'dQ_mvar': 0.0}, '61': {'dP_mw': 0.0, 'dQ_mvar': 0.0}}",1.049172111275862,0.0,0.0,PISR_baseline,0.15
4,1791551192.8221803,77,(1.019531943+0.007187113j),(1.038281793+0.016246463j),(1.038285183+0.016247217j),(1.038480613+0.016237111j),(1.038487394+0.01623862j),(1.038623907+0.016231561j),(1.038758295+0.016319443j),(1.046495283+0.019848268j),(1.038366341+0.016057903j),(1.022857751+0.008942279j),(1.022199736+0.008505092j),(1.004013542+0.000260819j),(1.003755452+8.7992e-05j),(1.01001508+0.002849107j),(1.010286977+0.003025092j),(1.014705537+0.004974114j),(1.014977434+0.005150098j),(1.019395994+0.007099121j),(1.019531943+0.007187113j),(1.038281793+0.016246463j),(1.038281793+0.016246463j),(1.038484004+0.016237866j),(1.038627298+0.016232316j),(1.04662628+0.019935395j),(1.022596795+0.008767866j),(1.003616483-1.955e-06j),(1.003619504+0j),(1.010151028+0.002937099j),(1.014841485+0.005062106j),(1.038278402+0.016245708j),(1.019667891+0.007275105j),(1.003619504+0j),(1.003616483-1.955e-06j),(1.003616483-1.955e-06j),(1.022590653+0.008768475j),(1.023350194+0.008940716j),(1.039361808+0.01640878j),(1.038627298+0.016232316j),(1.038281793+0.016246463j),(1.047354866+0.020111062j),(1.046620275+0.019935927j),(1.010151028+0.002937099j),(1.010151028+0.002937099j),(1.019531943+0.007187113j),(1.014841485+0.005062106j),(1.038484004+0.016237866j),(1.02257092+0.008764186j),(1.022589118+0.008768627j),(1.025882434+0.01046536j),(1.023538544+0.008983928j),(1.048960384+0.021076809j),(1.047537012+0.020154979j),(1.046604588+0.019932441j),(1.046618773+0.01993606j),(1.042694482+0.017471529j),(1.039545435+0.016452896j),(1.038256848+0.016246823j),(1.020628081+0.007576092j),(-0.039503007+4.1256e-05j),(-0.039500725+3.337e-05j),(-0.039836761+2.726e-05j),(-0.03972334+3.3135e-05j),"{'64': {'dP_mw': 0.0, 'dQ_mvar': 0.0}, '57': {'dP_mw': 0.0, 'dQ_mvar': 0.0}, '55': {'dP_mw': 0.0, 'dQ_mvar': 0.0}, '61': {'dP_mw': 0.0, 'dQ_mvar': 0.0}}",1.049172111275862,0.0,0.0,PISR_baseline,0.2
5,1791551192.8695514,77,(1.019531943+0.007187113j),(1.038281793+0.016246463j),(1.038285183+0.016247217j),(1.038480613+0.016237111j),(1.038487394+0.01623862j),(1.038623907+0.016231561j),(1.038758295+0.016319443j),(1.046495283+0.019848268j),(1.038366341+0.016057903j),(1.022857751+0.008942279j),(1.022199736+0.008505092j),(1.004013542+0.000260819j),(1.003755452+8.7992e-05j),(1.01001508+0.002849107j),(1.010286977+0.003025092j),(1.014705537+0.004974114j),(1.014977434+0.005150098j),(1.019395994+0.007099121j),(1.019531943+0.007187113j),(1.038281793+0.016246463j),(1.038281793+0.016246463j),(1.038484004+0.016237866j),(1.038627298+0.016232316j),(1.04662628+0.019935395j),(1.022596795+0.008767866j),(1.003616483-1.955e-06j),(1.003619504+0j),(1.010151028+0.002937099j),(1.014841485+0.005062106j),(1.038278402+0.016245708j),(1.019667891+0.007275105j),(1.003619504+0j),(1.003616483-1.955e-06j),(1.003616483-1.955e-06j),(1.022590653+0.008768475j),(1.023350194+0.008940716j),(1.039361808+0.01640878j),(1.038627298+0.016232316j),(1.038281793+0.016246463j),(1.047354866+0.020111062j),(1.046620275+0.019935927j),(1.010151028+0.002937099j),(1.010151028+0.002937099j),(1.019531943+0.007187113j),(1.014841485+0.005062106j),(1.038484004+0.016237866j),(1.02257092+0.008764186j),(1.022589118+0.008768627j),(1.025882434+0.01046536j),(1.023538544+0.008983928j),(1.048960384+0.021076809j),(1.047537012+0.020154979j),(1.046604588+0.019932441j),(1.046618773+0.01993606j),(1.042694482+0.017471529j),(1.039545435+0.016452896j),(1.038256848+0.016246823j),(1.020628081+0.007576092j),(-0.039503007+4.1256e-05j),(-0.039500725+3.337e-05j),(-0.039836761+2.726e-05j),(-0.03972334+3.3135e-05j),"{'64': {'dP_mw': 0.0, 'dQ_mvar': 0.0}, '57': {'dP_mw': 0.0, 'dQ_mvar': 0.0}, '55': {'dP_mw': 0.0, 'dQ_mvar': 0.0}, '61': {'dP_mw': 0.0, 'dQ_mvar': 0.0}}",1.049172111275862,0.0,0.0,PISR_baseline,0.25
6,1791551192.9227047,77,(1.019531943+0.007187113j),(1.038281793+0.016246463j),(1.038285183+0.016247217j),(1.038480613+0.016237111j),(1.038487394+0.01623862j),(1.038623907+0.016231561j),(1.038758295+0.016319443j),(1.046495283+0.019848268j),(1.038366341+0.016057903j),(1.022857751+0.008942279j),(1.022199736+0.008505092j),(1.004013542+0.000260819j),(1.003755452+8.7992e-05j),(1.01001508+0.002849107j),(1.010286977+0.003025092j),(1.014705537+0.004974114j),(1.014977434+0.005150098j),(1.019395994+0.007099121j),(1.019531943+0.007187113j),(1.038281793+0.016246463j),(1.038281793+0.016246463j),(1.038484004+0.016237866j),(1.038627298+0.016232316j),(1.04662628+0.019935395j),(1.022596795+0.008767866j),(1.003616483-1.955e-06j),(1.003619504+0j),(1.010151028+0.002937099j),(1.014841485+0.005062106j),(1.038278402+0.016245708j),(1.019667891+0.007275105j),(1.003619504+0j),(1.003616483-1.955e-06j),(1.003616483-1.955e-06j),(1.022590653+0.008768475j),(1.023350194+0.008940716j),(1.039361808+0.01640878j),(1.038627298+0.016232316j),(1.038281793+0.016246463j),(1.047354866+0.020111062j),(1.046620275+0.019935927j),(1.010151028+0.002937099j),(1.010151028+0.002937099j),(1.019531943+0.007187113j),(1.014841485+0.005062106j),(1.038484004+0.016237866j),(1.02257092+0.008764186j),(1.022589118+0.008768627j),(1.025882434+0.01046536j),(1.023538544+0.008983928j),(1.048960384+0.021076809j),(1.047537012+0.020154979j),(1.046604588+0.019932441j),(1.046618773+0.01993606j),(1.042694482+0.017471529j),(1.039545435+0.016452896j),(1.038256848+0.016246823j),(1.020628081+0.007576092j),(-0.039503007+4.1256e-05j),(-0.039500725+3.337e-05j),(-0.039836761+2.726e-05j),(-0.03972334+3.3135e-05j),"{'64': {'dP_mw': 0.0, 'dQ_mvar': 0.0}, '57': {'dP_mw': 0.0, 'dQ_mvar': 0.0}, '55': {'dP_mw': 0.0, 'dQ_mvar': 0.0}, '61': {'dP_mw': 0.0, 'dQ_mvar': 0.0}}",1.049172111275862,0.0,0.0,PISR_baseline,0.3
7,1791551192.970136,77,(1.019531943+0.007187113j),(1.038281793+0.016246463j),(1.038285183+0.016247217j),(1.038480613+0.016237111j),(1.038487394+0.01623862j),(1.038623907+0.016231561j),(1.038758295+0.016319443j),(1.046495283+0.019848268j),(1.038366341+0.016057903j),(1.022857751+0.008942279j),(1.022199736+0.008505092j),(1.004013542+0.000260819j),(1.003755452+8.7992e-05j),(1.01001508+0.002849107j),(1.010286977+0.003025092j),(1.014705537+0.004974114j),(1.014977434+0.005150098j),(1.019395994+0.007099121j),(1.019531943+0.007187113j),(1.038281793+0.016246463j),(1.038281793+0.016246463j),(1.038484004+0.016237866j),(1.038627298+0.016232316j),(1.04662628+0.019935395j),(1.022596795+0.008767866j),(1.003616483-1.955e-06j),(1.003619504+0j),(1.010151028+0.002937099j),(1.014841485+0.005062106j),(1.038278402+0.016245708j),(1.019667891+0.007275105j),(1.003619504+0j),(1.003616483-1.955e-06j),(1.003616483-1.955e-06j),(1.022590653+0.008768475j),(1.023350194+0.008940716j),(1.039361808+0.01640878j),(1.038627298+0.016232316j),(1.038281793+0.016246463j),(1.047354866+0.020111062j),(1.046620275+0.019935927j),(1.010151028+0.002937099j),(1.010151028+0.002937099j),(1.019531943+0.007187113j),(1.014841485+0.005062106j),(1.038484004+0.016237866j),(1.02257092+0.008764186j),(1.022589118+0.008768627j),(1.025882434+0.01046536j),(1.023538544+0.008983928j),(1.048960384+0.021076809j),(1.047537012+0.020154979j),(1.046604588+0.019932441j),(1.046618773+0.01993606j),(1.042694482+0.017471529j),(1.039545435+0.016452896j),(1.038256848+0.016246823j),(1.020628081+0.007576092j),(-0.039503007+4.1256e-05j),(-0.039500725+3.337e-05j),(-0.039836761+2.726e-05j),(-0.03972334+3.3135e-05j),"{'64': {'dP_mw': 0.0, 'dQ_mvar': 0.0}, '57': {'dP_mw': 0.0, 'dQ_mvar': 0.0}, '55': {'dP_mw': 0.0, 'dQ_mvar': 0.0}, '61': {'dP_mw': 0.0, 'dQ_mvar': 0.0}}",1.049172111275862,0.0,0.0,PISR_baseline,0.35
8,1791551193.0198648,77,(1.019531943+0.007187113j),(1.038281793+0.016246463j),(1.038285183+0.016247217j),(1.038480613+0.016237111j),(1.038487394+0.01623862j),(1.038623907+0.016231561j),(1.038758295+0.016319443j),(1.046495283+0.019848268j),(1.038366341+0.016057903j),(1.022857751+0.008942279j),(1.022199736+0.008505092j),(1.004013542+0.000260819j),(1.003755452+8.7992e-05j),(1.01001508+0.002849107j),(1.010286977+0.003025092j),(1.014705537+0.004974114j),(1.014977434+0.005150098j),(1.019395994+0.007099121j),(1.019531943+0.007187113j),(1.038281793+0.016246463j),(1.038281793+0.016246463j),(1.038484004+0.016237866j),(1.038627298+0.016232316j),(1.04662628+0.019935395j),(1.022596795+0.008767866j),(1.003616483-1.955e-06j),(1.003619504+0j),(1.010151028+0.002937099j),(1.014841485+0.005062106j),(1.038278402+0.016245708j),(1.019667891+0.007275105j),(1.003619504+0j),(1.003616483-1.955e-06j),(1.003616483-1.955e-06j),(1.022590653+0.008768475j),(1.023350194+0.008940716j),(1.039361808+0.01640878j),(1.038627298+0.016232316j),(1.038281793+0.016246463j),(1.047354866+0.020111062j),(1.046620275+0.019935927j),(1.010151028+0.002937099j),(1.010151028+0.002937099j),(1.019531943+0.007187113j),(1.014841485+0.005062106j),(1.038484004+0.016237866j),(1.02257092+0.008764186j),(1.022589118+0.008768627j),(1.025882434+0.01046536j),(1.023538544+0.008983928j),(1.048960384+0.021076809j),(1.047537012+0.020154979j),(1.046604588+0.019932441j),(1.046618773+0.01993606j),(1.042694482+0.017471529j),(1.039545435+0.016452896j),(1.038256848+0.016246823j),(1.020628081+0.007576092j),(-0.039503007+4.1256e-05j),(-0.039500725+3.337e-05j),(-0.039836761+2.726e-05j),(-0.03972334+3.3135e-05j),"{'64': {'dP_mw': 0.0, 'dQ_mvar': 0.0}, '57': {'dP_mw': 0.0, 'dQ_mvar': 0.0}, '55': {'dP_mw': 0.0, 'dQ_mvar': 0.0}, '61': {'dP_mw': 0.0, 'dQ_mvar': 0.0}}",1.049172111275862,0.0,0.0,PISR_baseline,0.4
9,1791551193.070804,77,(1.019531943+0.007187113j),(1.038281793+0.016246463j),(1.038285183+0.016247217j),(1.038480613+0.016237111j),(1.038487394+0.01623862j),(1.038623907+0.016231561j),(1.038758295+0.016319443j),(1.046495283+0.019848268j),(1.038366341+0.016057903j),(1.022857751+0.008942279j),(1.022199736+0.008505092j),(1.004013542+0.000260819j),(1.003755452+8.7992e-05j),(1.01001508+0.002849107j),(1.010286977+0.003025092j),(1.014705537+0.004974114j),(1.014977434+0.005150098j),(1.019395994+0.007099121j),(1.019531943+0.007187113j),(1.038281793+0.016246463j),(1.038281793+0.016246463j),(1.038484004+0.016237866j),(1.038627298+0.016232316j),(1.04662628+0.019935395j),(1.022596795+0.008767866j),(1.003616483-1.955e-06j),(1.003619504+0j),(1.010151028+0.002937099j),(1.014841485+0.005062106j),(1.038278402+0.016245708j),(1.019667891+0.007275105j),(1.003619504+0j),(1.003616483-1.955e-06j),(1.003616483-1.955e-06j),(1.022590653+0.008768475j),(1.023350194+0.008940716j),(1.039361808+0.01640878j),(1.038627298+0.016232316j),(1.038281793+0.016246463j),(1.047354866+0.020111062j),(1.046620275+0.019935927j),(1.010151028+0.002937099j),(1.010151028+0.002937099j),(1.019531943+0.007187113j),(1.014841485+0.005062106j),(1.038484004+0.016237866j),(1.02257092+0.008764186j),(1.022589118+0.008768627j),(1.025882434+0.01046536j),(1.023538544+0.008983928j),(1.048960384+0.021076809j),(1.047537012+0.020154979j),(1.046604588+0.019932441j),(1.046618773+0.01993606j),(1.042694482+0.017471529j),(1.039545435+0.016452896j),(1.038256848+0.016246823j),(1.020628081+0.007576092j),(-0.039503007+4.1256e-05j),(-0.039500725+3.337e-05j),(-0.039836761+2.726e-05j),(-0.03972334+3.3135e-05j),"{'64': {'dP_mw': 0.0, 'dQ_mvar': 0.0}, '57': {'dP_mw': 0.0, 'dQ_mvar': 0.0}, '55': {'dP_mw': 0.0, 'dQ_mvar': 0.0}, '61': {'dP_mw': 0.0, 'dQ_mvar': 0.0}}",1.049172111275862,0.0,0.0,PISR_baseline,0.45
10,1791551193.1201575,77,(1.019531943+0.007187113j),(1.038281793+0.016246463j),(1.038285183+0.016247217j),(1.038480613+0.016237111j),(1.038487394+0.01623862j),(1.038623907+0.016231561j),(1.038758295+0.016319443j),(1.046495283+0.019848268j),(1.038366341+0.016057903j),(1.022857751+0.008942279j),(1.022199736+0.008505092j),(1.004013542+0.000260819j),(1.003755452+8.7992e-05j),(1.01001508+0.002849107j),(1.010286977+0.003025092j),(1.014705537+0.004974114j),(1.014977434+0.005150098j),(1.019395994+0.007099121j),(1.019531943+0.007187113j),(1.038281793+0.016246463j),(1.038281793+0.016246463j),(1.038484004+0.016237866j),(1.038627298+0.016232316j),(1.04662628+0.019935395j),(1.022596795+0.008767866j),(1.003616483-1.955e-06j),(1.003619504+0j),(1.010151028+0.002937099j),(1.014841485+0.005062106j),(1.038278402+0.016245708j),(1.019667891+0.007275105j),(1.003619504+0j),(1.003616483-1.955e-06j),(1.003616483-1.955e-06j),(1.022590653+0.008768475j),(1.023350194+0.008940716j),(1.039361808+0.01640878j),(1.038627298+0.016232316j),(1.038281793+0.016246463j),(1.047354866+0.020111062j),(1.046620275+0.019935927j),(1.010151028+0.002937099j),(1.010151028+0.002937099j),(1.019531943+0.007187113j),(1.014841485+0.005062106j),(1.038484004+0.016237866j),(1.02257092+0.008764186j),(1.022589118+0.008768627j),(1.025882434+0.01046536j),(1.023538544+0.008983928j),(1.048960384+0.021076809j),(1.047537012+0.020154979j),(1.046604588+0.019932441j),(1.046618773+0.01993606j),(1.042694482+0.017471529j),(1.039545435+0.016452896j),(1.038256848+0.016246823j),(1.020628081+0.007576092j),(-0.039503007+4.1256e-05j),(-0.039500725+3.337e-05j),(-0.039836761+2.726e-05j),(-0.03972334+3.3135e-05j),"{'64': {'dP_mw': 0.0, 'dQ_mvar': 0.0}, '57': {'dP_mw': 0.0, 'dQ_mvar': 0.0}, '55': {'dP_mw': 0.0, 'dQ_mvar': 0.0}, '61': {'dP_mw': 0.0, 'dQ_mvar': 0.0}}",1.049172111275862,0.0,0.0,PISR_baseline,0.5
11,1791551193.1698542,77,(1.019531943+0.007187113j),(1.038281793+0.016246463j),(1.038285183+0.016247217j),(1.038480613+0.016237111j),(1.038487394+0.01623862j),(1.038623907+0.016231561j),(1.038758295+0.016319443j),(1.046495283+0.019848268j),(1.038366341+0.016057903j),(1.022857751+0.008942279j),(1.022199736+0.008505092j),(1.004013542+0.000260819j),(1.003755452+8.7992e-05j),(1.01001508+0.002849107j),(1.010286977+0.003025092j),(1.014705537+0.004974114j),(1.014977434+0.005150098j),(1.019395994+0.007099121j),(1.019531943+0.007187113j),(1.038281793+0.016246463j),(1.038281793+0.016246463j),(1.038484004+0.016237866j),(1.038627298+0.016232316j),(1.04662628+0.019935395j),(1.022596795+0.008767866j),(1.003616483-1.955e-06j),(1.003619504+0j),(1.010151028+0.002937099j),(1.014841485+0.005062106j),(1.038278402+0.016245708j),(1.019667891+0.007275105j),(1.003619504+0j),(1.003616483-1.955e-06j),(1.003616483-1.955e-06j),(1.022590653+0.008768475j),(1.023350194+0.008940716j),(1.039361808+0.01640878j),(1.038627298+0.016232316j),(1.038281793+0.016246463j),(1.047354866+0.020111062j),(1.046620275+0.019935927j),(1.010151028+0.002937099j),(1.010151028+0.002937099j),(1.019531943+0.007187113j),(1.014841485+0.005062106j),(1.038484004+0.016237866j),(1.02257092+0.008764186j),(1.022589118+0.008768627j),(1.025882434+0.01046536j),(1.023538544+0.008983928j),(1.048960384+0.021076809j),(1.047537012+0.020154979j),(1.046604588+0.019932441j),(1.046618773+0.01993606j),(1.042694482+0.017471529j),(1.039545435+0.016452896j),(1.038256848+0.016246823j),(1.020628081+0.007576092j),(-0.039503007+4.1256e-05j),(-0.039500725+3.337e-05j),(-0.039836761+2.726e-05j),(-0.03972334+3.3135e-05j),"{'64': {'dP_mw': 0.0, 'dQ_mvar': 0.0}, '57': {'dP_mw': 0.0, 'dQ_mvar': 0.0}, '55': {'dP_mw': 0.0, 'dQ_mvar': 0.0}, '61': {'dP_mw': 0.0, 'dQ_mvar': 0.0}}",1.049172111275862,0.0,0.0,PISR_baseline,0.55
12,1791551193.2201495,77,(1.019531943+0.007187113j),(1.038281793+0.016246463j),(1.038285183+0.016247217j),(1.038480613+0.016237111j),(1.038487394+0.01623862j),(1.038623907+0.016231561j),(1.038758295+0.016319443j),(1.046495283+0.019848268j),(1.038366341+0.016057903j),(1.022857751+0.008942279j),(1.022199736+0.008505092j),(1.004013542+0.000260819j),(1.003755452+8.7992e-05j),(1.01001508+0.002849107j),(1.010286977+0.003025092j),(1.014705537+0.004974114j),(1.014977434+0.005150098j),(1.019395994+0.007099121j),(1.019531943+0.007187113j),(1.038281793+0.016246463j),(1.038281793+0.016246463j),(1.038484004+0.016237866j),(1.038627298+0.016232316j),(1.04662628+0.019935395j),(1.022596795+0.008767866j),(1.003616483-1.955e-06j),(1.003619504+0j),(1.010151028+0.002937099j),(1.014841485+0.005062106j),(1.038278402+0.016245708j),(1.019667891+0.007275105j),(1.003619504+0j),(1.003616483-1.955e-06j),(1.003616483-1.955e-06j),(1.022590653+0.008768475j),(1.023350194+0.008940716j),(1.039361808+0.01640878j),(1.038627298+0.016232316j),(1.038281793+0.016246463j),(1.047354866+0.020111062j),(1.046620275+0.019935927j),(1.010151028+0.002937099j),(1.010151028+0.002937099j),(1.019531943+0.007187113j),(1.014841485+0.005062106j),(1.038484004+0.016237866j),(1.02257092+0.008764186j),(1.022589118+0.008768627j),(1.025882434+0.01046536j),(1.023538544+0.008983928j),(1.048960384+0.021076809j),(1.047537012+0.020154979j),(1.046604588+0.019932441j),(1.046618773+0.01993606j),(1.042694482+0.017471529j),(1.039545435+0.016452896j),(1.038256848+0.016246823j),(1.020628081+0.007576092j),(-0.039503007+4.1256e-05j),(-0.039500725+3.337e-05j),(-0.039836761+2.726e-05j),(-0.03972334+3.3135e-05j),"{'64': {'dP_mw': 0.0, 'dQ_mvar': 0.0}, '57': {'dP_mw': 0.0, 'dQ_mvar': 0.0}, '55': {'dP_mw': 0.0, 'dQ_mvar': 0.0}, '61': {'dP_mw': 0.0, 'dQ_mvar': 0.0}}",1.049172111275862,0.0,0.0,PISR_baseline,0.6
13,1791551193.2700012,77,(1.019531943+0.007187113j),(1.038281793+0.016246463j),(1.038285183+0.016247217j),(1.038480613+0.016237111j),(1.038487394+0.01623862j),(1.038623907+0.016231561j),(1.038758295+0.016319443j),(1.046495283+0.019848268j),(1.038366341+0.016057903j),(1.022857751+0.008942279j),(1.022199736+0.008505092j),(1.004013542+0.000260819j),(1.003755452+8.7992e-05j),(1.01001508+0.002849107j),(1.010286977+0.003025092j),(1.014705537+0.004974114j),(1.014977434+0.005150098j),(1.019395994+0.007099121j),(1.019531943+0.007187113j),(1.038281793+0.016246463j),(1.038281793+0.016246463j),(1.038484004+0.016237866j),(1.038627298+0.016232316j),(1.04662628+0.019935395j),(1.022596795+0.008767866j),(1.003616483-1.955e-06j),(1.003619504+0j),(1.010151028+0.002937099j),(1.014841485+0.005062106j),(1.038278402+0.016245708j),(1.019667891+0.007275105j),(1.003619504+0j),(1.003616483-1.955e-06j),(1.003616483-1.955e-06j),(1.022590653+0.008768475j),(1.023350194+0.008940716j),(1.039361808+0.01640878j),(1.038627298+0.016232316j),(1.038281793+0.016246463j),(1.047354866+0.020111062j),(1.046620275+0.019935927j),(1.010151028+0.002937099j),(1.010151028+0.002937099j),(1.019531943+0.007187113j),(1.014841485+0.005062106j),(1.038484004+0.016237866j),(1.02257092+0.008764186j),(1.022589118+0.008768627j),(1.025882434+0.01046536j),(1.023538544+0.008983928j),(1.048960384+0.021076809j),(1.047537012+0.020154979j),(1.046604588+0.019932441j),(1.046618773+0.01993606j),(1.042694482+0.017471529j),(1.039545435+0.016452896j),(1.038256848+0.016246823j),(1.020628081+0.007576092j),(-0.039503007+4.1256e-05j),(-0.039500725+3.337e-05j),(-0.039836761+2.726e-05j),(-0.03972334+3.3135e-05j),"{'64': {'dP_mw': 0.0, 'dQ_mvar': 0.0}, '57': {'dP_mw': 0.0, 'dQ_mvar': 0.0}, '55': {'dP_mw': 0.0, 'dQ_mvar': 0.0}, '61': {'dP_mw': 0.0, 'dQ_mvar': 0.0}}",1.049172111275862,0.0,0.0,PISR_baseline,0.65
14,1791551193.3209944,77,(1.019531943+0.007187113j),(1.038281793+0.016246463j),(1.038285183+0.016247217j),(1.038480613+0.016237111j),(1.038487394+0.01623862j),(1.038623907+0.016231561j),(1.038758295+0.016319443j),(1.046495283+0.019848268j),(1.038366341+0.016057903j),(1.022857751+0.008942279j),(1.022199736+0.008505092j),(1.004013542+0.000260819j),(1.003755452+8.7992e-05j),(1.01001508+0.002849107j),(1.010286977+0.003025092j),(1.014705537+0.004974114j),(1.014977434+0.005150098j),(1.019395994+0.007099121j),(1.019531943+0.007187113j),(1.038281793+0.016246463j),(1.038281793+0.016246463j),(1.038484004+0.016237866j),(1.038627298+0.016232316j),(1.04662628+0.019935395j),(1.022596795+0.008767866j),(1.003616483-1.955e-06j),(1.003619504+0j),(1.010151028+0.002937099j),(1.014841485+0.005062106j),(1.038278402+0.016245708j),(1.019667891+0.007275105j),(1.003619504+0j),(1.003616483-1.955e-06j),(1.003616483-1.955e-06j),(1.022590653+0.008768475j),(1.023350194+0.008940716j),(1.039361808+0.01640878j),(1.038627298+0.016232316j),(1.038281793+0.016246463j),(1.047354866+0.020111062j),(1.046620275+0.019935927j),(1.010151028+0.002937099j),(1.010151028+0.002937099j),(1.019531943+0.007187113j),(1.014841485+0.005062106j),(1.038484004+0.016237866j),(1.02257092+0.008764186j),(1.022589118+0.008768627j),(1.025882434+0.01046536j),(1.023538544+0.008983928j),(1.048960384+0.021076809j),(1.047537012+0.020154979j),(1.046604588+0.019932441j),(1.046618773+0.01993606j),(1.042694482+0.017471529j),(1.039545435+0.016452896j),(1.038256848+0.016246823j),(1.020628081+0.007576092j),(-0.039503007+4.1256e-05j),(-0.039500725+3.337e-05j),(-0.039836761+2.726e-05j),(-0.03972334+3.3135e-05j),"{'64': {'dP_mw': 0.0, 'dQ_mvar': 0.0}, '57': {'dP_mw': 0.0, 'dQ_mvar': 0.0}, '55': {'dP_mw': 0.0, 'dQ_mvar': 0.0}, '61': {'dP_mw': 0.0, 'dQ_mvar': 0.0}}",1.049172111275862,0.0,0.0,PISR_baseline,0.7
15,1791551193.3704665,77,(1.019531943+0.007187113j),(1.038281793+0.016246463j),(1.038285183+0.016247217j),(1.038480613+0.016237111j),(1.038487394+0.01623862j),(1.038623907+0.016231561j),(1.038758295+0.016319443j),(1.046495283+0.019848268j),(1.038366341+0.016057903j),(1.022857751+0.008942279j),(1.022199736+0.008505092j),(1.004013542+0.000260819j),(1.003755452+8.7992e-05j),(1.01001508+0.002849107j),(1.010286977+0.003025092j),(1.014705537+0.004974114j),(1.014977434+0.005150098j),(1.019395994+0.007099121j),(1.019531943+0.007187113j),(1.038281793+0.016246463j),(1.038281793+0.016246463j),(1.038484004+0.016237866j),(1.038627298+0.016232316j),(1.04662628+0.019935395j),(1.022596795+0.008767866j),(1.003616483-1.955e-06j),(1.003619504+0j),(1.010151028+0.002937099j),(1.014841485+0.005062106j),(1.038278402+0.016245708j),(1.019667891+0.007275105j),(1.003619504+0j),(1.003616483-1.955e-06j),(1.003616483-1.955e-06j),(1.022590653+0.008768475j),(1.023350194+0.008940716j),(1.039361808+0.01640878j),(1.038627298+0.016232316j),(1.038281793+0.016246463j),(1.047354866+0.020111062j),(1.046620275+0.019935927j),(1.010151028+0.002937099j),(1.010151028+0.002937099j),(1.019531943+0.007187113j),(1.014841485+0.005062106j),(1.038484004+0.016237866j),(1.02257092+0.008764186j),(1.022589118+0.008768627j),(1.025882434+0.01046536j),(1.023538544+0.008983928j),(1.048960384+0.021076809j),(1.047537012+0.020154979j),(1.046604588+0.019932441j),(1.046618773+0.01993606j),(1.042694482+0.017471529j),(1.039545435+0.016452896j),(1.038256848+0.016246823j),(1.020628081+0.007576092j),(-0.039503007+4.1256e-05j),(-0.039500725+3.337e-05j),(-0.039836761+2.726e-05j),(-0.03972334+3.3135e-05j),"{'64': {'dP_mw': 0.0, 'dQ_mvar': 0.0}, '57': {'dP_mw': 0.0, 'dQ_mvar': 0.0}, '55': {'dP_mw': 0.0, 'dQ_mvar': 0.0}, '61': {'dP_mw': 0.0, 'dQ_mvar': 0.0}}",1.049172111275862,0.0,0.0,PISR_baseline,0.75
16,1791551193.4234185,77,(1.019531943+0.007187113j),(1.038281793+0.016246463j),(1.038285183+0.016247217j),(1.038480613+0.016237111j),(1.038487394+0.01623862j),(1.038623907+0.016231561j),(1.038758295+0.016319443j),(1.046495283+0.019848268j),(1.038366341+0.016057903j),(1.022857751+0.008942279j),(1.022199736+0.008505092j),(1.004013542+0.000260819j),(1.003755452+8.7992e-05j),(1.01001508+0.002849107j),(1.010286977+0.003025092j),(1.014705537+0.004974114j),(1.014977434+0.005150098j),(1.019395994+0.007099121j),(1.019531943+0.007187113j),(1.038281793+0.016246463j),(1.038281793+0.016246463j),(1.038484004+0.016237866j),(1.038627298+0.016232316j),(1.04662628+0.019935395j),(1.022596795+0.008767866j),(1.003616483-1.955e-06j),(1.003619504+0j),(1.010151028+0.002937099j),(1.014841485+0.005062106j),(1.038278402+0.016245708j),(1.019667891+0.007275105j),(1.003619504+0j),(1.003616483-1.955e-06j),(1.003616483-1.955e-06j),(1.022590653+0.008768475j),(1.023350194+0.008940716j),(1.039361808+0.01640878j),(1.038627298+0.016232316j),(1.038281793+0.016246463j),(1.047354866+0.020111062j),(1.046620275+0.019935927j),(1.010151028+0.002937099j),(1.010151028+0.002937099j),(1.019531943+0.007187113j),(1.014841485+0.005062106j),(1.038484004+0.016237866j),(1.02257092+0.008764186j),(1.022589118+0.008768627j),(1.025882434+0.01046536j),(1.023538544+0.008983928j),(1.048960384+0.021076809j),(1.047537012+0.020154979j),(1.046604588+0.019932441j),(1.046618773+0.01993606j),(1.042694482+0.017471529j),(1.039545435+0.016452896j),(1.038256848+0.016246823j),(1.020628081+0.007576092j),(-0.039503007+4.1256e-05j),(-0.039500725+3.337e-05j),(-0.039836761+2.726e-05j),(-0.03972334+3.3135e-05j),"{'64': {'dP_mw': 0.0, 'dQ_mvar': 0.0}, '57': {'dP_mw': 0.0, 'dQ_mvar': 0.0}, '55': {'dP_mw': 0.0, 'dQ_mvar': 0.0}, '61': {'dP_mw': 0.0, 'dQ_mvar': 0.0}}",1.049172111275862,0.0,0.0,PISR_baseline,0.8
17,1791551193.4722888,77,(1.019531943+0.007187113j),(1.038281793+0.016246463j),(1.038285183+0.016247217j),(1.038480613+0.016237111j),(1.038487394+0.01623862j),(1.038623907+0.016231561j),(1.038758295+0.016319443j),(1.046495283+0.019848268j),(1.038366341+0.016057903j),(1.022857751+0.008942279j),(1.022199736+0.008505092j),(1.004013542+0.000260819j),(1.003755452+8.7992e-05j),(1.01001508+0.002849107j),(1.010286977+0.003025092j),(1.014705537+0.004974114j),(1.014977434+0.005150098j),(1.019395994+0.007099121j),(1.019531943+0.007187113j),(1.038281793+0.016246463j),(1.038281793+0.016246463j),(1.038484004+0.016237866j),(1.038627298+0.016232316j),(1.04662628+0.019935395j),(1.022596795+0.008767866j),(1.003616483-1.955e-06j),(1.003619504+0j),(1.010151028+0.002937099j),(1.014841485+0.005062106j),(1.038278402+0.016245708j),(1.019667891+0.007275105j),(1.003619504+0j),(1.003616483-1.955e-06j),(1.003616483-1.955e-06j),(1.022590653+0.008768475j),(1.023350194+0.008940716j),(1.039361808+0.01640878j),(1.038627298+0.016232316j),(1.038281793+0.016246463j),(1.047354866+0.020111062j),(1.046620275+0.019935927j),(1.010151028+0.002937099j),(1.010151028+0.002937099j),(1.019531943+0.007187113j),(1.014841485+0.005062106j),(1.038484004+0.016237866j),(1.02257092+0.008764186j),(1.022589118+0.008768627j),(1.025882434+0.01046536j),(1.023538544+0.008983928j),(1.048960384+0.021076809j),(1.047537012+0.020154979j),(1.046604588+0.019932441j),(1.046618773+0.01993606j),(1.042694482+0.017471529j),(1.039545435+0.016452896j),(1.038256848+0.016246823j),(1.020628081+0.007576092j),(-0.039503007+4.1256e-05j),(-0.039500725+3.337e-05j),(-0.039836761+2.726e-05j),(-0.03972334+3.3135e-05j),"{'64': {'dP_mw': 0.0, 'dQ_mvar': 0.0}, '57': {'dP_mw': 0.0, 'dQ_mvar': 0.0}, '55': {'dP_mw': 0.0, 'dQ_mvar': 0.0}, '61': {'dP_mw': 0.0, 'dQ_mvar': 0.0}}",1.049172111275862,0.0,0.0,PISR_baseline,0.85
18,1791551193.522886,78,(1.019531943+0.007187113j),(1.038281793+0.016246463j),(1.038285183+0.016247217j),(1.038480613+0.016237111j),(1.038487394+0.01623862j),(1.038623907+0.016231561j),(1.038758295+0.016319443j),(1.046495283+0.019848268j),(1.038366341+0.016057903j),(1.022857751+0.008942279j),(1.022199736+0.008505092j),(1.004013542+0.000260819j),(1.003755452+8.7992e-05j),(1.01001508+0.002849107j),(1.010286977+0.003025092j),(1.014705537+0.004974114j),(1.014977434+0.005150098j),(1.019395994+0.007099121j),(1.019531943+0.007187113j),(1.038281793+0.016246463j),(1.038281793+0.016246463j),(1.038484004+0.016237866j),(1.038627298+0.016232316j),(1.04662628+0.019935395j),(1.022596795+0.008767866j),(1.003616483-1.955e-06j),(1.003619504+0j),(1.010151028+0.002937099j),(1.014841485+0.005062106j),(1.038278402+0.016245708j),(1.019667891+0.007275105j),(1.003619504+0j),(1.003616483-1.955e-06j),(1.003616483-1.955e-06j),(1.022590653+0.008768475j),(1.023350194+0.008940716j),(1.039361808+0.01640878j),(1.038627298+0.016232316j),(1.038281793+0.016246463j),(1.047354866+0.020111062j),(1.046620275+0.019935927j),(1.010151028+0.002937099j),(1.010151028+0.002937099j),(1.019531943+0.007187113j),(1.014841485+0.005062106j),(1.038484004+0.016237866j),(1.02257092+0.008764186j),(1.022589118+0.008768627j),(1.025882434+0.01046536j),(1.023538544+0.008983928j),(1.048960384+0.021076809j),(1.047537012+0.020154979j),(1.046604588+0.019932441j),(1.046618773+0.01993606j),(1.042694482+0.017471529j),(1.039545435+0.016452896j),(1.038256848+0.016246823j),(1.020628081+0.007576092j),(-0.039503007+4.1256e-05j),(-0.039500725+3.337e-05j),(-0.039836761+2.726e-05j),(-0.03972334+3.3135e-05j),"{'64': {'dP_mw': 0.0, 'dQ_mvar': 0.0}, '57': {'dP_mw': 0.0, 'dQ_mvar': 0.0}, '55': {'dP_mw': 0.0, 'dQ_mvar': 0.0}, '61': {'dP_mw': 0.0, 'dQ_mvar': 0.0}}",1.049172111275862,0.0,0.0,PISR_baseline,0.9
19,1791551193.573028,78,(1.019531943+0.007187113j),(1.038281793+0.016246463j),(1.038285183+0.016247217j),(1.038480613+0.016237111j),(1.038487394+0.01623862j),(1.038623907+0.016231561j),(1.038758295+0.016319443j),(1.046495283+0.019848268j),(1.038366341+0.016057903j),(1.022857751+0.008942279j),(1.022199736+0.008505092j),(1.004013542+0.000260819j),(1.003755452+8.7992e-05j),(1.01001508+0.002849107j),(1.010286977+0.003025092j),(1.014705537+0.004974114j),(1.014977434+0.005150098j),(1.019395994+0.007099121j),(1.019531943+0.007187113j),(1.038281793+0.016246463j),(1.038281793+0.016246463j),(1.038484004+0.016237866j),(1.038627298+0.016232316j),(1.04662628+0.019935395j),(1.022596795+0.008767866j),(1.003616483-1.955e-06j),(1.003619504+0j),(1.010151028+0.002937099j),(1.014841485+0.005062106j),(1.038278402+0.016245708j),(1.019667891+0.007275105j),(1.003619504+0j),(1.003616483-1.955e-06j),(1.003616483-1.955e-06j),(1.022590653+0.008768475j),(1.023350194+0.008940716j),(1.039361808+0.01640878j),(1.038627298+0.016232316j),(1.038281793+0.016246463j),(1.047354866+0.020111062j),(1.046620275+0.019935927j),(1.010151028+0.002937099j),(1.010151028+0.002937099j),(1.019531943+0.007187113j),(1.014841485+0.005062106j),(1.038484004+0.016237866j),(1.02257092+0.008764186j),(1.022589118+0.008768627j),(1.025882434+0.01046536j),(1.023538544+0.008983928j),(1.048960384+0.021076809j),(1.047537012+0.020154979j),(1.046604588+0.019932441j),(1.046618773+0.01993606j),(1.042694482+0.017471529j),(1.039545435+0.016452896j),(1.038256848+0.016246823j),(1.020628081+0.007576092j),(-0.039503007+4.1256e-05j),(-0.039500725+3.337e-05j),(-0.039836761+2.726e-05j),(-0.03972334+3.3135e-05j),"{'64': {'dP_mw': 0.0, 'dQ_mvar': 0.0}, '57': {'dP_mw': 0.0, 'dQ_mvar': 0.0}, '55': {'dP_mw': 0.0, 'dQ_mvar': 0.0}, '61': {'dP_mw': 0.0, 'dQ_mvar': 0.0}}",1.049172111275862,0.0,0.0,PISR_baseline,0.95
20,1791551193.6222925,78,(1.019531943+0.007187113j),(1.038281793+0.016246463j),(1.038285183+0.016247217j),(1.038480613+0.016237111j),(1.038487394+0.01623862j),(1.038623907+0.016231561j),(1.038758295+0.016319443j),(1.046495283+0.019848268j),(1.038366341+0.016057903j),(1.022857751+0.008942279j),(1.022199736+0.008505092j),(1.004013542+0.000260819j),(1.003755452+8.7992e-05j),(1.01001508+0.002849107j),(1.010286977+0.003025092j),(1.014705537+0.004974114j),(1.014977434+0.005150098j),(1.019395994+0.007099121j),(1.019531943+0.007187113j),(1.038281793+0.016246463j),(1.038281793+0.016246463j),(1.038484004+0.016237866j),(1.038627298+0.016232316j),(1.04662628+0.019935395j),(1.022596795+0.008767866j),(1.003616483-1.955e-06j),(1.003619504+0j),(1.010151028+0.002937099j),(1.014841485+0.005062106j),(1.038278402+0.016245708j),(1.019667891+0.007275105j),(1.003619504+0j),(1.003616483-1.955e-06j),(1.003616483-1.955e-06j),(1.022590653+0.008768475j),(1.023350194+0.008940716j),(1.039361808+0.01640878j),(1.038627298+0.016232316j),(1.038281793+0.016246463j),(1.047354866+0.020111062j),(1.046620275+0.019935927j),(1.010151028+0.002937099j),(1.010151028+0.002937099j),(1.019531943+0.007187113j),(1.014841485+0.005062106j),(1.038484004+0.016237866j),(1.02257092+0.008764186j),(1.022589118+0.008768627j),(1.025882434+0.01046536j),(1.023538544+0.008983928j),(1.048960384+0.021076809j),(1.047537012+0.020154979j),(1.046604588+0.019932441j),(1.046618773+0.01993606j),(1.042694482+0.017471529j),(1.039545435+0.016452896j),(1.038256848+0.016246823j),(1.020628081+0.007576092j),(-0.039503007+4.1256e-05j),(-0.039500725+3.337e-05j),(-0.039836761+2.726e-05j),(-0.03972334+3.3135e-05j),"{'64': {'dP_mw': 0.0, 'dQ_mvar': 0.0}, '57': {'dP_mw': 0.0, 'dQ_mvar': 0.0}, '55': {'dP_mw': 0.0, 'dQ_mvar': 0.0}, '61': {'dP_mw': -0.05, 'dQ_mvar': -0.05}}",1.049172111275862,-0.05,-0.05,PISR_baseline,1.0
21,1791551193.6769536,78,(1.029449001+0.007115755j),(1.073123164+0.005278876j),(1.073126452+0.005279571j),(1.073315442+0.005267764j),(1.073322018+0.005269154j),(1.073454033+0.005260906j),(1.073585083+0.005344562j),(1.081113707+0.008678733j),(1.072934606+0.005156726j),(1.043974256+0.004026857j),(1.042795+0.003731151j),(1.014342033+0.000188896j),(1.01382314+8.7127e-05j),(1.020022994+0.002820807j),(1.020292303+0.002995061j),(1.024668671+0.004924718j),(1.024937979+0.005098972j),(1.029314347+0.007028628j),(1.029449001+0.007115755j),(1.073123164+0.005278876j),(1.073123164+0.005278876j),(1.07331873+0.005268459j),(1.073457322+0.005261601j),(1.081241468+0.008761695j),(1.04345154+0.003921982j),(1.013685493-1.936e-06j),(1.013688486+0j),(1.020157649+0.002907934j),(1.024803325+0.005011845j),(1.073119875+0.005278181j),(1.029583655+0.007202882j),(1.013688486+0j),(1.013685493-1.936e-06j),(1.013685493-1.936e-06j),(1.043445524+0.003922608j),(1.044190816+0.004087799j),(1.075263736+0.004720505j),(1.073457322+0.005261601j),(1.073123164+0.005278876j),(1.081948762+0.008924012j),(1.08123566+0.008762273j),(1.020157649+0.002907934j),(1.020157649+0.002907934j),(1.029449001+0.007115755j),(1.024803325+0.005011845j),(1.07331873+0.005268459j),(1.043426165+0.003918498j),(1.04344402+0.003922764j),(1.046680096+0.005570076j),(1.044375635+0.004129253j),(1.083513528+0.009841943j),(1.082125585+0.008964591j),(1.081220437+0.008759064j),(1.081234208+0.008762418j),(1.083788875+0.002830932j),(1.07571534+0.004585231j),(1.073099031+0.005279483j),(1.03053466+0.007500839j),(-0.039503007+4.1256e-05j),(-0.039500725+3.337e-05j),(-0.039836761+2.726e-05j),(-0.08972334-0.049966865j),"{'64': {'dP_mw': 0.0, 'dQ_mvar': 0.0}, '57': {'dP_mw': 0.0, 'dQ_mvar': 0.0}, '55': {'dP_mw': 0.0, 'dQ_mvar': 0.0}, '61': {'dP_mw': -0.05, 'dQ_mvar': -0.05}}",1.0837925722894368,-0.05,-0.05,PISR_baseline,1.05
22,1791551193.7215762,78,(1.029449001+0.007115755j),(1.073123164+0.005278876j),(1.073126452+0.005279571j),(1.073315442+0.005267764j),(1.073322018+0.005269154j),(1.073454033+0.005260906j),(1.073585083+0.005344562j),(1.081113707+0.008678733j),(1.072934606+0.005156726j),(1.043974256+0.004026857j),(1.042795+0.003731151j),(1.014342033+0.000188896j),(1.01382314+8.7127e-05j),(1.020022994+0.002820807j),(1.020292303+0.002995061j),(1.024668671+0.004924718j),(1.024937979+0.005098972j),(1.029314347+0.007028628j),(1.029449001+0.007115755j),(1.073123164+0.005278876j),(1.073123164+0.005278876j),(1.07331873+0.005268459j),(1.073457322+0.005261601j),(1.081241468+0.008761695j),(1.04345154+0.003921982j),(1.013685493-1.936e-06j),(1.013688486+0j),(1.020157649+0.002907934j),(1.024803325+0.005011845j),(1.073119875+0.005278181j),(1.029583655+0.007202882j),(1.013688486+0j),(1.013685493-1.936e-06j),(1.013685493-1.936e-06j),(1.043445524+0.003922608j),(1.044190816+0.004087799j),(1.075263736+0.004720505j),(1.073457322+0.005261601j),(1.073123164+0.005278876j),(1.081948762+0.008924012j),(1.08123566+0.008762273j),(1.020157649+0.002907934j),(1.020157649+0.002907934j),(1.029449001+0.007115755j),(1.024803325+0.005011845j),(1.07331873+0.005268459j),(1.043426165+0.003918498j),(1.04344402+0.003922764j),(1.046680096+0.005570076j),(1.044375635+0.004129253j),(1.083513528+0.009841943j),(1.082125585+0.008964591j),(1.081220437+0.008759064j),(1.081234208+0.008762418j),(1.083788875+0.002830932j),(1.07571534+0.004585231j),(1.073099031+0.005279483j),(1.03053466+0.007500839j),(-0.039503007+4.1256e-05j),(-0.039500725+3.337e-05j),(-0.039836761+2.726e-05j),(-0.08972334-0.049966865j),"{'64': {'dP_mw': 0.0, 'dQ_mvar': 0.0}, '57': {'dP_mw': 0.0, 'dQ_mvar': 0.0}, '55': {'dP_mw': 0.0, 'dQ_mvar': 0.0}, '61': {'dP_mw': -0.05, 'dQ_mvar': -0.05}}",1.0837925722894368,-0.05,-0.05,PISR_baseline,1.1
23,1791551193.7734215,78,(1.029449001+0.007115755j),(1.073123164+0.005278876j),(1.073126452+0.005279571j),(1.073315442+0.005267764j),(1.073322018+0.005269154j),(1.073454033+0.005260906j),(1.073585083+0.005344562j),(1.081113707+0.008678733j),(1.072934606+0.005156726j),(1.043974256+0.004026857j),(1.042795+0.003731151j),(1.014342033+0.000188896j),(1.01382314+8.7127e-05j),(1.020022994+0.002820807j),(1.020292303+0.002995061j),(1.024668671+0.004924718j),(1.024937979+0.005098972j),(1.029314347+0.007028628j),(1.029449001+0.007115755j),(1.073123164+0.005278876j),(1.073123164+0.005278876j),(1.07331873+0.005268459j),(1.073457322+0.005261601j),(1.081241468+0.008761695j),(1.04345154+0.003921982j),(1.013685493-1.936e-06j),(1.013688486+0j),(1.020157649+0.002907934j),(1.024803325+0.005011845j),(1.073119875+0.005278181j),(1.029583655+0.007202882j),(1.013688486+0j),(1.013685493-1.936e-06j),(1.013685493-1.936e-06j),(1.043445524+0.003922608j),(1.044190816+0.004087799j),(1.075263736+0.004720505j),(1.073457322+0.005261601j),(1.073123164+0.005278876j),(1.081948762+0.008924012j),(1.08123566+0.008762273j),(1.020157649+0.002907934j),(1.020157649+0.002907934j),(1.029449001+0.007115755j),(1.024803325+0.005011845j),(1.07331873+0.005268459j),(1.043426165+0.003918498j),(1.04344402+0.003922764j),(1.046680096+0.005570076j),(1.044375635+0.004129253j),(1.083513528+0.009841943j),(1.082125585+0.008964591j),(1.081220437+0.008759064j),(1.081234208+0.008762418j),(1.083788875+0.002830932j),(1.07571534+0.004585231j),(1.073099031+0.005279483j),(1.03053466+0.007500839j),(-0.039503007+4.1256e-05j),(-0.039500725+3.337e-05j),(-0.039836761+2.726e-05j),(-0.08972334-0.049966865j),"{'64': {'dP_mw': 0.0, 'dQ_mvar': 0.024393537120696383}, '57': {'dP_mw': 0.0, 'dQ_mvar': 0.03427154454159045}, '55': {'dP_mw': 0.0, 'dQ_mvar': 0.03467356491029742}, '61': {'dP_mw': -0.05, 'dQ_mvar': -0.05}}",1.0837925722894368,-0.05,0.04333864657258425,PISR_baseline,1.15
24,1791551193.821683,78,(1.007362667+0.01745753j),(1.048084053+0.024768692j),(1.048087405+0.024769467j),(1.04828105+0.024761002j),(1.048287755+0.02476255j),(1.048423021+0.024756637j),(1.048477896+0.024959482j),(1.0529571+0.035302998j),(1.047971245+0.02452541j),(1.02154445+0.015989996j),(1.020577224+0.015316542j),(0.996441039+0.000437542j),(0.996011339+0.000175958j),(1.000550875+0.006976698j),(1.000712089+0.007328613j),(1.003916468+0.012129135j),(1.004077682+0.01248105j),(1.00728206+0.017281572j),(1.007362667+0.01745753j),(1.048084053+0.024768692j),(1.048084053+0.024768692j),(1.048284402+0.024761776j),(1.048426374+0.024757412j),(1.053008623+0.035505069j),(1.021089322+0.015757994j),(0.995928941-3.91e-06j),(0.995930732+0j),(1.000631482+0.007152655j),(1.003997075+0.012305092j),(1.048080701+0.024767918j),(1.007443274+0.017633487j),(0.995930732+0j),(0.995928941-3.91e-06j),(0.995928941-3.91e-06j),(1.021083168+0.015758562j),(1.021686107+0.016596548j),(1.050284567+0.024238264j),(1.048426374+0.024757412j),(1.048084053+0.024768692j),(1.053569129+0.036319726j),(1.053002649+0.03550551j),(1.000631482+0.007152655j),(1.000631482+0.007152655j),(1.007362667+0.01745753j),(1.003997075+0.012305092j),(1.048284402+0.024761776j),(1.021063437+0.015754132j),(1.021081629+0.015758703j),(1.022857052+0.020354055j),(1.021835303+0.016806186j),(1.054294239+0.038683039j),(1.053709255+0.03652339j),(1.052987116+0.035501818j),(1.053001155+0.03550562j),(1.059041434+0.022467525j),(1.050749116+0.024108478j),(1.048059343+0.024768852j),(1.008218254+0.018553117j),(-0.039503007+0.024434793j),(-0.039500725+0.034304914j),(-0.039836761+0.034700825j),(-0.08972334-0.049966865j),"{'64': {'dP_mw': 0.0, 'dQ_mvar': 0.024393537120696383}, '57': {'dP_mw': 0.0, 'dQ_mvar': 0.03427154454159045}, '55': {'dP_mw': 0.0, 'dQ_mvar': 0.03467356491029742}, '61': {'dP_mw': -0.05, 'dQ_mvar': -0.05}}",1.0592797310476596,-0.05,0.04333864657258425,PISR_baseline,1.2
25,1791551193.8725662,78,(1.007362667+0.01745753j),(1.048084053+0.024768692j),(1.048087405+0.024769467j),(1.04828105+0.024761002j),(1.048287755+0.02476255j),(1.048423021+0.024756637j),(1.048477896+0.024959482j),(1.0529571+0.035302998j),(1.047971245+0.02452541j),(1.02154445+0.015989996j),(1.020577224+0.015316542j),(0.996441039+0.000437542j),(0.996011339+0.000175958j),(1.000550875+0.006976698j),(1.000712089+0.007328613j),(1.003916468+0.012129135j),(1.004077682+0.01248105j),(1.00728206+0.017281572j),(1.007362667+0.01745753j),(1.048084053+0.024768692j),(1.048084053+0.024768692j),(1.048284402+0.024761776j),(1.048426374+0.024757412j),(1.053008623+0.035505069j),(1.021089322+0.015757994j),(0.995928941-3.91e-06j),(0.995930732+0j),(1.000631482+0.007152655j),(1.003997075+0.012305092j),(1.048080701+0.024767918j),(1.007443274+0.017633487j),(0.995930732+0j),(0.995928941-3.91e-06j),(0.995928941-3.91e-06j),(1.021083168+0.015758562j),(1.021686107+0.016596548j),(1.050284567+0.024238264j),(1.048426374+0.024757412j),(1.048084053+0.024768692j),(1.053569129+0.036319726j),(1.053002649+0.03550551j),(1.000631482+0.007152655j),(1.000631482+0.007152655j),(1.007362667+0.01745753j),(1.003997075+0.012305092j),(1.048284402+0.024761776j),(1.021063437+0.015754132j),(1.021081629+0.015758703j),(1.022857052+0.020354055j),(1.021835303+0.016806186j),(1.054294239+0.038683039j),(1.053709255+0.03652339j),(1.052987116+0.035501818j),(1.053001155+0.03550562j),(1.059041434+0.022467525j),(1.050749116+0.024108478j),(1.048059343+0.024768852j),(1.008218254+0.018553117j),(-0.039503007+0.024434793j),(-0.039500725+0.034304914j),(-0.039836761+0.034700825j),(-0.08972334-0.049966865j),"{'64': {'dP_mw': 0.0, 'dQ_mvar': 0.048787075452093355}, '57': {'dP_mw': 0.0, 'dQ_mvar': 0.06854308773313159}, '55': {'dP_mw': 0.0, 'dQ_mvar': 0.06934713025237045}, '61': {'dP_mw': -0.05, 'dQ_mvar': -0.05}}",1.0592797310476596,-0.05,0.13667729343759538,PISR_baseline,1.25
26,1791551193.9219708,78,(0.983771586+0.028203918j),(1.020670347+0.045027395j),(1.020673769+0.04502826j),(1.020872614+0.04502364j),(1.02087946+0.04502537j),(1.021018359+0.045022143j),(1.020985383+0.045346885j),(1.021814733+0.062943708j),(1.020644956+0.044660024j),(0.997293734+0.028419954j),(0.996567675+0.027357049j),(0.977459021+0.000693968j),(0.977132219+0.000267885j),(0.979839633+0.011295747j),(0.979883522+0.011831517j),(0.981794638+0.01961589j),(0.981838526+0.02015166j),(0.983749642+0.027936033j),(0.983771586+0.028203918j),(1.020670347+0.045027395j),(1.020670347+0.045027395j),(1.020876037+0.045024505j),(1.021021782+0.045023008j),(1.021778334+0.063267586j),(0.996916908+0.02805697j),(0.977109787-5.953e-06j),(0.977110275+0j),(0.979861577+0.011563632j),(0.981816582+0.019883775j),(1.020666924+0.04502653j),(0.983793531+0.028471803j),(0.977110275+0j),(0.977109787-5.953e-06j),(0.977109787-5.953e-06j),(0.9969106+0.028057471j),(0.997343398+0.029598441j),(1.022937965+0.04452943j),(1.021021782+0.045023008j),(1.020670347+0.045027395j),(1.022144492+0.064765418j),(1.021772176+0.063267866j),(0.979861577+0.011563632j),(0.979861577+0.011563632j),(0.983771586+0.028203918j),(0.981816582+0.019883775j),(1.020876037+0.045024505j),(0.996890455+0.028052679j),(0.996909023+0.028057597j),(0.997059055+0.035707768j),(0.99745002+0.029983808j),(1.021893393+0.06861194j),(1.022236031+0.065139876j),(1.021756303+0.063263619j),(1.021770636+0.063267937j),(1.03195402+0.042896337j),(1.023417011+0.044406035j),(1.020644992+0.04502704j),(0.984369999+0.030039316j),(-0.039503007+0.048828331j),(-0.039500725+0.068576457j),(-0.039836761+0.06937439j),(-0.08972334-0.049966865j),"{'64': {'dP_mw': 0.0, 'dQ_mvar': 0.048787075452093355}, '57': {'dP_mw': 0.0, 'dQ_mvar': 0.06854308773313159}, '55': {'dP_mw': 0.0, 'dQ_mvar': 0.06934713025237045}, '61': {'dP_mw': -0.05, 'dQ_mvar': -0.05}}",1.0328451941710228,-0.05,0.13667729343759538,PISR_baseline,1.3
27,1791551193.9720407,78,(0.983771586+0.028203918j),(1.020670347+0.045027395j),(1.020673769+0.04502826j),(1.020872614+0.04502364j),(1.02087946+0.04502537j),(1.021018359+0.045022143j),(1.020985383+0.045346885j),(1.021814733+0.062943708j),(1.020644956+0.044660024j),(0.997293734+0.028419954j),(0.996567675+0.027357049j),(0.977459021+0.000693968j),(0.977132219+0.000267885j),(0.979839633+0.011295747j),(0.979883522+0.011831517j),(0.981794638+0.01961589j),(0.981838526+0.02015166j),(0.983749642+0.027936033j),(0.983771586+0.028203918j),(1.020670347+0.045027395j),(1.020670347+0.045027395j),(1.020876037+0.045024505j),(1.021021782+0.045023008j),(1.021778334+0.063267586j),(0.996916908+0.02805697j),(0.977109787-5.953e-06j),(0.977110275+0j),(0.979861577+0.011563632j),(0.981816582+0.019883775j),(1.020666924+0.04502653j),(0.983793531+0.028471803j),(0.977110275+0j),(0.977109787-5.953e-06j),(0.977109787-5.953e-06j),(0.9969106+0.028057471j),(0.997343398+0.029598441j),(1.022937965+0.04452943j),(1.021021782+0.045023008j),(1.020670347+0.045027395j),(1.022144492+0.064765418j),(1.021772176+0.063267866j),(0.979861577+0.011563632j),(0.979861577+0.011563632j),(0.983771586+0.028203918j),(0.981816582+0.019883775j),(1.020876037+0.045024505j),(0.996890455+0.028052679j),(0.996909023+0.028057597j),(0.997059055+0.035707768j),(0.99745002+0.029983808j),(1.021893393+0.06861194j),(1.022236031+0.065139876j),(1.021756303+0.063263619j),(1.021770636+0.063267937j),(1.03195402+0.042896337j),(1.023417011+0.044406035j),(1.020644992+0.04502704j),(0.984369999+0.030039316j),(-0.039503007+0.048828331j),(-0.039500725+0.068576457j),(-0.039836761+0.06937439j),(-0.08972334-0.049966865j),"{'64': {'dP_mw': 0.0, 'dQ_mvar': 0.048787075452093355}, '57': {'dP_mw': 0.0, 'dQ_mvar': 0.06854308773313159}, '55': {'dP_mw': 0.0, 'dQ_mvar': 0.06934713025237045}, '61': {'dP_mw': -0.05, 'dQ_mvar': -0.05}}",1.0328451941710228,-0.05,0.13667729343759538,PISR_baseline,1.35
28,1791551194.0225518,78,(0.983771586+0.028203918j),(1.020670347+0.045027395j),(1.020673769+0.04502826j),(1.020872614+0.04502364j),(1.02087946+0.04502537j),(1.021018359+0.045022143j),(1.020985383+0.045346885j),(1.021814733+0.062943708j),(1.020644956+0.044660024j),(0.997293734+0.028419954j),(0.996567675+0.027357049j),(0.977459021+0.000693968j),(0.977132219+0.000267885j),(0.979839633+0.011295747j),(0.979883522+0.011831517j),(0.981794638+0.01961589j),(0.981838526+0.02015166j),(0.983749642+0.027936033j),(0.983771586+0.028203918j),(1.020670347+0.045027395j),(1.020670347+0.045027395j),(1.020876037+0.045024505j),(1.021021782+0.045023008j),(1.021778334+0.063267586j),(0.996916908+0.02805697j),(0.977109787-5.953e-06j),(0.977110275+0j),(0.979861577+0.011563632j),(0.981816582+0.019883775j),(1.020666924+0.04502653j),(0.983793531+0.028471803j),(0.977110275+0j),(0.977109787-5.953e-06j),(0.977109787-5.953e-06j),(0.9969106+0.028057471j),(0.997343398+0.029598441j),(1.022937965+0.04452943j),(1.021021782+0.045023008j),(1.020670347+0.045027395j),(1.022144492+0.064765418j),(1.021772176+0.063267866j),(0.979861577+0.011563632j),(0.979861577+0.011563632j),(0.983771586+0.028203918j),(0.981816582+0.019883775j),(1.020876037+0.045024505j),(0.996890455+0.028052679j),(0.996909023+0.028057597j),(0.997059055+0.035707768j),(0.99745002+0.029983808j),(1.021893393+0.06861194j),(1.022236031+0.065139876j),(1.021756303+0.063263619j),(1.021770636+0.063267937j),(1.03195402+0.042896337j),(1.023417011+0.044406035j),(1.020644992+0.04502704j),(0.984369999+0.030039316j),(-0.039503007+0.048828331j),(-0.039500725+0.068576457j),(-0.039836761+0.06937439j),(-0.08972334-0.049966865j),"{'64': {'dP_mw': 0.0, 'dQ_mvar': 0.048787075452093355}, '57': {'dP_mw': 0.0, 'dQ_mvar': 0.06854308773313159}, '55': {'dP_mw': 0.0, 'dQ_mvar': 0.06934713025237045}, '61': {'dP_mw': -0.05, 'dQ_mvar': -0.05}}",1.0328451941710228,-0.05,0.13667729343759538,PISR_baseline,1.4
29,1791551194.0718374,78,(0.983771586+0.028203918j),(1.020670347+0.045027395j),(1.020673769+0.04502826j),(1.020872614+0.04502364j),(1.02087946+0.04502537j),(1.021018359+0.045022143j),(1.020985383+0.045346885j),(1.021814733+0.062943708j),(1.020644956+0.044660024j),(0.997293734+0.028419954j),(0.996567675+0.027357049j),(0.977459021+0.000693968j),(0.977132219+0.000267885j),(0.979839633+0.011295747j),(0.979883522+0.011831517j),(0.981794638+0.01961589j),(0.981838526+0.02015166j),(0.983749642+0.027936033j),(0.983771586+0.028203918j),(1.020670347+0.045027395j),(1.020670347+0.045027395j),(1.020876037+0.045024505j),(1.021021782+0.045023008j),(1.021778334+0.063267586j),(0.996916908+0.02805697j),(0.977109787-5.953e-06j),(0.977110275+0j),(0.979861577+0.011563632j),(0.981816582+0.019883775j),(1.020666924+0.04502653j),(0.983793531+0.028471803j),(0.977110275+0j),(0.977109787-5.953e-06j),(0.977109787-5.953e-06j),(0.9969106+0.028057471j),(0.997343398+0.029598441j),(1.022937965+0.04452943j),(1.021021782+0.045023008j),(1.020670347+0.045027395j),(1.022144492+0.064765418j),(1.021772176+0.063267866j),(0.979861577+0.011563632j),(0.979861577+0.011563632j),(0.983771586+0.028203918j),(0.981816582+0.019883775j),(1.020876037+0.045024505j),(0.996890455+0.028052679j),(0.996909023+0.028057597j),(0.997059055+0.035707768j),(0.99745002+0.029983808j),(1.021893393+0.06861194j),(1.022236031+0.065139876j),(1.021756303+0.063263619j),(1.021770636+0.063267937j),(1.03195402+0.042896337j),(1.023417011+0.044406035j),(1.020644992+0.04502704j),(0.984369999+0.030039316j),(-0.039503007+0.048828331j),(-0.039500725+0.068576457j),(-0.039836761+0.06937439j),(-0.08972334-0.049966865j),"{'64': {'dP_mw': 0.0, 'dQ_mvar': 0.05063153660273056}, '57': {'dP_mw': 0.003080662323241528, 'dQ_mvar': 0.06802060654586319}, '55': {'dP_mw': 0.0, 'dQ_mvar': 0.06400773063838872}, '61': {'dP_mw': -0.05, 'dQ_mvar': -0.05}}",1.0328451941710228,-0.046919337676758474,0.13265987378698246,PISR_baseline,1.45
30,1791551194.122748,78,(0.984177269+0.028967386j),(1.020944914+0.043286593j),(1.020948338+0.043287452j),(1.021147136+0.043282493j),(1.021153983+0.04328421j),(1.021292849+0.043280746j),(1.021251545+0.043596543j),(1.021559879+0.060787547j),(1.020927788+0.042928276j),(0.998107398+0.027134636j),(0.997384725+0.026110012j),(0.978260989+0.000665198j),(0.977924482+0.000274343j),(0.980481242+0.011602698j),(0.980515836+0.012151384j),(0.982320607+0.02014787j),(0.982355201+0.020696557j),(0.984159972+0.028693042j),(0.984177269+0.028967386j),(1.020944914+0.043286593j),(1.020944914+0.043286593j),(1.021150559+0.043283352j),(1.021296273+0.043281605j),(1.021515151+0.061102485j),(0.997738914+0.026781307j),(0.977906801-6.097e-06j),(0.977907185+0j),(0.980498539+0.011877041j),(0.982337904+0.020422213j),(1.02094149+0.043285735j),(0.984194566+0.029241729j),(0.977907185-0j),(0.977906801-6.097e-06j),(0.977906801-6.097e-06j),(0.997732611+0.026781815j),(0.998193928+0.028217028j),(1.023211243+0.04278484j),(1.021296273+0.043281605j),(1.020944914+0.043286593j),(1.021829892+0.06257399j),(1.021508991+0.061102778j),(0.980498539+0.011877041j),(0.980498539+0.011877041j),(0.984177269+0.028967386j),(0.982337904+0.020422213j),(1.021150559+0.043283352j),(0.997712476+0.026777053j),(0.997731036+0.026781943j),(0.998139081+0.033975995j),(0.998307682+0.028575958j),(1.021475944+0.066319141j),(1.021908577+0.062941866j),(1.021493103+0.061098562j),(1.021507451+0.061102852j),(1.032222769+0.041136622j),(1.023689985+0.042660649j),(1.020919564+0.043286282j),(0.984753939+0.030855633j),(-0.039503007+0.050672792j),(-0.036420063+0.068053976j),(-0.039836761+0.064034991j),(-0.08972334-0.049966865j),"{'64': {'dP_mw': 0.0, 'dQ_mvar': 0.05063153660273056}, '57': {'dP_mw': 0.003080662323241528, 'dQ_mvar': 0.06802060654586319}, '55': {'dP_mw': 0.0, 'dQ_mvar': 0.06400773063838872}, '61': {'dP_mw': -0.05, 'dQ_mvar': -0.05}}",1.0330421416920021,-0.046919337676758474,0.13265987378698246,PISR_baseline,1.5
31,1791551194.1812077,78,(1.007351384+0.017529914j),(1.048088953+0.024780799j),(1.048092305+0.024781573j),(1.048285949+0.024773111j),(1.048292654+0.024774659j),(1.04842792+0.024768748j),(1.048482052+0.024972668j),(1.052930798+0.035379895j),(1.047976889+0.024536441j),(1.021580811+0.01593669j),(1.020613818+0.015263331j),(0.996464224+0.000436354j),(0.99603359+0.000176574j),(1.000560076+0.007005793j),(1.000720466+0.007358941j),(1.003915632+0.012179566j),(1.004076022+0.012532715j),(1.007271188+0.01735334j),(1.007351384+0.017529914j),(1.048088953+0.024780799j),(1.048088953+0.024780799j),(1.048289302+0.024773885j),(1.048431272+0.024769522j),(1.052981578+0.035583041j),(1.021126428+0.015703608j),(0.995951613-3.924e-06j),(0.995953395+0j),(1.000640271+0.007182367j),(1.003995827+0.012356141j),(1.048085601+0.024780025j),(1.007431579+0.017706488j),(0.995953395+0j),(0.995951613-3.924e-06j),(0.995951613-3.924e-06j),(1.021120274+0.015704176j),(1.021725171+0.016530121j),(1.050289463+0.024250399j),(1.048431272+0.024769522j),(1.048088953+0.024780799j),(1.053540513+0.036403672j),(1.052975604+0.035583481j),(1.000640271+0.007182367j),(1.000640271+0.007182367j),(1.007351384+0.017529914j),(1.003995827+0.012356141j),(1.048289302+0.024773885j),(1.021100544+0.015699748j),(1.021118736+0.015704318j),(1.022917561+0.0202462j),(1.021874857+0.016736749j),(1.054257394+0.03878005j),(1.053680247+0.036608829j),(1.052960071+0.035579788j),(1.05297411+0.035583591j),(1.059046308+0.022479768j),(1.05075401+0.024120618j),(1.048064243+0.024780958j),(1.008205118+0.018630494j),(-0.039503007+0.024608612j),(-0.039500725+0.034626672j),(-0.039789745+0.034083285j),(-0.08972334-0.049966865j),"{'64': {'dP_mw': 0.0, 'dQ_mvar': 0.024567356032428146}, '57': {'dP_mw': 0.0, 'dQ_mvar': 0.03459330207937004}, '55': {'dP_mw': 4.7015805164904445e-05, 'dQ_mvar': 0.034056025248127085}, '61': {'dP_mw': -0.05, 'dQ_mvar': -0.05}}",1.059284863697091,-0.0499529841948351,0.043216683359925276,PISR_baseline,1.55
32,1791551194.2225633,78,(1.007351384+0.017529914j),(1.048088953+0.024780799j),(1.048092305+0.024781573j),(1.048285949+0.024773111j),(1.048292654+0.024774659j),(1.04842792+0.024768748j),(1.048482052+0.024972668j),(1.052930798+0.035379895j),(1.047976889+0.024536441j),(1.021580811+0.01593669j),(1.020613818+0.015263331j),(0.996464224+0.000436354j),(0.99603359+0.000176574j),(1.000560076+0.007005793j),(1.000720466+0.007358941j),(1.003915632+0.012179566j),(1.004076022+0.012532715j),(1.007271188+0.01735334j),(1.007351384+0.017529914j),(1.048088953+0.024780799j),(1.048088953+0.024780799j),(1.048289302+0.024773885j),(1.048431272+0.024769522j),(1.052981578+0.035583041j),(1.021126428+0.015703608j),(0.995951613-3.924e-06j),(0.995953395+0j),(1.000640271+0.007182367j),(1.003995827+0.012356141j),(1.048085601+0.024780025j),(1.007431579+0.017706488j),(0.995953395+0j),(0.995951613-3.924e-06j),(0.995951613-3.924e-06j),(1.021120274+0.015704176j),(1.021725171+0.016530121j),(1.050289463+0.024250399j),(1.048431272+0.024769522j),(1.048088953+0.024780799j),(1.053540513+0.036403672j),(1.052975604+0.035583481j),(1.000640271+0.007182367j),(1.000640271+0.007182367j),(1.007351384+0.017529914j),(1.003995827+0.012356141j),(1.048289302+0.024773885j),(1.021100544+0.015699748j),(1.021118736+0.015704318j),(1.022917561+0.0202462j),(1.021874857+0.016736749j),(1.054257394+0.03878005j),(1.053680247+0.036608829j),(1.052960071+0.035579788j),(1.05297411+0.035583591j),(1.059046308+0.022479768j),(1.05075401+0.024120618j),(1.048064243+0.024780958j),(1.008205118+0.018630494j),(-0.039503007+0.024608612j),(-0.039500725+0.034626672j),(-0.039789745+0.034083285j),(-0.08972334-0.049966865j),"{'64': {'dP_mw': 0.0, 'dQ_mvar': 0.024567356032428146}, '57': {'dP_mw': 0.0, 'dQ_mvar': 0.03459330207937004}, '55': {'dP_mw': 4.7015805164904445e-05, 'dQ_mvar': 0.034056025248127085}, '61': {'dP_mw': -0.05, 'dQ_mvar': -0.05}}",1.059284863697091,-0.0499529841948351,0.043216683359925276,PISR_baseline,1.6
33,1791551194.2744558,78,(1.007351384+0.017529914j),(1.048088953+0.024780799j),(1.048092305+0.024781573j),(1.048285949+0.024773111j),(1.048292654+0.024774659j),(1.04842792+0.024768748j),(1.048482052+0.024972668j),(1.052930798+0.035379895j),(1.047976889+0.024536441j),(1.021580811+0.01593669j),(1.020613818+0.015263331j),(0.996464224+0.000436354j),(0.99603359+0.000176574j),(1.000560076+0.007005793j),(1.000720466+0.007358941j),(1.003915632+0.012179566j),(1.004076022+0.012532715j),(1.007271188+0.01735334j),(1.007351384+0.017529914j),(1.048088953+0.024780799j),(1.048088953+0.024780799j),(1.048289302+0.024773885j),(1.048431272+0.024769522j),(1.052981578+0.035583041j),(1.021126428+0.015703608j),(0.995951613-3.924e-06j),(0.995953395+0j),(1.000640271+0.007182367j),(1.003995827+0.012356141j),(1.048085601+0.024780025j),(1.007431579+0.017706488j),(0.995953395+0j),(0.995951613-3.924e-06j),(0.995951613-3.924e-06j),(1.021120274+0.015704176j),(1.021725171+0.016530121j),(1.050289463+0.024250399j),(1.048431272+0.024769522j),(1.048088953+0.024780799j),(1.053540513+0.036403672j),(1.052975604+0.035583481j),(1.000640271+0.007182367j),(1.000640271+0.007182367j),(1.007351384+0.017529914j),(1.003995827+0.012356141j),(1.048289302+0.024773885j),(1.021100544+0.015699748j),(1.021118736+0.015704318j),(1.022917561+0.0202462j),(1.021874857+0.016736749j),(1.054257394+0.03878005j),(1.053680247+0.036608829j),(1.052960071+0.035579788j),(1.05297411+0.035583591j),(1.059046308+0.022479768j),(1.05075401+0.024120618j),(1.048064243+0.024780958j),(1.008205118+0.018630494j),(-0.039503007+0.024608612j),(-0.039500725+0.034626672j),(-0.039789745+0.034083285j),(-0.08972334-0.049966865j),"{'64': {'dP_mw': 0.0, 'dQ_mvar': 0.024393538083778046}, '57': {'dP_mw': 0.0, 'dQ_mvar': 0.03427154352152126}, '55': {'dP_mw': 0.0, 'dQ_mvar': 0.03467356549046468}, '61': {'dP_mw': -0.05, 'dQ_mvar': -0.05}}",1.059284863697091,-0.05,0.043338647095763974,PISR_baseline,1.65
34,1791551194.3230293,78,(1.007362667+0.01745753j),(1.048084053+0.024768692j),(1.048087405+0.024769466j),(1.04828105+0.024761002j),(1.048287755+0.02476255j),(1.048423021+0.024756637j),(1.048477896+0.024959482j),(1.0529571+0.035302998j),(1.047971245+0.024525409j),(1.02154445+0.015989996j),(1.020577223+0.015316542j),(0.996441039+0.000437542j),(0.996011339+0.000175958j),(1.000550875+0.006976698j),(1.000712089+0.007328613j),(1.003916468+0.012129135j),(1.004077681+0.01248105j),(1.00728206+0.017281573j),(1.007362667+0.01745753j),(1.048084053+0.024768692j),(1.048084053+0.024768692j),(1.048284402+0.024761776j),(1.048426374+0.024757411j),(1.053008623+0.035505068j),(1.021089322+0.015757994j),(0.995928941-3.91e-06j),(0.995930732+0j),(1.000631482+0.007152655j),(1.003997074+0.012305093j),(1.048080701+0.024767918j),(1.007443274+0.017633488j),(0.995930732-0j),(0.995928941-3.91e-06j),(0.995928941-3.91e-06j),(1.021083168+0.015758562j),(1.021686106+0.016596548j),(1.050284567+0.024238264j),(1.048426374+0.024757411j),(1.048084053+0.024768692j),(1.053569129+0.036319726j),(1.053002649+0.035505509j),(1.000631482+0.007152655j),(1.000631482+0.007152655j),(1.007362667+0.01745753j),(1.003997074+0.012305093j),(1.048284402+0.024761776j),(1.021063437+0.015754132j),(1.021081629+0.015758703j),(1.022857052+0.020354055j),(1.021835303+0.016806186j),(1.05429424+0.038683038j),(1.053709255+0.03652339j),(1.052987116+0.035501817j),(1.053001156+0.035505619j),(1.059041435+0.022467525j),(1.050749116+0.024108477j),(1.048059343+0.024768852j),(1.008218254+0.018553117j),(-0.039503007+0.024434794j),(-0.039500725+0.034304913j),(-0.039836761+0.034700826j),(-0.08972334-0.049966865j),"{'64': {'dP_mw': 0.0, 'dQ_mvar': 0.024393538083778046}, '57': {'dP_mw': 0.0, 'dQ_mvar': 0.03427154352152126}, '55': {'dP_mw': 0.0, 'dQ_mvar': 0.03467356549046468}, '61': {'dP_mw': -0.05, 'dQ_mvar': -0.05}}",1.0592797320474345,-0.05,0.043338647095763974,PISR_baseline,1.7
35,1791551194.3738737,78,(1.007362667+0.01745753j),(1.048084053+0.024768692j),(1.048087405+0.024769466j),(1.04828105+0.024761002j),(1.048287755+0.02476255j),(1.048423021+0.024756637j),(1.048477896+0.024959482j),(1.0529571+0.035302998j),(1.047971245+0.024525409j),(1.02154445+0.015989996j),(1.020577223+0.015316542j),(0.996441039+0.000437542j),(0.996011339+0.000175958j),(1.000550875+0.006976698j),(1.000712089+0.007328613j),(1.003916468+0.012129135j),(1.004077681+0.01248105j),(1.00728206+0.017281573j),(1.007362667+0.01745753j),(1.048084053+0.024768692j),(1.048084053+0.024768692j),(1.048284402+0.024761776j),(1.048426374+0.024757411j),(1.053008623+0.035505068j),(1.021089322+0.015757994j),(0.995928941-3.91e-06j),(0.995930732+0j),(1.000631482+0.007152655j),(1.003997074+0.012305093j),(1.048080701+0.024767918j),(1.007443274+0.017633488j),(0.995930732-0j),(0.995928941-3.91e-06j),(0.995928941-3.91e-06j),(1.021083168+0.015758562j),(1.021686106+0.016596548j),(1.050284567+0.024238264j),(1.048426374+0.024757411j),(1.048084053+0.024768692j),(1.053569129+0.036319726j),(1.053002649+0.035505509j),(1.000631482+0.007152655j),(1.000631482+0.007152655j),(1.007362667+0.01745753j),(1.003997074+0.012305093j),(1.048284402+0.024761776j),(1.021063437+0.015754132j),(1.021081629+0.015758703j),(1.022857052+0.020354055j),(1.021835303+0.016806186j),(1.05429424+0.038683038j),(1.053709255+0.03652339j),(1.052987116+0.035501817j),(1.053001156+0.035505619j),(1.059041435+0.022467525j),(1.050749116+0.024108477j),(1.048059343+0.024768852j),(1.008218254+0.018553117j),(-0.039503007+0.024434794j),(-0.039500725+0.034304913j),(-0.039836761+0.034700826j),(-0.08972334-0.049966865j),"{'64': {'dP_mw': 0.0, 'dQ_mvar': 0.02537722089685898}, '57': {'dP_mw': 0.001546904894106641, 'dQ_mvar': 0.03336321826596791}, '55': {'dP_mw': 0.0, 'dQ_mvar': 0.032765449503523024}, '61': {'dP_mw': -0.05, 'dQ_mvar': -0.05}}",1.0592797320474345,-0.048453095105893365,0.0415058886663499,PISR_baseline,1.75
36,1791551194.4231281,78,(1.00750785+0.017863335j),(1.048190211+0.023808648j),(1.048193563+0.023809419j),(1.048387185+0.023800777j),(1.04839389+0.023802319j),(1.048529141+0.023796283j),(1.04858122+0.023992609j),(1.052855414+0.034012324j),(1.048080166+0.02357194j),(1.021862999+0.01538215j),(1.020896917+0.014729174j),(0.996782385+0.000423876j),(0.99634863+0.000179409j),(1.000813376+0.007139823j),(1.000969897+0.007498641j),(1.004121483+0.012411875j),(1.004278004+0.012770693j),(1.00742959+0.017683926j),(1.00750785+0.017863335j),(1.048190211+0.023808648j),(1.048190211+0.023808648j),(1.048390538+0.023801548j),(1.048532494+0.023797054j),(1.05290414+0.034207879j),(1.021410671+0.015157037j),(0.99626863-3.987e-06j),(0.996270369+0j),(1.000891637+0.007319232j),(1.004199744+0.012591284j),(1.048186858+0.023807877j),(1.007586111+0.018042744j),(0.996270369+0j),(0.99626863-3.987e-06j),(0.99626863-3.987e-06j),(1.02140452+0.015157607j),(1.022016468+0.015958623j),(1.050390065+0.023276243j),(1.048532494+0.023797054j),(1.048190211+0.023808648j),(1.053441721+0.034998076j),(1.052898166+0.034208328j),(1.000891637+0.007319232j),(1.000891637+0.007319232j),(1.00750785+0.017863335j),(1.004199744+0.012591284j),(1.048390538+0.023801548j),(1.021384792+0.015153191j),(1.021402982+0.01515775j),(1.023264151+0.01959251j),(1.022167917+0.016159019j),(1.054130525+0.037285854j),(1.053576116+0.035195625j),(1.052882627+0.034204655j),(1.052896673+0.03420844j),(1.059144617+0.02149761j),(1.050854457+0.02314604j),(1.048165503+0.02380883j),(1.008352777+0.018986938j),(-0.039503007+0.025418477j),(-0.03795382+0.033396588j),(-0.039836761+0.03279271j),(-0.08972334-0.049966865j),"{'64': {'dP_mw': 0.0, 'dQ_mvar': 0.02537722089685898}, '57': {'dP_mw': 0.001546904894106641, 'dQ_mvar': 0.03336321826596791}, '55': {'dP_mw': 0.0, 'dQ_mvar': 0.032765449503523024}, '61': {'dP_mw': -0.05, 'dQ_mvar': -0.05}}",1.0593627645692427,-0.048453095105893365,0.0415058886663499,PISR_baseline,1.8
37,1791551194.4745607,78,(1.00750785+0.017863335j),(1.048190211+0.023808648j),(1.048193563+0.023809419j),(1.048387185+0.023800777j),(1.04839389+0.023802319j),(1.048529141+0.023796283j),(1.04858122+0.023992609j),(1.052855414+0.034012324j),(1.048080166+0.02357194j),(1.021862999+0.01538215j),(1.020896917+0.014729174j),(0.996782385+0.000423876j),(0.99634863+0.000179409j),(1.000813376+0.007139823j),(1.000969897+0.007498641j),(1.004121483+0.012411875j),(1.004278004+0.012770693j),(1.00742959+0.017683926j),(1.00750785+0.017863335j),(1.048190211+0.023808648j),(1.048190211+0.023808648j),(1.048390538+0.023801548j),(1.048532494+0.023797054j),(1.05290414+0.034207879j),(1.021410671+0.015157037j),(0.99626863-3.987e-06j),(0.996270369+0j),(1.000891637+0.007319232j),(1.004199744+0.012591284j),(1.048186858+0.023807877j),(1.007586111+0.018042744j),(0.996270369+0j),(0.99626863-3.987e-06j),(0.99626863-3.987e-06j),(1.02140452+0.015157607j),(1.022016468+0.015958623j),(1.050390065+0.023276243j),(1.048532494+0.023797054j),(1.048190211+0.023808648j),(1.053441721+0.034998076j),(1.052898166+0.034208328j),(1.000891637+0.007319232j),(1.000891637+0.007319232j),(1.00750785+0.017863335j),(1.004199744+0.012591284j),(1.048390538+0.023801548j),(1.021384792+0.015153191j),(1.021402982+0.01515775j),(1.023264151+0.01959251j),(1.022167917+0.016159019j),(1.054130525+0.037285854j),(1.053576116+0.035195625j),(1.052882627+0.034204655j),(1.052896673+0.03420844j),(1.059144617+0.02149761j),(1.050854457+0.02314604j),(1.048165503+0.02380883j),(1.008352777+0.018986938j),(-0.039503007+0.025418477j),(-0.03795382+0.033396588j),(-0.039836761+0.03279271j),(-0.08972334-0.049966865j),"{'64': {'dP_mw': 0.0, 'dQ_mvar': 0.024062445751020168}, '57': {'dP_mw': 0.0, 'dQ_mvar': 0.03425924104884034}, '55': {'dP_mw': 0.0, 'dQ_mvar': 0.03503285066107028}, '61': {'dP_mw': -0.05, 'dQ_mvar': -0.05}}",1.0593627645692427,-0.05,0.04335453746093078,PISR_baseline,1.85
38,1791551194.524717,79,(1.00742404+0.017318941j),(1.048055914+0.02482723j),(1.048059266+0.024828004j),(1.048252917+0.02481955j),(1.048259621+0.024821099j),(1.048394892+0.024815194j),(1.048449785+0.025018006j),(1.05292967+0.035359602j),(1.047943089+0.024583976j),(1.021514957+0.016049305j),(1.020548508+0.015374618j),(0.99643739+0.000438811j),(0.996009293+0.000174776j),(1.000573506+0.006920992j),(1.000736282+0.007270544j),(1.003958079+0.012032579j),(1.004120855+0.01238213j),(1.007342652+0.017144166j),(1.00742404+0.017318941j),(1.048055914+0.02482723j),(1.048055914+0.02482723j),(1.048256269+0.024820325j),(1.048398244+0.024815968j),(1.052981211+0.035561639j),(1.021059801+0.015817313j),(0.995926097-3.884e-06j),(0.995927905+0j),(1.000654894+0.007095768j),(1.004039467+0.012207355j),(1.048052562+0.024826455j),(1.007505428+0.017493717j),(0.995927905+0j),(0.995926097-3.884e-06j),(0.995926097-3.884e-06j),(1.021053647+0.01581788j),(1.02165491+0.016662772j),(1.050256514+0.024296913j),(1.048398244+0.024815968j),(1.048055914+0.02482723j),(1.053541744+0.036376121j),(1.052975237+0.03556208j),(1.000654894+0.007095768j),(1.000654894+0.007095768j),(1.00742404+0.017318941j),(1.004039467+0.012207355j),(1.048256269+0.024820325j),(1.021033916+0.015813449j),(1.021052109+0.015818021j),(1.022811547+0.02044338j),(1.021803687+0.016874137j),(1.054267052+0.038739035j),(1.053681877+0.036579741j),(1.052959704+0.035558387j),(1.052973743+0.03556219j),(1.059013699+0.022526622j),(1.050721081+0.024167149j),(1.048031203+0.024827388j),(1.008283122+0.018404972j),(-0.039503007+0.024103702j),(-0.039500725+0.034292611j),(-0.039836761+0.035060111j),(-0.08972334-0.049966865j),"{'64': {'dP_mw': 0.0, 'dQ_mvar': 0.024062445751020168}, '57': {'dP_mw': 0.0, 'dQ_mvar': 0.03425924104884034}, '55': {'dP_mw': 0.0, 'dQ_mvar': 0.03503285066107028}, '61': {'dP_mw': -0.05, 'dQ_mvar': -0.05}}",1.0592532574263784,-0.05,0.04335453746093078,PISR_baseline,1.9
39,1791551194.5748231,79,(1.00742404+0.017318941j),(1.048055914+0.02482723j),(1.048059266+0.024828004j),(1.048252917+0.02481955j),(1.048259621+0.024821099j),(1.048394892+0.024815194j),(1.048449785+0.025018006j),(1.05292967+0.035359602j),(1.047943089+0.024583976j),(1.021514957+0.016049305j),(1.020548508+0.015374618j),(0.99643739+0.000438811j),(0.996009293+0.000174776j),(1.000573506+0.006920992j),(1.000736282+0.007270544j),(1.003958079+0.012032579j),(1.004120855+0.01238213j),(1.007342652+0.017144166j),(1.00742404+0.017318941j),(1.048055914+0.02482723j),(1.048055914+0.02482723j),(1.048256269+0.024820325j),(1.048398244+0.024815968j),(1.052981211+0.035561639j),(1.021059801+0.015817313j),(0.995926097-3.884e-06j),(0.995927905+0j),(1.000654894+0.007095768j),(1.004039467+0.012207355j),(1.048052562+0.024826455j),(1.007505428+0.017493717j),(0.995927905+0j),(0.995926097-3.884e-06j),(0.995926097-3.884e-06j),(1.021053647+0.01581788j),(1.02165491+0.016662772j),(1.050256514+0.024296913j),(1.048398244+0.024815968j),(1.048055914+0.02482723j),(1.053541744+0.036376121j),(1.052975237+0.03556208j),(1.000654894+0.007095768j),(1.000654894+0.007095768j),(1.00742404+0.017318941j),(1.004039467+0.012207355j),(1.048256269+0.024820325j),(1.021033916+0.015813449j),(1.021052109+0.015818021j),(1.022811547+0.02044338j),(1.021803687+0.016874137j),(1.054267052+0.038739035j),(1.053681877+0.036579741j),(1.052959704+0.035558387j),(1.052973743+0.03556219j),(1.059013699+0.022526622j),(1.050721081+0.024167149j),(1.048031203+0.024827388j),(1.008283122+0.018404972j),(-0.039503007+0.024103702j),(-0.039500725+0.034292611j),(-0.039836761+0.035060111j),(-0.08972334-0.049966865j),"{'64': {'dP_mw': 0.0, 'dQ_mvar': 0.023648824962786773}, '57': {'dP_mw': 0.0015451833459898376, 'dQ_mvar': 0.035929447832399514}, '55': {'dP_mw': 0.0, 'dQ_mvar': 0.031239932466775974}, '61': {'dP_mw': -0.05, 'dQ_mvar': -0.05}}",1.0592532574263784,-0.04845481665401016,0.040818205261962254,PISR_baseline,1.95
40,1791551194.6238012,79,(1.007975604+0.017137547j),(1.047982404+0.024533038j),(1.047985757+0.024533811j),(1.04817942+0.024525302j),(1.048186126+0.02452685j),(1.048321405+0.024520906j),(1.048367456+0.024725884j),(1.052393948+0.035258803j),(1.047878407+0.024287631j),(1.021905147+0.015566801j),(1.02094758+0.014901233j),(0.996913869+0.00042767j),(0.996486809+0.000173216j),(1.001079777+0.0068481j),(1.001244432+0.007194533j),(1.004486527+0.011906215j),(1.004651181+0.012252648j),(1.007893277+0.016964331j),(1.007975604+0.017137547j),(1.047982404+0.024533038j),(1.047982404+0.024533038j),(1.048182773+0.024526076j),(1.048324758+0.02452168j),(1.052436646+0.035463007j),(1.021458796+0.015332752j),(0.996402652-3.849e-06j),(0.996404482+0j),(1.001162104+0.007021316j),(1.004568854+0.012079432j),(1.047979052+0.024532264j),(1.008057931+0.017310763j),(0.996404482+0j),(0.996402652-3.849e-06j),(0.996402652-3.849e-06j),(1.021452645+0.015333322j),(1.022071372+0.01610534j),(1.050183022+0.024002066j),(1.048324758+0.02452168j),(1.047982404+0.024533038j),(1.052961371+0.036301364j),(1.052430669+0.035463448j),(1.001162104+0.007021316j),(1.001162104+0.007021316j),(1.007975604+0.017137547j),(1.004568854+0.012079432j),(1.048182773+0.024526076j),(1.021432919+0.015328902j),(1.021451107+0.015333464j),(1.023378198+0.019641913j),(1.022224516+0.016298487j),(1.053583372+0.038694335j),(1.053092553+0.036510953j),(1.052415128+0.035459755j),(1.052429175+0.035463559j),(1.058940371+0.022229197j),(1.050647588+0.023872163j),(1.047957692+0.024533203j),(1.008838659+0.018211121j),(-0.039503007+0.023690081j),(-0.037955541+0.035962817j),(-0.039836761+0.031267193j),(-0.08972334-0.049966865j),"{'64': {'dP_mw': 0.0, 'dQ_mvar': 0.023648824962786773}, '57': {'dP_mw': 0.0015451833459898376, 'dQ_mvar': 0.035929447832399514}, '55': {'dP_mw': 0.0, 'dQ_mvar': 0.031239932466775974}, '61': {'dP_mw': -0.05, 'dQ_mvar': -0.05}}",1.0591736621219783,-0.04845481665401016,0.040818205261962254,PISR_baseline,2.0
41,1791551194.6739557,79,(1.007975604+0.017137547j),(1.047982404+0.024533038j),(1.047985757+0.024533811j),(1.04817942+0.024525302j),(1.048186126+0.02452685j),(1.048321405+0.024520906j),(1.048367456+0.024725884j),(1.052393948+0.035258803j),(1.047878407+0.024287631j),(1.021905147+0.015566801j),(1.02094758+0.014901233j),(0.996913869+0.00042767j),(0.996486809+0.000173216j),(1.001079777+0.0068481j),(1.001244432+0.007194533j),(1.004486527+0.011906215j),(1.004651181+0.012252648j),(1.007893277+0.016964331j),(1.007975604+0.017137547j),(1.047982404+0.024533038j),(1.047982404+0.024533038j),(1.048182773+0.024526076j),(1.048324758+0.02452168j),(1.052436646+0.035463007j),(1.021458796+0.015332752j),(0.996402652-3.849e-06j),(0.996404482+0j),(1.001162104+0.007021316j),(1.004568854+0.012079432j),(1.047979052+0.024532264j),(1.008057931+0.017310763j),(0.996404482+0j),(0.996402652-3.849e-06j),(0.996402652-3.849e-06j),(1.021452645+0.015333322j),(1.022071372+0.01610534j),(1.050183022+0.024002066j),(1.048324758+0.02452168j),(1.047982404+0.024533038j),(1.052961371+0.036301364j),(1.052430669+0.035463448j),(1.001162104+0.007021316j),(1.001162104+0.007021316j),(1.007975604+0.017137547j),(1.004568854+0.012079432j),(1.048182773+0.024526076j),(1.021432919+0.015328902j),(1.021451107+0.015333464j),(1.023378198+0.019641913j),(1.022224516+0.016298487j),(1.053583372+0.038694335j),(1.053092553+0.036510953j),(1.052415128+0.035459755j),(1.052429175+0.035463559j),(1.058940371+0.022229197j),(1.050647588+0.023872163j),(1.047957692+0.024533203j),(1.008838659+0.018211121j),(-0.039503007+0.023690081j),(-0.037955541+0.035962817j),(-0.039836761+0.031267193j),(-0.08972334-0.049966865j),"{'64': {'dP_mw': 0.0, 'dQ_mvar': 0.024628209477955455}, '57': {'dP_mw': 0.0, 'dQ_mvar': 0.034641805706793746}, '55': {'dP_mw': 0.0, 'dQ_mvar': 0.03395381390967173}, '61': {'dP_mw': -0.05, 'dQ_mvar': -0.05}}",1.0591736621219783,-0.05,0.04322382909442092,PISR_baseline,2.05
42,1791551194.7237911,79,(1.00733892+0.017555406j),(1.048094862+0.024785167j),(1.048098214+0.024785942j),(1.048291857+0.02477748j),(1.048298562+0.024779029j),(1.048433827+0.024773118j),(1.048487846+0.024977198j),(1.052931956+0.035393989j),(1.047982911+0.024540648j),(1.021591613+0.01593118j),(1.020624454+0.015257746j),(0.996463841+0.000436261j),(0.99603278+0.000176792j),(1.000554732+0.007016039j),(1.000714835+0.007369623j),(1.0039068+0.012197327j),(1.004066903+0.01255091j),(1.007258869+0.017378615j),(1.00733892+0.017555406j),(1.048094862+0.024785167j),(1.048094862+0.024785167j),(1.04829521+0.024778254j),(1.048437179+0.024773892j),(1.052982623+0.035597295j),(1.021137345+0.015697936j),(0.99595095-3.929e-06j),(0.995952729+0j),(1.000634783+0.007192831j),(1.003986852+0.012374119j),(1.04809151+0.024784393j),(1.007418972+0.017732198j),(0.995952729-0j),(0.99595095-3.929e-06j),(0.99595095-3.929e-06j),(1.021131191+0.015698504j),(1.021737441+0.016522699j),(1.050295362+0.024254779j),(1.048437179+0.024773892j),(1.048094862+0.024785167j),(1.053541316+0.036418824j),(1.052976649+0.035597735j),(1.000634783+0.007192831j),(1.000634783+0.007192831j),(1.00733892+0.017555406j),(1.003986852+0.012374119j),(1.04829521+0.024778254j),(1.021111461+0.015694075j),(1.021129653+0.015698646j),(1.022936832+0.020234032j),(1.021887466+0.01672889j),(1.054256948+0.038797161j),(1.05368099+0.036624206j),(1.052961116+0.035594042j),(1.052975155+0.035597845j),(1.059052165+0.022484194j),(1.050759907+0.024125001j),(1.048070152+0.024785326j),(1.008192013+0.018657744j),(-0.039503007+0.024669465j),(-0.039500725+0.034675175j),(-0.039836761+0.033981074j),(-0.08972334-0.049966865j),"{'64': {'dP_mw': 0.0, 'dQ_mvar': 0.024628209477955455}, '57': {'dP_mw': 0.0, 'dQ_mvar': 0.034641805706793746}, '55': {'dP_mw': 0.0, 'dQ_mvar': 0.03395381390967173}, '61': {'dP_mw': -0.05, 'dQ_mvar': -0.05}}",1.0592908133138024,-0.05,0.04322382909442092,PISR_baseline,2.1
43,1791551194.7739947,79,(1.00733892+0.017555406j),(1.048094862+0.024785167j),(1.048098214+0.024785942j),(1.048291857+0.02477748j),(1.048298562+0.024779029j),(1.048433827+0.024773118j),(1.048487846+0.024977198j),(1.052931956+0.035393989j),(1.047982911+0.024540648j),(1.021591613+0.01593118j),(1.020624454+0.015257746j),(0.996463841+0.000436261j),(0.99603278+0.000176792j),(1.000554732+0.007016039j),(1.000714835+0.007369623j),(1.0039068+0.012197327j),(1.004066903+0.01255091j),(1.007258869+0.017378615j),(1.00733892+0.017555406j),(1.048094862+0.024785167j),(1.048094862+0.024785167j),(1.04829521+0.024778254j),(1.048437179+0.024773892j),(1.052982623+0.035597295j),(1.021137345+0.015697936j),(0.99595095-3.929e-06j),(0.995952729+0j),(1.000634783+0.007192831j),(1.003986852+0.012374119j),(1.04809151+0.024784393j),(1.007418972+0.017732198j),(0.995952729-0j),(0.99595095-3.929e-06j),(0.99595095-3.929e-06j),(1.021131191+0.015698504j),(1.021737441+0.016522699j),(1.050295362+0.024254779j),(1.048437179+0.024773892j),(1.048094862+0.024785167j),(1.053541316+0.036418824j),(1.052976649+0.035597735j),(1.000634783+0.007192831j),(1.000634783+0.007192831j),(1.00733892+0.017555406j),(1.003986852+0.012374119j),(1.04829521+0.024778254j),(1.021111461+0.015694075j),(1.021129653+0.015698646j),(1.022936832+0.020234032j),(1.021887466+0.01672889j),(1.054256948+0.038797161j),(1.05368099+0.036624206j),(1.052961116+0.035594042j),(1.052975155+0.035597845j),(1.059052165+0.022484194j),(1.050759907+0.024125001j),(1.048070152+0.024785326j),(1.008192013+0.018657744j),(-0.039503007+0.024669465j),(-0.039500725+0.034675175j),(-0.039836761+0.033981074j),(-0.08972334-0.049966865j),"{'64': {'dP_mw': 0.0, 'dQ_mvar': 0.0248472502544492}, '57': {'dP_mw': 0.0, 'dQ_mvar': 0.034173381066018596}, '55': {'dP_mw': 0.0, 'dQ_mvar': 0.03432887208189373}, '61': {'dP_mw': -0.05, 'dQ_mvar': -0.05}}",1.0592908133138024,-0.05,0.04334950340236153,PISR_baseline,2.15
44,1791551194.8239882,79,(1.007272218+0.017647556j),(1.048125536+0.024669979j),(1.048128889+0.024670753j),(1.048322526+0.02466227j),(1.04832923+0.024663818j),(1.048464491+0.024657892j),(1.048519609+0.024860396j),(1.053008886+0.035183662j),(1.048012483+0.024427044j),(1.021576537+0.015914008j),(1.020608047+0.015242517j),(0.996439635+0.000435923j),(0.996007808+0.000177578j),(1.000513525+0.007053078j),(1.000672598+0.007408234j),(1.003853103+0.012261528j),(1.004012176+0.012616684j),(1.007192682+0.017469978j),(1.007272218+0.017647556j),(1.048125536+0.024669979j),(1.048125536+0.024669979j),(1.048325878+0.024663044j),(1.048467843+0.024658666j),(1.053060652+0.035385393j),(1.021121177+0.015682386j),(0.995926505-3.946e-06j),(0.995928272+0j),(1.000593061+0.007230656j),(1.00393264+0.012439106j),(1.048122184+0.024669205j),(1.007351754+0.017825134j),(0.995928272+0j),(0.995926505-3.946e-06j),(0.995926505-3.946e-06j),(1.021115023+0.015682953j),(1.021719582+0.016514301j),(1.05032592+0.024139361j),(1.048467843+0.024658666j),(1.048125536+0.024669979j),(1.053621691+0.036198144j),(1.053054678+0.035385834j),(1.000593061+0.007230656j),(1.000593061+0.007230656j),(1.007272218+0.017647556j),(1.00393264+0.012439106j),(1.048325878+0.024663044j),(1.021095293+0.015678525j),(1.021113485+0.015683095j),(1.022904315+0.02024961j),(1.021869183+0.016722279j),(1.054349502+0.038557313j),(1.05376195+0.036401332j),(1.053039146+0.035382144j),(1.053053185+0.035385944j),(1.059082299+0.022367856j),(1.050790439+0.024009535j),(1.048100827+0.024670141j),(1.008123017+0.018756245j),(-0.039503007+0.024888506j),(-0.039500725+0.034206751j),(-0.039836761+0.034356132j),(-0.08972334-0.049966865j),"{'64': {'dP_mw': 0.0, 'dQ_mvar': 0.0248472502544492}, '57': {'dP_mw': 0.0, 'dQ_mvar': 0.034173381066018596}, '55': {'dP_mw': 0.0, 'dQ_mvar': 0.03432887208189373}, '61': {'dP_mw': -0.05, 'dQ_mvar': -0.05}}",1.0593184776247235,-0.05,0.04334950340236153,PISR_baseline,2.2
45,1791551194.8741448,79,(1.007272218+0.017647556j),(1.048125536+0.024669979j),(1.048128889+0.024670753j),(1.048322526+0.02466227j),(1.04832923+0.024663818j),(1.048464491+0.024657892j),(1.048519609+0.024860396j),(1.053008886+0.035183662j),(1.048012483+0.024427044j),(1.021576537+0.015914008j),(1.020608047+0.015242517j),(0.996439635+0.000435923j),(0.996007808+0.000177578j),(1.000513525+0.007053078j),(1.000672598+0.007408234j),(1.003853103+0.012261528j),(1.004012176+0.012616684j),(1.007192682+0.017469978j),(1.007272218+0.017647556j),(1.048125536+0.024669979j),(1.048125536+0.024669979j),(1.048325878+0.024663044j),(1.048467843+0.024658666j),(1.053060652+0.035385393j),(1.021121177+0.015682386j),(0.995926505-3.946e-06j),(0.995928272+0j),(1.000593061+0.007230656j),(1.00393264+0.012439106j),(1.048122184+0.024669205j),(1.007351754+0.017825134j),(0.995928272+0j),(0.995926505-3.946e-06j),(0.995926505-3.946e-06j),(1.021115023+0.015682953j),(1.021719582+0.016514301j),(1.05032592+0.024139361j),(1.048467843+0.024658666j),(1.048125536+0.024669979j),(1.053621691+0.036198144j),(1.053054678+0.035385834j),(1.000593061+0.007230656j),(1.000593061+0.007230656j),(1.007272218+0.017647556j),(1.00393264+0.012439106j),(1.048325878+0.024663044j),(1.021095293+0.015678525j),(1.021113485+0.015683095j),(1.022904315+0.02024961j),(1.021869183+0.016722279j),(1.054349502+0.038557313j),(1.05376195+0.036401332j),(1.053039146+0.035382144j),(1.053053185+0.035385944j),(1.059082299+0.022367856j),(1.050790439+0.024009535j),(1.048100827+0.024670141j),(1.008123017+0.018756245j),(-0.039503007+0.024888506j),(-0.039500725+0.034206751j),(-0.039836761+0.034356132j),(-0.08972334-0.049966865j),"{'64': {'dP_mw': 0.0, 'dQ_mvar': 0.0248472502544492}, '57': {'dP_mw': 0.0, 'dQ_mvar': 0.034173381066018596}, '55': {'dP_mw': 0.0, 'dQ_mvar': 0.03432887208189373}, '61': {'dP_mw': -0.05, 'dQ_mvar': -0.05}}",1.0593184776247235,-0.05,0.04334950340236153,PISR_baseline,2.25
46,1791551194.9244184,79,(1.007272218+0.017647556j),(1.048125536+0.024669979j),(1.048128889+0.024670753j),(1.048322526+0.02466227j),(1.04832923+0.024663818j),(1.048464491+0.024657892j),(1.048519609+0.024860396j),(1.053008886+0.035183662j),(1.048012483+0.024427044j),(1.021576537+0.015914008j),(1.020608047+0.015242517j),(0.996439635+0.000435923j),(0.996007808+0.000177578j),(1.000513525+0.007053078j),(1.000672598+0.007408234j),(1.003853103+0.012261528j),(1.004012176+0.012616684j),(1.007192682+0.017469978j),(1.007272218+0.017647556j),(1.048125536+0.024669979j),(1.048125536+0.024669979j),(1.048325878+0.024663044j),(1.048467843+0.024658666j),(1.053060652+0.035385393j),(1.021121177+0.015682386j),(0.995926505-3.946e-06j),(0.995928272+0j),(1.000593061+0.007230656j),(1.00393264+0.012439106j),(1.048122184+0.024669205j),(1.007351754+0.017825134j),(0.995928272+0j),(0.995926505-3.946e-06j),(0.995926505-3.946e-06j),(1.021115023+0.015682953j),(1.021719582+0.016514301j),(1.05032592+0.024139361j),(1.048467843+0.024658666j),(1.048125536+0.024669979j),(1.053621691+0.036198144j),(1.053054678+0.035385834j),(1.000593061+0.007230656j),(1.000593061+0.007230656j),(1.007272218+0.017647556j),(1.00393264+0.012439106j),(1.048325878+0.024663044j),(1.021095293+0.015678525j),(1.021113485+0.015683095j),(1.022904315+0.02024961j),(1.021869183+0.016722279j),(1.054349502+0.038557313j),(1.05376195+0.036401332j),(1.053039146+0.035382144j),(1.053053185+0.035385944j),(1.059082299+0.022367856j),(1.050790439+0.024009535j),(1.048100827+0.024670141j),(1.008123017+0.018756245j),(-0.039503007+0.024888506j),(-0.039500725+0.034206751j),(-0.039836761+0.034356132j),(-0.08972334-0.049966865j),"{'64': {'dP_mw': 0.0, 'dQ_mvar': 0.0248472502544492}, '57': {'dP_mw': 0.0, 'dQ_mvar': 0.034173381066018596}, '55': {'dP_mw': 0.0, 'dQ_mvar': 0.03432887208189373}, '61': {'dP_mw': -0.05, 'dQ_mvar': -0.05}}",1.0593184776247235,-0.05,0.04334950340236153,PISR_baseline,2.3
47,1791551194.974295,79,(1.007272218+0.017647556j),(1.048125536+0.024669979j),(1.048128889+0.024670753j),(1.048322526+0.02466227j),(1.04832923+0.024663818j),(1.048464491+0.024657892j),(1.048519609+0.024860396j),(1.053008886+0.035183662j),(1.048012483+0.024427044j),(1.021576537+0.015914008j),(1.020608047+0.015242517j),(0.996439635+0.000435923j),(0.996007808+0.000177578j),(1.000513525+0.007053078j),(1.000672598+0.007408234j),(1.003853103+0.012261528j),(1.004012176+0.012616684j),(1.007192682+0.017469978j),(1.007272218+0.017647556j),(1.048125536+0.024669979j),(1.048125536+0.024669979j),(1.048325878+0.024663044j),(1.048467843+0.024658666j),(1.053060652+0.035385393j),(1.021121177+0.015682386j),(0.995926505-3.946e-06j),(0.995928272+0j),(1.000593061+0.007230656j),(1.00393264+0.012439106j),(1.048122184+0.024669205j),(1.007351754+0.017825134j),(0.995928272+0j),(0.995926505-3.946e-06j),(0.995926505-3.946e-06j),(1.021115023+0.015682953j),(1.021719582+0.016514301j),(1.05032592+0.024139361j),(1.048467843+0.024658666j),(1.048125536+0.024669979j),(1.053621691+0.036198144j),(1.053054678+0.035385834j),(1.000593061+0.007230656j),(1.000593061+0.007230656j),(1.007272218+0.017647556j),(1.00393264+0.012439106j),(1.048325878+0.024663044j),(1.021095293+0.015678525j),(1.021113485+0.015683095j),(1.022904315+0.02024961j),(1.021869183+0.016722279j),(1.054349502+0.038557313j),(1.05376195+0.036401332j),(1.053039146+0.035382144j),(1.053053185+0.035385944j),(1.059082299+0.022367856j),(1.050790439+0.024009535j),(1.048100827+0.024670141j),(1.008123017+0.018756245j),(-0.039503007+0.024888506j),(-0.039500725+0.034206751j),(-0.039836761+0.034356132j),(-0.08972334-0.049966865j),"{'64': {'dP_mw': 0.0, 'dQ_mvar': 0.0248472502544492}, '57': {'dP_mw': 0.0, 'dQ_mvar': 0.034173381066018596}, '55': {'dP_mw': 0.0, 'dQ_mvar': 0.03432887208189373}, '61': {'dP_mw': -0.05, 'dQ_mvar': -0.05}}",1.0593184776247235,-0.05,0.04334950340236153,PISR_baseline,2.35
48,1791551195.02443,79,(1.007272218+0.017647556j),(1.048125536+0.024669979j),(1.048128889+0.024670753j),(1.048322526+0.02466227j),(1.04832923+0.024663818j),(1.048464491+0.024657892j),(1.048519609+0.024860396j),(1.053008886+0.035183662j),(1.048012483+0.024427044j),(1.021576537+0.015914008j),(1.020608047+0.015242517j),(0.996439635+0.000435923j),(0.996007808+0.000177578j),(1.000513525+0.007053078j),(1.000672598+0.007408234j),(1.003853103+0.012261528j),(1.004012176+0.012616684j),(1.007192682+0.017469978j),(1.007272218+0.017647556j),(1.048125536+0.024669979j),(1.048125536+0.024669979j),(1.048325878+0.024663044j),(1.048467843+0.024658666j),(1.053060652+0.035385393j),(1.021121177+0.015682386j),(0.995926505-3.946e-06j),(0.995928272+0j),(1.000593061+0.007230656j),(1.00393264+0.012439106j),(1.048122184+0.024669205j),(1.007351754+0.017825134j),(0.995928272+0j),(0.995926505-3.946e-06j),(0.995926505-3.946e-06j),(1.021115023+0.015682953j),(1.021719582+0.016514301j),(1.05032592+0.024139361j),(1.048467843+0.024658666j),(1.048125536+0.024669979j),(1.053621691+0.036198144j),(1.053054678+0.035385834j),(1.000593061+0.007230656j),(1.000593061+0.007230656j),(1.007272218+0.017647556j),(1.00393264+0.012439106j),(1.048325878+0.024663044j),(1.021095293+0.015678525j),(1.021113485+0.015683095j),(1.022904315+0.02024961j),(1.021869183+0.016722279j),(1.054349502+0.038557313j),(1.05376195+0.036401332j),(1.053039146+0.035382144j),(1.053053185+0.035385944j),(1.059082299+0.022367856j),(1.050790439+0.024009535j),(1.048100827+0.024670141j),(1.008123017+0.018756245j),(-0.039503007+0.024888506j),(-0.039500725+0.034206751j),(-0.039836761+0.034356132j),(-0.08972334-0.049966865j),"{'64': {'dP_mw': 0.0, 'dQ_mvar': 0.0248472502544492}, '57': {'dP_mw': 0.0, 'dQ_mvar': 0.034173381066018596}, '55': {'dP_mw': 0.0, 'dQ_mvar': 0.03432887208189373}, '61': {'dP_mw': -0.05, 'dQ_mvar': -0.05}}",1.0593184776247235,-0.05,0.04334950340236153,PISR_baseline,2.4
49,1791551195.0746388,79,(1.007272218+0.017647556j),(1.048125536+0.024669979j),(1.048128889+0.024670753j),(1.048322526+0.02466227j),(1.04832923+0.024663818j),(1.048464491+0.024657892j),(1.048519609+0.024860396j),(1.053008886+0.035183662j),(1.048012483+0.024427044j),(1.021576537+0.015914008j),(1.020608047+0.015242517j),(0.996439635+0.000435923j),(0.996007808+0.000177578j),(1.000513525+0.007053078j),(1.000672598+0.007408234j),(1.003853103+0.012261528j),(1.004012176+0.012616684j),(1.007192682+0.017469978j),(1.007272218+0.017647556j),(1.048125536+0.024669979j),(1.048125536+0.024669979j),(1.048325878+0.024663044j),(1.048467843+0.024658666j),(1.053060652+0.035385393j),(1.021121177+0.015682386j),(0.995926505-3.946e-06j),(0.995928272+0j),(1.000593061+0.007230656j),(1.00393264+0.012439106j),(1.048122184+0.024669205j),(1.007351754+0.017825134j),(0.995928272+0j),(0.995926505-3.946e-06j),(0.995926505-3.946e-06j),(1.021115023+0.015682953j),(1.021719582+0.016514301j),(1.05032592+0.024139361j),(1.048467843+0.024658666j),(1.048125536+0.024669979j),(1.053621691+0.036198144j),(1.053054678+0.035385834j),(1.000593061+0.007230656j),(1.000593061+0.007230656j),(1.007272218+0.017647556j),(1.00393264+0.012439106j),(1.048325878+0.024663044j),(1.021095293+0.015678525j),(1.021113485+0.015683095j),(1.022904315+0.02024961j),(1.021869183+0.016722279j),(1.054349502+0.038557313j),(1.05376195+0.036401332j),(1.053039146+0.035382144j),(1.053053185+0.035385944j),(1.059082299+0.022367856j),(1.050790439+0.024009535j),(1.048100827+0.024670141j),(1.008123017+0.018756245j),(-0.039503007+0.024888506j),(-0.039500725+0.034206751j),(-0.039836761+0.034356132j),(-0.08972334-0.049966865j),"{'64': {'dP_mw': 0.0, 'dQ_mvar': 0.0248472502544492}, '57': {'dP_mw': 0.0, 'dQ_mvar': 0.034173381066018596}, '55': {'dP_mw': 0.0, 'dQ_mvar': 0.03432887208189373}, '61': {'dP_mw': -0.05, 'dQ_mvar': -0.05}}",1.0593184776247235,-0.05,0.04334950340236153,PISR_baseline,2.45
50,1791551195.1247518,79,(1.007272218+0.017647556j),(1.048125536+0.024669979j),(1.048128889+0.024670753j),(1.048322526+0.02466227j),(1.04832923+0.024663818j),(1.048464491+0.024657892j),(1.048519609+0.024860396j),(1.053008886+0.035183662j),(1.048012483+0.024427044j),(1.021576537+0.015914008j),(1.020608047+0.015242517j),(0.996439635+0.000435923j),(0.996007808+0.000177578j),(1.000513525+0.007053078j),(1.000672598+0.007408234j),(1.003853103+0.012261528j),(1.004012176+0.012616684j),(1.007192682+0.017469978j),(1.007272218+0.017647556j),(1.048125536+0.024669979j),(1.048125536+0.024669979j),(1.048325878+0.024663044j),(1.048467843+0.024658666j),(1.053060652+0.035385393j),(1.021121177+0.015682386j),(0.995926505-3.946e-06j),(0.995928272+0j),(1.000593061+0.007230656j),(1.00393264+0.012439106j),(1.048122184+0.024669205j),(1.007351754+0.017825134j),(0.995928272+0j),(0.995926505-3.946e-06j),(0.995926505-3.946e-06j),(1.021115023+0.015682953j),(1.021719582+0.016514301j),(1.05032592+0.024139361j),(1.048467843+0.024658666j),(1.048125536+0.024669979j),(1.053621691+0.036198144j),(1.053054678+0.035385834j),(1.000593061+0.007230656j),(1.000593061+0.007230656j),(1.007272218+0.017647556j),(1.00393264+0.012439106j),(1.048325878+0.024663044j),(1.021095293+0.015678525j),(1.021113485+0.015683095j),(1.022904315+0.02024961j),(1.021869183+0.016722279j),(1.054349502+0.038557313j),(1.05376195+0.036401332j),(1.053039146+0.035382144j),(1.053053185+0.035385944j),(1.059082299+0.022367856j),(1.050790439+0.024009535j),(1.048100827+0.024670141j),(1.008123017+0.018756245j),(-0.039503007+0.024888506j),(-0.039500725+0.034206751j),(-0.039836761+0.034356132j),(-0.08972334-0.049966865j),"{'64': {'dP_mw': 0.0, 'dQ_mvar': 0.0248472502544492}, '57': {'dP_mw': 0.0, 'dQ_mvar': 0.034173381066018596}, '55': {'dP_mw': 0.0, 'dQ_mvar': 0.03432887208189373}, '61': {'dP_mw': -0.05, 'dQ_mvar': -0.05}}",1.0593184776247235,-0.05,0.04334950340236153,PISR_baseline,2.5
51,1791551195.1750293,79,(1.007272218+0.017647556j),(1.048125536+0.024669979j),(1.048128889+0.024670753j),(1.048322526+0.02466227j),(1.04832923+0.024663818j),(1.048464491+0.024657892j),(1.048519609+0.024860396j),(1.053008886+0.035183662j),(1.048012483+0.024427044j),(1.021576537+0.015914008j),(1.020608047+0.015242517j),(0.996439635+0.000435923j),(0.996007808+0.000177578j),(1.000513525+0.007053078j),(1.000672598+0.007408234j),(1.003853103+0.012261528j),(1.004012176+0.012616684j),(1.007192682+0.017469978j),(1.007272218+0.017647556j),(1.048125536+0.024669979j),(1.048125536+0.024669979j),(1.048325878+0.024663044j),(1.048467843+0.024658666j),(1.053060652+0.035385393j),(1.021121177+0.015682386j),(0.995926505-3.946e-06j),(0.995928272+0j),(1.000593061+0.007230656j),(1.00393264+0.012439106j),(1.048122184+0.024669205j),(1.007351754+0.017825134j),(0.995928272+0j),(0.995926505-3.946e-06j),(0.995926505-3.946e-06j),(1.021115023+0.015682953j),(1.021719582+0.016514301j),(1.05032592+0.024139361j),(1.048467843+0.024658666j),(1.048125536+0.024669979j),(1.053621691+0.036198144j),(1.053054678+0.035385834j),(1.000593061+0.007230656j),(1.000593061+0.007230656j),(1.007272218+0.017647556j),(1.00393264+0.012439106j),(1.048325878+0.024663044j),(1.021095293+0.015678525j),(1.021113485+0.015683095j),(1.022904315+0.02024961j),(1.021869183+0.016722279j),(1.054349502+0.038557313j),(1.05376195+0.036401332j),(1.053039146+0.035382144j),(1.053053185+0.035385944j),(1.059082299+0.022367856j),(1.050790439+0.024009535j),(1.048100827+0.024670141j),(1.008123017+0.018756245j),(-0.039503007+0.024888506j),(-0.039500725+0.034206751j),(-0.039836761+0.034356132j),(-0.08972334-0.049966865j),"{'64': {'dP_mw': 0.0, 'dQ_mvar': 0.0248472502544492}, '57': {'dP_mw': 0.0, 'dQ_mvar': 0.034173381066018596}, '55': {'dP_mw': 0.0, 'dQ_mvar': 0.03432887208189373}, '61': {'dP_mw': -0.05, 'dQ_mvar': -0.05}}",1.0593184776247235,-0.05,0.04334950340236153,PISR_baseline,2.55
52,1791551195.2253163,79,(1.007272218+0.017647556j),(1.048125536+0.024669979j),(1.048128889+0.024670753j),(1.048322526+0.02466227j),(1.04832923+0.024663818j),(1.048464491+0.024657892j),(1.048519609+0.024860396j),(1.053008886+0.035183662j),(1.048012483+0.024427044j),(1.021576537+0.015914008j),(1.020608047+0.015242517j),(0.996439635+0.000435923j),(0.996007808+0.000177578j),(1.000513525+0.007053078j),(1.000672598+0.007408234j),(1.003853103+0.012261528j),(1.004012176+0.012616684j),(1.007192682+0.017469978j),(1.007272218+0.017647556j),(1.048125536+0.024669979j),(1.048125536+0.024669979j),(1.048325878+0.024663044j),(1.048467843+0.024658666j),(1.053060652+0.035385393j),(1.021121177+0.015682386j),(0.995926505-3.946e-06j),(0.995928272+0j),(1.000593061+0.007230656j),(1.00393264+0.012439106j),(1.048122184+0.024669205j),(1.007351754+0.017825134j),(0.995928272+0j),(0.995926505-3.946e-06j),(0.995926505-3.946e-06j),(1.021115023+0.015682953j),(1.021719582+0.016514301j),(1.05032592+0.024139361j),(1.048467843+0.024658666j),(1.048125536+0.024669979j),(1.053621691+0.036198144j),(1.053054678+0.035385834j),(1.000593061+0.007230656j),(1.000593061+0.007230656j),(1.007272218+0.017647556j),(1.00393264+0.012439106j),(1.048325878+0.024663044j),(1.021095293+0.015678525j),(1.021113485+0.015683095j),(1.022904315+0.02024961j),(1.021869183+0.016722279j),(1.054349502+0.038557313j),(1.05376195+0.036401332j),(1.053039146+0.035382144j),(1.053053185+0.035385944j),(1.059082299+0.022367856j),(1.050790439+0.024009535j),(1.048100827+0.024670141j),(1.008123017+0.018756245j),(-0.039503007+0.024888506j),(-0.039500725+0.034206751j),(-0.039836761+0.034356132j),(-0.08972334-0.049966865j),"{'64': {'dP_mw': 0.0, 'dQ_mvar': 0.0248472502544492}, '57': {'dP_mw': 0.0, 'dQ_mvar': 0.034173381066018596}, '55': {'dP_mw': 0.0, 'dQ_mvar': 0.03432887208189373}, '61': {'dP_mw': -0.05, 'dQ_mvar': -0.05}}",1.0593184776247235,-0.05,0.04334950340236153,PISR_baseline,2.6
53,1791551195.2750287,79,(1.007272218+0.017647556j),(1.048125536+0.024669979j),(1.048128889+0.024670753j),(1.048322526+0.02466227j),(1.04832923+0.024663818j),(1.048464491+0.024657892j),(1.048519609+0.024860396j),(1.053008886+0.035183662j),(1.048012483+0.024427044j),(1.021576537+0.015914008j),(1.020608047+0.015242517j),(0.996439635+0.000435923j),(0.996007808+0.000177578j),(1.000513525+0.007053078j),(1.000672598+0.007408234j),(1.003853103+0.012261528j),(1.004012176+0.012616684j),(1.007192682+0.017469978j),(1.007272218+0.017647556j),(1.048125536+0.024669979j),(1.048125536+0.024669979j),(1.048325878+0.024663044j),(1.048467843+0.024658666j),(1.053060652+0.035385393j),(1.021121177+0.015682386j),(0.995926505-3.946e-06j),(0.995928272+0j),(1.000593061+0.007230656j),(1.00393264+0.012439106j),(1.048122184+0.024669205j),(1.007351754+0.017825134j),(0.995928272+0j),(0.995926505-3.946e-06j),(0.995926505-3.946e-06j),(1.021115023+0.015682953j),(1.021719582+0.016514301j),(1.05032592+0.024139361j),(1.048467843+0.024658666j),(1.048125536+0.024669979j),(1.053621691+0.036198144j),(1.053054678+0.035385834j),(1.000593061+0.007230656j),(1.000593061+0.007230656j),(1.007272218+0.017647556j),(1.00393264+0.012439106j),(1.048325878+0.024663044j),(1.021095293+0.015678525j),(1.021113485+0.015683095j),(1.022904315+0.02024961j),(1.021869183+0.016722279j),(1.054349502+0.038557313j),(1.05376195+0.036401332j),(1.053039146+0.035382144j),(1.053053185+0.035385944j),(1.059082299+0.022367856j),(1.050790439+0.024009535j),(1.048100827+0.024670141j),(1.008123017+0.018756245j),(-0.039503007+0.024888506j),(-0.039500725+0.034206751j),(-0.039836761+0.034356132j),(-0.08972334-0.049966865j),"{'64': {'dP_mw': 0.0, 'dQ_mvar': 0.024259908947417686}, '57': {'dP_mw': 0.0, 'dQ_mvar': 0.034184303880622866}, '55': {'dP_mw': 0.0, 'dQ_mvar': 0.034920222337112804}, '61': {'dP_mw': -0.05, 'dQ_mvar': -0.05}}",1.0593184776247235,-0.05,0.043364435165153356,PISR_baseline,2.65
54,1791551195.3253455,79,(1.007383747+0.017401661j),(1.048075865+0.02477837j),(1.048079217+0.024779144j),(1.048272864+0.024770681j),(1.048279568+0.024772229j),(1.048414836+0.024766318j),(1.04846991+0.024968873j),(1.052957267+0.035295235j),(1.047962858+0.024535375j),(1.021527684+0.016017023j),(1.020560621+0.015343282j),(0.99643579+0.000438125j),(0.996006778+0.000175481j),(1.000556292+0.006954241j),(1.000718137+0.007305203j),(1.003929558+0.01209021j),(1.004091403+0.012441173j),(1.007302825+0.01722618j),(1.007383747+0.017401661j),(1.048075865+0.02477837j),(1.048075865+0.02477837j),(1.048276216+0.024771455j),(1.048418189+0.024767092j),(1.053008988+0.035497016j),(1.021072353+0.015785307j),(0.995924057-3.9e-06j),(0.995925856+0j),(1.000637214+0.007129722j),(1.004010481+0.012265692j),(1.048072513+0.024777595j),(1.007464669+0.017577142j),(0.995925856+0j),(0.995924057-3.9e-06j),(0.995924057-3.9e-06j),(1.021066199+0.015785874j),(1.021667997+0.016628591j),(1.050276401+0.024247958j),(1.048418189+0.024767092j),(1.048075865+0.02477837j),(1.053569913+0.036310065j),(1.053003015+0.035497456j),(1.000637214+0.007129722j),(1.000637214+0.007129722j),(1.007383747+0.017401661j),(1.004010481+0.012265692j),(1.048276216+0.024771455j),(1.021046468+0.015781444j),(1.021064661+0.015786016j),(1.022829166+0.020401931j),(1.021816907+0.016839412j),(1.05429723+0.038669859j),(1.053710145+0.036513328j),(1.052987482+0.035493765j),(1.053001521+0.035497567j),(1.05903335+0.022477288j),(1.050740954+0.024118175j),(1.048051155+0.024778529j),(1.008240748+0.018493395j),(-0.039503007+0.024301165j),(-0.039500725+0.034217673j),(-0.039836761+0.034947482j),(-0.08972334-0.049966865j),"{'64': {'dP_mw': 0.0, 'dQ_mvar': 0.023961188414078665}, '57': {'dP_mw': 0.0, 'dQ_mvar': 0.03411443981642038}, '55': {'dP_mw': 0.0, 'dQ_mvar': 0.03532200398059961}, '61': {'dP_mw': -0.05, 'dQ_mvar': -0.05}}",1.0592718559879033,-0.05,0.043397632211098644,PISR_baseline,2.7
55,1791551195.3750775,79,(1.007435486+0.017276685j),(1.048051402+0.02482213j),(1.048054754+0.024822905j),(1.048248406+0.02481445j),(1.04825511+0.024815999j),(1.048390382+0.024810093j),(1.048445609+0.025012421j),(1.052939203+0.035325369j),(1.047938243+0.02457936j),(1.021496236+0.016073615j),(1.020529779+0.015398892j),(0.996428799+0.00043934j),(0.996001275+0.000174416j),(1.000573062+0.006904007j),(1.000736316+0.007252838j),(1.00396346+0.012003138j),(1.004126715+0.012351969j),(1.007353859+0.017102269j),(1.007435486+0.017276685j),(1.048051402+0.02482213j),(1.048051402+0.02482213j),(1.048251758+0.024815224j),(1.048393734+0.024810867j),(1.052991078+0.035526923j),(1.021040745+0.015842107j),(0.995917834-3.876e-06j),(0.995919648+0j),(1.000654689+0.007078423j),(1.004045087+0.012177554j),(1.04804805+0.024821356j),(1.007517113+0.017451101j),(0.995919648+0j),(0.995917834-3.876e-06j),(0.995917834-3.876e-06j),(1.02103459+0.015842674j),(1.02163452+0.016693108j),(1.050252009+0.0242918j),(1.048393734+0.024810867j),(1.048051402+0.02482213j),(1.053552319+0.036338719j),(1.052985104+0.035527364j),(1.000654689+0.007078423j),(1.000654689+0.007078423j),(1.007435486+0.017276685j),(1.004045087+0.012177554j),(1.048251758+0.024815224j),(1.021014859+0.015838243j),(1.021033052+0.015842816j),(1.022779718+0.020492266j),(1.021782964+0.016905858j),(1.05428133+0.038695758j),(1.053692629+0.036541667j),(1.052969571+0.035523672j),(1.052983611+0.035527474j),(1.059009224+0.02252146j),(1.050716578+0.024162034j),(1.048026691+0.024822289j),(1.008295641+0.018359802j),(-0.039503007+0.024002444j),(-0.039500725+0.034147809j),(-0.039836761+0.035349264j),(-0.08972334-0.049966865j),"{'64': {'dP_mw': 0.0, 'dQ_mvar': 0.023961188414078665}, '57': {'dP_mw': 0.0, 'dQ_mvar': 0.03411443981642038}, '55': {'dP_mw': 0.0, 'dQ_mvar': 0.03532200398059961}, '61': {'dP_mw': -0.05, 'dQ_mvar': -0.05}}",1.059248673672813,-0.05,0.043397632211098644,PISR_baseline,2.75
56,1791551195.4261298,79,(1.007435486+0.017276685j),(1.048051402+0.02482213j),(1.048054754+0.024822905j),(1.048248406+0.02481445j),(1.04825511+0.024815999j),(1.048390382+0.024810093j),(1.048445609+0.025012421j),(1.052939203+0.035325369j),(1.047938243+0.02457936j),(1.021496236+0.016073615j),(1.020529779+0.015398892j),(0.996428799+0.00043934j),(0.996001275+0.000174416j),(1.000573062+0.006904007j),(1.000736316+0.007252838j),(1.00396346+0.012003138j),(1.004126715+0.012351969j),(1.007353859+0.017102269j),(1.007435486+0.017276685j),(1.048051402+0.02482213j),(1.048051402+0.02482213j),(1.048251758+0.024815224j),(1.048393734+0.024810867j),(1.052991078+0.035526923j),(1.021040745+0.015842107j),(0.995917834-3.876e-06j),(0.995919648+0j),(1.000654689+0.007078423j),(1.004045087+0.012177554j),(1.04804805+0.024821356j),(1.007517113+0.017451101j),(0.995919648+0j),(0.995917834-3.876e-06j),(0.995917834-3.876e-06j),(1.02103459+0.015842674j),(1.02163452+0.016693108j),(1.050252009+0.0242918j),(1.048393734+0.024810867j),(1.048051402+0.02482213j),(1.053552319+0.036338719j),(1.052985104+0.035527364j),(1.000654689+0.007078423j),(1.000654689+0.007078423j),(1.007435486+0.017276685j),(1.004045087+0.012177554j),(1.048251758+0.024815224j),(1.021014859+0.015838243j),(1.021033052+0.015842816j),(1.022779718+0.020492266j),(1.021782964+0.016905858j),(1.05428133+0.038695758j),(1.053692629+0.036541667j),(1.052969571+0.035523672j),(1.052983611+0.035527474j),(1.059009224+0.02252146j),(1.050716578+0.024162034j),(1.048026691+0.024822289j),(1.008295641+0.018359802j),(-0.039503007+0.024002444j),(-0.039500725+0.034147809j),(-0.039836761+0.035349264j),(-0.08972334-0.049966865j),"{'64': {'dP_mw': 0.0, 'dQ_mvar': 0.02514742054482056}, '57': {'dP_mw': 0.0015458633192979103, 'dQ_mvar': 0.0341255798266861}, '55': {'dP_mw': 0.0, 'dQ_mvar': 0.032020115215520346}, '61': {'dP_mw': -0.05, 'dQ_mvar': -0.05}}",1.059248673672813,-0.048454136680702094,0.041293115587027,PISR_baseline,2.8
57,1791551195.4751995,79,(1.007593359+0.017766408j),(1.048152721+0.023972538j),(1.048156073+0.023973309j),(1.048349703+0.023964698j),(1.048356408+0.023966241j),(1.048491664+0.023960226j),(1.048541965+0.024159117j),(1.052743262+0.034330926j),(1.048044458+0.023733254j),(1.021899621+0.015387117j),(1.020935381+0.014731469j),(0.99682361+0.000423936j),(0.99639048+0.000178582j),(1.00087221+0.007100865j),(1.00102981+0.007458028j),(1.004193384+0.012344346j),(1.004350985+0.012701509j),(1.007514559+0.017587826j),(1.007593359+0.017766408j),(1.048152721+0.023972538j),(1.048152721+0.023972538j),(1.048353055+0.023965469j),(1.048495016+0.023960997j),(1.052790211+0.034529046j),(1.021449062+0.015159374j),(0.996309929-3.968e-06j),(0.99631168+0j),(1.00095101+0.007279446j),(1.004272184+0.012522927j),(1.048149368+0.023971766j),(1.007672159+0.017944989j),(0.99631168+0j),(0.996309929-3.968e-06j),(0.996309929-3.968e-06j),(1.021442911+0.015159945j),(1.022058227+0.015946731j),(1.050352728+0.023440461j),(1.048495016+0.023960997j),(1.048152721+0.023972538j),(1.053324026+0.035333507j),(1.052784236+0.034529492j),(1.00095101+0.007279446j),(1.00095101+0.007279446j),(1.007593359+0.017766408j),(1.004272184+0.012522927j),(1.048353055+0.023965469j),(1.021423184+0.015155528j),(1.021441373+0.015160087j),(1.023335084+0.019532916j),(1.022210518+0.01614357j),(1.053993143+0.037652472j),(1.05345748+0.035534622j),(1.052768696+0.034525814j),(1.052782743+0.034529604j),(1.059107836+0.021663146j),(1.050817156+0.023310327j),(1.048128012+0.023972716j),(1.008440682+0.018883331j),(-0.039503007+0.025188676j),(-0.037954862+0.034158949j),(-0.039836761+0.032047375j),(-0.08972334-0.049966865j),"{'64': {'dP_mw': 0.0, 'dQ_mvar': 0.02514742054482056}, '57': {'dP_mw': 0.0015458633192979103, 'dQ_mvar': 0.0341255798266861}, '55': {'dP_mw': 0.0, 'dQ_mvar': 0.032020115215520346}, '61': {'dP_mw': -0.05, 'dQ_mvar': -0.05}}",1.0593293634046117,-0.048454136680702094,0.041293115587027,PISR_baseline,2.85
58,1791551195.5255556,80,(1.007593359+0.017766408j),(1.048152721+0.023972538j),(1.048156073+0.023973309j),(1.048349703+0.023964698j),(1.048356408+0.023966241j),(1.048491664+0.023960226j),(1.048541965+0.024159117j),(1.052743262+0.034330926j),(1.048044458+0.023733254j),(1.021899621+0.015387117j),(1.020935381+0.014731469j),(0.99682361+0.000423936j),(0.99639048+0.000178582j),(1.00087221+0.007100865j),(1.00102981+0.007458028j),(1.004193384+0.012344346j),(1.004350985+0.012701509j),(1.007514559+0.017587826j),(1.007593359+0.017766408j),(1.048152721+0.023972538j),(1.048152721+0.023972538j),(1.048353055+0.023965469j),(1.048495016+0.023960997j),(1.052790211+0.034529046j),(1.021449062+0.015159374j),(0.996309929-3.968e-06j),(0.99631168+0j),(1.00095101+0.007279446j),(1.004272184+0.012522927j),(1.048149368+0.023971766j),(1.007672159+0.017944989j),(0.99631168+0j),(0.996309929-3.968e-06j),(0.996309929-3.968e-06j),(1.021442911+0.015159945j),(1.022058227+0.015946731j),(1.050352728+0.023440461j),(1.048495016+0.023960997j),(1.048152721+0.023972538j),(1.053324026+0.035333507j),(1.052784236+0.034529492j),(1.00095101+0.007279446j),(1.00095101+0.007279446j),(1.007593359+0.017766408j),(1.004272184+0.012522927j),(1.048353055+0.023965469j),(1.021423184+0.015155528j),(1.021441373+0.015160087j),(1.023335084+0.019532916j),(1.022210518+0.01614357j),(1.053993143+0.037652472j),(1.05345748+0.035534622j),(1.052768696+0.034525814j),(1.052782743+0.034529604j),(1.059107836+0.021663146j),(1.050817156+0.023310327j),(1.048128012+0.023972716j),(1.008440682+0.018883331j),(-0.039503007+0.025188676j),(-0.037954862+0.034158949j),(-0.039836761+0.032047375j),(-0.08972334-0.049966865j),"{'64': {'dP_mw': 0.0, 'dQ_mvar': 0.024271451689760346}, '57': {'dP_mw': 0.00023317848935119337, 'dQ_mvar': 0.034233672881359305}, '55': {'dP_mw': 0.0, 'dQ_mvar': 0.03467356602788496}, '61': {'dP_mw': -0.05, 'dQ_mvar': -0.05}}",1.0593293634046117,-0.04976682151064881,0.0431786905990046,PISR_baseline,2.9
59,1791551195.57516,80,(1.007414774+0.017405907j),(1.048039172+0.024713537j),(1.048042525+0.024714311j),(1.048236178+0.024705836j),(1.048242883+0.024707384j),(1.048378155+0.024701464j),(1.048432367+0.024903673j),(1.052870737+0.035218929j),(1.047927023+0.024470892j),(1.021540449+0.015965117j),(1.020574505+0.015292974j),(0.996469138+0.000436896j),(0.996040369+0.000175517j),(1.000588881+0.006955949j),(1.000750667+0.007306982j),(1.003961382+0.01209317j),(1.004123167+0.012444203j),(1.007333882+0.01723039j),(1.007414774+0.017405907j),(1.048039172+0.024713537j),(1.048039172+0.024713537j),(1.04823953+0.02470661j),(1.048381508+0.024702238j),(1.052921596+0.035420364j),(1.021085964+0.01573377j),(0.995957679-3.9e-06j),(0.995959476+0j),(1.000669774+0.007131466j),(1.004042274+0.012268686j),(1.04803582+0.024712763j),(1.007495667+0.017581423j),(0.995959476+0j),(0.995957679-3.9e-06j),(0.995957679-3.9e-06j),(1.02107981+0.015734338j),(1.021682771+0.016572313j),(1.050239755+0.024182972j),(1.048381508+0.024702238j),(1.048039172+0.024713537j),(1.053478131+0.036233263j),(1.052915622+0.035420805j),(1.000669774+0.007131466j),(1.000669774+0.007131466j),(1.007414774+0.017405907j),(1.004042274+0.012268686j),(1.04823953+0.02470661j),(1.021060079+0.015729908j),(1.021078272+0.015734479j),(1.022853809+0.020329806j),(1.021831973+0.016781948j),(1.054195092+0.038589403j),(1.053617265+0.036436488j),(1.052900087+0.035417114j),(1.052914128+0.035420916j),(1.058996908+0.022411703j),(1.050704316+0.024053156j),(1.048014461+0.024713698j),(1.008271627+0.018497937j),(-0.039503007+0.024312707j),(-0.039267546+0.034267042j),(-0.039836761+0.034700826j),(-0.08972334-0.049966865j),"{'64': {'dP_mw': 0.0, 'dQ_mvar': 0.024271451689760346}, '57': {'dP_mw': 0.00023317848935119337, 'dQ_mvar': 0.034233672881359305}, '55': {'dP_mw': 0.0, 'dQ_mvar': 0.03467356602788496}, '61': {'dP_mw': -0.05, 'dQ_mvar': -0.05}}",1.05923403248995,-0.04976682151064881,0.0431786905990046,PISR_baseline,2.95
60,1791551195.6268198,80,(1.007414774+0.017405907j),(1.048039172+0.024713537j),(1.048042525+0.024714311j),(1.048236178+0.024705836j),(1.048242883+0.024707384j),(1.048378155+0.024701464j),(1.048432367+0.024903673j),(1.052870737+0.035218929j),(1.047927023+0.024470892j),(1.021540449+0.015965117j),(1.020574505+0.015292974j),(0.996469138+0.000436896j),(0.996040369+0.000175517j),(1.000588881+0.006955949j),(1.000750667+0.007306982j),(1.003961382+0.01209317j),(1.004123167+0.012444203j),(1.007333882+0.01723039j),(1.007414774+0.017405907j),(1.048039172+0.024713537j),(1.048039172+0.024713537j),(1.04823953+0.02470661j),(1.048381508+0.024702238j),(1.052921596+0.035420364j),(1.021085964+0.01573377j),(0.995957679-3.9e-06j),(0.995959476+0j),(1.000669774+0.007131466j),(1.004042274+0.012268686j),(1.04803582+0.024712763j),(1.007495667+0.017581423j),(0.995959476+0j),(0.995957679-3.9e-06j),(0.995957679-3.9e-06j),(1.02107981+0.015734338j),(1.021682771+0.016572313j),(1.050239755+0.024182972j),(1.048381508+0.024702238j),(1.048039172+0.024713537j),(1.053478131+0.036233263j),(1.052915622+0.035420805j),(1.000669774+0.007131466j),(1.000669774+0.007131466j),(1.007414774+0.017405907j),(1.004042274+0.012268686j),(1.04823953+0.02470661j),(1.021060079+0.015729908j),(1.021078272+0.015734479j),(1.022853809+0.020329806j),(1.021831973+0.016781948j),(1.054195092+0.038589403j),(1.053617265+0.036436488j),(1.052900087+0.035417114j),(1.052914128+0.035420916j),(1.058996908+0.022411703j),(1.050704316+0.024053156j),(1.048014461+0.024713698j),(1.008271627+0.018497937j),(-0.039503007+0.024312707j),(-0.039267546+0.034267042j),(-0.039836761+0.034700826j),(-0.08972334-0.049966865j),"{'64': {'dP_mw': 0.0, 'dQ_mvar': 0.02433768835697494}, '57': {'dP_mw': 0.0, 'dQ_mvar': 0.034255149928859065}, '55': {'dP_mw': 0.00029832556025266056, 'dQ_mvar': 0.034651511782881506}, '61': {'dP_mw': 0.0, 'dQ_mvar': 0.0}}",1.05923403248995,0.00029832556025266056,0.09324435006871551,PISR_baseline,3.0
61,1791551195.6753693,80,(0.996903954+0.017621333j),(1.011495564+0.036049248j),(1.011499027+0.036050092j),(1.011699696+0.036043731j),(1.011706621+0.036045418j),(1.011846795+0.036040975j),(1.011900928+0.036251647j),(1.016401094+0.047016489j),(1.011668104+0.035739806j),(0.999291065+0.02109675j),(0.998870731+0.020279154j),(0.985584581+0.000511636j),(0.985429727+0.000177631j),(0.990018339+0.007042126j),(0.990181369+0.007397389j),(0.993420389+0.012242914j),(0.993583419+0.012598177j),(0.99682244+0.017443702j),(0.996903954+0.017621333j),(1.011495564+0.036049248j),(1.011495564+0.036049248j),(1.011703159+0.036044574j),(1.011850257+0.036041818j),(1.016451765+0.047226318j),(0.999108911+0.020794738j),(0.9853464-3.947e-06j),(0.985348212+0j),(0.990099854+0.007219757j),(0.993501904+0.012420545j),(1.011492102+0.036048405j),(0.996985469+0.017798965j),(0.985348212-0j),(0.9853464-3.947e-06j),(0.9853464-3.947e-06j),(0.99910262+0.020795284j),(0.999708285+0.021653148j),(1.012599887+0.03623788j),(1.011850257+0.036041818j),(1.011495564+0.036049248j),(1.017021203+0.04807689j),(1.016445574+0.047226695j),(0.990099854+0.007219757j),(0.990099854+0.007219757j),(0.996903954+0.017621333j),(0.993501904+0.012420545j),(1.011703159+0.036044574j),(0.999082481+0.020790649j),(0.999101047+0.02079542j),(1.000865012+0.025485895j),(0.999858129+0.02186775j),(1.017740655+0.050532548j),(1.017163562+0.048289533j),(1.016429541+0.047222669j),(1.016444027+0.04722679j),(1.015995777+0.037396242j),(1.012787294+0.036286896j),(1.011469969+0.036049106j),(0.997768668+0.018727108j),(-0.039503007+0.024378944j),(-0.039500725+0.03428852j),(-0.039538435+0.034678772j),(-0.03972334+3.3135e-05j),"{'64': {'dP_mw': 0.0, 'dQ_mvar': 0.02433768835697494}, '57': {'dP_mw': 0.0, 'dQ_mvar': 0.034255149928859065}, '55': {'dP_mw': 0.00029832556025266056, 'dQ_mvar': 0.034651511782881506}, '61': {'dP_mw': 0.0, 'dQ_mvar': 0.0}}",1.0189943960823344,0.00029832556025266056,0.09324435006871551,PISR_baseline,3.05
62,1791551195.7265558,80,(0.996903954+0.017621333j),(1.011495564+0.036049248j),(1.011499027+0.036050092j),(1.011699696+0.036043731j),(1.011706621+0.036045418j),(1.011846795+0.036040975j),(1.011900928+0.036251647j),(1.016401094+0.047016489j),(1.011668104+0.035739806j),(0.999291065+0.02109675j),(0.998870731+0.020279154j),(0.985584581+0.000511636j),(0.985429727+0.000177631j),(0.990018339+0.007042126j),(0.990181369+0.007397389j),(0.993420389+0.012242914j),(0.993583419+0.012598177j),(0.99682244+0.017443702j),(0.996903954+0.017621333j),(1.011495564+0.036049248j),(1.011495564+0.036049248j),(1.011703159+0.036044574j),(1.011850257+0.036041818j),(1.016451765+0.047226318j),(0.999108911+0.020794738j),(0.9853464-3.947e-06j),(0.985348212+0j),(0.990099854+0.007219757j),(0.993501904+0.012420545j),(1.011492102+0.036048405j),(0.996985469+0.017798965j),(0.985348212-0j),(0.9853464-3.947e-06j),(0.9853464-3.947e-06j),(0.99910262+0.020795284j),(0.999708285+0.021653148j),(1.012599887+0.03623788j),(1.011850257+0.036041818j),(1.011495564+0.036049248j),(1.017021203+0.04807689j),(1.016445574+0.047226695j),(0.990099854+0.007219757j),(0.990099854+0.007219757j),(0.996903954+0.017621333j),(0.993501904+0.012420545j),(1.011703159+0.036044574j),(0.999082481+0.020790649j),(0.999101047+0.02079542j),(1.000865012+0.025485895j),(0.999858129+0.02186775j),(1.017740655+0.050532548j),(1.017163562+0.048289533j),(1.016429541+0.047222669j),(1.016444027+0.04722679j),(1.015995777+0.037396242j),(1.012787294+0.036286896j),(1.011469969+0.036049106j),(0.997768668+0.018727108j),(-0.039503007+0.024378944j),(-0.039500725+0.03428852j),(-0.039538435+0.034678772j),(-0.03972334+3.3135e-05j),"{'64': {'dP_mw': 0.0, 'dQ_mvar': 0.0}, '57': {'dP_mw': 0.0, 'dQ_mvar': 0.0}, '55': {'dP_mw': 0.0, 'dQ_mvar': 0.0}, '61': {'dP_mw': 0.0, 'dQ_mvar': 0.0}}",1.0189943960823344,0.0,0.0,PISR_baseline,3.1
63,1791551195.7761955,80,(1.019531943+0.007187113j),(1.038281793+0.016246463j),(1.038285183+0.016247217j),(1.038480613+0.016237111j),(1.038487394+0.01623862j),(1.038623907+0.016231561j),(1.038758295+0.016319443j),(1.046495283+0.019848268j),(1.038366341+0.016057903j),(1.022857751+0.008942279j),(1.022199736+0.008505092j),(1.004013542+0.000260819j),(1.003755452+8.7992e-05j),(1.01001508+0.002849107j),(1.010286977+0.003025092j),(1.014705537+0.004974114j),(1.014977434+0.005150098j),(1.019395994+0.007099121j),(1.019531943+0.007187113j),(1.038281793+0.016246463j),(1.038281793+0.016246463j),(1.038484004+0.016237866j),(1.038627298+0.016232316j),(1.04662628+0.019935395j),(1.022596795+0.008767866j),(1.003616483-1.955e-06j),(1.003619504+0j),(1.010151028+0.002937099j),(1.014841485+0.005062106j),(1.038278402+0.016245708j),(1.019667891+0.007275105j),(1.003619504+0j),(1.003616483-1.955e-06j),(1.003616483-1.955e-06j),(1.022590653+0.008768475j),(1.023350194+0.008940716j),(1.039361808+0.01640878j),(1.038627298+0.016232316j),(1.038281793+0.016246463j),(1.047354866+0.020111062j),(1.046620275+0.019935927j),(1.010151028+0.002937099j),(1.010151028+0.002937099j),(1.019531943+0.007187113j),(1.014841485+0.005062106j),(1.038484004+0.016237866j),(1.02257092+0.008764186j),(1.022589118+0.008768627j),(1.025882434+0.01046536j),(1.023538544+0.008983928j),(1.048960384+0.021076809j),(1.047537012+0.020154979j),(1.046604588+0.019932441j),(1.046618773+0.01993606j),(1.042694482+0.017471529j),(1.039545435+0.016452896j),(1.038256848+0.016246823j),(1.020628081+0.007576092j),(-0.039503007+4.1256e-05j),(-0.039500725+3.337e-05j),(-0.039836761+2.726e-05j),(-0.03972334+3.3135e-05j),"{'64': {'dP_mw': 0.0, 'dQ_mvar': 0.0}, '57': {'dP_mw': 0.0, 'dQ_mvar': 0.0}, '55': {'dP_mw': 0.0, 'dQ_mvar': 0.0}, '61': {'dP_mw': 0.0, 'dQ_mvar': 0.0}}",1.049172111275862,0.0,0.0,PISR_baseline,3.15
64,1791551195.8296459,80,(1.019531943+0.007187113j),(1.038281793+0.016246463j),(1.038285183+0.016247217j),(1.038480613+0.016237111j),(1.038487394+0.01623862j),(1.038623907+0.016231561j),(1.038758295+0.016319443j),(1.046495283+0.019848268j),(1.038366341+0.016057903j),(1.022857751+0.008942279j),(1.022199736+0.008505092j),(1.004013542+0.000260819j),(1.003755452+8.7992e-05j),(1.01001508+0.002849107j),(1.010286977+0.003025092j),(1.014705537+0.004974114j),(1.014977434+0.005150098j),(1.019395994+0.007099121j),(1.019531943+0.007187113j),(1.038281793+0.016246463j),(1.038281793+0.016246463j),(1.038484004+0.016237866j),(1.038627298+0.016232316j),(1.04662628+0.019935395j),(1.022596795+0.008767866j),(1.003616483-1.955e-06j),(1.003619504+0j),(1.010151028+0.002937099j),(1.014841485+0.005062106j),(1.038278402+0.016245708j),(1.019667891+0.007275105j),(1.003619504+0j),(1.003616483-1.955e-06j),(1.003616483-1.955e-06j),(1.022590653+0.008768475j),(1.023350194+0.008940716j),(1.039361808+0.01640878j),(1.038627298+0.016232316j),(1.038281793+0.016246463j),(1.047354866+0.020111062j),(1.046620275+0.019935927j),(1.010151028+0.002937099j),(1.010151028+0.002937099j),(1.019531943+0.007187113j),(1.014841485+0.005062106j),(1.038484004+0.016237866j),(1.02257092+0.008764186j),(1.022589118+0.008768627j),(1.025882434+0.01046536j),(1.023538544+0.008983928j),(1.048960384+0.021076809j),(1.047537012+0.020154979j),(1.046604588+0.019932441j),(1.046618773+0.01993606j),(1.042694482+0.017471529j),(1.039545435+0.016452896j),(1.038256848+0.016246823j),(1.020628081+0.007576092j),(-0.039503007+4.1256e-05j),(-0.039500725+3.337e-05j),(-0.039836761+2.726e-05j),(-0.03972334+3.3135e-05j),"{'64': {'dP_mw': 0.0, 'dQ_mvar': 0.0}, '57': {'dP_mw': 0.0, 'dQ_mvar': 0.0}, '55': {'dP_mw': 0.0, 'dQ_mvar': 0.0}, '61': {'dP_mw': 0.0, 'dQ_mvar': 0.0}}",1.049172111275862,0.0,0.0,PISR_baseline,3.2
65,1791551195.8781767,80,(1.019531943+0.007187113j),(1.038281793+0.016246463j),(1.038285183+0.016247217j),(1.038480613+0.016237111j),(1.038487394+0.01623862j),(1.038623907+0.016231561j),(1.038758295+0.016319443j),(1.046495283+0.019848268j),(1.038366341+0.016057903j),(1.022857751+0.008942279j),(1.022199736+0.008505092j),(1.004013542+0.000260819j),(1.003755452+8.7992e-05j),(1.01001508+0.002849107j),(1.010286977+0.003025092j),(1.014705537+0.004974114j),(1.014977434+0.005150098j),(1.019395994+0.007099121j),(1.019531943+0.007187113j),(1.038281793+0.016246463j),(1.038281793+0.016246463j),(1.038484004+0.016237866j),(1.038627298+0.016232316j),(1.04662628+0.019935395j),(1.022596795+0.008767866j),(1.003616483-1.955e-06j),(1.003619504+0j),(1.010151028+0.002937099j),(1.014841485+0.005062106j),(1.038278402+0.016245708j),(1.019667891+0.007275105j),(1.003619504+0j),(1.003616483-1.955e-06j),(1.003616483-1.955e-06j),(1.022590653+0.008768475j),(1.023350194+0.008940716j),(1.039361808+0.01640878j),(1.038627298+0.016232316j),(1.038281793+0.016246463j),(1.047354866+0.020111062j),(1.046620275+0.019935927j),(1.010151028+0.002937099j),(1.010151028+0.002937099j),(1.019531943+0.007187113j),(1.014841485+0.005062106j),(1.038484004+0.016237866j),(1.02257092+0.008764186j),(1.022589118+0.008768627j),(1.025882434+0.01046536j),(1.023538544+0.008983928j),(1.048960384+0.021076809j),(1.047537012+0.020154979j),(1.046604588+0.019932441j),(1.046618773+0.01993606j),(1.042694482+0.017471529j),(1.039545435+0.016452896j),(1.038256848+0.016246823j),(1.020628081+0.007576092j),(-0.039503007+4.1256e-05j),(-0.039500725+3.337e-05j),(-0.039836761+2.726e-05j),(-0.03972334+3.3135e-05j),"{'64': {'dP_mw': 0.0, 'dQ_mvar': 0.0}, '57': {'dP_mw': 0.0, 'dQ_mvar': 0.0}, '55': {'dP_mw': 0.0, 'dQ_mvar': 0.0}, '61': {'dP_mw': 0.0, 'dQ_mvar': 0.0}}",1.049172111275862,0.0,0.0,PISR_baseline,3.25
66,1791551195.9273589,80,(1.019531943+0.007187113j),(1.038281793+0.016246463j),(1.038285183+0.016247217j),(1.038480613+0.016237111j),(1.038487394+0.01623862j),(1.038623907+0.016231561j),(1.038758295+0.016319443j),(1.046495283+0.019848268j),(1.038366341+0.016057903j),(1.022857751+0.008942279j),(1.022199736+0.008505092j),(1.004013542+0.000260819j),(1.003755452+8.7992e-05j),(1.01001508+0.002849107j),(1.010286977+0.003025092j),(1.014705537+0.004974114j),(1.014977434+0.005150098j),(1.019395994+0.007099121j),(1.019531943+0.007187113j),(1.038281793+0.016246463j),(1.038281793+0.016246463j),(1.038484004+0.016237866j),(1.038627298+0.016232316j),(1.04662628+0.019935395j),(1.022596795+0.008767866j),(1.003616483-1.955e-06j),(1.003619504+0j),(1.010151028+0.002937099j),(1.014841485+0.005062106j),(1.038278402+0.016245708j),(1.019667891+0.007275105j),(1.003619504+0j),(1.003616483-1.955e-06j),(1.003616483-1.955e-06j),(1.022590653+0.008768475j),(1.023350194+0.008940716j),(1.039361808+0.01640878j),(1.038627298+0.016232316j),(1.038281793+0.016246463j),(1.047354866+0.020111062j),(1.046620275+0.019935927j),(1.010151028+0.002937099j),(1.010151028+0.002937099j),(1.019531943+0.007187113j),(1.014841485+0.005062106j),(1.038484004+0.016237866j),(1.02257092+0.008764186j),(1.022589118+0.008768627j),(1.025882434+0.01046536j),(1.023538544+0.008983928j),(1.048960384+0.021076809j),(1.047537012+0.020154979j),(1.046604588+0.019932441j),(1.046618773+0.01993606j),(1.042694482+0.017471529j),(1.039545435+0.016452896j),(1.038256848+0.016246823j),(1.020628081+0.007576092j),(-0.039503007+4.1256e-05j),(-0.039500725+3.337e-05j),(-0.039836761+2.726e-05j),(-0.03972334+3.3135e-05j),"{'64': {'dP_mw': 0.0, 'dQ_mvar': 0.0}, '57': {'dP_mw': 0.0, 'dQ_mvar': 0.0}, '55': {'dP_mw': 0.0, 'dQ_mvar': 0.0}, '61': {'dP_mw': 0.0, 'dQ_mvar': 0.0}}",1.049172111275862,0.0,0.0,PISR_baseline,3.3
67,1791551195.9778337,80,(1.019531943+0.007187113j),(1.038281793+0.016246463j),(1.038285183+0.016247217j),(1.038480613+0.016237111j),(1.038487394+0.01623862j),(1.038623907+0.016231561j),(1.038758295+0.016319443j),(1.046495283+0.019848268j),(1.038366341+0.016057903j),(1.022857751+0.008942279j),(1.022199736+0.008505092j),(1.004013542+0.000260819j),(1.003755452+8.7992e-05j),(1.01001508+0.002849107j),(1.010286977+0.003025092j),(1.014705537+0.004974114j),(1.014977434+0.005150098j),(1.019395994+0.007099121j),(1.019531943+0.007187113j),(1.038281793+0.016246463j),(1.038281793+0.016246463j),(1.038484004+0.016237866j),(1.038627298+0.016232316j),(1.04662628+0.019935395j),(1.022596795+0.008767866j),(1.003616483-1.955e-06j),(1.003619504+0j),(1.010151028+0.002937099j),(1.014841485+0.005062106j),(1.038278402+0.016245708j),(1.019667891+0.007275105j),(1.003619504+0j),(1.003616483-1.955e-06j),(1.003616483-1.955e-06j),(1.022590653+0.008768475j),(1.023350194+0.008940716j),(1.039361808+0.01640878j),(1.038627298+0.016232316j),(1.038281793+0.016246463j),(1.047354866+0.020111062j),(1.046620275+0.019935927j),(1.010151028+0.002937099j),(1.010151028+0.002937099j),(1.019531943+0.007187113j),(1.014841485+0.005062106j),(1.038484004+0.016237866j),(1.02257092+0.008764186j),(1.022589118+0.008768627j),(1.025882434+0.01046536j),(1.023538544+0.008983928j),(1.048960384+0.021076809j),(1.047537012+0.020154979j),(1.046604588+0.019932441j),(1.046618773+0.01993606j),(1.042694482+0.017471529j),(1.039545435+0.016452896j),(1.038256848+0.016246823j),(1.020628081+0.007576092j),(-0.039503007+4.1256e-05j),(-0.039500725+3.337e-05j),(-0.039836761+2.726e-05j),(-0.03972334+3.3135e-05j),"{'64': {'dP_mw': 0.0, 'dQ_mvar': 0.0}, '57': {'dP_mw': 0.0, 'dQ_mvar': 0.0}, '55': {'dP_mw': 0.0, 'dQ_mvar': 0.0}, '61': {'dP_mw': 0.0, 'dQ_mvar': 0.0}}",1.049172111275862,0.0,0.0,PISR_baseline,3.35
68,1791551196.029343,80,(1.019531943+0.007187113j),(1.038281793+0.016246463j),(1.038285183+0.016247217j),(1.038480613+0.016237111j),(1.038487394+0.01623862j),(1.038623907+0.016231561j),(1.038758295+0.016319443j),(1.046495283+0.019848268j),(1.038366341+0.016057903j),(1.022857751+0.008942279j),(1.022199736+0.008505092j),(1.004013542+0.000260819j),(1.003755452+8.7992e-05j),(1.01001508+0.002849107j),(1.010286977+0.003025092j),(1.014705537+0.004974114j),(1.014977434+0.005150098j),(1.019395994+0.007099121j),(1.019531943+0.007187113j),(1.038281793+0.016246463j),(1.038281793+0.016246463j),(1.038484004+0.016237866j),(1.038627298+0.016232316j),(1.04662628+0.019935395j),(1.022596795+0.008767866j),(1.003616483-1.955e-06j),(1.003619504+0j),(1.010151028+0.002937099j),(1.014841485+0.005062106j),(1.038278402+0.016245708j),(1.019667891+0.007275105j),(1.003619504+0j),(1.003616483-1.955e-06j),(1.003616483-1.955e-06j),(1.022590653+0.008768475j),(1.023350194+0.008940716j),(1.039361808+0.01640878j),(1.038627298+0.016232316j),(1.038281793+0.016246463j),(1.047354866+0.020111062j),(1.046620275+0.019935927j),(1.010151028+0.002937099j),(1.010151028+0.002937099j),(1.019531943+0.007187113j),(1.014841485+0.005062106j),(1.038484004+0.016237866j),(1.02257092+0.008764186j),(1.022589118+0.008768627j),(1.025882434+0.01046536j),(1.023538544+0.008983928j),(1.048960384+0.021076809j),(1.047537012+0.020154979j),(1.046604588+0.019932441j),(1.046618773+0.01993606j),(1.042694482+0.017471529j),(1.039545435+0.016452896j),(1.038256848+0.016246823j),(1.020628081+0.007576092j),(-0.039503007+4.1256e-05j),(-0.039500725+3.337e-05j),(-0.039836761+2.726e-05j),(-0.03972334+3.3135e-05j),"{'64': {'dP_mw': 0.0, 'dQ_mvar': 0.0}, '57': {'dP_mw': 0.0, 'dQ_mvar': 0.0}, '55': {'dP_mw': 0.0, 'dQ_mvar': 0.0}, '61': {'dP_mw': 0.0, 'dQ_mvar': 0.0}}",1.049172111275862,0.0,0.0,PISR_baseline,3.4
69,1791551196.0785317,80,(1.019531943+0.007187113j),(1.038281793+0.016246463j),(1.038285183+0.016247217j),(1.038480613+0.016237111j),(1.038487394+0.01623862j),(1.038623907+0.016231561j),(1.038758295+0.016319443j),(1.046495283+0.019848268j),(1.038366341+0.016057903j),(1.022857751+0.008942279j),(1.022199736+0.008505092j),(1.004013542+0.000260819j),(1.003755452+8.7992e-05j),(1.01001508+0.002849107j),(1.010286977+0.003025092j),(1.014705537+0.004974114j),(1.014977434+0.005150098j),(1.019395994+0.007099121j),(1.019531943+0.007187113j),(1.038281793+0.016246463j),(1.038281793+0.016246463j),(1.038484004+0.016237866j),(1.038627298+0.016232316j),(1.04662628+0.019935395j),(1.022596795+0.008767866j),(1.003616483-1.955e-06j),(1.003619504+0j),(1.010151028+0.002937099j),(1.014841485+0.005062106j),(1.038278402+0.016245708j),(1.019667891+0.007275105j),(1.003619504+0j),(1.003616483-1.955e-06j),(1.003616483-1.955e-06j),(1.022590653+0.008768475j),(1.023350194+0.008940716j),(1.039361808+0.01640878j),(1.038627298+0.016232316j),(1.038281793+0.016246463j),(1.047354866+0.020111062j),(1.046620275+0.019935927j),(1.010151028+0.002937099j),(1.010151028+0.002937099j),(1.019531943+0.007187113j),(1.014841485+0.005062106j),(1.038484004+0.016237866j),(1.02257092+0.008764186j),(1.022589118+0.008768627j),(1.025882434+0.01046536j),(1.023538544+0.008983928j),(1.048960384+0.021076809j),(1.047537012+0.020154979j),(1.046604588+0.019932441j),(1.046618773+0.01993606j),(1.042694482+0.017471529j),(1.039545435+0.016452896j),(1.038256848+0.016246823j),(1.020628081+0.007576092j),(-0.039503007+4.1256e-05j),(-0.039500725+3.337e-05j),(-0.039836761+2.726e-05j),(-0.03972334+3.3135e-05j),"{'64': {'dP_mw': 0.0, 'dQ_mvar': 0.0}, '57': {'dP_mw': 0.0, 'dQ_mvar': 0.0}, '55': {'dP_mw': 0.0, 'dQ_mvar': 0.0}, '61': {'dP_mw': 0.0, 'dQ_mvar': 0.0}}",1.049172111275862,0.0,0.0,PISR_baseline,3.45
70,1791551196.1285985,80,(1.019531943+0.007187113j),(1.038281793+0.016246463j),(1.038285183+0.016247217j),(1.038480613+0.016237111j),(1.038487394+0.01623862j),(1.038623907+0.016231561j),(1.038758295+0.016319443j),(1.046495283+0.019848268j),(1.038366341+0.016057903j),(1.022857751+0.008942279j),(1.022199736+0.008505092j),(1.004013542+0.000260819j),(1.003755452+8.7992e-05j),(1.01001508+0.002849107j),(1.010286977+0.003025092j),(1.014705537+0.004974114j),(1.014977434+0.005150098j),(1.019395994+0.007099121j),(1.019531943+0.007187113j),(1.038281793+0.016246463j),(1.038281793+0.016246463j),(1.038484004+0.016237866j),(1.038627298+0.016232316j),(1.04662628+0.019935395j),(1.022596795+0.008767866j),(1.003616483-1.955e-06j),(1.003619504+0j),(1.010151028+0.002937099j),(1.014841485+0.005062106j),(1.038278402+0.016245708j),(1.019667891+0.007275105j),(1.003619504+0j),(1.003616483-1.955e-06j),(1.003616483-1.955e-06j),(1.022590653+0.008768475j),(1.023350194+0.008940716j),(1.039361808+0.01640878j),(1.038627298+0.016232316j),(1.038281793+0.016246463j),(1.047354866+0.020111062j),(1.046620275+0.019935927j),(1.010151028+0.002937099j),(1.010151028+0.002937099j),(1.019531943+0.007187113j),(1.014841485+0.005062106j),(1.038484004+0.016237866j),(1.02257092+0.008764186j),(1.022589118+0.008768627j),(1.025882434+0.01046536j),(1.023538544+0.008983928j),(1.048960384+0.021076809j),(1.047537012+0.020154979j),(1.046604588+0.019932441j),(1.046618773+0.01993606j),(1.042694482+0.017471529j),(1.039545435+0.016452896j),(1.038256848+0.016246823j),(1.020628081+0.007576092j),(-0.039503007+4.1256e-05j),(-0.039500725+3.337e-05j),(-0.039836761+2.726e-05j),(-0.03972334+3.3135e-05j),"{'64': {'dP_mw': 0.0, 'dQ_mvar': 0.0}, '57': {'dP_mw': 0.0, 'dQ_mvar': 0.0}, '55': {'dP_mw': 0.0, 'dQ_mvar': 0.0}, '61': {'dP_mw': 0.0, 'dQ_mvar': 0.0}}",1.049172111275862,0.0,0.0,PISR_baseline,3.5
71,1791551196.1792967,80,(1.019531943+0.007187113j),(1.038281793+0.016246463j),(1.038285183+0.016247217j),(1.038480613+0.016237111j),(1.038487394+0.01623862j),(1.038623907+0.016231561j),(1.038758295+0.016319443j),(1.046495283+0.019848268j),(1.038366341+0.016057903j),(1.022857751+0.008942279j),(1.022199736+0.008505092j),(1.004013542+0.000260819j),(1.003755452+8.7992e-05j),(1.01001508+0.002849107j),(1.010286977+0.003025092j),(1.014705537+0.004974114j),(1.014977434+0.005150098j),(1.019395994+0.007099121j),(1.019531943+0.007187113j),(1.038281793+0.016246463j),(1.038281793+0.016246463j),(1.038484004+0.016237866j),(1.038627298+0.016232316j),(1.04662628+0.019935395j),(1.022596795+0.008767866j),(1.003616483-1.955e-06j),(1.003619504+0j),(1.010151028+0.002937099j),(1.014841485+0.005062106j),(1.038278402+0.016245708j),(1.019667891+0.007275105j),(1.003619504+0j),(1.003616483-1.955e-06j),(1.003616483-1.955e-06j),(1.022590653+0.008768475j),(1.023350194+0.008940716j),(1.039361808+0.01640878j),(1.038627298+0.016232316j),(1.038281793+0.016246463j),(1.047354866+0.020111062j),(1.046620275+0.019935927j),(1.010151028+0.002937099j),(1.010151028+0.002937099j),(1.019531943+0.007187113j),(1.014841485+0.005062106j),(1.038484004+0.016237866j),(1.02257092+0.008764186j),(1.022589118+0.008768627j),(1.025882434+0.01046536j),(1.023538544+0.008983928j),(1.048960384+0.021076809j),(1.047537012+0.020154979j),(1.046604588+0.019932441j),(1.046618773+0.01993606j),(1.042694482+0.017471529j),(1.039545435+0.016452896j),(1.038256848+0.016246823j),(1.020628081+0.007576092j),(-0.039503007+4.1256e-05j),(-0.039500725+3.337e-05j),(-0.039836761+2.726e-05j),(-0.03972334+3.3135e-05j),"{'64': {'dP_mw': 0.0, 'dQ_mvar': 0.0}, '57': {'dP_mw': 0.0, 'dQ_mvar': 0.0}, '55': {'dP_mw': 0.0, 'dQ_mvar': 0.0}, '61': {'dP_mw': 0.0, 'dQ_mvar': 0.0}}",1.049172111275862,0.0,0.0,PISR_baseline,3.55
72,1791551196.2284837,80,(1.019531943+0.007187113j),(1.038281793+0.016246463j),(1.038285183+0.016247217j),(1.038480613+0.016237111j),(1.038487394+0.01623862j),(1.038623907+0.016231561j),(1.038758295+0.016319443j),(1.046495283+0.019848268j),(1.038366341+0.016057903j),(1.022857751+0.008942279j),(1.022199736+0.008505092j),(1.004013542+0.000260819j),(1.003755452+8.7992e-05j),(1.01001508+0.002849107j),(1.010286977+0.003025092j),(1.014705537+0.004974114j),(1.014977434+0.005150098j),(1.019395994+0.007099121j),(1.019531943+0.007187113j),(1.038281793+0.016246463j),(1.038281793+0.016246463j),(1.038484004+0.016237866j),(1.038627298+0.016232316j),(1.04662628+0.019935395j),(1.022596795+0.008767866j),(1.003616483-1.955e-06j),(1.003619504+0j),(1.010151028+0.002937099j),(1.014841485+0.005062106j),(1.038278402+0.016245708j),(1.019667891+0.007275105j),(1.003619504+0j),(1.003616483-1.955e-06j),(1.003616483-1.955e-06j),(1.022590653+0.008768475j),(1.023350194+0.008940716j),(1.039361808+0.01640878j),(1.038627298+0.016232316j),(1.038281793+0.016246463j),(1.047354866+0.020111062j),(1.046620275+0.019935927j),(1.010151028+0.002937099j),(1.010151028+0.002937099j),(1.019531943+0.007187113j),(1.014841485+0.005062106j),(1.038484004+0.016237866j),(1.02257092+0.008764186j),(1.022589118+0.008768627j),(1.025882434+0.01046536j),(1.023538544+0.008983928j),(1.048960384+0.021076809j),(1.047537012+0.020154979j),(1.046604588+0.019932441j),(1.046618773+0.01993606j),(1.042694482+0.017471529j),(1.039545435+0.016452896j),(1.038256848+0.016246823j),(1.020628081+0.007576092j),(-0.039503007+4.1256e-05j),(-0.039500725+3.337e-05j),(-0.039836761+2.726e-05j),(-0.03972334+3.3135e-05j),"{'64': {'dP_mw': 0.0, 'dQ_mvar': 0.0}, '57': {'dP_mw': 0.0, 'dQ_mvar': 0.0}, '55': {'dP_mw': 0.0, 'dQ_mvar': 0.0}, '61': {'dP_mw': 0.0, 'dQ_mvar': 0.0}}",1.049172111275862,0.0,0.0,PISR_baseline,3.6
73,1791551196.2794428,80,(1.019531943+0.007187113j),(1.038281793+0.016246463j),(1.038285183+0.016247217j),(1.038480613+0.016237111j),(1.038487394+0.01623862j),(1.038623907+0.016231561j),(1.038758295+0.016319443j),(1.046495283+0.019848268j),(1.038366341+0.016057903j),(1.022857751+0.008942279j),(1.022199736+0.008505092j),(1.004013542+0.000260819j),(1.003755452+8.7992e-05j),(1.01001508+0.002849107j),(1.010286977+0.003025092j),(1.014705537+0.004974114j),(1.014977434+0.005150098j),(1.019395994+0.007099121j),(1.019531943+0.007187113j),(1.038281793+0.016246463j),(1.038281793+0.016246463j),(1.038484004+0.016237866j),(1.038627298+0.016232316j),(1.04662628+0.019935395j),(1.022596795+0.008767866j),(1.003616483-1.955e-06j),(1.003619504+0j),(1.010151028+0.002937099j),(1.014841485+0.005062106j),(1.038278402+0.016245708j),(1.019667891+0.007275105j),(1.003619504+0j),(1.003616483-1.955e-06j),(1.003616483-1.955e-06j),(1.022590653+0.008768475j),(1.023350194+0.008940716j),(1.039361808+0.01640878j),(1.038627298+0.016232316j),(1.038281793+0.016246463j),(1.047354866+0.020111062j),(1.046620275+0.019935927j),(1.010151028+0.002937099j),(1.010151028+0.002937099j),(1.019531943+0.007187113j),(1.014841485+0.005062106j),(1.038484004+0.016237866j),(1.02257092+0.008764186j),(1.022589118+0.008768627j),(1.025882434+0.01046536j),(1.023538544+0.008983928j),(1.048960384+0.021076809j),(1.047537012+0.020154979j),(1.046604588+0.019932441j),(1.046618773+0.01993606j),(1.042694482+0.017471529j),(1.039545435+0.016452896j),(1.038256848+0.016246823j),(1.020628081+0.007576092j),(-0.039503007+4.1256e-05j),(-0.039500725+3.337e-05j),(-0.039836761+2.726e-05j),(-0.03972334+3.3135e-05j),"{'64': {'dP_mw': 0.0, 'dQ_mvar': 0.0}, '57': {'dP_mw': 0.0, 'dQ_mvar': 0.0}, '55': {'dP_mw': 0.0, 'dQ_mvar': 0.0}, '61': {'dP_mw': 0.0, 'dQ_mvar': 0.0}}",1.049172111275862,0.0,0.0,PISR_baseline,3.65
74,1791551196.3282595,80,(1.019531943+0.007187113j),(1.038281793+0.016246463j),(1.038285183+0.016247217j),(1.038480613+0.016237111j),(1.038487394+0.01623862j),(1.038623907+0.016231561j),(1.038758295+0.016319443j),(1.046495283+0.019848268j),(1.038366341+0.016057903j),(1.022857751+0.008942279j),(1.022199736+0.008505092j),(1.004013542+0.000260819j),(1.003755452+8.7992e-05j),(1.01001508+0.002849107j),(1.010286977+0.003025092j),(1.014705537+0.004974114j),(1.014977434+0.005150098j),(1.019395994+0.007099121j),(1.019531943+0.007187113j),(1.038281793+0.016246463j),(1.038281793+0.016246463j),(1.038484004+0.016237866j),(1.038627298+0.016232316j),(1.04662628+0.019935395j),(1.022596795+0.008767866j),(1.003616483-1.955e-06j),(1.003619504+0j),(1.010151028+0.002937099j),(1.014841485+0.005062106j),(1.038278402+0.016245708j),(1.019667891+0.007275105j),(1.003619504+0j),(1.003616483-1.955e-06j),(1.003616483-1.955e-06j),(1.022590653+0.008768475j),(1.023350194+0.008940716j),(1.039361808+0.01640878j),(1.038627298+0.016232316j),(1.038281793+0.016246463j),(1.047354866+0.020111062j),(1.046620275+0.019935927j),(1.010151028+0.002937099j),(1.010151028+0.002937099j),(1.019531943+0.007187113j),(1.014841485+0.005062106j),(1.038484004+0.016237866j),(1.02257092+0.008764186j),(1.022589118+0.008768627j),(1.025882434+0.01046536j),(1.023538544+0.008983928j),(1.048960384+0.021076809j),(1.047537012+0.020154979j),(1.046604588+0.019932441j),(1.046618773+0.01993606j),(1.042694482+0.017471529j),(1.039545435+0.016452896j),(1.038256848+0.016246823j),(1.020628081+0.007576092j),(-0.039503007+4.1256e-05j),(-0.039500725+3.337e-05j),(-0.039836761+2.726e-05j),(-0.03972334+3.3135e-05j),"{'64': {'dP_mw': 0.0, 'dQ_mvar': 0.0}, '57': {'dP_mw': 0.0, 'dQ_mvar': 0.0}, '55': {'dP_mw': 0.0, 'dQ_mvar': 0.0}, '61': {'dP_mw': 0.0, 'dQ_mvar': 0.0}}",1.049172111275862,0.0,0.0,PISR_baseline,3.7
75,1791551196.3779073,80,(1.019531943+0.007187113j),(1.038281793+0.016246463j),(1.038285183+0.016247217j),(1.038480613+0.016237111j),(1.038487394+0.01623862j),(1.038623907+0.016231561j),(1.038758295+0.016319443j),(1.046495283+0.019848268j),(1.038366341+0.016057903j),(1.022857751+0.008942279j),(1.022199736+0.008505092j),(1.004013542+0.000260819j),(1.003755452+8.7992e-05j),(1.01001508+0.002849107j),(1.010286977+0.003025092j),(1.014705537+0.004974114j),(1.014977434+0.005150098j),(1.019395994+0.007099121j),(1.019531943+0.007187113j),(1.038281793+0.016246463j),(1.038281793+0.016246463j),(1.038484004+0.016237866j),(1.038627298+0.016232316j),(1.04662628+0.019935395j),(1.022596795+0.008767866j),(1.003616483-1.955e-06j),(1.003619504+0j),(1.010151028+0.002937099j),(1.014841485+0.005062106j),(1.038278402+0.016245708j),(1.019667891+0.007275105j),(1.003619504+0j),(1.003616483-1.955e-06j),(1.003616483-1.955e-06j),(1.022590653+0.008768475j),(1.023350194+0.008940716j),(1.039361808+0.01640878j),(1.038627298+0.016232316j),(1.038281793+0.016246463j),(1.047354866+0.020111062j),(1.046620275+0.019935927j),(1.010151028+0.002937099j),(1.010151028+0.002937099j),(1.019531943+0.007187113j),(1.014841485+0.005062106j),(1.038484004+0.016237866j),(1.02257092+0.008764186j),(1.022589118+0.008768627j),(1.025882434+0.01046536j),(1.023538544+0.008983928j),(1.048960384+0.021076809j),(1.047537012+0.020154979j),(1.046604588+0.019932441j),(1.046618773+0.01993606j),(1.042694482+0.017471529j),(1.039545435+0.016452896j),(1.038256848+0.016246823j),(1.020628081+0.007576092j),(-0.039503007+4.1256e-05j),(-0.039500725+3.337e-05j),(-0.039836761+2.726e-05j),(-0.03972334+3.3135e-05j),"{'64': {'dP_mw': 0.0, 'dQ_mvar': 0.0}, '57': {'dP_mw': 0.0, 'dQ_mvar': 0.0}, '55': {'dP_mw': 0.0, 'dQ_mvar': 0.0}, '61': {'dP_mw': 0.0, 'dQ_mvar': 0.0}}",1.049172111275862,0.0,0.0,PISR_baseline,3.75
76,1791551196.4288127,80,(1.019531943+0.007187113j),(1.038281793+0.016246463j),(1.038285183+0.016247217j),(1.038480613+0.016237111j),(1.038487394+0.01623862j),(1.038623907+0.016231561j),(1.038758295+0.016319443j),(1.046495283+0.019848268j),(1.038366341+0.016057903j),(1.022857751+0.008942279j),(1.022199736+0.008505092j),(1.004013542+0.000260819j),(1.003755452+8.7992e-05j),(1.01001508+0.002849107j),(1.010286977+0.003025092j),(1.014705537+0.004974114j),(1.014977434+0.005150098j),(1.019395994+0.007099121j),(1.019531943+0.007187113j),(1.038281793+0.016246463j),(1.038281793+0.016246463j),(1.038484004+0.016237866j),(1.038627298+0.016232316j),(1.04662628+0.019935395j),(1.022596795+0.008767866j),(1.003616483-1.955e-06j),(1.003619504+0j),(1.010151028+0.002937099j),(1.014841485+0.005062106j),(1.038278402+0.016245708j),(1.019667891+0.007275105j),(1.003619504+0j),(1.003616483-1.955e-06j),(1.003616483-1.955e-06j),(1.022590653+0.008768475j),(1.023350194+0.008940716j),(1.039361808+0.01640878j),(1.038627298+0.016232316j),(1.038281793+0.016246463j),(1.047354866+0.020111062j),(1.046620275+0.019935927j),(1.010151028+0.002937099j),(1.010151028+0.002937099j),(1.019531943+0.007187113j),(1.014841485+0.005062106j),(1.038484004+0.016237866j),(1.02257092+0.008764186j),(1.022589118+0.008768627j),(1.025882434+0.01046536j),(1.023538544+0.008983928j),(1.048960384+0.021076809j),(1.047537012+0.020154979j),(1.046604588+0.019932441j),(1.046618773+0.01993606j),(1.042694482+0.017471529j),(1.039545435+0.016452896j),(1.038256848+0.016246823j),(1.020628081+0.007576092j),(-0.039503007+4.1256e-05j),(-0.039500725+3.337e-05j),(-0.039836761+2.726e-05j),(-0.03972334+3.3135e-05j),"{'64': {'dP_mw': 0.0, 'dQ_mvar': 0.0}, '57': {'dP_mw': 0.0, 'dQ_mvar': 0.0}, '55': {'dP_mw': 0.0, 'dQ_mvar': 0.0}, '61': {'dP_mw': 0.0, 'dQ_mvar': 0.0}}",1.049172111275862,0.0,0.0,PISR_baseline,3.8
77,1791551196.4778888,80,(1.019531943+0.007187113j),(1.038281793+0.016246463j),(1.038285183+0.016247217j),(1.038480613+0.016237111j),(1.038487394+0.01623862j),(1.038623907+0.016231561j),(1.038758295+0.016319443j),(1.046495283+0.019848268j),(1.038366341+0.016057903j),(1.022857751+0.008942279j),(1.022199736+0.008505092j),(1.004013542+0.000260819j),(1.003755452+8.7992e-05j),(1.01001508+0.002849107j),(1.010286977+0.003025092j),(1.014705537+0.004974114j),(1.014977434+0.005150098j),(1.019395994+0.007099121j),(1.019531943+0.007187113j),(1.038281793+0.016246463j),(1.038281793+0.016246463j),(1.038484004+0.016237866j),(1.038627298+0.016232316j),(1.04662628+0.019935395j),(1.022596795+0.008767866j),(1.003616483-1.955e-06j),(1.003619504+0j),(1.010151028+0.002937099j),(1.014841485+0.005062106j),(1.038278402+0.016245708j),(1.019667891+0.007275105j),(1.003619504+0j),(1.003616483-1.955e-06j),(1.003616483-1.955e-06j),(1.022590653+0.008768475j),(1.023350194+0.008940716j),(1.039361808+0.01640878j),(1.038627298+0.016232316j),(1.038281793+0.016246463j),(1.047354866+0.020111062j),(1.046620275+0.019935927j),(1.010151028+0.002937099j),(1.010151028+0.002937099j),(1.019531943+0.007187113j),(1.014841485+0.005062106j),(1.038484004+0.016237866j),(1.02257092+0.008764186j),(1.022589118+0.008768627j),(1.025882434+0.01046536j),(1.023538544+0.008983928j),(1.048960384+0.021076809j),(1.047537012+0.020154979j),(1.046604588+0.019932441j),(1.046618773+0.01993606j),(1.042694482+0.017471529j),(1.039545435+0.016452896j),(1.038256848+0.016246823j),(1.020628081+0.007576092j),(-0.039503007+4.1256e-05j),(-0.039500725+3.337e-05j),(-0.039836761+2.726e-05j),(-0.03972334+3.3135e-05j),"{'64': {'dP_mw': 0.0, 'dQ_mvar': 0.0}, '57': {'dP_mw': 0.0, 'dQ_mvar': 0.0}, '55': {'dP_mw': 0.0, 'dQ_mvar': 0.0}, '61': {'dP_mw': 0.0, 'dQ_mvar': 0.0}}",1.049172111275862,0.0,0.0,PISR_baseline,3.85
78,1791551196.5297656,81,(1.019531943+0.007187113j),(1.038281793+0.016246463j),(1.038285183+0.016247217j),(1.038480613+0.016237111j),(1.038487394+0.01623862j),(1.038623907+0.016231561j),(1.038758295+0.016319443j),(1.046495283+0.019848268j),(1.038366341+0.016057903j),(1.022857751+0.008942279j),(1.022199736+0.008505092j),(1.004013542+0.000260819j),(1.003755452+8.7992e-05j),(1.01001508+0.002849107j),(1.010286977+0.003025092j),(1.014705537+0.004974114j),(1.014977434+0.005150098j),(1.019395994+0.007099121j),(1.019531943+0.007187113j),(1.038281793+0.016246463j),(1.038281793+0.016246463j),(1.038484004+0.016237866j),(1.038627298+0.016232316j),(1.04662628+0.019935395j),(1.022596795+0.008767866j),(1.003616483-1.955e-06j),(1.003619504+0j),(1.010151028+0.002937099j),(1.014841485+0.005062106j),(1.038278402+0.016245708j),(1.019667891+0.007275105j),(1.003619504+0j),(1.003616483-1.955e-06j),(1.003616483-1.955e-06j),(1.022590653+0.008768475j),(1.023350194+0.008940716j),(1.039361808+0.01640878j),(1.038627298+0.016232316j),(1.038281793+0.016246463j),(1.047354866+0.020111062j),(1.046620275+0.019935927j),(1.010151028+0.002937099j),(1.010151028+0.002937099j),(1.019531943+0.007187113j),(1.014841485+0.005062106j),(1.038484004+0.016237866j),(1.02257092+0.008764186j),(1.022589118+0.008768627j),(1.025882434+0.01046536j),(1.023538544+0.008983928j),(1.048960384+0.021076809j),(1.047537012+0.020154979j),(1.046604588+0.019932441j),(1.046618773+0.01993606j),(1.042694482+0.017471529j),(1.039545435+0.016452896j),(1.038256848+0.016246823j),(1.020628081+0.007576092j),(-0.039503007+4.1256e-05j),(-0.039500725+3.337e-05j),(-0.039836761+2.726e-05j),(-0.03972334+3.3135e-05j),"{'64': {'dP_mw': 0.0, 'dQ_mvar': 0.0}, '57': {'dP_mw': 0.0, 'dQ_mvar': 0.0}, '55': {'dP_mw': 0.0, 'dQ_mvar': 0.0}, '61': {'dP_mw': 0.0, 'dQ_mvar': 0.0}}",1.049172111275862,0.0,0.0,PISR_baseline,3.9
79,1791551196.578608,81,(1.019531943+0.007187113j),(1.038281793+0.016246463j),(1.038285183+0.016247217j),(1.038480613+0.016237111j),(1.038487394+0.01623862j),(1.038623907+0.016231561j),(1.038758295+0.016319443j),(1.046495283+0.019848268j),(1.038366341+0.016057903j),(1.022857751+0.008942279j),(1.022199736+0.008505092j),(1.004013542+0.000260819j),(1.003755452+8.7992e-05j),(1.01001508+0.002849107j),(1.010286977+0.003025092j),(1.014705537+0.004974114j),(1.014977434+0.005150098j),(1.019395994+0.007099121j),(1.019531943+0.007187113j),(1.038281793+0.016246463j),(1.038281793+0.016246463j),(1.038484004+0.016237866j),(1.038627298+0.016232316j),(1.04662628+0.019935395j),(1.022596795+0.008767866j),(1.003616483-1.955e-06j),(1.003619504+0j),(1.010151028+0.002937099j),(1.014841485+0.005062106j),(1.038278402+0.016245708j),(1.019667891+0.007275105j),(1.003619504+0j),(1.003616483-1.955e-06j),(1.003616483-1.955e-06j),(1.022590653+0.008768475j),(1.023350194+0.008940716j),(1.039361808+0.01640878j),(1.038627298+0.016232316j),(1.038281793+0.016246463j),(1.047354866+0.020111062j),(1.046620275+0.019935927j),(1.010151028+0.002937099j),(1.010151028+0.002937099j),(1.019531943+0.007187113j),(1.014841485+0.005062106j),(1.038484004+0.016237866j),(1.02257092+0.008764186j),(1.022589118+0.008768627j),(1.025882434+0.01046536j),(1.023538544+0.008983928j),(1.048960384+0.021076809j),(1.047537012+0.020154979j),(1.046604588+0.019932441j),(1.046618773+0.01993606j),(1.042694482+0.017471529j),(1.039545435+0.016452896j),(1.038256848+0.016246823j),(1.020628081+0.007576092j),(-0.039503007+4.1256e-05j),(-0.039500725+3.337e-05j),(-0.039836761+2.726e-05j),(-0.03972334+3.3135e-05j),"{'64': {'dP_mw': 0.0, 'dQ_mvar': 0.0}, '57': {'dP_mw': 0.0, 'dQ_mvar': 0.0}, '55': {'dP_mw': 0.0, 'dQ_mvar': 0.0}, '61': {'dP_mw': 0.0, 'dQ_mvar': 0.0}}",1.049172111275862,0.0,0.0,PISR_baseline,3.95
80,1791551196.6299455,81,(1.019531943+0.007187113j),(1.038281793+0.016246463j),(1.038285183+0.016247217j),(1.038480613+0.016237111j),(1.038487394+0.01623862j),(1.038623907+0.016231561j),(1.038758295+0.016319443j),(1.046495283+0.019848268j),(1.038366341+0.016057903j),(1.022857751+0.008942279j),(1.022199736+0.008505092j),(1.004013542+0.000260819j),(1.003755452+8.7992e-05j),(1.01001508+0.002849107j),(1.010286977+0.003025092j),(1.014705537+0.004974114j),(1.014977434+0.005150098j),(1.019395994+0.007099121j),(1.019531943+0.007187113j),(1.038281793+0.016246463j),(1.038281793+0.016246463j),(1.038484004+0.016237866j),(1.038627298+0.016232316j),(1.04662628+0.019935395j),(1.022596795+0.008767866j),(1.003616483-1.955e-06j),(1.003619504+0j),(1.010151028+0.002937099j),(1.014841485+0.005062106j),(1.038278402+0.016245708j),(1.019667891+0.007275105j),(1.003619504+0j),(1.003616483-1.955e-06j),(1.003616483-1.955e-06j),(1.022590653+0.008768475j),(1.023350194+0.008940716j),(1.039361808+0.01640878j),(1.038627298+0.016232316j),(1.038281793+0.016246463j),(1.047354866+0.020111062j),(1.046620275+0.019935927j),(1.010151028+0.002937099j),(1.010151028+0.002937099j),(1.019531943+0.007187113j),(1.014841485+0.005062106j),(1.038484004+0.016237866j),(1.02257092+0.008764186j),(1.022589118+0.008768627j),(1.025882434+0.01046536j),(1.023538544+0.008983928j),(1.048960384+0.021076809j),(1.047537012+0.020154979j),(1.046604588+0.019932441j),(1.046618773+0.01993606j),(1.042694482+0.017471529j),(1.039545435+0.016452896j),(1.038256848+0.016246823j),(1.020628081+0.007576092j),(-0.039503007+4.1256e-05j),(-0.039500725+3.337e-05j),(-0.039836761+2.726e-05j),(-0.03972334+3.3135e-05j),"{'64': {'dP_mw': 0.0, 'dQ_mvar': 0.0}, '57': {'dP_mw': 0.0, 'dQ_mvar': 0.0}, '55': {'dP_mw': 0.0, 'dQ_mvar': 0.0}, '61': {'dP_mw': 0.0, 'dQ_mvar': 0.0}}",1.049172111275862,0.0,0.0,PISR_baseline,4.0
81,1791551196.6786256,81,(1.019531943+0.007187113j),(1.038281793+0.016246463j),(1.038285183+0.016247217j),(1.038480613+0.016237111j),(1.038487394+0.01623862j),(1.038623907+0.016231561j),(1.038758295+0.016319443j),(1.046495283+0.019848268j),(1.038366341+0.016057903j),(1.022857751+0.008942279j),(1.022199736+0.008505092j),(1.004013542+0.000260819j),(1.003755452+8.7992e-05j),(1.01001508+0.002849107j),(1.010286977+0.003025092j),(1.014705537+0.004974114j),(1.014977434+0.005150098j),(1.019395994+0.007099121j),(1.019531943+0.007187113j),(1.038281793+0.016246463j),(1.038281793+0.016246463j),(1.038484004+0.016237866j),(1.038627298+0.016232316j),(1.04662628+0.019935395j),(1.022596795+0.008767866j),(1.003616483-1.955e-06j),(1.003619504+0j),(1.010151028+0.002937099j),(1.014841485+0.005062106j),(1.038278402+0.016245708j),(1.019667891+0.007275105j),(1.003619504+0j),(1.003616483-1.955e-06j),(1.003616483-1.955e-06j),(1.022590653+0.008768475j),(1.023350194+0.008940716j),(1.039361808+0.01640878j),(1.038627298+0.016232316j),(1.038281793+0.016246463j),(1.047354866+0.020111062j),(1.046620275+0.019935927j),(1.010151028+0.002937099j),(1.010151028+0.002937099j),(1.019531943+0.007187113j),(1.014841485+0.005062106j),(1.038484004+0.016237866j),(1.02257092+0.008764186j),(1.022589118+0.008768627j),(1.025882434+0.01046536j),(1.023538544+0.008983928j),(1.048960384+0.021076809j),(1.047537012+0.020154979j),(1.046604588+0.019932441j),(1.046618773+0.01993606j),(1.042694482+0.017471529j),(1.039545435+0.016452896j),(1.038256848+0.016246823j),(1.020628081+0.007576092j),(-0.039503007+4.1256e-05j),(-0.039500725+3.337e-05j),(-0.039836761+2.726e-05j),(-0.03972334+3.3135e-05j),"{'64': {'dP_mw': 0.0, 'dQ_mvar': 0.0}, '57': {'dP_mw': 0.0, 'dQ_mvar': 0.0}, '55': {'dP_mw': 0.0, 'dQ_mvar': 0.0}, '61': {'dP_mw': 0.0, 'dQ_mvar': 0.0}}",1.049172111275862,0.0,0.0,PISR_baseline,4.05
82,1791551196.7307897,81,(1.019531943+0.007187113j),(1.038281793+0.016246463j),(1.038285183+0.016247217j),(1.038480613+0.016237111j),(1.038487394+0.01623862j),(1.038623907+0.016231561j),(1.038758295+0.016319443j),(1.046495283+0.019848268j),(1.038366341+0.016057903j),(1.022857751+0.008942279j),(1.022199736+0.008505092j),(1.004013542+0.000260819j),(1.003755452+8.7992e-05j),(1.01001508+0.002849107j),(1.010286977+0.003025092j),(1.014705537+0.004974114j),(1.014977434+0.005150098j),(1.019395994+0.007099121j),(1.019531943+0.007187113j),(1.038281793+0.016246463j),(1.038281793+0.016246463j),(1.038484004+0.016237866j),(1.038627298+0.016232316j),(1.04662628+0.019935395j),(1.022596795+0.008767866j),(1.003616483-1.955e-06j),(1.003619504+0j),(1.010151028+0.002937099j),(1.014841485+0.005062106j),(1.038278402+0.016245708j),(1.019667891+0.007275105j),(1.003619504+0j),(1.003616483-1.955e-06j),(1.003616483-1.955e-06j),(1.022590653+0.008768475j),(1.023350194+0.008940716j),(1.039361808+0.01640878j),(1.038627298+0.016232316j),(1.038281793+0.016246463j),(1.047354866+0.020111062j),(1.046620275+0.019935927j),(1.010151028+0.002937099j),(1.010151028+0.002937099j),(1.019531943+0.007187113j),(1.014841485+0.005062106j),(1.038484004+0.016237866j),(1.02257092+0.008764186j),(1.022589118+0.008768627j),(1.025882434+0.01046536j),(1.023538544+0.008983928j),(1.048960384+0.021076809j),(1.047537012+0.020154979j),(1.046604588+0.019932441j),(1.046618773+0.01993606j),(1.042694482+0.017471529j),(1.039545435+0.016452896j),(1.038256848+0.016246823j),(1.020628081+0.007576092j),(-0.039503007+4.1256e-05j),(-0.039500725+3.337e-05j),(-0.039836761+2.726e-05j),(-0.03972334+3.3135e-05j),"{'64': {'dP_mw': 0.0, 'dQ_mvar': 0.0}, '57': {'dP_mw': 0.0, 'dQ_mvar': 0.0}, '55': {'dP_mw': 0.0, 'dQ_mvar': 0.0}, '61': {'dP_mw': 0.0, 'dQ_mvar': 0.0}}",1.049172111275862,0.0,0.0,PISR_baseline,4.1
83,1791551196.7785847,81,(1.019531943+0.007187113j),(1.038281793+0.016246463j),(1.038285183+0.016247217j),(1.038480613+0.016237111j),(1.038487394+0.01623862j),(1.038623907+0.016231561j),(1.038758295+0.016319443j),(1.046495283+0.019848268j),(1.038366341+0.016057903j),(1.022857751+0.008942279j),(1.022199736+0.008505092j),(1.004013542+0.000260819j),(1.003755452+8.7992e-05j),(1.01001508+0.002849107j),(1.010286977+0.003025092j),(1.014705537+0.004974114j),(1.014977434+0.005150098j),(1.019395994+0.007099121j),(1.019531943+0.007187113j),(1.038281793+0.016246463j),(1.038281793+0.016246463j),(1.038484004+0.016237866j),(1.038627298+0.016232316j),(1.04662628+0.019935395j),(1.022596795+0.008767866j),(1.003616483-1.955e-06j),(1.003619504+0j),(1.010151028+0.002937099j),(1.014841485+0.005062106j),(1.038278402+0.016245708j),(1.019667891+0.007275105j),(1.003619504+0j),(1.003616483-1.955e-06j),(1.003616483-1.955e-06j),(1.022590653+0.008768475j),(1.023350194+0.008940716j),(1.039361808+0.01640878j),(1.038627298+0.016232316j),(1.038281793+0.016246463j),(1.047354866+0.020111062j),(1.046620275+0.019935927j),(1.010151028+0.002937099j),(1.010151028+0.002937099j),(1.019531943+0.007187113j),(1.014841485+0.005062106j),(1.038484004+0.016237866j),(1.02257092+0.008764186j),(1.022589118+0.008768627j),(1.025882434+0.01046536j),(1.023538544+0.008983928j),(1.048960384+0.021076809j),(1.047537012+0.020154979j),(1.046604588+0.019932441j),(1.046618773+0.01993606j),(1.042694482+0.017471529j),(1.039545435+0.016452896j),(1.038256848+0.016246823j),(1.020628081+0.007576092j),(-0.039503007+4.1256e-05j),(-0.039500725+3.337e-05j),(-0.039836761+2.726e-05j),(-0.03972334+3.3135e-05j),"{'64': {'dP_mw': 0.0, 'dQ_mvar': 0.0}, '57': {'dP_mw': 0.0, 'dQ_mvar': 0.0}, '55': {'dP_mw': 0.0, 'dQ_mvar': 0.0}, '61': {'dP_mw': 0.0, 'dQ_mvar': 0.0}}",1.049172111275862,0.0,0.0,PISR_baseline,4.15
84,1791551196.8316283,81,(1.019531943+0.007187113j),(1.038281793+0.016246463j),(1.038285183+0.016247217j),(1.038480613+0.016237111j),(1.038487394+0.01623862j),(1.038623907+0.016231561j),(1.038758295+0.016319443j),(1.046495283+0.019848268j),(1.038366341+0.016057903j),(1.022857751+0.008942279j),(1.022199736+0.008505092j),(1.004013542+0.000260819j),(1.003755452+8.7992e-05j),(1.01001508+0.002849107j),(1.010286977+0.003025092j),(1.014705537+0.004974114j),(1.014977434+0.005150098j),(1.019395994+0.007099121j),(1.019531943+0.007187113j),(1.038281793+0.016246463j),(1.038281793+0.016246463j),(1.038484004+0.016237866j),(1.038627298+0.016232316j),(1.04662628+0.019935395j),(1.022596795+0.008767866j),(1.003616483-1.955e-06j),(1.003619504+0j),(1.010151028+0.002937099j),(1.014841485+0.005062106j),(1.038278402+0.016245708j),(1.019667891+0.007275105j),(1.003619504+0j),(1.003616483-1.955e-06j),(1.003616483-1.955e-06j),(1.022590653+0.008768475j),(1.023350194+0.008940716j),(1.039361808+0.01640878j),(1.038627298+0.016232316j),(1.038281793+0.016246463j),(1.047354866+0.020111062j),(1.046620275+0.019935927j),(1.010151028+0.002937099j),(1.010151028+0.002937099j),(1.019531943+0.007187113j),(1.014841485+0.005062106j),(1.038484004+0.016237866j),(1.02257092+0.008764186j),(1.022589118+0.008768627j),(1.025882434+0.01046536j),(1.023538544+0.008983928j),(1.048960384+0.021076809j),(1.047537012+0.020154979j),(1.046604588+0.019932441j),(1.046618773+0.01993606j),(1.042694482+0.017471529j),(1.039545435+0.016452896j),(1.038256848+0.016246823j),(1.020628081+0.007576092j),(-0.039503007+4.1256e-05j),(-0.039500725+3.337e-05j),(-0.039836761+2.726e-05j),(-0.03972334+3.3135e-05j),"{'64': {'dP_mw': 0.0, 'dQ_mvar': 0.0}, '57': {'dP_mw': 0.0, 'dQ_mvar': 0.0}, '55': {'dP_mw': 0.0, 'dQ_mvar': 0.0}, '61': {'dP_mw': 0.0, 'dQ_mvar': 0.0}}",1.049172111275862,0.0,0.0,PISR_baseline,4.2
85,1791551196.8797145,81,(1.019531943+0.007187113j),(1.038281793+0.016246463j),(1.038285183+0.016247217j),(1.038480613+0.016237111j),(1.038487394+0.01623862j),(1.038623907+0.016231561j),(1.038758295+0.016319443j),(1.046495283+0.019848268j),(1.038366341+0.016057903j),(1.022857751+0.008942279j),(1.022199736+0.008505092j),(1.004013542+0.000260819j),(1.003755452+8.7992e-05j),(1.01001508+0.002849107j),(1.010286977+0.003025092j),(1.014705537+0.004974114j),(1.014977434+0.005150098j),(1.019395994+0.007099121j),(1.019531943+0.007187113j),(1.038281793+0.016246463j),(1.038281793+0.016246463j),(1.038484004+0.016237866j),(1.038627298+0.016232316j),(1.04662628+0.019935395j),(1.022596795+0.008767866j),(1.003616483-1.955e-06j),(1.003619504+0j),(1.010151028+0.002937099j),(1.014841485+0.005062106j),(1.038278402+0.016245708j),(1.019667891+0.007275105j),(1.003619504+0j),(1.003616483-1.955e-06j),(1.003616483-1.955e-06j),(1.022590653+0.008768475j),(1.023350194+0.008940716j),(1.039361808+0.01640878j),(1.038627298+0.016232316j),(1.038281793+0.016246463j),(1.047354866+0.020111062j),(1.046620275+0.019935927j),(1.010151028+0.002937099j),(1.010151028+0.002937099j),(1.019531943+0.007187113j),(1.014841485+0.005062106j),(1.038484004+0.016237866j),(1.02257092+0.008764186j),(1.022589118+0.008768627j),(1.025882434+0.01046536j),(1.023538544+0.008983928j),(1.048960384+0.021076809j),(1.047537012+0.020154979j),(1.046604588+0.019932441j),(1.046618773+0.01993606j),(1.042694482+0.017471529j),(1.039545435+0.016452896j),(1.038256848+0.016246823j),(1.020628081+0.007576092j),(-0.039503007+4.1256e-05j),(-0.039500725+3.337e-05j),(-0.039836761+2.726e-05j),(-0.03972334+3.3135e-05j),"{'64': {'dP_mw': 0.0, 'dQ_mvar': 0.0}, '57': {'dP_mw': 0.0, 'dQ_mvar': 0.0}, '55': {'dP_mw': 0.0, 'dQ_mvar': 0.0}, '61': {'dP_mw': 0.0, 'dQ_mvar': 0.0}}",1.049172111275862,0.0,0.0,PISR_baseline,4.25
86,1791551196.9315362,81,(1.019531943+0.007187113j),(1.038281793+0.016246463j),(1.038285183+0.016247217j),(1.038480613+0.016237111j),(1.038487394+0.01623862j),(1.038623907+0.016231561j),(1.038758295+0.016319443j),(1.046495283+0.019848268j),(1.038366341+0.016057903j),(1.022857751+0.008942279j),(1.022199736+0.008505092j),(1.004013542+0.000260819j),(1.003755452+8.7992e-05j),(1.01001508+0.002849107j),(1.010286977+0.003025092j),(1.014705537+0.004974114j),(1.014977434+0.005150098j),(1.019395994+0.007099121j),(1.019531943+0.007187113j),(1.038281793+0.016246463j),(1.038281793+0.016246463j),(1.038484004+0.016237866j),(1.038627298+0.016232316j),(1.04662628+0.019935395j),(1.022596795+0.008767866j),(1.003616483-1.955e-06j),(1.003619504+0j),(1.010151028+0.002937099j),(1.014841485+0.005062106j),(1.038278402+0.016245708j),(1.019667891+0.007275105j),(1.003619504+0j),(1.003616483-1.955e-06j),(1.003616483-1.955e-06j),(1.022590653+0.008768475j),(1.023350194+0.008940716j),(1.039361808+0.01640878j),(1.038627298+0.016232316j),(1.038281793+0.016246463j),(1.047354866+0.020111062j),(1.046620275+0.019935927j),(1.010151028+0.002937099j),(1.010151028+0.002937099j),(1.019531943+0.007187113j),(1.014841485+0.005062106j),(1.038484004+0.016237866j),(1.02257092+0.008764186j),(1.022589118+0.008768627j),(1.025882434+0.01046536j),(1.023538544+0.008983928j),(1.048960384+0.021076809j),(1.047537012+0.020154979j),(1.046604588+0.019932441j),(1.046618773+0.01993606j),(1.042694482+0.017471529j),(1.039545435+0.016452896j),(1.038256848+0.016246823j),(1.020628081+0.007576092j),(-0.039503007+4.1256e-05j),(-0.039500725+3.337e-05j),(-0.039836761+2.726e-05j),(-0.03972334+3.3135e-05j),"{'64': {'dP_mw': 0.0, 'dQ_mvar': 0.0}, '57': {'dP_mw': 0.0, 'dQ_mvar': 0.0}, '55': {'dP_mw': 0.0, 'dQ_mvar': 0.0}, '61': {'dP_mw': 0.0, 'dQ_mvar': 0.0}}",1.049172111275862,0.0,0.0,PISR_baseline,4.3
87,1791551196.9788833,81,(1.019531943+0.007187113j),(1.038281793+0.016246463j),(1.038285183+0.016247217j),(1.038480613+0.016237111j),(1.038487394+0.01623862j),(1.038623907+0.016231561j),(1.038758295+0.016319443j),(1.046495283+0.019848268j),(1.038366341+0.016057903j),(1.022857751+0.008942279j),(1.022199736+0.008505092j),(1.004013542+0.000260819j),(1.003755452+8.7992e-05j),(1.01001508+0.002849107j),(1.010286977+0.003025092j),(1.014705537+0.004974114j),(1.014977434+0.005150098j),(1.019395994+0.007099121j),(1.019531943+0.007187113j),(1.038281793+0.016246463j),(1.038281793+0.016246463j),(1.038484004+0.016237866j),(1.038627298+0.016232316j),(1.04662628+0.019935395j),(1.022596795+0.008767866j),(1.003616483-1.955e-06j),(1.003619504+0j),(1.010151028+0.002937099j),(1.014841485+0.005062106j),(1.038278402+0.016245708j),(1.019667891+0.007275105j),(1.003619504+0j),(1.003616483-1.955e-06j),(1.003616483-1.955e-06j),(1.022590653+0.008768475j),(1.023350194+0.008940716j),(1.039361808+0.01640878j),(1.038627298+0.016232316j),(1.038281793+0.016246463j),(1.047354866+0.020111062j),(1.046620275+0.019935927j),(1.010151028+0.002937099j),(1.010151028+0.002937099j),(1.019531943+0.007187113j),(1.014841485+0.005062106j),(1.038484004+0.016237866j),(1.02257092+0.008764186j),(1.022589118+0.008768627j),(1.025882434+0.01046536j),(1.023538544+0.008983928j),(1.048960384+0.021076809j),(1.047537012+0.020154979j),(1.046604588+0.019932441j),(1.046618773+0.01993606j),(1.042694482+0.017471529j),(1.039545435+0.016452896j),(1.038256848+0.016246823j),(1.020628081+0.007576092j),(-0.039503007+4.1256e-05j),(-0.039500725+3.337e-05j),(-0.039836761+2.726e-05j),(-0.03972334+3.3135e-05j),"{'64': {'dP_mw': 0.0, 'dQ_mvar': 0.0}, '57': {'dP_mw': 0.0, 'dQ_mvar': 0.0}, '55': {'dP_mw': 0.0, 'dQ_mvar': 0.0}, '61': {'dP_mw': 0.0, 'dQ_mvar': 0.0}}",1.049172111275862,0.0,0.0,PISR_baseline,4.35
88,1791551197.0311368,81,(1.019531943+0.007187113j),(1.038281793+0.016246463j),(1.038285183+0.016247217j),(1.038480613+0.016237111j),(1.038487394+0.01623862j),(1.038623907+0.016231561j),(1.038758295+0.016319443j),(1.046495283+0.019848268j),(1.038366341+0.016057903j),(1.022857751+0.008942279j),(1.022199736+0.008505092j),(1.004013542+0.000260819j),(1.003755452+8.7992e-05j),(1.01001508+0.002849107j),(1.010286977+0.003025092j),(1.014705537+0.004974114j),(1.014977434+0.005150098j),(1.019395994+0.007099121j),(1.019531943+0.007187113j),(1.038281793+0.016246463j),(1.038281793+0.016246463j),(1.038484004+0.016237866j),(1.038627298+0.016232316j),(1.04662628+0.019935395j),(1.022596795+0.008767866j),(1.003616483-1.955e-06j),(1.003619504+0j),(1.010151028+0.002937099j),(1.014841485+0.005062106j),(1.038278402+0.016245708j),(1.019667891+0.007275105j),(1.003619504+0j),(1.003616483-1.955e-06j),(1.003616483-1.955e-06j),(1.022590653+0.008768475j),(1.023350194+0.008940716j),(1.039361808+0.01640878j),(1.038627298+0.016232316j),(1.038281793+0.016246463j),(1.047354866+0.020111062j),(1.046620275+0.019935927j),(1.010151028+0.002937099j),(1.010151028+0.002937099j),(1.019531943+0.007187113j),(1.014841485+0.005062106j),(1.038484004+0.016237866j),(1.02257092+0.008764186j),(1.022589118+0.008768627j),(1.025882434+0.01046536j),(1.023538544+0.008983928j),(1.048960384+0.021076809j),(1.047537012+0.020154979j),(1.046604588+0.019932441j),(1.046618773+0.01993606j),(1.042694482+0.017471529j),(1.039545435+0.016452896j),(1.038256848+0.016246823j),(1.020628081+0.007576092j),(-0.039503007+4.1256e-05j),(-0.039500725+3.337e-05j),(-0.039836761+2.726e-05j),(-0.03972334+3.3135e-05j),"{'64': {'dP_mw': 0.0, 'dQ_mvar': 0.0}, '57': {'dP_mw': 0.0, 'dQ_mvar': 0.0}, '55': {'dP_mw': 0.0, 'dQ_mvar': 0.0}, '61': {'dP_mw': 0.0, 'dQ_mvar': 0.0}}",1.049172111275862,0.0,0.0,PISR_baseline,4.4
89,1791551197.0795274,81,(1.019531943+0.007187113j),(1.038281793+0.016246463j),(1.038285183+0.016247217j),(1.038480613+0.016237111j),(1.038487394+0.01623862j),(1.038623907+0.016231561j),(1.038758295+0.016319443j),(1.046495283+0.019848268j),(1.038366341+0.016057903j),(1.022857751+0.008942279j),(1.022199736+0.008505092j),(1.004013542+0.000260819j),(1.003755452+8.7992e-05j),(1.01001508+0.002849107j),(1.010286977+0.003025092j),(1.014705537+0.004974114j),(1.014977434+0.005150098j),(1.019395994+0.007099121j),(1.019531943+0.007187113j),(1.038281793+0.016246463j),(1.038281793+0.016246463j),(1.038484004+0.016237866j),(1.038627298+0.016232316j),(1.04662628+0.019935395j),(1.022596795+0.008767866j),(1.003616483-1.955e-06j),(1.003619504+0j),(1.010151028+0.002937099j),(1.014841485+0.005062106j),(1.038278402+0.016245708j),(1.019667891+0.007275105j),(1.003619504+0j),(1.003616483-1.955e-06j),(1.003616483-1.955e-06j),(1.022590653+0.008768475j),(1.023350194+0.008940716j),(1.039361808+0.01640878j),(1.038627298+0.016232316j),(1.038281793+0.016246463j),(1.047354866+0.020111062j),(1.046620275+0.019935927j),(1.010151028+0.002937099j),(1.010151028+0.002937099j),(1.019531943+0.007187113j),(1.014841485+0.005062106j),(1.038484004+0.016237866j),(1.02257092+0.008764186j),(1.022589118+0.008768627j),(1.025882434+0.01046536j),(1.023538544+0.008983928j),(1.048960384+0.021076809j),(1.047537012+0.020154979j),(1.046604588+0.019932441j),(1.046618773+0.01993606j),(1.042694482+0.017471529j),(1.039545435+0.016452896j),(1.038256848+0.016246823j),(1.020628081+0.007576092j),(-0.039503007+4.1256e-05j),(-0.039500725+3.337e-05j),(-0.039836761+2.726e-05j),(-0.03972334+3.3135e-05j),"{'64': {'dP_mw': 0.0, 'dQ_mvar': 0.0}, '57': {'dP_mw': 0.0, 'dQ_mvar': 0.0}, '55': {'dP_mw': 0.0, 'dQ_mvar': 0.0}, '61': {'dP_mw': 0.0, 'dQ_mvar': 0.0}}",1.049172111275862,0.0,0.0,PISR_baseline,4.45
90,1791551197.1304893,81,(1.019531943+0.007187113j),(1.038281793+0.016246463j),(1.038285183+0.016247217j),(1.038480613+0.016237111j),(1.038487394+0.01623862j),(1.038623907+0.016231561j),(1.038758295+0.016319443j),(1.046495283+0.019848268j),(1.038366341+0.016057903j),(1.022857751+0.008942279j),(1.022199736+0.008505092j),(1.004013542+0.000260819j),(1.003755452+8.7992e-05j),(1.01001508+0.002849107j),(1.010286977+0.003025092j),(1.014705537+0.004974114j),(1.014977434+0.005150098j),(1.019395994+0.007099121j),(1.019531943+0.007187113j),(1.038281793+0.016246463j),(1.038281793+0.016246463j),(1.038484004+0.016237866j),(1.038627298+0.016232316j),(1.04662628+0.019935395j),(1.022596795+0.008767866j),(1.003616483-1.955e-06j),(1.003619504+0j),(1.010151028+0.002937099j),(1.014841485+0.005062106j),(1.038278402+0.016245708j),(1.019667891+0.007275105j),(1.003619504+0j),(1.003616483-1.955e-06j),(1.003616483-1.955e-06j),(1.022590653+0.008768475j),(1.023350194+0.008940716j),(1.039361808+0.01640878j),(1.038627298+0.016232316j),(1.038281793+0.016246463j),(1.047354866+0.020111062j),(1.046620275+0.019935927j),(1.010151028+0.002937099j),(1.010151028+0.002937099j),(1.019531943+0.007187113j),(1.014841485+0.005062106j),(1.038484004+0.016237866j),(1.02257092+0.008764186j),(1.022589118+0.008768627j),(1.025882434+0.01046536j),(1.023538544+0.008983928j),(1.048960384+0.021076809j),(1.047537012+0.020154979j),(1.046604588+0.019932441j),(1.046618773+0.01993606j),(1.042694482+0.017471529j),(1.039545435+0.016452896j),(1.038256848+0.016246823j),(1.020628081+0.007576092j),(-0.039503007+4.1256e-05j),(-0.039500725+3.337e-05j),(-0.039836761+2.726e-05j),(-0.03972334+3.3135e-05j),"{'64': {'dP_mw': 0.0, 'dQ_mvar': 0.0}, '57': {'dP_mw': 0.0, 'dQ_mvar': 0.0}, '55': {'dP_mw': 0.0, 'dQ_mvar': 0.0}, '61': {'dP_mw': 0.0, 'dQ_mvar': 0.0}}",1.049172111275862,0.0,0.0,PISR_baseline,4.5
91,1791551197.180411,81,(1.019531943+0.007187113j),(1.038281793+0.016246463j),(1.038285183+0.016247217j),(1.038480613+0.016237111j),(1.038487394+0.01623862j),(1.038623907+0.016231561j),(1.038758295+0.016319443j),(1.046495283+0.019848268j),(1.038366341+0.016057903j),(1.022857751+0.008942279j),(1.022199736+0.008505092j),(1.004013542+0.000260819j),(1.003755452+8.7992e-05j),(1.01001508+0.002849107j),(1.010286977+0.003025092j),(1.014705537+0.004974114j),(1.014977434+0.005150098j),(1.019395994+0.007099121j),(1.019531943+0.007187113j),(1.038281793+0.016246463j),(1.038281793+0.016246463j),(1.038484004+0.016237866j),(1.038627298+0.016232316j),(1.04662628+0.019935395j),(1.022596795+0.008767866j),(1.003616483-1.955e-06j),(1.003619504+0j),(1.010151028+0.002937099j),(1.014841485+0.005062106j),(1.038278402+0.016245708j),(1.019667891+0.007275105j),(1.003619504+0j),(1.003616483-1.955e-06j),(1.003616483-1.955e-06j),(1.022590653+0.008768475j),(1.023350194+0.008940716j),(1.039361808+0.01640878j),(1.038627298+0.016232316j),(1.038281793+0.016246463j),(1.047354866+0.020111062j),(1.046620275+0.019935927j),(1.010151028+0.002937099j),(1.010151028+0.002937099j),(1.019531943+0.007187113j),(1.014841485+0.005062106j),(1.038484004+0.016237866j),(1.02257092+0.008764186j),(1.022589118+0.008768627j),(1.025882434+0.01046536j),(1.023538544+0.008983928j),(1.048960384+0.021076809j),(1.047537012+0.020154979j),(1.046604588+0.019932441j),(1.046618773+0.01993606j),(1.042694482+0.017471529j),(1.039545435+0.016452896j),(1.038256848+0.016246823j),(1.020628081+0.007576092j),(-0.039503007+4.1256e-05j),(-0.039500725+3.337e-05j),(-0.039836761+2.726e-05j),(-0.03972334+3.3135e-05j),"{'64': {'dP_mw': 0.0, 'dQ_mvar': 0.0}, '57': {'dP_mw': 0.0, 'dQ_mvar': 0.0}, '55': {'dP_mw': 0.0, 'dQ_mvar': 0.0}, '61': {'dP_mw': 0.0, 'dQ_mvar': 0.0}}",1.049172111275862,0.0,0.0,PISR_baseline,4.55
92,1791551197.232133,81,(1.019531943+0.007187113j),(1.038281793+0.016246463j),(1.038285183+0.016247217j),(1.038480613+0.016237111j),(1.038487394+0.01623862j),(1.038623907+0.016231561j),(1.038758295+0.016319443j),(1.046495283+0.019848268j),(1.038366341+0.016057903j),(1.022857751+0.008942279j),(1.022199736+0.008505092j),(1.004013542+0.000260819j),(1.003755452+8.7992e-05j),(1.01001508+0.002849107j),(1.010286977+0.003025092j),(1.014705537+0.004974114j),(1.014977434+0.005150098j),(1.019395994+0.007099121j),(1.019531943+0.007187113j),(1.038281793+0.016246463j),(1.038281793+0.016246463j),(1.038484004+0.016237866j),(1.038627298+0.016232316j),(1.04662628+0.019935395j),(1.022596795+0.008767866j),(1.003616483-1.955e-06j),(1.003619504+0j),(1.010151028+0.002937099j),(1.014841485+0.005062106j),(1.038278402+0.016245708j),(1.019667891+0.007275105j),(1.003619504+0j),(1.003616483-1.955e-06j),(1.003616483-1.955e-06j),(1.022590653+0.008768475j),(1.023350194+0.008940716j),(1.039361808+0.01640878j),(1.038627298+0.016232316j),(1.038281793+0.016246463j),(1.047354866+0.020111062j),(1.046620275+0.019935927j),(1.010151028+0.002937099j),(1.010151028+0.002937099j),(1.019531943+0.007187113j),(1.014841485+0.005062106j),(1.038484004+0.016237866j),(1.02257092+0.008764186j),(1.022589118+0.008768627j),(1.025882434+0.01046536j),(1.023538544+0.008983928j),(1.048960384+0.021076809j),(1.047537012+0.020154979j),(1.046604588+0.019932441j),(1.046618773+0.01993606j),(1.042694482+0.017471529j),(1.039545435+0.016452896j),(1.038256848+0.016246823j),(1.020628081+0.007576092j),(-0.039503007+4.1256e-05j),(-0.039500725+3.337e-05j),(-0.039836761+2.726e-05j),(-0.03972334+3.3135e-05j),"{'64': {'dP_mw': 0.0, 'dQ_mvar': 0.0}, '57': {'dP_mw': 0.0, 'dQ_mvar': 0.0}, '55': {'dP_mw': 0.0, 'dQ_mvar': 0.0}, '61': {'dP_mw': 0.0, 'dQ_mvar': 0.0}}",1.049172111275862,0.0,0.0,PISR_baseline,4.6
93,1791551197.2804048,81,(1.019531943+0.007187113j),(1.038281793+0.016246463j),(1.038285183+0.016247217j),(1.038480613+0.016237111j),(1.038487394+0.01623862j),(1.038623907+0.016231561j),(1.038758295+0.016319443j),(1.046495283+0.019848268j),(1.038366341+0.016057903j),(1.022857751+0.008942279j),(1.022199736+0.008505092j),(1.004013542+0.000260819j),(1.003755452+8.7992e-05j),(1.01001508+0.002849107j),(1.010286977+0.003025092j),(1.014705537+0.004974114j),(1.014977434+0.005150098j),(1.019395994+0.007099121j),(1.019531943+0.007187113j),(1.038281793+0.016246463j),(1.038281793+0.016246463j),(1.038484004+0.016237866j),(1.038627298+0.016232316j),(1.04662628+0.019935395j),(1.022596795+0.008767866j),(1.003616483-1.955e-06j),(1.003619504+0j),(1.010151028+0.002937099j),(1.014841485+0.005062106j),(1.038278402+0.016245708j),(1.019667891+0.007275105j),(1.003619504+0j),(1.003616483-1.955e-06j),(1.003616483-1.955e-06j),(1.022590653+0.008768475j),(1.023350194+0.008940716j),(1.039361808+0.01640878j),(1.038627298+0.016232316j),(1.038281793+0.016246463j),(1.047354866+0.020111062j),(1.046620275+0.019935927j),(1.010151028+0.002937099j),(1.010151028+0.002937099j),(1.019531943+0.007187113j),(1.014841485+0.005062106j),(1.038484004+0.016237866j),(1.02257092+0.008764186j),(1.022589118+0.008768627j),(1.025882434+0.01046536j),(1.023538544+0.008983928j),(1.048960384+0.021076809j),(1.047537012+0.020154979j),(1.046604588+0.019932441j),(1.046618773+0.01993606j),(1.042694482+0.017471529j),(1.039545435+0.016452896j),(1.038256848+0.016246823j),(1.020628081+0.007576092j),(-0.039503007+4.1256e-05j),(-0.039500725+3.337e-05j),(-0.039836761+2.726e-05j),(-0.03972334+3.3135e-05j),"{'64': {'dP_mw': 0.0, 'dQ_mvar': 0.0}, '57': {'dP_mw': 0.0, 'dQ_mvar': 0.0}, '55': {'dP_mw': 0.0, 'dQ_mvar': 0.0}, '61': {'dP_mw': 0.0, 'dQ_mvar': 0.0}}",1.049172111275862,0.0,0.0,PISR_baseline,4.65
94,1791551197.3307076,81,(1.019531943+0.007187113j),(1.038281793+0.016246463j),(1.038285183+0.016247217j),(1.038480613+0.016237111j),(1.038487394+0.01623862j),(1.038623907+0.016231561j),(1.038758295+0.016319443j),(1.046495283+0.019848268j),(1.038366341+0.016057903j),(1.022857751+0.008942279j),(1.022199736+0.008505092j),(1.004013542+0.000260819j),(1.003755452+8.7992e-05j),(1.01001508+0.002849107j),(1.010286977+0.003025092j),(1.014705537+0.004974114j),(1.014977434+0.005150098j),(1.019395994+0.007099121j),(1.019531943+0.007187113j),(1.038281793+0.016246463j),(1.038281793+0.016246463j),(1.038484004+0.016237866j),(1.038627298+0.016232316j),(1.04662628+0.019935395j),(1.022596795+0.008767866j),(1.003616483-1.955e-06j),(1.003619504+0j),(1.010151028+0.002937099j),(1.014841485+0.005062106j),(1.038278402+0.016245708j),(1.019667891+0.007275105j),(1.003619504+0j),(1.003616483-1.955e-06j),(1.003616483-1.955e-06j),(1.022590653+0.008768475j),(1.023350194+0.008940716j),(1.039361808+0.01640878j),(1.038627298+0.016232316j),(1.038281793+0.016246463j),(1.047354866+0.020111062j),(1.046620275+0.019935927j),(1.010151028+0.002937099j),(1.010151028+0.002937099j),(1.019531943+0.007187113j),(1.014841485+0.005062106j),(1.038484004+0.016237866j),(1.02257092+0.008764186j),(1.022589118+0.008768627j),(1.025882434+0.01046536j),(1.023538544+0.008983928j),(1.048960384+0.021076809j),(1.047537012+0.020154979j),(1.046604588+0.019932441j),(1.046618773+0.01993606j),(1.042694482+0.017471529j),(1.039545435+0.016452896j),(1.038256848+0.016246823j),(1.020628081+0.007576092j),(-0.039503007+4.1256e-05j),(-0.039500725+3.337e-05j),(-0.039836761+2.726e-05j),(-0.03972334+3.3135e-05j),"{'64': {'dP_mw': 0.0, 'dQ_mvar': 0.0}, '57': {'dP_mw': 0.0, 'dQ_mvar': 0.0}, '55': {'dP_mw': 0.0, 'dQ_mvar': 0.0}, '61': {'dP_mw': 0.0, 'dQ_mvar': 0.0}}",1.049172111275862,0.0,0.0,PISR_baseline,4.7
95,1791551197.380142,81,(1.019531943+0.007187113j),(1.038281793+0.016246463j),(1.038285183+0.016247217j),(1.038480613+0.016237111j),(1.038487394+0.01623862j),(1.038623907+0.016231561j),(1.038758295+0.016319443j),(1.046495283+0.019848268j),(1.038366341+0.016057903j),(1.022857751+0.008942279j),(1.022199736+0.008505092j),(1.004013542+0.000260819j),(1.003755452+8.7992e-05j),(1.01001508+0.002849107j),(1.010286977+0.003025092j),(1.014705537+0.004974114j),(1.014977434+0.005150098j),(1.019395994+0.007099121j),(1.019531943+0.007187113j),(1.038281793+0.016246463j),(1.038281793+0.016246463j),(1.038484004+0.016237866j),(1.038627298+0.016232316j),(1.04662628+0.019935395j),(1.022596795+0.008767866j),(1.003616483-1.955e-06j),(1.003619504+0j),(1.010151028+0.002937099j),(1.014841485+0.005062106j),(1.038278402+0.016245708j),(1.019667891+0.007275105j),(1.003619504+0j),(1.003616483-1.955e-06j),(1.003616483-1.955e-06j),(1.022590653+0.008768475j),(1.023350194+0.008940716j),(1.039361808+0.01640878j),(1.038627298+0.016232316j),(1.038281793+0.016246463j),(1.047354866+0.020111062j),(1.046620275+0.019935927j),(1.010151028+0.002937099j),(1.010151028+0.002937099j),(1.019531943+0.007187113j),(1.014841485+0.005062106j),(1.038484004+0.016237866j),(1.02257092+0.008764186j),(1.022589118+0.008768627j),(1.025882434+0.01046536j),(1.023538544+0.008983928j),(1.048960384+0.021076809j),(1.047537012+0.020154979j),(1.046604588+0.019932441j),(1.046618773+0.01993606j),(1.042694482+0.017471529j),(1.039545435+0.016452896j),(1.038256848+0.016246823j),(1.020628081+0.007576092j),(-0.039503007+4.1256e-05j),(-0.039500725+3.337e-05j),(-0.039836761+2.726e-05j),(-0.03972334+3.3135e-05j),"{'64': {'dP_mw': 0.0, 'dQ_mvar': 0.0}, '57': {'dP_mw': 0.0, 'dQ_mvar': 0.0}, '55': {'dP_mw': 0.0, 'dQ_mvar': 0.0}, '61': {'dP_mw': 0.0, 'dQ_mvar': 0.0}}",1.049172111275862,0.0,0.0,PISR_baseline,4.75
96,1791551197.4306564,81,(1.019531943+0.007187113j),(1.038281793+0.016246463j),(1.038285183+0.016247217j),(1.038480613+0.016237111j),(1.038487394+0.01623862j),(1.038623907+0.016231561j),(1.038758295+0.016319443j),(1.046495283+0.019848268j),(1.038366341+0.016057903j),(1.022857751+0.008942279j),(1.022199736+0.008505092j),(1.004013542+0.000260819j),(1.003755452+8.7992e-05j),(1.01001508+0.002849107j),(1.010286977+0.003025092j),(1.014705537+0.004974114j),(1.014977434+0.005150098j),(1.019395994+0.007099121j),(1.019531943+0.007187113j),(1.038281793+0.016246463j),(1.038281793+0.016246463j),(1.038484004+0.016237866j),(1.038627298+0.016232316j),(1.04662628+0.019935395j),(1.022596795+0.008767866j),(1.003616483-1.955e-06j),(1.003619504+0j),(1.010151028+0.002937099j),(1.014841485+0.005062106j),(1.038278402+0.016245708j),(1.019667891+0.007275105j),(1.003619504+0j),(1.003616483-1.955e-06j),(1.003616483-1.955e-06j),(1.022590653+0.008768475j),(1.023350194+0.008940716j),(1.039361808+0.01640878j),(1.038627298+0.016232316j),(1.038281793+0.016246463j),(1.047354866+0.020111062j),(1.046620275+0.019935927j),(1.010151028+0.002937099j),(1.010151028+0.002937099j),(1.019531943+0.007187113j),(1.014841485+0.005062106j),(1.038484004+0.016237866j),(1.02257092+0.008764186j),(1.022589118+0.008768627j),(1.025882434+0.01046536j),(1.023538544+0.008983928j),(1.048960384+0.021076809j),(1.047537012+0.020154979j),(1.046604588+0.019932441j),(1.046618773+0.01993606j),(1.042694482+0.017471529j),(1.039545435+0.016452896j),(1.038256848+0.016246823j),(1.020628081+0.007576092j),(-0.039503007+4.1256e-05j),(-0.039500725+3.337e-05j),(-0.039836761+2.726e-05j),(-0.03972334+3.3135e-05j),"{'64': {'dP_mw': 0.0, 'dQ_mvar': 0.0}, '57': {'dP_mw': 0.0, 'dQ_mvar': 0.0}, '55': {'dP_mw': 0.0, 'dQ_mvar': 0.0}, '61': {'dP_mw': 0.0, 'dQ_mvar': 0.0}}",1.049172111275862,0.0,0.0,PISR_baseline,4.8
97,1791551197.490038,81,(1.019531943+0.007187113j),(1.038281793+0.016246463j),(1.038285183+0.016247217j),(1.038480613+0.016237111j),(1.038487394+0.01623862j),(1.038623907+0.016231561j),(1.038758295+0.016319443j),(1.046495283+0.019848268j),(1.038366341+0.016057903j),(1.022857751+0.008942279j),(1.022199736+0.008505092j),(1.004013542+0.000260819j),(1.003755452+8.7992e-05j),(1.01001508+0.002849107j),(1.010286977+0.003025092j),(1.014705537+0.004974114j),(1.014977434+0.005150098j),(1.019395994+0.007099121j),(1.019531943+0.007187113j),(1.038281793+0.016246463j),(1.038281793+0.016246463j),(1.038484004+0.016237866j),(1.038627298+0.016232316j),(1.04662628+0.019935395j),(1.022596795+0.008767866j),(1.003616483-1.955e-06j),(1.003619504+0j),(1.010151028+0.002937099j),(1.014841485+0.005062106j),(1.038278402+0.016245708j),(1.019667891+0.007275105j),(1.003619504+0j),(1.003616483-1.955e-06j),(1.003616483-1.955e-06j),(1.022590653+0.008768475j),(1.023350194+0.008940716j),(1.039361808+0.01640878j),(1.038627298+0.016232316j),(1.038281793+0.016246463j),(1.047354866+0.020111062j),(1.046620275+0.019935927j),(1.010151028+0.002937099j),(1.010151028+0.002937099j),(1.019531943+0.007187113j),(1.014841485+0.005062106j),(1.038484004+0.016237866j),(1.02257092+0.008764186j),(1.022589118+0.008768627j),(1.025882434+0.01046536j),(1.023538544+0.008983928j),(1.048960384+0.021076809j),(1.047537012+0.020154979j),(1.046604588+0.019932441j),(1.046618773+0.01993606j),(1.042694482+0.017471529j),(1.039545435+0.016452896j),(1.038256848+0.016246823j),(1.020628081+0.007576092j),(-0.039503007+4.1256e-05j),(-0.039500725+3.337e-05j),(-0.039836761+2.726e-05j),(-0.03972334+3.3135e-05j),"{'64': {'dP_mw': 0.0, 'dQ_mvar': 0.0}, '57': {'dP_mw': 0.0, 'dQ_mvar': 0.0}, '55': {'dP_mw': 0.0, 'dQ_mvar': 0.0}, '61': {'dP_mw': 0.0, 'dQ_mvar': 0.0}}",1.049172111275862,0.0,0.0,PISR_baseline,4.85
98,1791551197.532723,82,(1.019531943+0.007187113j),(1.038281793+0.016246463j),(1.038285183+0.016247217j),(1.038480613+0.016237111j),(1.038487394+0.01623862j),(1.038623907+0.016231561j),(1.038758295+0.016319443j),(1.046495283+0.019848268j),(1.038366341+0.016057903j),(1.022857751+0.008942279j),(1.022199736+0.008505092j),(1.004013542+0.000260819j),(1.003755452+8.7992e-05j),(1.01001508+0.002849107j),(1.010286977+0.003025092j),(1.014705537+0.004974114j),(1.014977434+0.005150098j),(1.019395994+0.007099121j),(1.019531943+0.007187113j),(1.038281793+0.016246463j),(1.038281793+0.016246463j),(1.038484004+0.016237866j),(1.038627298+0.016232316j),(1.04662628+0.019935395j),(1.022596795+0.008767866j),(1.003616483-1.955e-06j),(1.003619504+0j),(1.010151028+0.002937099j),(1.014841485+0.005062106j),(1.038278402+0.016245708j),(1.019667891+0.007275105j),(1.003619504+0j),(1.003616483-1.955e-06j),(1.003616483-1.955e-06j),(1.022590653+0.008768475j),(1.023350194+0.008940716j),(1.039361808+0.01640878j),(1.038627298+0.016232316j),(1.038281793+0.016246463j),(1.047354866+0.020111062j),(1.046620275+0.019935927j),(1.010151028+0.002937099j),(1.010151028+0.002937099j),(1.019531943+0.007187113j),(1.014841485+0.005062106j),(1.038484004+0.016237866j),(1.02257092+0.008764186j),(1.022589118+0.008768627j),(1.025882434+0.01046536j),(1.023538544+0.008983928j),(1.048960384+0.021076809j),(1.047537012+0.020154979j),(1.046604588+0.019932441j),(1.046618773+0.01993606j),(1.042694482+0.017471529j),(1.039545435+0.016452896j),(1.038256848+0.016246823j),(1.020628081+0.007576092j),(-0.039503007+4.1256e-05j),(-0.039500725+3.337e-05j),(-0.039836761+2.726e-05j),(-0.03972334+3.3135e-05j),"{'64': {'dP_mw': 0.0, 'dQ_mvar': 0.0}, '57': {'dP_mw': 0.0, 'dQ_mvar': 0.0}, '55': {'dP_mw': 0.0, 'dQ_mvar': 0.0}, '61': {'dP_mw': 0.0, 'dQ_mvar': 0.0}}",1.049172111275862,0.0,0.0,PISR_baseline,4.9
99,1791551197.5911007,82,(1.019531943+0.007187113j),(1.038281793+0.016246463j),(1.038285183+0.016247217j),(1.038480613+0.016237111j),(1.038487394+0.01623862j),(1.038623907+0.016231561j),(1.038758295+0.016319443j),(1.046495283+0.019848268j),(1.038366341+0.016057903j),(1.022857751+0.008942279j),(1.022199736+0.008505092j),(1.004013542+0.000260819j),(1.003755452+8.7992e-05j),(1.01001508+0.002849107j),(1.010286977+0.003025092j),(1.014705537+0.004974114j),(1.014977434+0.005150098j),(1.019395994+0.007099121j),(1.019531943+0.007187113j),(1.038281793+0.016246463j),(1.038281793+0.016246463j),(1.038484004+0.016237866j),(1.038627298+0.016232316j),(1.04662628+0.019935395j),(1.022596795+0.008767866j),(1.003616483-1.955e-06j),(1.003619504+0j),(1.010151028+0.002937099j),(1.014841485+0.005062106j),(1.038278402+0.016245708j),(1.019667891+0.007275105j),(1.003619504+0j),(1.003616483-1.955e-06j),(1.003616483-1.955e-06j),(1.022590653+0.008768475j),(1.023350194+0.008940716j),(1.039361808+0.01640878j),(1.038627298+0.016232316j),(1.038281793+0.016246463j),(1.047354866+0.020111062j),(1.046620275+0.019935927j),(1.010151028+0.002937099j),(1.010151028+0.002937099j),(1.019531943+0.007187113j),(1.014841485+0.005062106j),(1.038484004+0.016237866j),(1.02257092+0.008764186j),(1.022589118+0.008768627j),(1.025882434+0.01046536j),(1.023538544+0.008983928j),(1.048960384+0.021076809j),(1.047537012+0.020154979j),(1.046604588+0.019932441j),(1.046618773+0.01993606j),(1.042694482+0.017471529j),(1.039545435+0.016452896j),(1.038256848+0.016246823j),(1.020628081+0.007576092j),(-0.039503007+4.1256e-05j),(-0.039500725+3.337e-05j),(-0.039836761+2.726e-05j),(-0.03972334+3.3135e-05j),"{'64': {'dP_mw': 0.0, 'dQ_mvar': 0.0}, '57': {'dP_mw': 0.0, 'dQ_mvar': 0.0}, '55': {'dP_mw': 0.0, 'dQ_mvar': 0.0}, '61': {'dP_mw': 0.0, 'dQ_mvar': 0.0}}",1.049172111275862,0.0,0.0,PISR_baseline,4.95
100,1791551197.6338894,82,(1.019531943+0.007187113j),(1.038281793+0.016246463j),(1.038285183+0.016247217j),(1.038480613+0.016237111j),(1.038487394+0.01623862j),(1.038623907+0.016231561j),(1.038758295+0.016319443j),(1.046495283+0.019848268j),(1.038366341+0.016057903j),(1.022857751+0.008942279j),(1.022199736+0.008505092j),(1.004013542+0.000260819j),(1.003755452+8.7992e-05j),(1.01001508+0.002849107j),(1.010286977+0.003025092j),(1.014705537+0.004974114j),(1.014977434+0.005150098j),(1.019395994+0.007099121j),(1.019531943+0.007187113j),(1.038281793+0.016246463j),(1.038281793+0.016246463j),(1.038484004+0.016237866j),(1.038627298+0.016232316j),(1.04662628+0.019935395j),(1.022596795+0.008767866j),(1.003616483-1.955e-06j),(1.003619504+0j),(1.010151028+0.002937099j),(1.014841485+0.005062106j),(1.038278402+0.016245708j),(1.019667891+0.007275105j),(1.003619504+0j),(1.003616483-1.955e-06j),(1.003616483-1.955e-06j),(1.022590653+0.008768475j),(1.023350194+0.008940716j),(1.039361808+0.01640878j),(1.038627298+0.016232316j),(1.038281793+0.016246463j),(1.047354866+0.020111062j),(1.046620275+0.019935927j),(1.010151028+0.002937099j),(1.010151028+0.002937099j),(1.019531943+0.007187113j),(1.014841485+0.005062106j),(1.038484004+0.016237866j),(1.02257092+0.008764186j),(1.022589118+0.008768627j),(1.025882434+0.01046536j),(1.023538544+0.008983928j),(1.048960384+0.021076809j),(1.047537012+0.020154979j),(1.046604588+0.019932441j),(1.046618773+0.01993606j),(1.042694482+0.017471529j),(1.039545435+0.016452896j),(1.038256848+0.016246823j),(1.020628081+0.007576092j),(-0.039503007+4.1256e-05j),(-0.039500725+3.337e-05j),(-0.039836761+2.726e-05j),(-0.03972334+3.3135e-05j),"{'64': {'dP_mw': 0.0, 'dQ_mvar': 0.0}, '57': {'dP_mw': 0.0, 'dQ_mvar': 0.0}, '55': {'dP_mw': 0.0, 'dQ_mvar': 0.0}, '61': {'dP_mw': 0.0, 'dQ_mvar': 0.0}}",1.049172111275862,0.0,0.0,PISR_baseline,5.0
0,1791551198.100067,82,(1.024694112+0.010033505j),(1.028554113+0.011553958j),(1.028645913+0.011621318j),(1.031711782+0.012740206j),(1.031806037+0.012807582j),(1.033947636+0.013589158j),(1.034126551+0.013710041j),(1.041906315+0.017235723j),(1.03377594+0.013481231j),(1.020811235+0.007763426j),(1.020237122+0.007391812j),(1.003998126+0.000227314j),(1.00382554+0.000120858j),(1.012089702+0.003966762j),(1.012447165+0.004208478j),(1.018280691+0.006923233j),(1.018638154+0.00716495j),(1.024471679+0.009879705j),(1.024650411+0.010000564j),(1.028597814+0.011586899j),(1.028598786+0.011587631j),(1.031758909+0.012773894j),(1.033994764+0.013622846j),(1.042038103+0.017322918j),(1.020592412+0.007621811j),(1.003642837-2.686e-06j),(1.003646808+0j),(1.012268433+0.00408762j),(1.018459422+0.007044092j),(1.02859536+0.011586884j),(1.024785441+0.010088481j),(1.003646808+0j),(1.003642837-2.686e-06j),(1.003642837-2.686e-06j),(1.020586259+0.007622428j),(1.021347478+0.00779417j),(1.034732995+0.013798297j),(1.033994764+0.013622846j),(1.028598786+0.011587631j),(1.042770338+0.017497596j),(1.042032072+0.017323467j),(1.012268433+0.00408762j),(1.012268433+0.00408762j),(1.024650411+0.010000564j),(1.018459422+0.007044092j),(1.031758909+0.012773894j),(1.020566482+0.007618153j),(1.020584721+0.007622582j),(1.02388636+0.009319012j),(1.021536245+0.007837259j),(1.044385298+0.018463724j),(1.042953396+0.017541266j),(1.042016308+0.017320004j),(1.042030565+0.017323604j),(1.038083199+0.014857627j),(1.034917553+0.01384216j),(1.028573606+0.011588104j),(1.02574001+0.010390546j),(-0.039503007+4.1256e-05j),(-0.039500725+3.337e-05j),(-0.039836761+2.726e-05j),(-0.03972334+3.3135e-05j),"{'64': {'dP_mw': 0.0, 'dQ_mvar': 0.0}, '57': {'dP_mw': 0.0, 'dQ_mvar': 0.0}, '55': {'dP_mw': 0.0, 'dQ_mvar': 0.0}, '61': {'dP_mw': 0.0, 'dQ_mvar': 0.0}}",1.0445484956585294,0.0,0.0,PISR_breaker_closed,5.0
1,1791551198.150574,82,(1.024694112+0.010033505j),(1.028554113+0.011553958j),(1.028645913+0.011621318j),(1.031711782+0.012740206j),(1.031806037+0.012807582j),(1.033947636+0.013589158j),(1.034126551+0.013710041j),(1.041906315+0.017235723j),(1.03377594+0.013481231j),(1.020811235+0.007763426j),(1.020237122+0.007391812j),(1.003998126+0.000227314j),(1.00382554+0.000120858j),(1.012089702+0.003966762j),(1.012447165+0.004208478j),(1.018280691+0.006923233j),(1.018638154+0.00716495j),(1.024471679+0.009879705j),(1.024650411+0.010000564j),(1.028597814+0.011586899j),(1.028598786+0.011587631j),(1.031758909+0.012773894j),(1.033994764+0.013622846j),(1.042038103+0.017322918j),(1.020592412+0.007621811j),(1.003642837-2.686e-06j),(1.003646808+0j),(1.012268433+0.00408762j),(1.018459422+0.007044092j),(1.02859536+0.011586884j),(1.024785441+0.010088481j),(1.003646808+0j),(1.003642837-2.686e-06j),(1.003642837-2.686e-06j),(1.020586259+0.007622428j),(1.021347478+0.00779417j),(1.034732995+0.013798297j),(1.033994764+0.013622846j),(1.028598786+0.011587631j),(1.042770338+0.017497596j),(1.042032072+0.017323467j),(1.012268433+0.00408762j),(1.012268433+0.00408762j),(1.024650411+0.010000564j),(1.018459422+0.007044092j),(1.031758909+0.012773894j),(1.020566482+0.007618153j),(1.020584721+0.007622582j),(1.02388636+0.009319012j),(1.021536245+0.007837259j),(1.044385298+0.018463724j),(1.042953396+0.017541266j),(1.042016308+0.017320004j),(1.042030565+0.017323604j),(1.038083199+0.014857627j),(1.034917553+0.01384216j),(1.028573606+0.011588104j),(1.02574001+0.010390546j),(-0.039503007+4.1256e-05j),(-0.039500725+3.337e-05j),(-0.039836761+2.726e-05j),(-0.03972334+3.3135e-05j),"{'64': {'dP_mw': 0.0, 'dQ_mvar': 0.0}, '57': {'dP_mw': 0.0, 'dQ_mvar': 0.0}, '55': {'dP_mw': 0.0, 'dQ_mvar': 0.0}, '61': {'dP_mw': 0.0, 'dQ_mvar': 0.0}}",1.0445484956585294,0.0,0.0,PISR_breaker_closed,5.05
2,1791551198.2025986,82,(1.024694112+0.010033505j),(1.028554113+0.011553958j),(1.028645913+0.011621318j),(1.031711782+0.012740206j),(1.031806037+0.012807582j),(1.033947636+0.013589158j),(1.034126551+0.013710041j),(1.041906315+0.017235723j),(1.03377594+0.013481231j),(1.020811235+0.007763426j),(1.020237122+0.007391812j),(1.003998126+0.000227314j),(1.00382554+0.000120858j),(1.012089702+0.003966762j),(1.012447165+0.004208478j),(1.018280691+0.006923233j),(1.018638154+0.00716495j),(1.024471679+0.009879705j),(1.024650411+0.010000564j),(1.028597814+0.011586899j),(1.028598786+0.011587631j),(1.031758909+0.012773894j),(1.033994764+0.013622846j),(1.042038103+0.017322918j),(1.020592412+0.007621811j),(1.003642837-2.686e-06j),(1.003646808+0j),(1.012268433+0.00408762j),(1.018459422+0.007044092j),(1.02859536+0.011586884j),(1.024785441+0.010088481j),(1.003646808+0j),(1.003642837-2.686e-06j),(1.003642837-2.686e-06j),(1.020586259+0.007622428j),(1.021347478+0.00779417j),(1.034732995+0.013798297j),(1.033994764+0.013622846j),(1.028598786+0.011587631j),(1.042770338+0.017497596j),(1.042032072+0.017323467j),(1.012268433+0.00408762j),(1.012268433+0.00408762j),(1.024650411+0.010000564j),(1.018459422+0.007044092j),(1.031758909+0.012773894j),(1.020566482+0.007618153j),(1.020584721+0.007622582j),(1.02388636+0.009319012j),(1.021536245+0.007837259j),(1.044385298+0.018463724j),(1.042953396+0.017541266j),(1.042016308+0.017320004j),(1.042030565+0.017323604j),(1.038083199+0.014857627j),(1.034917553+0.01384216j),(1.028573606+0.011588104j),(1.02574001+0.010390546j),(-0.039503007+4.1256e-05j),(-0.039500725+3.337e-05j),(-0.039836761+2.726e-05j),(-0.03972334+3.3135e-05j),"{'64': {'dP_mw': 0.0, 'dQ_mvar': 0.0}, '57': {'dP_mw': 0.0, 'dQ_mvar': 0.0}, '55': {'dP_mw': 0.0, 'dQ_mvar': 0.0}, '61': {'dP_mw': 0.0, 'dQ_mvar': 0.0}}",1.0445484956585294,0.0,0.0,PISR_breaker_closed,5.1
3,1791551198.2507336,82,(1.024694112+0.010033505j),(1.028554113+0.011553958j),(1.028645913+0.011621318j),(1.031711782+0.012740206j),(1.031806037+0.012807582j),(1.033947636+0.013589158j),(1.034126551+0.013710041j),(1.041906315+0.017235723j),(1.03377594+0.013481231j),(1.020811235+0.007763426j),(1.020237122+0.007391812j),(1.003998126+0.000227314j),(1.00382554+0.000120858j),(1.012089702+0.003966762j),(1.012447165+0.004208478j),(1.018280691+0.006923233j),(1.018638154+0.00716495j),(1.024471679+0.009879705j),(1.024650411+0.010000564j),(1.028597814+0.011586899j),(1.028598786+0.011587631j),(1.031758909+0.012773894j),(1.033994764+0.013622846j),(1.042038103+0.017322918j),(1.020592412+0.007621811j),(1.003642837-2.686e-06j),(1.003646808+0j),(1.012268433+0.00408762j),(1.018459422+0.007044092j),(1.02859536+0.011586884j),(1.024785441+0.010088481j),(1.003646808+0j),(1.003642837-2.686e-06j),(1.003642837-2.686e-06j),(1.020586259+0.007622428j),(1.021347478+0.00779417j),(1.034732995+0.013798297j),(1.033994764+0.013622846j),(1.028598786+0.011587631j),(1.042770338+0.017497596j),(1.042032072+0.017323467j),(1.012268433+0.00408762j),(1.012268433+0.00408762j),(1.024650411+0.010000564j),(1.018459422+0.007044092j),(1.031758909+0.012773894j),(1.020566482+0.007618153j),(1.020584721+0.007622582j),(1.02388636+0.009319012j),(1.021536245+0.007837259j),(1.044385298+0.018463724j),(1.042953396+0.017541266j),(1.042016308+0.017320004j),(1.042030565+0.017323604j),(1.038083199+0.014857627j),(1.034917553+0.01384216j),(1.028573606+0.011588104j),(1.02574001+0.010390546j),(-0.039503007+4.1256e-05j),(-0.039500725+3.337e-05j),(-0.039836761+2.726e-05j),(-0.03972334+3.3135e-05j),"{'64': {'dP_mw': 0.0, 'dQ_mvar': 0.0}, '57': {'dP_mw': 0.0, 'dQ_mvar': 0.0}, '55': {'dP_mw': 0.0, 'dQ_mvar': 0.0}, '61': {'dP_mw': 0.0, 'dQ_mvar': 0.0}}",1.0445484956585294,0.0,0.0,PISR_breaker_closed,5.15
4,1791551198.30118,82,(1.024694112+0.010033505j),(1.028554113+0.011553958j),(1.028645913+0.011621318j),(1.031711782+0.012740206j),(1.031806037+0.012807582j),(1.033947636+0.013589158j),(1.034126551+0.013710041j),(1.041906315+0.017235723j),(1.03377594+0.013481231j),(1.020811235+0.007763426j),(1.020237122+0.007391812j),(1.003998126+0.000227314j),(1.00382554+0.000120858j),(1.012089702+0.003966762j),(1.012447165+0.004208478j),(1.018280691+0.006923233j),(1.018638154+0.00716495j),(1.024471679+0.009879705j),(1.024650411+0.010000564j),(1.028597814+0.011586899j),(1.028598786+0.011587631j),(1.031758909+0.012773894j),(1.033994764+0.013622846j),(1.042038103+0.017322918j),(1.020592412+0.007621811j),(1.003642837-2.686e-06j),(1.003646808+0j),(1.012268433+0.00408762j),(1.018459422+0.007044092j),(1.02859536+0.011586884j),(1.024785441+0.010088481j),(1.003646808+0j),(1.003642837-2.686e-06j),(1.003642837-2.686e-06j),(1.020586259+0.007622428j),(1.021347478+0.00779417j),(1.034732995+0.013798297j),(1.033994764+0.013622846j),(1.028598786+0.011587631j),(1.042770338+0.017497596j),(1.042032072+0.017323467j),(1.012268433+0.00408762j),(1.012268433+0.00408762j),(1.024650411+0.010000564j),(1.018459422+0.007044092j),(1.031758909+0.012773894j),(1.020566482+0.007618153j),(1.020584721+0.007622582j),(1.02388636+0.009319012j),(1.021536245+0.007837259j),(1.044385298+0.018463724j),(1.042953396+0.017541266j),(1.042016308+0.017320004j),(1.042030565+0.017323604j),(1.038083199+0.014857627j),(1.034917553+0.01384216j),(1.028573606+0.011588104j),(1.02574001+0.010390546j),(-0.039503007+4.1256e-05j),(-0.039500725+3.337e-05j),(-0.039836761+2.726e-05j),(-0.03972334+3.3135e-05j),"{'64': {'dP_mw': 0.0, 'dQ_mvar': 0.0}, '57': {'dP_mw': 0.0, 'dQ_mvar': 0.0}, '55': {'dP_mw': 0.0, 'dQ_mvar': 0.0}, '61': {'dP_mw': 0.0, 'dQ_mvar': 0.0}}",1.0445484956585294,0.0,0.0,PISR_breaker_closed,5.2
5,1791551198.3512826,82,(1.024694112+0.010033505j),(1.028554113+0.011553958j),(1.028645913+0.011621318j),(1.031711782+0.012740206j),(1.031806037+0.012807582j),(1.033947636+0.013589158j),(1.034126551+0.013710041j),(1.041906315+0.017235723j),(1.03377594+0.013481231j),(1.020811235+0.007763426j),(1.020237122+0.007391812j),(1.003998126+0.000227314j),(1.00382554+0.000120858j),(1.012089702+0.003966762j),(1.012447165+0.004208478j),(1.018280691+0.006923233j),(1.018638154+0.00716495j),(1.024471679+0.009879705j),(1.024650411+0.010000564j),(1.028597814+0.011586899j),(1.028598786+0.011587631j),(1.031758909+0.012773894j),(1.033994764+0.013622846j),(1.042038103+0.017322918j),(1.020592412+0.007621811j),(1.003642837-2.686e-06j),(1.003646808+0j),(1.012268433+0.00408762j),(1.018459422+0.007044092j),(1.02859536+0.011586884j),(1.024785441+0.010088481j),(1.003646808+0j),(1.003642837-2.686e-06j),(1.003642837-2.686e-06j),(1.020586259+0.007622428j),(1.021347478+0.00779417j),(1.034732995+0.013798297j),(1.033994764+0.013622846j),(1.028598786+0.011587631j),(1.042770338+0.017497596j),(1.042032072+0.017323467j),(1.012268433+0.00408762j),(1.012268433+0.00408762j),(1.024650411+0.010000564j),(1.018459422+0.007044092j),(1.031758909+0.012773894j),(1.020566482+0.007618153j),(1.020584721+0.007622582j),(1.02388636+0.009319012j),(1.021536245+0.007837259j),(1.044385298+0.018463724j),(1.042953396+0.017541266j),(1.042016308+0.017320004j),(1.042030565+0.017323604j),(1.038083199+0.014857627j),(1.034917553+0.01384216j),(1.028573606+0.011588104j),(1.02574001+0.010390546j),(-0.039503007+4.1256e-05j),(-0.039500725+3.337e-05j),(-0.039836761+2.726e-05j),(-0.03972334+3.3135e-05j),"{'64': {'dP_mw': 0.0, 'dQ_mvar': 0.0}, '57': {'dP_mw': 0.0, 'dQ_mvar': 0.0}, '55': {'dP_mw': 0.0, 'dQ_mvar': 0.0}, '61': {'dP_mw': 0.0, 'dQ_mvar': 0.0}}",1.0445484956585294,0.0,0.0,PISR_breaker_closed,5.25
6,1791551198.4012387,82,(1.024694112+0.010033505j),(1.028554113+0.011553958j),(1.028645913+0.011621318j),(1.031711782+0.012740206j),(1.031806037+0.012807582j),(1.033947636+0.013589158j),(1.034126551+0.013710041j),(1.041906315+0.017235723j),(1.03377594+0.013481231j),(1.020811235+0.007763426j),(1.020237122+0.007391812j),(1.003998126+0.000227314j),(1.00382554+0.000120858j),(1.012089702+0.003966762j),(1.012447165+0.004208478j),(1.018280691+0.006923233j),(1.018638154+0.00716495j),(1.024471679+0.009879705j),(1.024650411+0.010000564j),(1.028597814+0.011586899j),(1.028598786+0.011587631j),(1.031758909+0.012773894j),(1.033994764+0.013622846j),(1.042038103+0.017322918j),(1.020592412+0.007621811j),(1.003642837-2.686e-06j),(1.003646808+0j),(1.012268433+0.00408762j),(1.018459422+0.007044092j),(1.02859536+0.011586884j),(1.024785441+0.010088481j),(1.003646808+0j),(1.003642837-2.686e-06j),(1.003642837-2.686e-06j),(1.020586259+0.007622428j),(1.021347478+0.00779417j),(1.034732995+0.013798297j),(1.033994764+0.013622846j),(1.028598786+0.011587631j),(1.042770338+0.017497596j),(1.042032072+0.017323467j),(1.012268433+0.00408762j),(1.012268433+0.00408762j),(1.024650411+0.010000564j),(1.018459422+0.007044092j),(1.031758909+0.012773894j),(1.020566482+0.007618153j),(1.020584721+0.007622582j),(1.02388636+0.009319012j),(1.021536245+0.007837259j),(1.044385298+0.018463724j),(1.042953396+0.017541266j),(1.042016308+0.017320004j),(1.042030565+0.017323604j),(1.038083199+0.014857627j),(1.034917553+0.01384216j),(1.028573606+0.011588104j),(1.02574001+0.010390546j),(-0.039503007+4.1256e-05j),(-0.039500725+3.337e-05j),(-0.039836761+2.726e-05j),(-0.03972334+3.3135e-05j),"{'64': {'dP_mw': 0.0, 'dQ_mvar': 0.0}, '57': {'dP_mw': 0.0, 'dQ_mvar': 0.0}, '55': {'dP_mw': 0.0, 'dQ_mvar': 0.0}, '61': {'dP_mw': 0.0, 'dQ_mvar': 0.0}}",1.0445484956585294,0.0,0.0,PISR_breaker_closed,5.3
7,1791551198.451171,82,(1.024694112+0.010033505j),(1.028554113+0.011553958j),(1.028645913+0.011621318j),(1.031711782+0.012740206j),(1.031806037+0.012807582j),(1.033947636+0.013589158j),(1.034126551+0.013710041j),(1.041906315+0.017235723j),(1.03377594+0.013481231j),(1.020811235+0.007763426j),(1.020237122+0.007391812j),(1.003998126+0.000227314j),(1.00382554+0.000120858j),(1.012089702+0.003966762j),(1.012447165+0.004208478j),(1.018280691+0.006923233j),(1.018638154+0.00716495j),(1.024471679+0.009879705j),(1.024650411+0.010000564j),(1.028597814+0.011586899j),(1.028598786+0.011587631j),(1.031758909+0.012773894j),(1.033994764+0.013622846j),(1.042038103+0.017322918j),(1.020592412+0.007621811j),(1.003642837-2.686e-06j),(1.003646808+0j),(1.012268433+0.00408762j),(1.018459422+0.007044092j),(1.02859536+0.011586884j),(1.024785441+0.010088481j),(1.003646808+0j),(1.003642837-2.686e-06j),(1.003642837-2.686e-06j),(1.020586259+0.007622428j),(1.021347478+0.00779417j),(1.034732995+0.013798297j),(1.033994764+0.013622846j),(1.028598786+0.011587631j),(1.042770338+0.017497596j),(1.042032072+0.017323467j),(1.012268433+0.00408762j),(1.012268433+0.00408762j),(1.024650411+0.010000564j),(1.018459422+0.007044092j),(1.031758909+0.012773894j),(1.020566482+0.007618153j),(1.020584721+0.007622582j),(1.02388636+0.009319012j),(1.021536245+0.007837259j),(1.044385298+0.018463724j),(1.042953396+0.017541266j),(1.042016308+0.017320004j),(1.042030565+0.017323604j),(1.038083199+0.014857627j),(1.034917553+0.01384216j),(1.028573606+0.011588104j),(1.02574001+0.010390546j),(-0.039503007+4.1256e-05j),(-0.039500725+3.337e-05j),(-0.039836761+2.726e-05j),(-0.03972334+3.3135e-05j),"{'64': {'dP_mw': 0.0, 'dQ_mvar': 0.0}, '57': {'dP_mw': 0.0, 'dQ_mvar': 0.0}, '55': {'dP_mw': 0.0, 'dQ_mvar': 0.0}, '61': {'dP_mw': 0.0, 'dQ_mvar': 0.0}}",1.0445484956585294,0.0,0.0,PISR_breaker_closed,5.35
8,1791551198.5013394,83,(1.024694112+0.010033505j),(1.028554113+0.011553958j),(1.028645913+0.011621318j),(1.031711782+0.012740206j),(1.031806037+0.012807582j),(1.033947636+0.013589158j),(1.034126551+0.013710041j),(1.041906315+0.017235723j),(1.03377594+0.013481231j),(1.020811235+0.007763426j),(1.020237122+0.007391812j),(1.003998126+0.000227314j),(1.00382554+0.000120858j),(1.012089702+0.003966762j),(1.012447165+0.004208478j),(1.018280691+0.006923233j),(1.018638154+0.00716495j),(1.024471679+0.009879705j),(1.024650411+0.010000564j),(1.028597814+0.011586899j),(1.028598786+0.011587631j),(1.031758909+0.012773894j),(1.033994764+0.013622846j),(1.042038103+0.017322918j),(1.020592412+0.007621811j),(1.003642837-2.686e-06j),(1.003646808+0j),(1.012268433+0.00408762j),(1.018459422+0.007044092j),(1.02859536+0.011586884j),(1.024785441+0.010088481j),(1.003646808+0j),(1.003642837-2.686e-06j),(1.003642837-2.686e-06j),(1.020586259+0.007622428j),(1.021347478+0.00779417j),(1.034732995+0.013798297j),(1.033994764+0.013622846j),(1.028598786+0.011587631j),(1.042770338+0.017497596j),(1.042032072+0.017323467j),(1.012268433+0.00408762j),(1.012268433+0.00408762j),(1.024650411+0.010000564j),(1.018459422+0.007044092j),(1.031758909+0.012773894j),(1.020566482+0.007618153j),(1.020584721+0.007622582j),(1.02388636+0.009319012j),(1.021536245+0.007837259j),(1.044385298+0.018463724j),(1.042953396+0.017541266j),(1.042016308+0.017320004j),(1.042030565+0.017323604j),(1.038083199+0.014857627j),(1.034917553+0.01384216j),(1.028573606+0.011588104j),(1.02574001+0.010390546j),(-0.039503007+4.1256e-05j),(-0.039500725+3.337e-05j),(-0.039836761+2.726e-05j),(-0.03972334+3.3135e-05j),"{'64': {'dP_mw': 0.0, 'dQ_mvar': 0.0}, '57': {'dP_mw': 0.0, 'dQ_mvar': 0.0}, '55': {'dP_mw': 0.0, 'dQ_mvar': 0.0}, '61': {'dP_mw': 0.0, 'dQ_mvar': 0.0}}",1.0445484956585294,0.0,0.0,PISR_breaker_closed,5.4
9,1791551198.551062,83,(1.024694112+0.010033505j),(1.028554113+0.011553958j),(1.028645913+0.011621318j),(1.031711782+0.012740206j),(1.031806037+0.012807582j),(1.033947636+0.013589158j),(1.034126551+0.013710041j),(1.041906315+0.017235723j),(1.03377594+0.013481231j),(1.020811235+0.007763426j),(1.020237122+0.007391812j),(1.003998126+0.000227314j),(1.00382554+0.000120858j),(1.012089702+0.003966762j),(1.012447165+0.004208478j),(1.018280691+0.006923233j),(1.018638154+0.00716495j),(1.024471679+0.009879705j),(1.024650411+0.010000564j),(1.028597814+0.011586899j),(1.028598786+0.011587631j),(1.031758909+0.012773894j),(1.033994764+0.013622846j),(1.042038103+0.017322918j),(1.020592412+0.007621811j),(1.003642837-2.686e-06j),(1.003646808+0j),(1.012268433+0.00408762j),(1.018459422+0.007044092j),(1.02859536+0.011586884j),(1.024785441+0.010088481j),(1.003646808+0j),(1.003642837-2.686e-06j),(1.003642837-2.686e-06j),(1.020586259+0.007622428j),(1.021347478+0.00779417j),(1.034732995+0.013798297j),(1.033994764+0.013622846j),(1.028598786+0.011587631j),(1.042770338+0.017497596j),(1.042032072+0.017323467j),(1.012268433+0.00408762j),(1.012268433+0.00408762j),(1.024650411+0.010000564j),(1.018459422+0.007044092j),(1.031758909+0.012773894j),(1.020566482+0.007618153j),(1.020584721+0.007622582j),(1.02388636+0.009319012j),(1.021536245+0.007837259j),(1.044385298+0.018463724j),(1.042953396+0.017541266j),(1.042016308+0.017320004j),(1.042030565+0.017323604j),(1.038083199+0.014857627j),(1.034917553+0.01384216j),(1.028573606+0.011588104j),(1.02574001+0.010390546j),(-0.039503007+4.1256e-05j),(-0.039500725+3.337e-05j),(-0.039836761+2.726e-05j),(-0.03972334+3.3135e-05j),"{'64': {'dP_mw': 0.0, 'dQ_mvar': 0.0}, '57': {'dP_mw': 0.0, 'dQ_mvar': 0.0}, '55': {'dP_mw': 0.0, 'dQ_mvar': 0.0}, '61': {'dP_mw': 0.0, 'dQ_mvar': 0.0}}",1.0445484956585294,0.0,0.0,PISR_breaker_closed,5.45
10,1791551198.6012342,83,(1.024694112+0.010033505j),(1.028554113+0.011553958j),(1.028645913+0.011621318j),(1.031711782+0.012740206j),(1.031806037+0.012807582j),(1.033947636+0.013589158j),(1.034126551+0.013710041j),(1.041906315+0.017235723j),(1.03377594+0.013481231j),(1.020811235+0.007763426j),(1.020237122+0.007391812j),(1.003998126+0.000227314j),(1.00382554+0.000120858j),(1.012089702+0.003966762j),(1.012447165+0.004208478j),(1.018280691+0.006923233j),(1.018638154+0.00716495j),(1.024471679+0.009879705j),(1.024650411+0.010000564j),(1.028597814+0.011586899j),(1.028598786+0.011587631j),(1.031758909+0.012773894j),(1.033994764+0.013622846j),(1.042038103+0.017322918j),(1.020592412+0.007621811j),(1.003642837-2.686e-06j),(1.003646808+0j),(1.012268433+0.00408762j),(1.018459422+0.007044092j),(1.02859536+0.011586884j),(1.024785441+0.010088481j),(1.003646808+0j),(1.003642837-2.686e-06j),(1.003642837-2.686e-06j),(1.020586259+0.007622428j),(1.021347478+0.00779417j),(1.034732995+0.013798297j),(1.033994764+0.013622846j),(1.028598786+0.011587631j),(1.042770338+0.017497596j),(1.042032072+0.017323467j),(1.012268433+0.00408762j),(1.012268433+0.00408762j),(1.024650411+0.010000564j),(1.018459422+0.007044092j),(1.031758909+0.012773894j),(1.020566482+0.007618153j),(1.020584721+0.007622582j),(1.02388636+0.009319012j),(1.021536245+0.007837259j),(1.044385298+0.018463724j),(1.042953396+0.017541266j),(1.042016308+0.017320004j),(1.042030565+0.017323604j),(1.038083199+0.014857627j),(1.034917553+0.01384216j),(1.028573606+0.011588104j),(1.02574001+0.010390546j),(-0.039503007+4.1256e-05j),(-0.039500725+3.337e-05j),(-0.039836761+2.726e-05j),(-0.03972334+3.3135e-05j),"{'64': {'dP_mw': 0.0, 'dQ_mvar': 0.0}, '57': {'dP_mw': 0.0, 'dQ_mvar': 0.0}, '55': {'dP_mw': 0.0, 'dQ_mvar': 0.0}, '61': {'dP_mw': 0.0, 'dQ_mvar': 0.0}}",1.0445484956585294,0.0,0.0,PISR_breaker_closed,5.5
11,1791551198.65146,83,(1.024694112+0.010033505j),(1.028554113+0.011553958j),(1.028645913+0.011621318j),(1.031711782+0.012740206j),(1.031806037+0.012807582j),(1.033947636+0.013589158j),(1.034126551+0.013710041j),(1.041906315+0.017235723j),(1.03377594+0.013481231j),(1.020811235+0.007763426j),(1.020237122+0.007391812j),(1.003998126+0.000227314j),(1.00382554+0.000120858j),(1.012089702+0.003966762j),(1.012447165+0.004208478j),(1.018280691+0.006923233j),(1.018638154+0.00716495j),(1.024471679+0.009879705j),(1.024650411+0.010000564j),(1.028597814+0.011586899j),(1.028598786+0.011587631j),(1.031758909+0.012773894j),(1.033994764+0.013622846j),(1.042038103+0.017322918j),(1.020592412+0.007621811j),(1.003642837-2.686e-06j),(1.003646808+0j),(1.012268433+0.00408762j),(1.018459422+0.007044092j),(1.02859536+0.011586884j),(1.024785441+0.010088481j),(1.003646808+0j),(1.003642837-2.686e-06j),(1.003642837-2.686e-06j),(1.020586259+0.007622428j),(1.021347478+0.00779417j),(1.034732995+0.013798297j),(1.033994764+0.013622846j),(1.028598786+0.011587631j),(1.042770338+0.017497596j),(1.042032072+0.017323467j),(1.012268433+0.00408762j),(1.012268433+0.00408762j),(1.024650411+0.010000564j),(1.018459422+0.007044092j),(1.031758909+0.012773894j),(1.020566482+0.007618153j),(1.020584721+0.007622582j),(1.02388636+0.009319012j),(1.021536245+0.007837259j),(1.044385298+0.018463724j),(1.042953396+0.017541266j),(1.042016308+0.017320004j),(1.042030565+0.017323604j),(1.038083199+0.014857627j),(1.034917553+0.01384216j),(1.028573606+0.011588104j),(1.02574001+0.010390546j),(-0.039503007+4.1256e-05j),(-0.039500725+3.337e-05j),(-0.039836761+2.726e-05j),(-0.03972334+3.3135e-05j),"{'64': {'dP_mw': 0.0, 'dQ_mvar': 0.0}, '57': {'dP_mw': 0.0, 'dQ_mvar': 0.0}, '55': {'dP_mw': 0.0, 'dQ_mvar': 0.0}, '61': {'dP_mw': 0.0, 'dQ_mvar': 0.0}}",1.0445484956585294,0.0,0.0,PISR_breaker_closed,5.55
12,1791551198.7014463,83,(1.024694112+0.010033505j),(1.028554113+0.011553958j),(1.028645913+0.011621318j),(1.031711782+0.012740206j),(1.031806037+0.012807582j),(1.033947636+0.013589158j),(1.034126551+0.013710041j),(1.041906315+0.017235723j),(1.03377594+0.013481231j),(1.020811235+0.007763426j),(1.020237122+0.007391812j),(1.003998126+0.000227314j),(1.00382554+0.000120858j),(1.012089702+0.003966762j),(1.012447165+0.004208478j),(1.018280691+0.006923233j),(1.018638154+0.00716495j),(1.024471679+0.009879705j),(1.024650411+0.010000564j),(1.028597814+0.011586899j),(1.028598786+0.011587631j),(1.031758909+0.012773894j),(1.033994764+0.013622846j),(1.042038103+0.017322918j),(1.020592412+0.007621811j),(1.003642837-2.686e-06j),(1.003646808+0j),(1.012268433+0.00408762j),(1.018459422+0.007044092j),(1.02859536+0.011586884j),(1.024785441+0.010088481j),(1.003646808+0j),(1.003642837-2.686e-06j),(1.003642837-2.686e-06j),(1.020586259+0.007622428j),(1.021347478+0.00779417j),(1.034732995+0.013798297j),(1.033994764+0.013622846j),(1.028598786+0.011587631j),(1.042770338+0.017497596j),(1.042032072+0.017323467j),(1.012268433+0.00408762j),(1.012268433+0.00408762j),(1.024650411+0.010000564j),(1.018459422+0.007044092j),(1.031758909+0.012773894j),(1.020566482+0.007618153j),(1.020584721+0.007622582j),(1.02388636+0.009319012j),(1.021536245+0.007837259j),(1.044385298+0.018463724j),(1.042953396+0.017541266j),(1.042016308+0.017320004j),(1.042030565+0.017323604j),(1.038083199+0.014857627j),(1.034917553+0.01384216j),(1.028573606+0.011588104j),(1.02574001+0.010390546j),(-0.039503007+4.1256e-05j),(-0.039500725+3.337e-05j),(-0.039836761+2.726e-05j),(-0.03972334+3.3135e-05j),"{'64': {'dP_mw': 0.0, 'dQ_mvar': 0.0}, '57': {'dP_mw': 0.0, 'dQ_mvar': 0.0}, '55': {'dP_mw': 0.0, 'dQ_mvar': 0.0}, '61': {'dP_mw': 0.0, 'dQ_mvar': 0.0}}",1.0445484956585294,0.0,0.0,PISR_breaker_closed,5.6
13,1791551198.751794,83,(1.024694112+0.010033505j),(1.028554113+0.011553958j),(1.028645913+0.011621318j),(1.031711782+0.012740206j),(1.031806037+0.012807582j),(1.033947636+0.013589158j),(1.034126551+0.013710041j),(1.041906315+0.017235723j),(1.03377594+0.013481231j),(1.020811235+0.007763426j),(1.020237122+0.007391812j),(1.003998126+0.000227314j),(1.00382554+0.000120858j),(1.012089702+0.003966762j),(1.012447165+0.004208478j),(1.018280691+0.006923233j),(1.018638154+0.00716495j),(1.024471679+0.009879705j),(1.024650411+0.010000564j),(1.028597814+0.011586899j),(1.028598786+0.011587631j),(1.031758909+0.012773894j),(1.033994764+0.013622846j),(1.042038103+0.017322918j),(1.020592412+0.007621811j),(1.003642837-2.686e-06j),(1.003646808+0j),(1.012268433+0.00408762j),(1.018459422+0.007044092j),(1.02859536+0.011586884j),(1.024785441+0.010088481j),(1.003646808+0j),(1.003642837-2.686e-06j),(1.003642837-2.686e-06j),(1.020586259+0.007622428j),(1.021347478+0.00779417j),(1.034732995+0.013798297j),(1.033994764+0.013622846j),(1.028598786+0.011587631j),(1.042770338+0.017497596j),(1.042032072+0.017323467j),(1.012268433+0.00408762j),(1.012268433+0.00408762j),(1.024650411+0.010000564j),(1.018459422+0.007044092j),(1.031758909+0.012773894j),(1.020566482+0.007618153j),(1.020584721+0.007622582j),(1.02388636+0.009319012j),(1.021536245+0.007837259j),(1.044385298+0.018463724j),(1.042953396+0.017541266j),(1.042016308+0.017320004j),(1.042030565+0.017323604j),(1.038083199+0.014857627j),(1.034917553+0.01384216j),(1.028573606+0.011588104j),(1.02574001+0.010390546j),(-0.039503007+4.1256e-05j),(-0.039500725+3.337e-05j),(-0.039836761+2.726e-05j),(-0.03972334+3.3135e-05j),"{'64': {'dP_mw': 0.0, 'dQ_mvar': 0.0}, '57': {'dP_mw': 0.0, 'dQ_mvar': 0.0}, '55': {'dP_mw': 0.0, 'dQ_mvar': 0.0}, '61': {'dP_mw': 0.0, 'dQ_mvar': 0.0}}",1.0445484956585294,0.0,0.0,PISR_breaker_closed,5.65
14,1791551198.8017604,83,(1.024694112+0.010033505j),(1.028554113+0.011553958j),(1.028645913+0.011621318j),(1.031711782+0.012740206j),(1.031806037+0.012807582j),(1.033947636+0.013589158j),(1.034126551+0.013710041j),(1.041906315+0.017235723j),(1.03377594+0.013481231j),(1.020811235+0.007763426j),(1.020237122+0.007391812j),(1.003998126+0.000227314j),(1.00382554+0.000120858j),(1.012089702+0.003966762j),(1.012447165+0.004208478j),(1.018280691+0.006923233j),(1.018638154+0.00716495j),(1.024471679+0.009879705j),(1.024650411+0.010000564j),(1.028597814+0.011586899j),(1.028598786+0.011587631j),(1.031758909+0.012773894j),(1.033994764+0.013622846j),(1.042038103+0.017322918j),(1.020592412+0.007621811j),(1.003642837-2.686e-06j),(1.003646808+0j),(1.012268433+0.00408762j),(1.018459422+0.007044092j),(1.02859536+0.011586884j),(1.024785441+0.010088481j),(1.003646808+0j),(1.003642837-2.686e-06j),(1.003642837-2.686e-06j),(1.020586259+0.007622428j),(1.021347478+0.00779417j),(1.034732995+0.013798297j),(1.033994764+0.013622846j),(1.028598786+0.011587631j),(1.042770338+0.017497596j),(1.042032072+0.017323467j),(1.012268433+0.00408762j),(1.012268433+0.00408762j),(1.024650411+0.010000564j),(1.018459422+0.007044092j),(1.031758909+0.012773894j),(1.020566482+0.007618153j),(1.020584721+0.007622582j),(1.02388636+0.009319012j),(1.021536245+0.007837259j),(1.044385298+0.018463724j),(1.042953396+0.017541266j),(1.042016308+0.017320004j),(1.042030565+0.017323604j),(1.038083199+0.014857627j),(1.034917553+0.01384216j),(1.028573606+0.011588104j),(1.02574001+0.010390546j),(-0.039503007+4.1256e-05j),(-0.039500725+3.337e-05j),(-0.039836761+2.726e-05j),(-0.03972334+3.3135e-05j),"{'64': {'dP_mw': 0.0, 'dQ_mvar': 0.0}, '57': {'dP_mw': 0.0, 'dQ_mvar': 0.0}, '55': {'dP_mw': 0.0, 'dQ_mvar': 0.0}, '61': {'dP_mw': 0.0, 'dQ_mvar': 0.0}}",1.0445484956585294,0.0,0.0,PISR_breaker_closed,5.7
15,1791551198.851664,83,(1.024694112+0.010033505j),(1.028554113+0.011553958j),(1.028645913+0.011621318j),(1.031711782+0.012740206j),(1.031806037+0.012807582j),(1.033947636+0.013589158j),(1.034126551+0.013710041j),(1.041906315+0.017235723j),(1.03377594+0.013481231j),(1.020811235+0.007763426j),(1.020237122+0.007391812j),(1.003998126+0.000227314j),(1.00382554+0.000120858j),(1.012089702+0.003966762j),(1.012447165+0.004208478j),(1.018280691+0.006923233j),(1.018638154+0.00716495j),(1.024471679+0.009879705j),(1.024650411+0.010000564j),(1.028597814+0.011586899j),(1.028598786+0.011587631j),(1.031758909+0.012773894j),(1.033994764+0.013622846j),(1.042038103+0.017322918j),(1.020592412+0.007621811j),(1.003642837-2.686e-06j),(1.003646808+0j),(1.012268433+0.00408762j),(1.018459422+0.007044092j),(1.02859536+0.011586884j),(1.024785441+0.010088481j),(1.003646808+0j),(1.003642837-2.686e-06j),(1.003642837-2.686e-06j),(1.020586259+0.007622428j),(1.021347478+0.00779417j),(1.034732995+0.013798297j),(1.033994764+0.013622846j),(1.028598786+0.011587631j),(1.042770338+0.017497596j),(1.042032072+0.017323467j),(1.012268433+0.00408762j),(1.012268433+0.00408762j),(1.024650411+0.010000564j),(1.018459422+0.007044092j),(1.031758909+0.012773894j),(1.020566482+0.007618153j),(1.020584721+0.007622582j),(1.02388636+0.009319012j),(1.021536245+0.007837259j),(1.044385298+0.018463724j),(1.042953396+0.017541266j),(1.042016308+0.017320004j),(1.042030565+0.017323604j),(1.038083199+0.014857627j),(1.034917553+0.01384216j),(1.028573606+0.011588104j),(1.02574001+0.010390546j),(-0.039503007+4.1256e-05j),(-0.039500725+3.337e-05j),(-0.039836761+2.726e-05j),(-0.03972334+3.3135e-05j),"{'64': {'dP_mw': 0.0, 'dQ_mvar': 0.0}, '57': {'dP_mw': 0.0, 'dQ_mvar': 0.0}, '55': {'dP_mw': 0.0, 'dQ_mvar': 0.0}, '61': {'dP_mw': 0.0, 'dQ_mvar': 0.0}}",1.0445484956585294,0.0,0.0,PISR_breaker_closed,5.75
16,1791551198.9020739,83,(1.024694112+0.010033505j),(1.028554113+0.011553958j),(1.028645913+0.011621318j),(1.031711782+0.012740206j),(1.031806037+0.012807582j),(1.033947636+0.013589158j),(1.034126551+0.013710041j),(1.041906315+0.017235723j),(1.03377594+0.013481231j),(1.020811235+0.007763426j),(1.020237122+0.007391812j),(1.003998126+0.000227314j),(1.00382554+0.000120858j),(1.012089702+0.003966762j),(1.012447165+0.004208478j),(1.018280691+0.006923233j),(1.018638154+0.00716495j),(1.024471679+0.009879705j),(1.024650411+0.010000564j),(1.028597814+0.011586899j),(1.028598786+0.011587631j),(1.031758909+0.012773894j),(1.033994764+0.013622846j),(1.042038103+0.017322918j),(1.020592412+0.007621811j),(1.003642837-2.686e-06j),(1.003646808+0j),(1.012268433+0.00408762j),(1.018459422+0.007044092j),(1.02859536+0.011586884j),(1.024785441+0.010088481j),(1.003646808+0j),(1.003642837-2.686e-06j),(1.003642837-2.686e-06j),(1.020586259+0.007622428j),(1.021347478+0.00779417j),(1.034732995+0.013798297j),(1.033994764+0.013622846j),(1.028598786+0.011587631j),(1.042770338+0.017497596j),(1.042032072+0.017323467j),(1.012268433+0.00408762j),(1.012268433+0.00408762j),(1.024650411+0.010000564j),(1.018459422+0.007044092j),(1.031758909+0.012773894j),(1.020566482+0.007618153j),(1.020584721+0.007622582j),(1.02388636+0.009319012j),(1.021536245+0.007837259j),(1.044385298+0.018463724j),(1.042953396+0.017541266j),(1.042016308+0.017320004j),(1.042030565+0.017323604j),(1.038083199+0.014857627j),(1.034917553+0.01384216j),(1.028573606+0.011588104j),(1.02574001+0.010390546j),(-0.039503007+4.1256e-05j),(-0.039500725+3.337e-05j),(-0.039836761+2.726e-05j),(-0.03972334+3.3135e-05j),"{'64': {'dP_mw': 0.0, 'dQ_mvar': 0.0}, '57': {'dP_mw': 0.0, 'dQ_mvar': 0.0}, '55': {'dP_mw': 0.0, 'dQ_mvar': 0.0}, '61': {'dP_mw': 0.0, 'dQ_mvar': 0.0}}",1.0445484956585294,0.0,0.0,PISR_breaker_closed,5.8
17,1791551198.9521163,83,(1.024694112+0.010033505j),(1.028554113+0.011553958j),(1.028645913+0.011621318j),(1.031711782+0.012740206j),(1.031806037+0.012807582j),(1.033947636+0.013589158j),(1.034126551+0.013710041j),(1.041906315+0.017235723j),(1.03377594+0.013481231j),(1.020811235+0.007763426j),(1.020237122+0.007391812j),(1.003998126+0.000227314j),(1.00382554+0.000120858j),(1.012089702+0.003966762j),(1.012447165+0.004208478j),(1.018280691+0.006923233j),(1.018638154+0.00716495j),(1.024471679+0.009879705j),(1.024650411+0.010000564j),(1.028597814+0.011586899j),(1.028598786+0.011587631j),(1.031758909+0.012773894j),(1.033994764+0.013622846j),(1.042038103+0.017322918j),(1.020592412+0.007621811j),(1.003642837-2.686e-06j),(1.003646808+0j),(1.012268433+0.00408762j),(1.018459422+0.007044092j),(1.02859536+0.011586884j),(1.024785441+0.010088481j),(1.003646808+0j),(1.003642837-2.686e-06j),(1.003642837-2.686e-06j),(1.020586259+0.007622428j),(1.021347478+0.00779417j),(1.034732995+0.013798297j),(1.033994764+0.013622846j),(1.028598786+0.011587631j),(1.042770338+0.017497596j),(1.042032072+0.017323467j),(1.012268433+0.00408762j),(1.012268433+0.00408762j),(1.024650411+0.010000564j),(1.018459422+0.007044092j),(1.031758909+0.012773894j),(1.020566482+0.007618153j),(1.020584721+0.007622582j),(1.02388636+0.009319012j),(1.021536245+0.007837259j),(1.044385298+0.018463724j),(1.042953396+0.017541266j),(1.042016308+0.017320004j),(1.042030565+0.017323604j),(1.038083199+0.014857627j),(1.034917553+0.01384216j),(1.028573606+0.011588104j),(1.02574001+0.010390546j),(-0.039503007+4.1256e-05j),(-0.039500725+3.337e-05j),(-0.039836761+2.726e-05j),(-0.03972334+3.3135e-05j),"{'64': {'dP_mw': 0.0, 'dQ_mvar': 0.0}, '57': {'dP_mw': 0.0, 'dQ_mvar': 0.0}, '55': {'dP_mw': 0.0, 'dQ_mvar': 0.0}, '61': {'dP_mw': 0.0, 'dQ_mvar': 0.0}}",1.0445484956585294,0.0,0.0,PISR_breaker_closed,5.85
18,1791551199.002257,83,(1.024694112+0.010033505j),(1.028554113+0.011553958j),(1.028645913+0.011621318j),(1.031711782+0.012740206j),(1.031806037+0.012807582j),(1.033947636+0.013589158j),(1.034126551+0.013710041j),(1.041906315+0.017235723j),(1.03377594+0.013481231j),(1.020811235+0.007763426j),(1.020237122+0.007391812j),(1.003998126+0.000227314j),(1.00382554+0.000120858j),(1.012089702+0.003966762j),(1.012447165+0.004208478j),(1.018280691+0.006923233j),(1.018638154+0.00716495j),(1.024471679+0.009879705j),(1.024650411+0.010000564j),(1.028597814+0.011586899j),(1.028598786+0.011587631j),(1.031758909+0.012773894j),(1.033994764+0.013622846j),(1.042038103+0.017322918j),(1.020592412+0.007621811j),(1.003642837-2.686e-06j),(1.003646808+0j),(1.012268433+0.00408762j),(1.018459422+0.007044092j),(1.02859536+0.011586884j),(1.024785441+0.010088481j),(1.003646808+0j),(1.003642837-2.686e-06j),(1.003642837-2.686e-06j),(1.020586259+0.007622428j),(1.021347478+0.00779417j),(1.034732995+0.013798297j),(1.033994764+0.013622846j),(1.028598786+0.011587631j),(1.042770338+0.017497596j),(1.042032072+0.017323467j),(1.012268433+0.00408762j),(1.012268433+0.00408762j),(1.024650411+0.010000564j),(1.018459422+0.007044092j),(1.031758909+0.012773894j),(1.020566482+0.007618153j),(1.020584721+0.007622582j),(1.02388636+0.009319012j),(1.021536245+0.007837259j),(1.044385298+0.018463724j),(1.042953396+0.017541266j),(1.042016308+0.017320004j),(1.042030565+0.017323604j),(1.038083199+0.014857627j),(1.034917553+0.01384216j),(1.028573606+0.011588104j),(1.02574001+0.010390546j),(-0.039503007+4.1256e-05j),(-0.039500725+3.337e-05j),(-0.039836761+2.726e-05j),(-0.03972334+3.3135e-05j),"{'64': {'dP_mw': 0.0, 'dQ_mvar': 0.0}, '57': {'dP_mw': 0.0, 'dQ_mvar': 0.0}, '55': {'dP_mw': 0.0, 'dQ_mvar': 0.0}, '61': {'dP_mw': 0.0, 'dQ_mvar': 0.0}}",1.0445484956585294,0.0,0.0,PISR_breaker_closed,5.9
19,1791551199.0523489,83,(1.024694112+0.010033505j),(1.028554113+0.011553958j),(1.028645913+0.011621318j),(1.031711782+0.012740206j),(1.031806037+0.012807582j),(1.033947636+0.013589158j),(1.034126551+0.013710041j),(1.041906315+0.017235723j),(1.03377594+0.013481231j),(1.020811235+0.007763426j),(1.020237122+0.007391812j),(1.003998126+0.000227314j),(1.00382554+0.000120858j),(1.012089702+0.003966762j),(1.012447165+0.004208478j),(1.018280691+0.006923233j),(1.018638154+0.00716495j),(1.024471679+0.009879705j),(1.024650411+0.010000564j),(1.028597814+0.011586899j),(1.028598786+0.011587631j),(1.031758909+0.012773894j),(1.033994764+0.013622846j),(1.042038103+0.017322918j),(1.020592412+0.007621811j),(1.003642837-2.686e-06j),(1.003646808+0j),(1.012268433+0.00408762j),(1.018459422+0.007044092j),(1.02859536+0.011586884j),(1.024785441+0.010088481j),(1.003646808+0j),(1.003642837-2.686e-06j),(1.003642837-2.686e-06j),(1.020586259+0.007622428j),(1.021347478+0.00779417j),(1.034732995+0.013798297j),(1.033994764+0.013622846j),(1.028598786+0.011587631j),(1.042770338+0.017497596j),(1.042032072+0.017323467j),(1.012268433+0.00408762j),(1.012268433+0.00408762j),(1.024650411+0.010000564j),(1.018459422+0.007044092j),(1.031758909+0.012773894j),(1.020566482+0.007618153j),(1.020584721+0.007622582j),(1.02388636+0.009319012j),(1.021536245+0.007837259j),(1.044385298+0.018463724j),(1.042953396+0.017541266j),(1.042016308+0.017320004j),(1.042030565+0.017323604j),(1.038083199+0.014857627j),(1.034917553+0.01384216j),(1.028573606+0.011588104j),(1.02574001+0.010390546j),(-0.039503007+4.1256e-05j),(-0.039500725+3.337e-05j),(-0.039836761+2.726e-05j),(-0.03972334+3.3135e-05j),"{'64': {'dP_mw': 0.0, 'dQ_mvar': 0.0}, '57': {'dP_mw': 0.0, 'dQ_mvar': 0.0}, '55': {'dP_mw': 0.0, 'dQ_mvar': 0.0}, '61': {'dP_mw': 0.0, 'dQ_mvar': 0.0}}",1.0445484956585294,0.0,0.0,PISR_breaker_closed,5.95
20,1791551199.1037128,83,(1.024694112+0.010033505j),(1.028554113+0.011553958j),(1.028645913+0.011621318j),(1.031711782+0.012740206j),(1.031806037+0.012807582j),(1.033947636+0.013589158j),(1.034126551+0.013710041j),(1.041906315+0.017235723j),(1.03377594+0.013481231j),(1.020811235+0.007763426j),(1.020237122+0.007391812j),(1.003998126+0.000227314j),(1.00382554+0.000120858j),(1.012089702+0.003966762j),(1.012447165+0.004208478j),(1.018280691+0.006923233j),(1.018638154+0.00716495j),(1.024471679+0.009879705j),(1.024650411+0.010000564j),(1.028597814+0.011586899j),(1.028598786+0.011587631j),(1.031758909+0.012773894j),(1.033994764+0.013622846j),(1.042038103+0.017322918j),(1.020592412+0.007621811j),(1.003642837-2.686e-06j),(1.003646808+0j),(1.012268433+0.00408762j),(1.018459422+0.007044092j),(1.02859536+0.011586884j),(1.024785441+0.010088481j),(1.003646808+0j),(1.003642837-2.686e-06j),(1.003642837-2.686e-06j),(1.020586259+0.007622428j),(1.021347478+0.00779417j),(1.034732995+0.013798297j),(1.033994764+0.013622846j),(1.028598786+0.011587631j),(1.042770338+0.017497596j),(1.042032072+0.017323467j),(1.012268433+0.00408762j),(1.012268433+0.00408762j),(1.024650411+0.010000564j),(1.018459422+0.007044092j),(1.031758909+0.012773894j),(1.020566482+0.007618153j),(1.020584721+0.007622582j),(1.02388636+0.009319012j),(1.021536245+0.007837259j),(1.044385298+0.018463724j),(1.042953396+0.017541266j),(1.042016308+0.017320004j),(1.042030565+0.017323604j),(1.038083199+0.014857627j),(1.034917553+0.01384216j),(1.028573606+0.011588104j),(1.02574001+0.010390546j),(-0.039503007+4.1256e-05j),(-0.039500725+3.337e-05j),(-0.039836761+2.726e-05j),(-0.03972334+3.3135e-05j),"{'64': {'dP_mw': 0.0, 'dQ_mvar': 0.0}, '57': {'dP_mw': 0.0, 'dQ_mvar': 0.0}, '55': {'dP_mw': 0.0, 'dQ_mvar': 0.0}, '61': {'dP_mw': -0.05, 'dQ_mvar': -0.05}}",1.0445484956585294,-0.05,-0.05,PISR_breaker_closed,6.0
21,1791551199.1526914,83,(1.041940719+0.007214562j),(1.050646671+0.006277189j),(1.050880495+0.006315903j),(1.057543515+0.005607424j),(1.057778164+0.005646434j),(1.062432479+0.005151541j),(1.062678848+0.00525485j),(1.070283138+0.008622993j),(1.06213583+0.005083944j),(1.039165345+0.003972039j),(1.038202971+0.003711493j),(1.014343262+0.000171114j),(1.014047376+0.000104884j),(1.025053528+0.002827565j),(1.025547579+0.003037333j),(1.033316627+0.004959226j),(1.033810679+0.005168994j),(1.041579726+0.007090887j),(1.041826752+0.00719577j),(1.050760638+0.00629598j),(1.05076317+0.006296398j),(1.057660839+0.005626929j),(1.062549804+0.005171046j),(1.070412182+0.008706797j),(1.038751371+0.003884938j),(1.013794861-2.331e-06j),(1.013800351+0j),(1.025300553+0.002932449j),(1.033563653+0.00506411j),(1.050759813+0.006295684j),(1.041959811+0.007281863j),(1.013800351+0j),(1.013794861-2.331e-06j),(1.013794861-2.331e-06j),(1.038745328+0.003885566j),(1.039493972+0.004051496j),(1.064374363+0.004624353j),(1.062549804+0.005171046j),(1.05076317+0.006296398j),(1.071126593+0.008870785j),(1.070406315+0.008707381j),(1.025300553+0.002932449j),(1.025300553+0.002932449j),(1.041826752+0.00719577j),(1.033563653+0.00506411j),(1.057660839+0.005626929j),(1.038725881+0.003881438j),(1.038743818+0.003885723j),(1.041994453+0.005540428j),(1.039679622+0.004093136j),(1.072707075+0.009798043j),(1.071305195+0.008911782j),(1.070390939+0.008704139j),(1.070404849+0.008707527j),(1.072985185+0.002715051j),(1.064830502+0.00448768j),(1.050738524+0.006296992j),(1.042899544+0.007576273j),(-0.039503007+4.1256e-05j),(-0.039500725+3.337e-05j),(-0.039836761+2.726e-05j),(-0.08972334-0.049966865j),"{'64': {'dP_mw': 0.0, 'dQ_mvar': 0.0}, '57': {'dP_mw': 0.0, 'dQ_mvar': 0.0}, '55': {'dP_mw': 0.0, 'dQ_mvar': 0.0}, '61': {'dP_mw': -0.05, 'dQ_mvar': -0.05}}",1.0729886200381702,-0.05,-0.05,PISR_breaker_closed,6.05
22,1791551199.2027726,83,(1.041940719+0.007214562j),(1.050646671+0.006277189j),(1.050880495+0.006315903j),(1.057543515+0.005607424j),(1.057778164+0.005646434j),(1.062432479+0.005151541j),(1.062678848+0.00525485j),(1.070283138+0.008622993j),(1.06213583+0.005083944j),(1.039165345+0.003972039j),(1.038202971+0.003711493j),(1.014343262+0.000171114j),(1.014047376+0.000104884j),(1.025053528+0.002827565j),(1.025547579+0.003037333j),(1.033316627+0.004959226j),(1.033810679+0.005168994j),(1.041579726+0.007090887j),(1.041826752+0.00719577j),(1.050760638+0.00629598j),(1.05076317+0.006296398j),(1.057660839+0.005626929j),(1.062549804+0.005171046j),(1.070412182+0.008706797j),(1.038751371+0.003884938j),(1.013794861-2.331e-06j),(1.013800351+0j),(1.025300553+0.002932449j),(1.033563653+0.00506411j),(1.050759813+0.006295684j),(1.041959811+0.007281863j),(1.013800351+0j),(1.013794861-2.331e-06j),(1.013794861-2.331e-06j),(1.038745328+0.003885566j),(1.039493972+0.004051496j),(1.064374363+0.004624353j),(1.062549804+0.005171046j),(1.05076317+0.006296398j),(1.071126593+0.008870785j),(1.070406315+0.008707381j),(1.025300553+0.002932449j),(1.025300553+0.002932449j),(1.041826752+0.00719577j),(1.033563653+0.00506411j),(1.057660839+0.005626929j),(1.038725881+0.003881438j),(1.038743818+0.003885723j),(1.041994453+0.005540428j),(1.039679622+0.004093136j),(1.072707075+0.009798043j),(1.071305195+0.008911782j),(1.070390939+0.008704139j),(1.070404849+0.008707527j),(1.072985185+0.002715051j),(1.064830502+0.00448768j),(1.050738524+0.006296992j),(1.042899544+0.007576273j),(-0.039503007+4.1256e-05j),(-0.039500725+3.337e-05j),(-0.039836761+2.726e-05j),(-0.08972334-0.049966865j),"{'64': {'dP_mw': 0.0, 'dQ_mvar': 0.0}, '57': {'dP_mw': 0.0, 'dQ_mvar': 0.0}, '55': {'dP_mw': 0.0, 'dQ_mvar': 0.0}, '61': {'dP_mw': -0.05, 'dQ_mvar': -0.05}}",1.0729886200381702,-0.05,-0.05,PISR_breaker_closed,6.1
23,1791551199.253129,83,(1.041940719+0.007214562j),(1.050646671+0.006277189j),(1.050880495+0.006315903j),(1.057543515+0.005607424j),(1.057778164+0.005646434j),(1.062432479+0.005151541j),(1.062678848+0.00525485j),(1.070283138+0.008622993j),(1.06213583+0.005083944j),(1.039165345+0.003972039j),(1.038202971+0.003711493j),(1.014343262+0.000171114j),(1.014047376+0.000104884j),(1.025053528+0.002827565j),(1.025547579+0.003037333j),(1.033316627+0.004959226j),(1.033810679+0.005168994j),(1.041579726+0.007090887j),(1.041826752+0.00719577j),(1.050760638+0.00629598j),(1.05076317+0.006296398j),(1.057660839+0.005626929j),(1.062549804+0.005171046j),(1.070412182+0.008706797j),(1.038751371+0.003884938j),(1.013794861-2.331e-06j),(1.013800351+0j),(1.025300553+0.002932449j),(1.033563653+0.00506411j),(1.050759813+0.006295684j),(1.041959811+0.007281863j),(1.013800351+0j),(1.013794861-2.331e-06j),(1.013794861-2.331e-06j),(1.038745328+0.003885566j),(1.039493972+0.004051496j),(1.064374363+0.004624353j),(1.062549804+0.005171046j),(1.05076317+0.006296398j),(1.071126593+0.008870785j),(1.070406315+0.008707381j),(1.025300553+0.002932449j),(1.025300553+0.002932449j),(1.041826752+0.00719577j),(1.033563653+0.00506411j),(1.057660839+0.005626929j),(1.038725881+0.003881438j),(1.038743818+0.003885723j),(1.041994453+0.005540428j),(1.039679622+0.004093136j),(1.072707075+0.009798043j),(1.071305195+0.008911782j),(1.070390939+0.008704139j),(1.070404849+0.008707527j),(1.072985185+0.002715051j),(1.064830502+0.00448768j),(1.050738524+0.006296992j),(1.042899544+0.007576273j),(-0.039503007+4.1256e-05j),(-0.039500725+3.337e-05j),(-0.039836761+2.726e-05j),(-0.08972334-0.049966865j),"{'64': {'dP_mw': 0.0, 'dQ_mvar': 0.0}, '57': {'dP_mw': 0.0, 'dQ_mvar': 0.0}, '55': {'dP_mw': 0.0, 'dQ_mvar': 0.0}, '61': {'dP_mw': -0.05, 'dQ_mvar': -0.05}}",1.0729886200381702,-0.05,-0.05,PISR_breaker_closed,6.15
24,1791551199.3032353,83,(1.018872662+0.020047337j),(1.027110577+0.020975807j),(1.027319128+0.021059209j),(1.033638859+0.021739955j),(1.033848579+0.021823229j),(1.038263097+0.02229875j),(1.038420351+0.022544305j),(1.042961886+0.032978965j),(1.038009516+0.022147987j),(1.017113509+0.014906049j),(1.016339221+0.014310961j),(0.996445978+0.000397911j),(0.996214889+0.000215022j),(1.005192808+0.007975459j),(1.005554291+0.008405503j),(1.011891646+0.013883459j),(1.012253129+0.014313502j),(1.018590484+0.019791458j),(1.018771225+0.02000648j),(1.027212014+0.021016664j),(1.027214268+0.021017572j),(1.033743719+0.021781592j),(1.038367957+0.022340387j),(1.04301428+0.033182883j),(1.016755068+0.01471365j),(0.996030131-4.778e-06j),(0.996034147+0j),(1.00537355+0.008190481j),(1.012072387+0.01409848j),(1.027210845+0.021016793j),(1.01885053+0.020180645j),(0.996034147+0j),(0.996030131-4.778e-06j),(0.996030131-4.778e-06j),(1.016748888+0.014714225j),(1.017355173+0.015555223j),(1.040242749+0.021812266j),(1.038367957+0.022340387j),(1.027214268+0.021017572j),(1.043581694+0.034004332j),(1.04300825+0.03318334j),(1.00537355+0.008190481j),(1.00537355+0.008190481j),(1.018771225+0.02000648j),(1.012072387+0.01409848j),(1.033743719+0.021781592j),(1.016729069+0.014709796j),(1.016747343+0.014714369j),(1.018534591+0.019327657j),(1.017505199+0.015765617j),(1.044318178+0.036389024j),(1.043723547+0.034209694j),(1.04299256+0.033179642j),(1.043006742+0.033183454j),(1.0490793+0.020005681j),(1.040711447+0.021680235j),(1.027189055+0.021017815j),(1.019614736+0.021091702j),(-0.039503007+0.024434794j),(-0.039500725+0.034304913j),(-0.039836761+0.034700826j),(-0.08972334-0.049966865j),"{'64': {'dP_mw': 0.0, 'dQ_mvar': 0.02439353845324447}, '57': {'dP_mw': 0.0, 'dQ_mvar': 0.03427154309831101}, '55': {'dP_mw': 0.0, 'dQ_mvar': 0.03467356539937405}, '61': {'dP_mw': -0.05, 'dQ_mvar': -0.05}}",1.0492700343385224,-0.05,0.043338646950929524,PISR_breaker_closed,6.2
25,1791551199.3532069,83,(1.018872662+0.020047337j),(1.027110577+0.020975807j),(1.027319128+0.021059209j),(1.033638859+0.021739955j),(1.033848579+0.021823229j),(1.038263097+0.02229875j),(1.038420351+0.022544305j),(1.042961886+0.032978965j),(1.038009516+0.022147987j),(1.017113509+0.014906049j),(1.016339221+0.014310961j),(0.996445978+0.000397911j),(0.996214889+0.000215022j),(1.005192808+0.007975459j),(1.005554291+0.008405503j),(1.011891646+0.013883459j),(1.012253129+0.014313502j),(1.018590484+0.019791458j),(1.018771225+0.02000648j),(1.027212014+0.021016664j),(1.027214268+0.021017572j),(1.033743719+0.021781592j),(1.038367957+0.022340387j),(1.04301428+0.033182883j),(1.016755068+0.01471365j),(0.996030131-4.778e-06j),(0.996034147+0j),(1.00537355+0.008190481j),(1.012072387+0.01409848j),(1.027210845+0.021016793j),(1.01885053+0.020180645j),(0.996034147+0j),(0.996030131-4.778e-06j),(0.996030131-4.778e-06j),(1.016748888+0.014714225j),(1.017355173+0.015555223j),(1.040242749+0.021812266j),(1.038367957+0.022340387j),(1.027214268+0.021017572j),(1.043581694+0.034004332j),(1.04300825+0.03318334j),(1.00537355+0.008190481j),(1.00537355+0.008190481j),(1.018771225+0.02000648j),(1.012072387+0.01409848j),(1.033743719+0.021781592j),(1.016729069+0.014709796j),(1.016747343+0.014714369j),(1.018534591+0.019327657j),(1.017505199+0.015765617j),(1.044318178+0.036389024j),(1.043723547+0.034209694j),(1.04299256+0.033179642j),(1.043006742+0.033183454j),(1.0490793+0.020005681j),(1.040711447+0.021680235j),(1.027189055+0.021017815j),(1.019614736+0.021091702j),(-0.039503007+0.024434794j),(-0.039500725+0.034304913j),(-0.039836761+0.034700826j),(-0.08972334-0.049966865j),"{'64': {'dP_mw': 0.0, 'dQ_mvar': 0.02439353845324447}, '57': {'dP_mw': 0.0, 'dQ_mvar': 0.03427154309831101}, '55': {'dP_mw': 0.0, 'dQ_mvar': 0.03467356539937405}, '61': {'dP_mw': -0.05, 'dQ_mvar': -0.05}}",1.0492700343385224,-0.05,0.043338646950929524,PISR_breaker_closed,6.25
26,1791551199.4033186,83,(1.018968194+0.019916937j),(1.027170586+0.020873232j),(1.027378025+0.020957096j),(1.033671346+0.021658502j),(1.033879966+0.021742232j),(1.038276035+0.022232185j),(1.038432466+0.022478379j),(1.042962934+0.032937328j),(1.038021631+0.022081493j),(1.017109561+0.014833507j),(1.016336543+0.014240174j),(0.996519914+0.000396025j),(0.996290748+0.000213853j),(1.005276284+0.007923035j),(1.005638508+0.008350741j),(1.01198124+0.013792517j),(1.012343463+0.014220222j),(1.018686195+0.019661998j),(1.018867307+0.019875851j),(1.027271474+0.020914318j),(1.027273715+0.020915231j),(1.033775656+0.021700367j),(1.038380345+0.022274049j),(1.043015054+0.033141658j),(1.016750846+0.014640951j),(0.996105611-4.752e-06j),(0.996109636+0j),(1.005457396+0.008136888j),(1.012162351+0.01400637j),(1.027270293+0.020914452j),(1.018947532+0.020048618j),(0.996109636+0j),(0.996105611-4.752e-06j),(0.996105611-4.752e-06j),(1.016744667+0.014641527j),(1.01733954+0.015476261j),(1.040255084+0.021745813j),(1.038380345+0.022274049j),(1.027273715+0.020915231j),(1.043581915+0.033965375j),(1.043009024+0.033142114j),(1.005457396+0.008136888j),(1.005457396+0.008136888j),(1.018867307+0.019875851j),(1.012162351+0.01400637j),(1.033775656+0.021700367j),(1.016724846+0.014637099j),(1.016743122+0.014641671j),(1.018484942+0.019212353j),(1.017486713+0.015685089j),(1.04431538+0.03635506j),(1.043723631+0.034171304j),(1.042993334+0.033138417j),(1.043007516+0.033142229j),(1.049091428+0.019938681j),(1.040723769+0.021613754j),(1.027248504+0.020915476j),(1.019714923+0.020949778j),(-0.039503007+0.024038402j),(-0.039500725+0.034428277j),(-0.039190247+0.03452708j),(-0.08972334-0.049966865j),"{'64': {'dP_mw': 0.0, 'dQ_mvar': 0.023997146701894158}, '57': {'dP_mw': 0.0, 'dQ_mvar': 0.034394907753627336}, '55': {'dP_mw': 0.0006465143347390186, 'dQ_mvar': 0.034499819932791054}, '61': {'dP_mw': -0.05, 'dQ_mvar': -0.05}}",1.0492808848459496,-0.04935348566526099,0.042891874388312545,PISR_breaker_closed,6.3
27,1791551199.453555,83,(1.018968194+0.019916937j),(1.027170586+0.020873232j),(1.027378025+0.020957096j),(1.033671346+0.021658502j),(1.033879966+0.021742232j),(1.038276035+0.022232185j),(1.038432466+0.022478379j),(1.042962934+0.032937328j),(1.038021631+0.022081493j),(1.017109561+0.014833507j),(1.016336543+0.014240174j),(0.996519914+0.000396025j),(0.996290748+0.000213853j),(1.005276284+0.007923035j),(1.005638508+0.008350741j),(1.01198124+0.013792517j),(1.012343463+0.014220222j),(1.018686195+0.019661998j),(1.018867307+0.019875851j),(1.027271474+0.020914318j),(1.027273715+0.020915231j),(1.033775656+0.021700367j),(1.038380345+0.022274049j),(1.043015054+0.033141658j),(1.016750846+0.014640951j),(0.996105611-4.752e-06j),(0.996109636+0j),(1.005457396+0.008136888j),(1.012162351+0.01400637j),(1.027270293+0.020914452j),(1.018947532+0.020048618j),(0.996109636+0j),(0.996105611-4.752e-06j),(0.996105611-4.752e-06j),(1.016744667+0.014641527j),(1.01733954+0.015476261j),(1.040255084+0.021745813j),(1.038380345+0.022274049j),(1.027273715+0.020915231j),(1.043581915+0.033965375j),(1.043009024+0.033142114j),(1.005457396+0.008136888j),(1.005457396+0.008136888j),(1.018867307+0.019875851j),(1.012162351+0.01400637j),(1.033775656+0.021700367j),(1.016724846+0.014637099j),(1.016743122+0.014641671j),(1.018484942+0.019212353j),(1.017486713+0.015685089j),(1.04431538+0.03635506j),(1.043723631+0.034171304j),(1.042993334+0.033138417j),(1.043007516+0.033142229j),(1.049091428+0.019938681j),(1.040723769+0.021613754j),(1.027248504+0.020915476j),(1.019714923+0.020949778j),(-0.039503007+0.024038402j),(-0.039500725+0.034428277j),(-0.039190247+0.03452708j),(-0.08972334-0.049966865j),"{'64': {'dP_mw': 0.0, 'dQ_mvar': 0.023997146701894158}, '57': {'dP_mw': 0.0, 'dQ_mvar': 0.034394907753627336}, '55': {'dP_mw': 0.0006465143347390186, 'dQ_mvar': 0.034499819932791054}, '61': {'dP_mw': -0.05, 'dQ_mvar': -0.05}}",1.0492808848459496,-0.04935348566526099,0.042891874388312545,PISR_breaker_closed,6.35
28,1791551199.5036106,84,(1.018872662+0.020047337j),(1.027110577+0.020975807j),(1.027319127+0.021059209j),(1.033638859+0.021739956j),(1.033848578+0.021823229j),(1.038263096+0.022298751j),(1.03842035+0.022544305j),(1.042961885+0.032978966j),(1.038009516+0.022147988j),(1.017113508+0.014906049j),(1.016339221+0.014310961j),(0.996445978+0.000397911j),(0.996214889+0.000215022j),(1.005192808+0.007975459j),(1.005554291+0.008405503j),(1.011891646+0.013883458j),(1.012253129+0.014313502j),(1.018590483+0.019791458j),(1.018771225+0.02000648j),(1.027212013+0.021016665j),(1.027214268+0.021017573j),(1.033743718+0.021781592j),(1.038367956+0.022340387j),(1.04301428+0.033182884j),(1.016755068+0.01471365j),(0.996030131-4.778e-06j),(0.996034147+0j),(1.005373549+0.008190481j),(1.012072387+0.01409848j),(1.027210844+0.021016793j),(1.01885053+0.020180644j),(0.996034147+0j),(0.996030131-4.778e-06j),(0.996030131-4.778e-06j),(1.016748888+0.014714226j),(1.017355173+0.015555224j),(1.040242748+0.021812266j),(1.038367956+0.022340387j),(1.027214268+0.021017573j),(1.043581693+0.034004333j),(1.043008249+0.033183341j),(1.005373549+0.008190481j),(1.005373549+0.008190481j),(1.018771225+0.02000648j),(1.012072387+0.01409848j),(1.033743718+0.021781592j),(1.016729068+0.014709796j),(1.016747343+0.01471437j),(1.018534591+0.019327657j),(1.017505199+0.015765617j),(1.044318177+0.036389025j),(1.043723546+0.034209695j),(1.042992559+0.033179643j),(1.043006742+0.033183455j),(1.049079299+0.020005682j),(1.040711446+0.021680236j),(1.027189054+0.021017815j),(1.019614736+0.021091701j),(-0.039503007+0.024434793j),(-0.039500725+0.034304916j),(-0.039836761+0.034700825j),(-0.08972334-0.049966865j),"{'64': {'dP_mw': 0.0, 'dQ_mvar': 0.0243935372934396}, '57': {'dP_mw': 0.0, 'dQ_mvar': 0.034271546025463}, '55': {'dP_mw': 0.0, 'dQ_mvar': 0.034673564665253946}, '61': {'dP_mw': -0.05, 'dQ_mvar': -0.05}}",1.0492700333577702,-0.05,0.04333864798415654,PISR_breaker_closed,6.4
29,1791551199.5536091,84,(1.018872662+0.020047337j),(1.027110577+0.020975807j),(1.027319127+0.021059209j),(1.033638859+0.021739956j),(1.033848578+0.021823229j),(1.038263096+0.022298751j),(1.03842035+0.022544305j),(1.042961885+0.032978966j),(1.038009516+0.022147988j),(1.017113508+0.014906049j),(1.016339221+0.014310961j),(0.996445978+0.000397911j),(0.996214889+0.000215022j),(1.005192808+0.007975459j),(1.005554291+0.008405503j),(1.011891646+0.013883458j),(1.012253129+0.014313502j),(1.018590483+0.019791458j),(1.018771225+0.02000648j),(1.027212013+0.021016665j),(1.027214268+0.021017573j),(1.033743718+0.021781592j),(1.038367956+0.022340387j),(1.04301428+0.033182884j),(1.016755068+0.01471365j),(0.996030131-4.778e-06j),(0.996034147+0j),(1.005373549+0.008190481j),(1.012072387+0.01409848j),(1.027210844+0.021016793j),(1.01885053+0.020180644j),(0.996034147+0j),(0.996030131-4.778e-06j),(0.996030131-4.778e-06j),(1.016748888+0.014714226j),(1.017355173+0.015555224j),(1.040242748+0.021812266j),(1.038367956+0.022340387j),(1.027214268+0.021017573j),(1.043581693+0.034004333j),(1.043008249+0.033183341j),(1.005373549+0.008190481j),(1.005373549+0.008190481j),(1.018771225+0.02000648j),(1.012072387+0.01409848j),(1.033743718+0.021781592j),(1.016729068+0.014709796j),(1.016747343+0.01471437j),(1.018534591+0.019327657j),(1.017505199+0.015765617j),(1.044318177+0.036389025j),(1.043723546+0.034209695j),(1.042992559+0.033179643j),(1.043006742+0.033183455j),(1.049079299+0.020005682j),(1.040711446+0.021680236j),(1.027189054+0.021017815j),(1.019614736+0.021091701j),(-0.039503007+0.024434793j),(-0.039500725+0.034304916j),(-0.039836761+0.034700825j),(-0.08972334-0.049966865j),"{'64': {'dP_mw': 0.0, 'dQ_mvar': 0.0243935372934396}, '57': {'dP_mw': 0.0, 'dQ_mvar': 0.034271546025463}, '55': {'dP_mw': 0.0, 'dQ_mvar': 0.034673564665253946}, '61': {'dP_mw': -0.05, 'dQ_mvar': -0.05}}",1.0492700333577702,-0.05,0.04333864798415654,PISR_breaker_closed,6.45
30,1791551199.603718,84,(1.018872662+0.020047338j),(1.027110577+0.020975807j),(1.027319128+0.021059209j),(1.033638859+0.021739955j),(1.033848579+0.021823229j),(1.038263097+0.02229875j),(1.038420351+0.022544305j),(1.042961886+0.032978965j),(1.038009516+0.022147987j),(1.017113509+0.014906049j),(1.016339221+0.014310961j),(0.996445978+0.000397911j),(0.996214889+0.000215022j),(1.005192808+0.007975459j),(1.005554291+0.008405503j),(1.011891646+0.013883459j),(1.012253129+0.014313503j),(1.018590484+0.019791458j),(1.018771225+0.02000648j),(1.027212014+0.021016664j),(1.027214268+0.021017572j),(1.033743719+0.021781592j),(1.038367957+0.022340387j),(1.04301428+0.033182883j),(1.016755068+0.01471365j),(0.996030131-4.778e-06j),(0.996034147+0j),(1.00537355+0.008190481j),(1.012072387+0.014098481j),(1.027210845+0.021016793j),(1.01885053+0.020180645j),(0.996034147+0j),(0.996030131-4.778e-06j),(0.996030131-4.778e-06j),(1.016748888+0.014714225j),(1.017355173+0.015555223j),(1.040242749+0.021812265j),(1.038367957+0.022340387j),(1.027214268+0.021017572j),(1.043581694+0.034004332j),(1.04300825+0.033183339j),(1.00537355+0.008190481j),(1.00537355+0.008190481j),(1.018771225+0.02000648j),(1.012072387+0.014098481j),(1.033743719+0.021781592j),(1.016729069+0.014709796j),(1.016747344+0.014714369j),(1.018534591+0.019327657j),(1.017505199+0.015765617j),(1.044318178+0.036389024j),(1.043723547+0.034209694j),(1.04299256+0.033179642j),(1.043006742+0.033183454j),(1.0490793+0.020005681j),(1.040711447+0.021680235j),(1.027189054+0.021017815j),(1.019614736+0.021091702j),(-0.039503007+0.024434795j),(-0.039500725+0.034304912j),(-0.039836761+0.034700825j),(-0.08972334-0.049966865j),"{'64': {'dP_mw': 0.0, 'dQ_mvar': 0.024393538944180053}, '57': {'dP_mw': 0.0, 'dQ_mvar': 0.03427154290985145}, '55': {'dP_mw': 0.0, 'dQ_mvar': 0.03467356513711016}, '61': {'dP_mw': -0.05, 'dQ_mvar': -0.05}}",1.0492700343385224,-0.05,0.04333864699114166,PISR_breaker_closed,6.5
31,1791551199.6539614,84,(1.018872662+0.020047338j),(1.027110577+0.020975807j),(1.027319128+0.021059209j),(1.033638859+0.021739955j),(1.033848579+0.021823229j),(1.038263097+0.02229875j),(1.038420351+0.022544305j),(1.042961886+0.032978965j),(1.038009516+0.022147987j),(1.017113509+0.014906049j),(1.016339221+0.014310961j),(0.996445978+0.000397911j),(0.996214889+0.000215022j),(1.005192808+0.007975459j),(1.005554291+0.008405503j),(1.011891646+0.013883459j),(1.012253129+0.014313503j),(1.018590484+0.019791458j),(1.018771225+0.02000648j),(1.027212014+0.021016664j),(1.027214268+0.021017572j),(1.033743719+0.021781592j),(1.038367957+0.022340387j),(1.04301428+0.033182883j),(1.016755068+0.01471365j),(0.996030131-4.778e-06j),(0.996034147+0j),(1.00537355+0.008190481j),(1.012072387+0.014098481j),(1.027210845+0.021016793j),(1.01885053+0.020180645j),(0.996034147+0j),(0.996030131-4.778e-06j),(0.996030131-4.778e-06j),(1.016748888+0.014714225j),(1.017355173+0.015555223j),(1.040242749+0.021812265j),(1.038367957+0.022340387j),(1.027214268+0.021017572j),(1.043581694+0.034004332j),(1.04300825+0.033183339j),(1.00537355+0.008190481j),(1.00537355+0.008190481j),(1.018771225+0.02000648j),(1.012072387+0.014098481j),(1.033743719+0.021781592j),(1.016729069+0.014709796j),(1.016747344+0.014714369j),(1.018534591+0.019327657j),(1.017505199+0.015765617j),(1.044318178+0.036389024j),(1.043723547+0.034209694j),(1.04299256+0.033179642j),(1.043006742+0.033183454j),(1.0490793+0.020005681j),(1.040711447+0.021680235j),(1.027189054+0.021017815j),(1.019614736+0.021091702j),(-0.039503007+0.024434795j),(-0.039500725+0.034304912j),(-0.039836761+0.034700825j),(-0.08972334-0.049966865j),"{'64': {'dP_mw': 0.0, 'dQ_mvar': 0.024393538944180053}, '57': {'dP_mw': 0.0, 'dQ_mvar': 0.03427154290985145}, '55': {'dP_mw': 0.0, 'dQ_mvar': 0.03467356513711016}, '61': {'dP_mw': -0.05, 'dQ_mvar': -0.05}}",1.0492700343385224,-0.05,0.04333864699114166,PISR_breaker_closed,6.55
32,1791551199.7039747,84,(1.018866935+0.020047495j),(1.027106674+0.020974824j),(1.027315279+0.02105821j),(1.033636367+0.021738109j),(1.033846141+0.021821366j),(1.038261606+0.022296295j),(1.038418914+0.022541803j),(1.042961569+0.03297417j),(1.038008052+0.022145556j),(1.017112283+0.014905312j),(1.016338003+0.014310273j),(0.996445217+0.000397893j),(0.99621409+0.000215017j),(1.00519005+0.007975536j),(1.005551441+0.008405569j),(1.011887413+0.013883583j),(1.012248804+0.014313616j),(1.018584776+0.019791629j),(1.018765471+0.020006646j),(1.027208138+0.021015674j),(1.027210392+0.021016582j),(1.033741254+0.021779737j),(1.038366493+0.022337924j),(1.04301399+0.03317805j),(1.016753842+0.014712945j),(0.996029379-4.778e-06j),(0.996033394+0j),(1.005370745+0.008190552j),(1.012068108+0.014098599j),(1.027206969+0.021015802j),(1.018844703+0.020180813j),(0.996033394+0j),(0.996029379-4.778e-06j),(0.996029379-4.778e-06j),(1.016747662+0.01471352j),(1.01735393+0.015554595j),(1.040241286+0.021809798j),(1.038366493+0.022337924j),(1.027210392+0.021016582j),(1.043581462+0.033999283j),(1.04300796+0.033178506j),(1.005370745+0.008190552j),(1.005370745+0.008190552j),(1.018765471+0.020006646j),(1.012068108+0.014098599j),(1.033741254+0.021779737j),(1.016727842+0.014709091j),(1.016746117+0.014713664j),(1.018533196+0.019327286j),(1.017503952+0.015765007j),(1.044318247+0.036383505j),(1.04372333+0.034204591j),(1.04299227+0.033174809j),(1.043006452+0.03317862j),(1.049077846+0.02000319j),(1.040709985+0.021677766j),(1.027185179+0.021016824j),(1.019608474+0.021092008j),(-0.039488347+0.024444904j),(-0.039500725+0.03429343j),(-0.039836761+0.03470478j),(-0.08972334-0.049966865j),"{'64': {'dP_mw': 1.4660372211240669e-05, 'dQ_mvar': 0.024403648626748632}, '57': {'dP_mw': 0.0, 'dQ_mvar': 0.03426006086391198}, '55': {'dP_mw': 0.0, 'dQ_mvar': 0.0346775203585521}, '61': {'dP_mw': -0.05, 'dQ_mvar': -0.05}}",1.0492685331116034,-0.04998533962778876,0.04334122984921271,PISR_breaker_closed,6.6
33,1791551199.7539752,84,(1.018866935+0.020047495j),(1.027106674+0.020974824j),(1.027315279+0.02105821j),(1.033636367+0.021738109j),(1.033846141+0.021821366j),(1.038261606+0.022296295j),(1.038418914+0.022541803j),(1.042961569+0.03297417j),(1.038008052+0.022145556j),(1.017112283+0.014905312j),(1.016338003+0.014310273j),(0.996445217+0.000397893j),(0.99621409+0.000215017j),(1.00519005+0.007975536j),(1.005551441+0.008405569j),(1.011887413+0.013883583j),(1.012248804+0.014313616j),(1.018584776+0.019791629j),(1.018765471+0.020006646j),(1.027208138+0.021015674j),(1.027210392+0.021016582j),(1.033741254+0.021779737j),(1.038366493+0.022337924j),(1.04301399+0.03317805j),(1.016753842+0.014712945j),(0.996029379-4.778e-06j),(0.996033394+0j),(1.005370745+0.008190552j),(1.012068108+0.014098599j),(1.027206969+0.021015802j),(1.018844703+0.020180813j),(0.996033394+0j),(0.996029379-4.778e-06j),(0.996029379-4.778e-06j),(1.016747662+0.01471352j),(1.01735393+0.015554595j),(1.040241286+0.021809798j),(1.038366493+0.022337924j),(1.027210392+0.021016582j),(1.043581462+0.033999283j),(1.04300796+0.033178506j),(1.005370745+0.008190552j),(1.005370745+0.008190552j),(1.018765471+0.020006646j),(1.012068108+0.014098599j),(1.033741254+0.021779737j),(1.016727842+0.014709091j),(1.016746117+0.014713664j),(1.018533196+0.019327286j),(1.017503952+0.015765007j),(1.044318247+0.036383505j),(1.04372333+0.034204591j),(1.04299227+0.033174809j),(1.043006452+0.03317862j),(1.049077846+0.02000319j),(1.040709985+0.021677766j),(1.027185179+0.021016824j),(1.019608474+0.021092008j),(-0.039488347+0.024444904j),(-0.039500725+0.03429343j),(-0.039836761+0.03470478j),(-0.08972334-0.049966865j),"{'64': {'dP_mw': 1.4660372211240669e-05, 'dQ_mvar': 0.024403648626748632}, '57': {'dP_mw': 0.0, 'dQ_mvar': 0.03426006086391198}, '55': {'dP_mw': 0.0, 'dQ_mvar': 0.0346775203585521}, '61': {'dP_mw': -0.05, 'dQ_mvar': -0.05}}",1.0492685331116034,-0.04998533962778876,0.04334122984921271,PISR_breaker_closed,6.65
34,1791551199.8040328,84,(1.018837252+0.020026471j),(1.027087445+0.020956615j),(1.027296299+0.021040148j),(1.033625159+0.021722135j),(1.033835179+0.021805537j),(1.038256074+0.022281925j),(1.03841357+0.022527416j),(1.04295892+0.032954436j),(1.038002698+0.022131426j),(1.017111354+0.014899713j),(1.016337204+0.014304978j),(0.996448428+0.000397762j),(0.996217095+0.000214777j),(1.005180019+0.007967145j),(1.005540861+0.008396699j),(1.011867631+0.013868958j),(1.012228474+0.014298513j),(1.018555244+0.019770772j),(1.018735665+0.019985549j),(1.027189031+0.020997537j),(1.027191289+0.020998447j),(1.033730169+0.021763836j),(1.038361084+0.022323626j),(1.043011406+0.033158226j),(1.016752968+0.014707513j),(0.996032664-4.773e-06j),(0.996036673+0j),(1.00536044+0.008181922j),(1.012048052+0.014083736j),(1.027187866+0.020997667j),(1.0188145+0.020159405j),(0.996036673+0j),(0.996032664-4.773e-06j),(0.996032664-4.773e-06j),(1.016746788+0.014708089j),(1.01735302+0.015549333j),(1.04023588+0.021795471j),(1.038361084+0.022323626j),(1.027191289+0.020998447j),(1.043579022+0.033978955j),(1.043005376+0.033158682j),(1.00536044+0.008181922j),(1.00536044+0.008181922j),(1.018735665+0.019985549j),(1.012048052+0.014083736j),(1.033730169+0.021763836j),(1.016726968+0.01470366j),(1.016745243+0.014708233j),(1.018531953+0.019322597j),(1.017503033+0.015759788j),(1.044316528+0.036362085j),(1.043720926+0.034184138j),(1.042989686+0.033154985j),(1.043003868+0.033158796j),(1.049072463+0.019988733j),(1.040704579+0.021663432j),(1.027166075+0.02099869j),(1.019575375+0.021069391j),(-0.039364955+0.024434795j),(-0.039500725+0.03426674j),(-0.039836761+0.034713763j),(-0.08972334-0.049966865j),"{'64': {'dP_mw': 0.00013805211425416548, 'dQ_mvar': 0.02439353876240026}, '57': {'dP_mw': 0.0, 'dQ_mvar': 0.03423337041422118}, '55': {'dP_mw': 0.0, 'dQ_mvar': 0.0346865031272355}, '61': {'dP_mw': -0.05, 'dQ_mvar': -0.05}}",1.049262875580677,-0.049861947885745835,0.043313412303856935,PISR_breaker_closed,6.7
35,1791551199.854269,84,(1.018837252+0.020026471j),(1.027087445+0.020956615j),(1.027296299+0.021040148j),(1.033625159+0.021722135j),(1.033835179+0.021805537j),(1.038256074+0.022281925j),(1.03841357+0.022527416j),(1.04295892+0.032954436j),(1.038002698+0.022131426j),(1.017111354+0.014899713j),(1.016337204+0.014304978j),(0.996448428+0.000397762j),(0.996217095+0.000214777j),(1.005180019+0.007967145j),(1.005540861+0.008396699j),(1.011867631+0.013868958j),(1.012228474+0.014298513j),(1.018555244+0.019770772j),(1.018735665+0.019985549j),(1.027189031+0.020997537j),(1.027191289+0.020998447j),(1.033730169+0.021763836j),(1.038361084+0.022323626j),(1.043011406+0.033158226j),(1.016752968+0.014707513j),(0.996032664-4.773e-06j),(0.996036673+0j),(1.00536044+0.008181922j),(1.012048052+0.014083736j),(1.027187866+0.020997667j),(1.0188145+0.020159405j),(0.996036673+0j),(0.996032664-4.773e-06j),(0.996032664-4.773e-06j),(1.016746788+0.014708089j),(1.01735302+0.015549333j),(1.04023588+0.021795471j),(1.038361084+0.022323626j),(1.027191289+0.020998447j),(1.043579022+0.033978955j),(1.043005376+0.033158682j),(1.00536044+0.008181922j),(1.00536044+0.008181922j),(1.018735665+0.019985549j),(1.012048052+0.014083736j),(1.033730169+0.021763836j),(1.016726968+0.01470366j),(1.016745243+0.014708233j),(1.018531953+0.019322597j),(1.017503033+0.015759788j),(1.044316528+0.036362085j),(1.043720926+0.034184138j),(1.042989686+0.033154985j),(1.043003868+0.033158796j),(1.049072463+0.019988733j),(1.040704579+0.021663432j),(1.027166075+0.02099869j),(1.019575375+0.021069391j),(-0.039364955+0.024434795j),(-0.039500725+0.03426674j),(-0.039836761+0.034713763j),(-0.08972334-0.049966865j),"{'64': {'dP_mw': 0.00013805211425416548, 'dQ_mvar': 0.02439353876240026}, '57': {'dP_mw': 0.0, 'dQ_mvar': 0.03423337041422118}, '55': {'dP_mw': 0.0, 'dQ_mvar': 0.0346865031272355}, '61': {'dP_mw': -0.05, 'dQ_mvar': -0.05}}",1.049262875580677,-0.049861947885745835,0.043313412303856935,PISR_breaker_closed,6.75
36,1791551199.904326,84,(1.018872662+0.020047337j),(1.027110577+0.020975807j),(1.027319128+0.021059209j),(1.033638859+0.021739956j),(1.033848578+0.021823229j),(1.038263097+0.02229875j),(1.038420351+0.022544305j),(1.042961886+0.032978965j),(1.038009516+0.022147988j),(1.017113508+0.014906049j),(1.016339221+0.014310961j),(0.996445978+0.000397911j),(0.996214889+0.000215022j),(1.005192808+0.007975459j),(1.005554291+0.008405503j),(1.011891646+0.013883458j),(1.012253129+0.014313502j),(1.018590484+0.019791458j),(1.018771225+0.02000648j),(1.027212014+0.021016664j),(1.027214268+0.021017572j),(1.033743719+0.021781592j),(1.038367956+0.022340387j),(1.04301428+0.033182884j),(1.016755068+0.01471365j),(0.996030131-4.778e-06j),(0.996034147+0j),(1.00537355+0.008190481j),(1.012072387+0.01409848j),(1.027210845+0.021016793j),(1.01885053+0.020180644j),(0.996034147+0j),(0.996030131-4.778e-06j),(0.996030131-4.778e-06j),(1.016748888+0.014714225j),(1.017355173+0.015555224j),(1.040242748+0.021812266j),(1.038367956+0.022340387j),(1.027214268+0.021017572j),(1.043581693+0.034004332j),(1.04300825+0.03318334j),(1.00537355+0.008190481j),(1.00537355+0.008190481j),(1.018771225+0.02000648j),(1.012072387+0.01409848j),(1.033743719+0.021781592j),(1.016729069+0.014709796j),(1.016747343+0.014714369j),(1.018534591+0.019327657j),(1.017505199+0.015765617j),(1.044318178+0.036389025j),(1.043723547+0.034209695j),(1.04299256+0.033179643j),(1.043006742+0.033183454j),(1.0490793+0.020005681j),(1.040711446+0.021680235j),(1.027189054+0.021017815j),(1.019614736+0.021091701j),(-0.039503007+0.024434793j),(-0.039500725+0.034304914j),(-0.039836761+0.034700825j),(-0.08972334-0.049966865j),"{'64': {'dP_mw': 0.0, 'dQ_mvar': 0.024393537512464748}, '57': {'dP_mw': 0.0, 'dQ_mvar': 0.03427154435348116}, '55': {'dP_mw': 0.0, 'dQ_mvar': 0.034673565241636735}, '61': {'dP_mw': -0.05, 'dQ_mvar': -0.05}}",1.0492700343385224,-0.05,0.04333864710758263,PISR_breaker_closed,6.8
37,1791551199.954382,84,(1.018872662+0.020047337j),(1.027110577+0.020975807j),(1.027319128+0.021059209j),(1.033638859+0.021739956j),(1.033848578+0.021823229j),(1.038263097+0.02229875j),(1.038420351+0.022544305j),(1.042961886+0.032978965j),(1.038009516+0.022147988j),(1.017113508+0.014906049j),(1.016339221+0.014310961j),(0.996445978+0.000397911j),(0.996214889+0.000215022j),(1.005192808+0.007975459j),(1.005554291+0.008405503j),(1.011891646+0.013883458j),(1.012253129+0.014313502j),(1.018590484+0.019791458j),(1.018771225+0.02000648j),(1.027212014+0.021016664j),(1.027214268+0.021017572j),(1.033743719+0.021781592j),(1.038367956+0.022340387j),(1.04301428+0.033182884j),(1.016755068+0.01471365j),(0.996030131-4.778e-06j),(0.996034147+0j),(1.00537355+0.008190481j),(1.012072387+0.01409848j),(1.027210845+0.021016793j),(1.01885053+0.020180644j),(0.996034147+0j),(0.996030131-4.778e-06j),(0.996030131-4.778e-06j),(1.016748888+0.014714225j),(1.017355173+0.015555224j),(1.040242748+0.021812266j),(1.038367956+0.022340387j),(1.027214268+0.021017572j),(1.043581693+0.034004332j),(1.04300825+0.03318334j),(1.00537355+0.008190481j),(1.00537355+0.008190481j),(1.018771225+0.02000648j),(1.012072387+0.01409848j),(1.033743719+0.021781592j),(1.016729069+0.014709796j),(1.016747343+0.014714369j),(1.018534591+0.019327657j),(1.017505199+0.015765617j),(1.044318178+0.036389025j),(1.043723547+0.034209695j),(1.04299256+0.033179643j),(1.043006742+0.033183454j),(1.0490793+0.020005681j),(1.040711446+0.021680235j),(1.027189054+0.021017815j),(1.019614736+0.021091701j),(-0.039503007+0.024434793j),(-0.039500725+0.034304914j),(-0.039836761+0.034700825j),(-0.08972334-0.049966865j),"{'64': {'dP_mw': 0.0, 'dQ_mvar': 0.024393537512464748}, '57': {'dP_mw': 0.0, 'dQ_mvar': 0.03427154435348116}, '55': {'dP_mw': 0.0, 'dQ_mvar': 0.034673565241636735}, '61': {'dP_mw': -0.05, 'dQ_mvar': -0.05}}",1.0492700343385224,-0.05,0.04333864710758263,PISR_breaker_closed,6.85
38,1791551200.0045333,84,(1.018872662+0.020047337j),(1.027110577+0.020975807j),(1.027319127+0.021059209j),(1.033638859+0.021739956j),(1.033848578+0.021823229j),(1.038263096+0.02229875j),(1.03842035+0.022544305j),(1.042961886+0.032978965j),(1.038009516+0.022147988j),(1.017113508+0.014906049j),(1.016339221+0.014310961j),(0.996445978+0.000397911j),(0.996214889+0.000215022j),(1.005192808+0.007975459j),(1.005554291+0.008405503j),(1.011891646+0.013883459j),(1.012253129+0.014313502j),(1.018590483+0.019791458j),(1.018771225+0.02000648j),(1.027212013+0.021016665j),(1.027214268+0.021017573j),(1.033743718+0.021781592j),(1.038367956+0.022340387j),(1.04301428+0.033182884j),(1.016755068+0.01471365j),(0.996030131-4.778e-06j),(0.996034147+0j),(1.005373549+0.008190481j),(1.012072387+0.014098481j),(1.027210845+0.021016793j),(1.01885053+0.020180645j),(0.996034147+0j),(0.996030131-4.778e-06j),(0.996030131-4.778e-06j),(1.016748888+0.014714226j),(1.017355173+0.015555224j),(1.040242748+0.021812266j),(1.038367956+0.022340387j),(1.027214268+0.021017573j),(1.043581693+0.034004333j),(1.04300825+0.03318334j),(1.005373549+0.008190481j),(1.005373549+0.008190481j),(1.018771225+0.02000648j),(1.012072387+0.014098481j),(1.033743718+0.021781592j),(1.016729068+0.014709796j),(1.016747343+0.014714369j),(1.018534591+0.019327657j),(1.017505199+0.015765617j),(1.044318177+0.036389025j),(1.043723547+0.034209695j),(1.04299256+0.033179643j),(1.043006742+0.033183454j),(1.0490793+0.020005681j),(1.040711446+0.021680236j),(1.027189054+0.021017815j),(1.019614736+0.021091702j),(-0.039503007+0.024434794j),(-0.039500725+0.034304914j),(-0.039836761+0.034700825j),(-0.08972334-0.049966865j),"{'64': {'dP_mw': 0.0, 'dQ_mvar': 0.02439353820315273}, '57': {'dP_mw': 0.0, 'dQ_mvar': 0.03427154427775629}, '55': {'dP_mw': 0.0, 'dQ_mvar': 0.0346735653611479}, '61': {'dP_mw': -0.05, 'dQ_mvar': -0.05}}",1.0492700343385224,-0.05,0.04333864784205692,PISR_breaker_closed,6.9
39,1791551200.0548115,84,(1.018872662+0.020047337j),(1.027110577+0.020975807j),(1.027319127+0.021059209j),(1.033638859+0.021739956j),(1.033848578+0.021823229j),(1.038263096+0.02229875j),(1.03842035+0.022544305j),(1.042961886+0.032978965j),(1.038009516+0.022147988j),(1.017113508+0.014906049j),(1.016339221+0.014310961j),(0.996445978+0.000397911j),(0.996214889+0.000215022j),(1.005192808+0.007975459j),(1.005554291+0.008405503j),(1.011891646+0.013883459j),(1.012253129+0.014313502j),(1.018590483+0.019791458j),(1.018771225+0.02000648j),(1.027212013+0.021016665j),(1.027214268+0.021017573j),(1.033743718+0.021781592j),(1.038367956+0.022340387j),(1.04301428+0.033182884j),(1.016755068+0.01471365j),(0.996030131-4.778e-06j),(0.996034147+0j),(1.005373549+0.008190481j),(1.012072387+0.014098481j),(1.027210845+0.021016793j),(1.01885053+0.020180645j),(0.996034147+0j),(0.996030131-4.778e-06j),(0.996030131-4.778e-06j),(1.016748888+0.014714226j),(1.017355173+0.015555224j),(1.040242748+0.021812266j),(1.038367956+0.022340387j),(1.027214268+0.021017573j),(1.043581693+0.034004333j),(1.04300825+0.03318334j),(1.005373549+0.008190481j),(1.005373549+0.008190481j),(1.018771225+0.02000648j),(1.012072387+0.014098481j),(1.033743718+0.021781592j),(1.016729068+0.014709796j),(1.016747343+0.014714369j),(1.018534591+0.019327657j),(1.017505199+0.015765617j),(1.044318177+0.036389025j),(1.043723547+0.034209695j),(1.04299256+0.033179643j),(1.043006742+0.033183454j),(1.0490793+0.020005681j),(1.040711446+0.021680236j),(1.027189054+0.021017815j),(1.019614736+0.021091702j),(-0.039503007+0.024434794j),(-0.039500725+0.034304914j),(-0.039836761+0.034700825j),(-0.08972334-0.049966865j),"{'64': {'dP_mw': 0.0, 'dQ_mvar': 0.02439353820315273}, '57': {'dP_mw': 0.0, 'dQ_mvar': 0.03427154427775629}, '55': {'dP_mw': 0.0, 'dQ_mvar': 0.0346735653611479}, '61': {'dP_mw': -0.05, 'dQ_mvar': -0.05}}",1.0492700343385224,-0.05,0.04333864784205692,PISR_breaker_closed,6.95
40,1791551200.1049283,84,(1.018914844+0.019997072j),(1.027140631+0.020899835j),(1.027349054+0.02098249j),(1.033659767+0.021644117j),(1.033869359+0.021726651j),(1.038277578+0.022188817j),(1.038435356+0.022433168j),(1.043001121+0.032818284j),(1.038023284+0.022038193j),(1.017096773+0.014829133j),(1.016323085+0.014236505j),(0.996494551+0.000395969j),(0.996264712+0.000214554j),(1.005239489+0.007955467j),(1.005600972+0.008384575j),(1.011936109+0.013848748j),(1.012297592+0.014277856j),(1.018632729+0.01974203j),(1.01881347+0.019956584j),(1.027242005+0.020940323j),(1.027244257+0.020941223j),(1.033764563+0.021685384j),(1.038382374+0.022230084j),(1.043054103+0.033021368j),(1.016737683+0.014637242j),(0.996079954-4.768e-06j),(0.99608397+0j),(1.005420231+0.008170021j),(1.01211685+0.014063302j),(1.027240834+0.020940444j),(1.018892838+0.02013065j),(0.99608397+0j),(0.996079954-4.768e-06j),(0.996079954-4.768e-06j),(1.016731503+0.014637819j),(1.01732702+0.015475461j),(1.040257088+0.02170177j),(1.038382374+0.022230084j),(1.027244257+0.020941223j),(1.043622784+0.033838163j),(1.043048072+0.033021826j),(1.005420231+0.008170021j),(1.005420231+0.008170021j),(1.01881347+0.019956584j),(1.01211685+0.014063302j),(1.033764563+0.021685384j),(1.016711683+0.01463339j),(1.016729958+0.014637963j),(1.0184713+0.01922289j),(1.017474354+0.015685016j),(1.044365786+0.036212707j),(1.043764955+0.034042361j),(1.043032383+0.033018131j),(1.043046565+0.03302194j),(1.049093347+0.019894265j),(1.040725767+0.021569691j),(1.027219045+0.020941467j),(1.019657259+0.021041012j),(-0.039503007+0.024409486j),(-0.039500725+0.034060397j),(-0.039256375+0.034663067j),(-0.08972334-0.049966865j),"{'64': {'dP_mw': 0.0, 'dQ_mvar': 0.024368229809663095}, '57': {'dP_mw': 0.0, 'dQ_mvar': 0.03402702702129206}, '55': {'dP_mw': 0.0005803857532519203, 'dQ_mvar': 0.034635806680328826}, '61': {'dP_mw': -0.05, 'dQ_mvar': -0.05}}",1.0492819604374948,-0.04941961424674808,0.04303106351128398,PISR_breaker_closed,7.0
41,1791551200.155188,84,(1.018914844+0.019997072j),(1.027140631+0.020899835j),(1.027349054+0.02098249j),(1.033659767+0.021644117j),(1.033869359+0.021726651j),(1.038277578+0.022188817j),(1.038435356+0.022433168j),(1.043001121+0.032818284j),(1.038023284+0.022038193j),(1.017096773+0.014829133j),(1.016323085+0.014236505j),(0.996494551+0.000395969j),(0.996264712+0.000214554j),(1.005239489+0.007955467j),(1.005600972+0.008384575j),(1.011936109+0.013848748j),(1.012297592+0.014277856j),(1.018632729+0.01974203j),(1.01881347+0.019956584j),(1.027242005+0.020940323j),(1.027244257+0.020941223j),(1.033764563+0.021685384j),(1.038382374+0.022230084j),(1.043054103+0.033021368j),(1.016737683+0.014637242j),(0.996079954-4.768e-06j),(0.99608397+0j),(1.005420231+0.008170021j),(1.01211685+0.014063302j),(1.027240834+0.020940444j),(1.018892838+0.02013065j),(0.99608397+0j),(0.996079954-4.768e-06j),(0.996079954-4.768e-06j),(1.016731503+0.014637819j),(1.01732702+0.015475461j),(1.040257088+0.02170177j),(1.038382374+0.022230084j),(1.027244257+0.020941223j),(1.043622784+0.033838163j),(1.043048072+0.033021826j),(1.005420231+0.008170021j),(1.005420231+0.008170021j),(1.01881347+0.019956584j),(1.01211685+0.014063302j),(1.033764563+0.021685384j),(1.016711683+0.01463339j),(1.016729958+0.014637963j),(1.0184713+0.01922289j),(1.017474354+0.015685016j),(1.044365786+0.036212707j),(1.043764955+0.034042361j),(1.043032383+0.033018131j),(1.043046565+0.03302194j),(1.049093347+0.019894265j),(1.040725767+0.021569691j),(1.027219045+0.020941467j),(1.019657259+0.021041012j),(-0.039503007+0.024409486j),(-0.039500725+0.034060397j),(-0.039256375+0.034663067j),(-0.08972334-0.049966865j),"{'64': {'dP_mw': 0.0, 'dQ_mvar': 0.024368229809663095}, '57': {'dP_mw': 0.0, 'dQ_mvar': 0.03402702702129206}, '55': {'dP_mw': 0.0005803857532519203, 'dQ_mvar': 0.034635806680328826}, '61': {'dP_mw': -0.05, 'dQ_mvar': -0.05}}",1.0492819604374948,-0.04941961424674808,0.04303106351128398,PISR_breaker_closed,7.05
42,1791551200.20532,84,(1.019051868+0.020074122j),(1.027249707+0.020764286j),(1.027458927+0.020841276j),(1.033748847+0.02134488j),(1.033959228+0.021421811j),(1.038352922+0.021773593j),(1.038506241+0.022011388j),(1.042780814+0.032237666j),(1.038104285+0.021621289j),(1.017469877+0.014427097j),(1.016698784+0.013844417j),(0.996818396+0.000387131j),(0.996584046+0.00021503j),(1.005486806+0.007987867j),(1.005844683+0.008417927j),(1.012128984+0.013904636j),(1.012486861+0.014334696j),(1.018771162+0.019821405j),(1.0189501+0.020036435j),(1.027351475+0.020801973j),(1.027353736+0.02080281j),(1.033854037+0.021383345j),(1.038458113+0.021812059j),(1.042828942+0.032436995j),(1.017116049+0.014236327j),(0.996401131-4.778e-06j),(0.996405108+0j),(1.005665744+0.008202897j),(1.012307922+0.014119666j),(1.027350313+0.020802032j),(1.019027271+0.020213778j),(0.996405108+0j),(0.996401131-4.778e-06j),(0.996401131-4.778e-06j),(1.017109872+0.014236905j),(1.017728213+0.015027515j),(1.040332496+0.021283021j),(1.038458113+0.021812059j),(1.027353736+0.02080281j),(1.043370002+0.033244919j),(1.042822911+0.032437456j),(1.005665744+0.008202897j),(1.005665744+0.008202897j),(1.0189501+0.020036435j),(1.012307922+0.014119666j),(1.033854037+0.021383345j),(1.017090057+0.014232487j),(1.017108327+0.01423705j),(1.01901141+0.018631192j),(1.017881254+0.015225312j),(1.044053798+0.035577578j),(1.043505268+0.0334469j),(1.042807215+0.032433769j),(1.042821403+0.032437572j),(1.049167467+0.019472064j),(1.040801091+0.021150761j),(1.027328526+0.020803058j),(1.019783979+0.021147412j),(-0.039503007+0.025361933j),(-0.037952129+0.033978469j),(-0.039836761+0.032098303j),(-0.08972334-0.049966865j),"{'64': {'dP_mw': 0.0, 'dQ_mvar': 0.025320676905258604}, '57': {'dP_mw': 0.001548596299497275, 'dQ_mvar': 0.0339450997167591}, '55': {'dP_mw': 0.0, 'dQ_mvar': 0.03207104290461633}, '61': {'dP_mw': -0.05, 'dQ_mvar': -0.05}}",1.0493481477029518,-0.04845140370050273,0.041336819526634025,PISR_breaker_closed,7.1
43,1791551200.2554069,84,(1.019051868+0.020074122j),(1.027249707+0.020764286j),(1.027458927+0.020841276j),(1.033748847+0.02134488j),(1.033959228+0.021421811j),(1.038352922+0.021773593j),(1.038506241+0.022011388j),(1.042780814+0.032237666j),(1.038104285+0.021621289j),(1.017469877+0.014427097j),(1.016698784+0.013844417j),(0.996818396+0.000387131j),(0.996584046+0.00021503j),(1.005486806+0.007987867j),(1.005844683+0.008417927j),(1.012128984+0.013904636j),(1.012486861+0.014334696j),(1.018771162+0.019821405j),(1.0189501+0.020036435j),(1.027351475+0.020801973j),(1.027353736+0.02080281j),(1.033854037+0.021383345j),(1.038458113+0.021812059j),(1.042828942+0.032436995j),(1.017116049+0.014236327j),(0.996401131-4.778e-06j),(0.996405108+0j),(1.005665744+0.008202897j),(1.012307922+0.014119666j),(1.027350313+0.020802032j),(1.019027271+0.020213778j),(0.996405108+0j),(0.996401131-4.778e-06j),(0.996401131-4.778e-06j),(1.017109872+0.014236905j),(1.017728213+0.015027515j),(1.040332496+0.021283021j),(1.038458113+0.021812059j),(1.027353736+0.02080281j),(1.043370002+0.033244919j),(1.042822911+0.032437456j),(1.005665744+0.008202897j),(1.005665744+0.008202897j),(1.0189501+0.020036435j),(1.012307922+0.014119666j),(1.033854037+0.021383345j),(1.017090057+0.014232487j),(1.017108327+0.01423705j),(1.01901141+0.018631192j),(1.017881254+0.015225312j),(1.044053798+0.035577578j),(1.043505268+0.0334469j),(1.042807215+0.032433769j),(1.042821403+0.032437572j),(1.049167467+0.019472064j),(1.040801091+0.021150761j),(1.027328526+0.020803058j),(1.019783979+0.021147412j),(-0.039503007+0.025361933j),(-0.037952129+0.033978469j),(-0.039836761+0.032098303j),(-0.08972334-0.049966865j),"{'64': {'dP_mw': 0.0, 'dQ_mvar': 0.025320676905258604}, '57': {'dP_mw': 0.001548596299497275, 'dQ_mvar': 0.0339450997167591}, '55': {'dP_mw': 0.0, 'dQ_mvar': 0.03207104290461633}, '61': {'dP_mw': -0.05, 'dQ_mvar': -0.05}}",1.0493481477029518,-0.04845140370050273,0.041336819526634025,PISR_breaker_closed,7.15
44,1791551200.3057833,84,(1.019097432+0.020005208j),(1.027274741+0.020746033j),(1.027483072+0.020824179j),(1.03375773+0.02136543j),(1.033967232+0.021443504j),(1.038350265+0.021821583j),(1.038502276+0.02206114j),(1.042740737+0.032358386j),(1.038101616+0.021669212j),(1.017484712+0.014437064j),(1.016714188+0.013853552j),(0.996838323+0.000387338j),(0.996604455+0.000214429j),(1.005517134+0.007959951j),(1.00587568+0.008388808j),(1.012166983+0.013856235j),(1.012525528+0.014285093j),(1.018816831+0.01975252j),(1.018996104+0.019966949j),(1.027376069+0.020784292j),(1.027378321+0.020785142j),(1.033862481+0.021404467j),(1.038455016+0.02186062j),(1.042787997+0.032558906j),(1.017131313+0.014245655j),(0.996421198-4.765e-06j),(0.996425182+0j),(1.005696407+0.008174379j),(1.012346256+0.014070664j),(1.027374898+0.020784364j),(1.019074049+0.02014312j),(0.996425182+0j),(0.996421198-4.765e-06j),(0.996421198-4.765e-06j),(1.017125136+0.014246234j),(1.017744041+0.0150344j),(1.040329427+0.021331669j),(1.038455016+0.02186062j),(1.027378321+0.020785142j),(1.04332712+0.033373519j),(1.042781965+0.032559366j),(1.005696407+0.008174379j),(1.005696407+0.008174379j),(1.018996104+0.019966949j),(1.012346256+0.014070664j),(1.033862481+0.021404467j),(1.017105321+0.014241815j),(1.017123591+0.014246378j),(1.019032194+0.018629868j),(1.017897223+0.015231586j),(1.044001274+0.035720677j),(1.043461901+0.033577173j),(1.04276627+0.032555677j),(1.042780458+0.032559481j),(1.0491645+0.019521123j),(1.04079803+0.021199431j),(1.027353112+0.02078539j),(1.019833442+0.021068446j),(-0.039503007+0.025026685j),(-0.037942971+0.034336039j),(-0.039836761+0.031970964j),(-0.08972334-0.049966865j),"{'64': {'dP_mw': 0.0, 'dQ_mvar': 0.024985428792374365}, '57': {'dP_mw': 0.0015577533971061035, 'dQ_mvar': 0.03430266966238149}, '55': {'dP_mw': 0.0, 'dQ_mvar': 0.03194370344484952}, '61': {'dP_mw': -0.05, 'dQ_mvar': -0.05}}",1.0493460927184277,-0.048442246602893896,0.041231801899605375,PISR_breaker_closed,7.2
45,1791551200.355623,84,(1.019097432+0.020005208j),(1.027274741+0.020746033j),(1.027483072+0.020824179j),(1.03375773+0.02136543j),(1.033967232+0.021443504j),(1.038350265+0.021821583j),(1.038502276+0.02206114j),(1.042740737+0.032358386j),(1.038101616+0.021669212j),(1.017484712+0.014437064j),(1.016714188+0.013853552j),(0.996838323+0.000387338j),(0.996604455+0.000214429j),(1.005517134+0.007959951j),(1.00587568+0.008388808j),(1.012166983+0.013856235j),(1.012525528+0.014285093j),(1.018816831+0.01975252j),(1.018996104+0.019966949j),(1.027376069+0.020784292j),(1.027378321+0.020785142j),(1.033862481+0.021404467j),(1.038455016+0.02186062j),(1.042787997+0.032558906j),(1.017131313+0.014245655j),(0.996421198-4.765e-06j),(0.996425182+0j),(1.005696407+0.008174379j),(1.012346256+0.014070664j),(1.027374898+0.020784364j),(1.019074049+0.02014312j),(0.996425182+0j),(0.996421198-4.765e-06j),(0.996421198-4.765e-06j),(1.017125136+0.014246234j),(1.017744041+0.0150344j),(1.040329427+0.021331669j),(1.038455016+0.02186062j),(1.027378321+0.020785142j),(1.04332712+0.033373519j),(1.042781965+0.032559366j),(1.005696407+0.008174379j),(1.005696407+0.008174379j),(1.018996104+0.019966949j),(1.012346256+0.014070664j),(1.033862481+0.021404467j),(1.017105321+0.014241815j),(1.017123591+0.014246378j),(1.019032194+0.018629868j),(1.017897223+0.015231586j),(1.044001274+0.035720677j),(1.043461901+0.033577173j),(1.04276627+0.032555677j),(1.042780458+0.032559481j),(1.0491645+0.019521123j),(1.04079803+0.021199431j),(1.027353112+0.02078539j),(1.019833442+0.021068446j),(-0.039503007+0.025026685j),(-0.037942971+0.034336039j),(-0.039836761+0.031970964j),(-0.08972334-0.049966865j),"{'64': {'dP_mw': 0.0, 'dQ_mvar': 0.024985428792374365}, '57': {'dP_mw': 0.0015577533971061035, 'dQ_mvar': 0.03430266966238149}, '55': {'dP_mw': 0.0, 'dQ_mvar': 0.03194370344484952}, '61': {'dP_mw': -0.05, 'dQ_mvar': -0.05}}",1.0493460927184277,-0.048442246602893896,0.041231801899605375,PISR_breaker_closed,7.25
46,1791551200.4057899,84,(1.019002851+0.019997627j),(1.027224314+0.020654124j),(1.027434382+0.020730417j),(1.033741863+0.02120898j),(1.033953082+0.021285221j),(1.038359043+0.021619511j),(1.038516723+0.021852003j),(1.042959219+0.031779908j),(1.0381073+0.021471537j),(1.017323894+0.014558621j),(1.016550734+0.013977703j),(0.996711402+0.000390059j),(0.996479144+0.00021441j),(1.005403617+0.007957216j),(1.005762734+0.008386035j),(1.012062361+0.013851545j),(1.012421478+0.014280364j),(1.018721106+0.019745875j),(1.018900664+0.019960284j),(1.027326501+0.020691467j),(1.027328772+0.020692296j),(1.033847472+0.0212471j),(1.038464653+0.021657632j),(1.043011288+0.031974278j),(1.01696654+0.014372526j),(0.996295596-4.765e-06j),(0.996299586+0j),(1.005583175+0.008171625j),(1.01224192+0.014065955j),(1.027325349+0.020691518j),(1.018978036+0.020137351j),(0.996299586+0j),(0.996295596-4.765e-06j),(0.996295596-4.765e-06j),(1.016960362+0.014373104j),(1.017568778+0.015205475j),(1.040338951+0.021128317j),(1.038464653+0.021657632j),(1.027328772+0.020692296j),(1.043561877+0.032753811j),(1.043005258+0.031974742j),(1.005583175+0.008171625j),(1.005583175+0.008171625j),(1.018900664+0.019960284j),(1.01224192+0.014065955j),(1.033847472+0.0212471j),(1.016940545+0.014368682j),(1.016958817+0.014373249j),(1.018766212+0.0189491j),(1.017719338+0.015413712j),(1.044289704+0.035025922j),(1.043699525+0.032948694j),(1.042989563+0.031971063j),(1.04300375+0.031974858j),(1.049173625+0.019316052j),(1.040807526+0.020995988j),(1.027303561+0.020692547j),(1.019735489+0.021069j),(-0.039503007+0.025281271j),(-0.038060663+0.032442372j),(-0.039836761+0.034269755j),(-0.08972334-0.049966865j),"{'64': {'dP_mw': 0.0, 'dQ_mvar': 0.02524001558850048}, '57': {'dP_mw': 0.0014400615625326685, 'dQ_mvar': 0.032409002626580474}, '55': {'dP_mw': 0.0, 'dQ_mvar': 0.034242495154667624}, '61': {'dP_mw': -0.05, 'dQ_mvar': -0.05}}",1.0493514212410004,-0.04855993843746734,0.04189151336974857,PISR_breaker_closed,7.3
47,1791551200.4557178,84,(1.019002851+0.019997627j),(1.027224314+0.020654124j),(1.027434382+0.020730417j),(1.033741863+0.02120898j),(1.033953082+0.021285221j),(1.038359043+0.021619511j),(1.038516723+0.021852003j),(1.042959219+0.031779908j),(1.0381073+0.021471537j),(1.017323894+0.014558621j),(1.016550734+0.013977703j),(0.996711402+0.000390059j),(0.996479144+0.00021441j),(1.005403617+0.007957216j),(1.005762734+0.008386035j),(1.012062361+0.013851545j),(1.012421478+0.014280364j),(1.018721106+0.019745875j),(1.018900664+0.019960284j),(1.027326501+0.020691467j),(1.027328772+0.020692296j),(1.033847472+0.0212471j),(1.038464653+0.021657632j),(1.043011288+0.031974278j),(1.01696654+0.014372526j),(0.996295596-4.765e-06j),(0.996299586+0j),(1.005583175+0.008171625j),(1.01224192+0.014065955j),(1.027325349+0.020691518j),(1.018978036+0.020137351j),(0.996299586+0j),(0.996295596-4.765e-06j),(0.996295596-4.765e-06j),(1.016960362+0.014373104j),(1.017568778+0.015205475j),(1.040338951+0.021128317j),(1.038464653+0.021657632j),(1.027328772+0.020692296j),(1.043561877+0.032753811j),(1.043005258+0.031974742j),(1.005583175+0.008171625j),(1.005583175+0.008171625j),(1.018900664+0.019960284j),(1.01224192+0.014065955j),(1.033847472+0.0212471j),(1.016940545+0.014368682j),(1.016958817+0.014373249j),(1.018766212+0.0189491j),(1.017719338+0.015413712j),(1.044289704+0.035025922j),(1.043699525+0.032948694j),(1.042989563+0.031971063j),(1.04300375+0.031974858j),(1.049173625+0.019316052j),(1.040807526+0.020995988j),(1.027303561+0.020692547j),(1.019735489+0.021069j),(-0.039503007+0.025281271j),(-0.038060663+0.032442372j),(-0.039836761+0.034269755j),(-0.08972334-0.049966865j),"{'64': {'dP_mw': 0.0, 'dQ_mvar': 0.02524001558850048}, '57': {'dP_mw': 0.0014400615625326685, 'dQ_mvar': 0.032409002626580474}, '55': {'dP_mw': 0.0, 'dQ_mvar': 0.034242495154667624}, '61': {'dP_mw': -0.05, 'dQ_mvar': -0.05}}",1.0493514212410004,-0.04855993843746734,0.04189151336974857,PISR_breaker_closed,7.35
48,1791551200.5061858,85,(1.019052748+0.020069505j),(1.027249762+0.02076539j),(1.02745892+0.020842521j),(1.033748228+0.021350377j),(1.033958547+0.021427448j),(1.038351813+0.0217822j),(1.038505096+0.022020186j),(1.04278042+0.032252988j),(1.03810312+0.021629911j),(1.017466876+0.014432984j),(1.016695781+0.013850119j),(0.996815546+0.000387263j),(0.996581263+0.000214992j),(1.00548547+0.00798598j),(1.005843428+0.008415965j),(1.012128751+0.013901368j),(1.012486709+0.014331352j),(1.018772032+0.019816755j),(1.018951011+0.020031748j),(1.0273515+0.020803147j),(1.02735376+0.020803986j),(1.033853387+0.021388913j),(1.038456973+0.021820736j),(1.042828543+0.032452439j),(1.017113022+0.014242159j),(0.996398306-4.778e-06j),(0.996402283+0j),(1.005664449+0.008200972j),(1.01230773+0.01411636j),(1.027350338+0.020803207j),(1.019028253+0.020208983j),(0.996402283+0j),(0.996398306-4.778e-06j),(0.996398306-4.778e-06j),(1.017106845+0.014242738j),(1.017725086+0.015033764j),(1.040331362+0.021291713j),(1.038456973+0.021820736j),(1.02735376+0.020803986j),(1.043369775+0.033260911j),(1.042822512+0.0324529j),(1.005664449+0.008200972j),(1.005664449+0.008200972j),(1.018951011+0.020031748j),(1.01230773+0.01411636j),(1.033853387+0.021388913j),(1.01708703+0.014238319j),(1.017105301+0.014242882j),(1.019007422+0.018638834j),(1.017878102+0.015231665j),(1.044053568+0.035595006j),(1.043505083+0.033463028j),(1.042806816+0.032449212j),(1.042821004+0.032453015j),(1.049166356+0.019480829j),(1.04079996+0.021159457j),(1.02732855+0.020804234j),(1.019785211+0.021141855j),(-0.039503007+0.025330968j),(-0.037968472+0.034003456j),(-0.039836761+0.032119758j),(-0.08972334-0.049966865j),"{'64': {'dP_mw': 0.0, 'dQ_mvar': 0.02528971221103379}, '57': {'dP_mw': 0.0015322524017714577, 'dQ_mvar': 0.03397008648612648}, '55': {'dP_mw': 0.0, 'dQ_mvar': 0.03209249755806151}, '61': {'dP_mw': -0.05, 'dQ_mvar': -0.05}}",1.0493471995773591,-0.04846774759822854,0.041352296255221785,PISR_breaker_closed,7.4
49,1791551200.5565617,85,(1.019052748+0.020069505j),(1.027249762+0.02076539j),(1.02745892+0.020842521j),(1.033748228+0.021350377j),(1.033958547+0.021427448j),(1.038351813+0.0217822j),(1.038505096+0.022020186j),(1.04278042+0.032252988j),(1.03810312+0.021629911j),(1.017466876+0.014432984j),(1.016695781+0.013850119j),(0.996815546+0.000387263j),(0.996581263+0.000214992j),(1.00548547+0.00798598j),(1.005843428+0.008415965j),(1.012128751+0.013901368j),(1.012486709+0.014331352j),(1.018772032+0.019816755j),(1.018951011+0.020031748j),(1.0273515+0.020803147j),(1.02735376+0.020803986j),(1.033853387+0.021388913j),(1.038456973+0.021820736j),(1.042828543+0.032452439j),(1.017113022+0.014242159j),(0.996398306-4.778e-06j),(0.996402283+0j),(1.005664449+0.008200972j),(1.01230773+0.01411636j),(1.027350338+0.020803207j),(1.019028253+0.020208983j),(0.996402283+0j),(0.996398306-4.778e-06j),(0.996398306-4.778e-06j),(1.017106845+0.014242738j),(1.017725086+0.015033764j),(1.040331362+0.021291713j),(1.038456973+0.021820736j),(1.02735376+0.020803986j),(1.043369775+0.033260911j),(1.042822512+0.0324529j),(1.005664449+0.008200972j),(1.005664449+0.008200972j),(1.018951011+0.020031748j),(1.01230773+0.01411636j),(1.033853387+0.021388913j),(1.01708703+0.014238319j),(1.017105301+0.014242882j),(1.019007422+0.018638834j),(1.017878102+0.015231665j),(1.044053568+0.035595006j),(1.043505083+0.033463028j),(1.042806816+0.032449212j),(1.042821004+0.032453015j),(1.049166356+0.019480829j),(1.04079996+0.021159457j),(1.02732855+0.020804234j),(1.019785211+0.021141855j),(-0.039503007+0.025330968j),(-0.037968472+0.034003456j),(-0.039836761+0.032119758j),(-0.08972334-0.049966865j),"{'64': {'dP_mw': 0.0, 'dQ_mvar': 0.02528971221103379}, '57': {'dP_mw': 0.0015322524017714577, 'dQ_mvar': 0.03397008648612648}, '55': {'dP_mw': 0.0, 'dQ_mvar': 0.03209249755806151}, '61': {'dP_mw': -0.05, 'dQ_mvar': -0.05}}",1.0493471995773591,-0.04846774759822854,0.041352296255221785,PISR_breaker_closed,7.45
50,1791551200.6063583,85,(1.018872662+0.020047337j),(1.027110577+0.020975807j),(1.027319128+0.021059209j),(1.033638859+0.021739956j),(1.033848579+0.021823229j),(1.038263097+0.02229875j),(1.038420351+0.022544305j),(1.042961886+0.032978965j),(1.038009516+0.022147988j),(1.017113509+0.014906049j),(1.016339221+0.014310961j),(0.996445978+0.000397911j),(0.996214889+0.000215022j),(1.005192808+0.007975459j),(1.005554291+0.008405503j),(1.011891646+0.013883458j),(1.012253129+0.014313502j),(1.018590484+0.019791458j),(1.018771225+0.02000648j),(1.027212014+0.021016664j),(1.027214268+0.021017572j),(1.033743719+0.021781592j),(1.038367957+0.022340387j),(1.04301428+0.033182884j),(1.016755068+0.01471365j),(0.996030131-4.778e-06j),(0.996034147+0j),(1.00537355+0.008190481j),(1.012072388+0.01409848j),(1.027210845+0.021016793j),(1.01885053+0.020180644j),(0.996034147+0j),(0.996030131-4.778e-06j),(0.996030131-4.778e-06j),(1.016748889+0.014714225j),(1.017355173+0.015555223j),(1.040242749+0.021812266j),(1.038367957+0.022340387j),(1.027214268+0.021017572j),(1.043581694+0.034004332j),(1.04300825+0.03318334j),(1.00537355+0.008190481j),(1.00537355+0.008190481j),(1.018771225+0.02000648j),(1.012072388+0.01409848j),(1.033743719+0.021781592j),(1.016729069+0.014709796j),(1.016747344+0.014714369j),(1.018534591+0.019327657j),(1.0175052+0.015765617j),(1.044318178+0.036389025j),(1.043723547+0.034209695j),(1.04299256+0.033179643j),(1.043006742+0.033183454j),(1.0490793+0.020005681j),(1.040711447+0.021680235j),(1.027189055+0.021017815j),(1.019614736+0.021091701j),(-0.039503007+0.024434794j),(-0.039500725+0.034304914j),(-0.039836761+0.034700824j),(-0.08972334-0.049966865j),"{'64': {'dP_mw': 0.0, 'dQ_mvar': 0.02439353777598558}, '57': {'dP_mw': 0.0, 'dQ_mvar': 0.03427154478137934}, '55': {'dP_mw': 0.0, 'dQ_mvar': 0.03467356352904452}, '61': {'dP_mw': -0.05, 'dQ_mvar': -0.05}}",1.0492700343385224,-0.05,0.04333864608640943,PISR_breaker_closed,7.5
51,1791551200.656755,85,(1.018872662+0.020047337j),(1.027110577+0.020975807j),(1.027319128+0.021059209j),(1.033638859+0.021739956j),(1.033848579+0.021823229j),(1.038263097+0.02229875j),(1.038420351+0.022544305j),(1.042961886+0.032978965j),(1.038009516+0.022147988j),(1.017113509+0.014906049j),(1.016339221+0.014310961j),(0.996445978+0.000397911j),(0.996214889+0.000215022j),(1.005192808+0.007975459j),(1.005554291+0.008405503j),(1.011891646+0.013883458j),(1.012253129+0.014313502j),(1.018590484+0.019791458j),(1.018771225+0.02000648j),(1.027212014+0.021016664j),(1.027214268+0.021017572j),(1.033743719+0.021781592j),(1.038367957+0.022340387j),(1.04301428+0.033182884j),(1.016755068+0.01471365j),(0.996030131-4.778e-06j),(0.996034147+0j),(1.00537355+0.008190481j),(1.012072388+0.01409848j),(1.027210845+0.021016793j),(1.01885053+0.020180644j),(0.996034147+0j),(0.996030131-4.778e-06j),(0.996030131-4.778e-06j),(1.016748889+0.014714225j),(1.017355173+0.015555223j),(1.040242749+0.021812266j),(1.038367957+0.022340387j),(1.027214268+0.021017572j),(1.043581694+0.034004332j),(1.04300825+0.03318334j),(1.00537355+0.008190481j),(1.00537355+0.008190481j),(1.018771225+0.02000648j),(1.012072388+0.01409848j),(1.033743719+0.021781592j),(1.016729069+0.014709796j),(1.016747344+0.014714369j),(1.018534591+0.019327657j),(1.0175052+0.015765617j),(1.044318178+0.036389025j),(1.043723547+0.034209695j),(1.04299256+0.033179643j),(1.043006742+0.033183454j),(1.0490793+0.020005681j),(1.040711447+0.021680235j),(1.027189055+0.021017815j),(1.019614736+0.021091701j),(-0.039503007+0.024434794j),(-0.039500725+0.034304914j),(-0.039836761+0.034700824j),(-0.08972334-0.049966865j),"{'64': {'dP_mw': 0.0, 'dQ_mvar': 0.02439353777598558}, '57': {'dP_mw': 0.0, 'dQ_mvar': 0.03427154478137934}, '55': {'dP_mw': 0.0, 'dQ_mvar': 0.03467356352904452}, '61': {'dP_mw': -0.05, 'dQ_mvar': -0.05}}",1.0492700343385224,-0.05,0.04333864608640943,PISR_breaker_closed,7.55
52,1791551200.7067966,85,(1.018873398+0.020046211j),(1.027110978+0.020975539j),(1.027319514+0.021058961j),(1.033638997+0.021740345j),(1.033848702+0.021823638j),(1.038263046+0.022299605j),(1.038420279+0.022545189j),(1.042961232+0.032981064j),(1.038009465+0.022148841j),(1.017113733+0.014906246j),(1.016339455+0.014311143j),(0.99644628+0.000397915j),(0.996215199+0.000215012j),(1.005193286+0.007975002j),(1.00555478+0.008405027j),(1.011892254+0.013882667j),(1.012253748+0.014312691j),(1.018591222+0.019790332j),(1.018771969+0.020005344j),(1.027212408+0.021016406j),(1.027214662+0.021017314j),(1.033743849+0.021781991j),(1.038367899+0.022341251j),(1.043013612+0.033185003j),(1.016755299+0.014713836j),(0.996030435-4.778e-06j),(0.996034451+0j),(1.005374033+0.008190015j),(1.012073001+0.014097679j),(1.027211239+0.021016535j),(1.018851287+0.020179489j),(0.996034451+0j),(0.996030435-4.778e-06j),(0.996030435-4.778e-06j),(1.01674912+0.014714412j),(1.017355414+0.015555371j),(1.040242691+0.021813131j),(1.038367899+0.022341251j),(1.027214662+0.021017314j),(1.043580995+0.034006566j),(1.043007582+0.03318546j),(1.005374033+0.008190015j),(1.005374033+0.008190015j),(1.018771969+0.020005344j),(1.012073001+0.014097679j),(1.033743849+0.021781991j),(1.0167293+0.014709982j),(1.016747575+0.014714556j),(1.018534911+0.019327673j),(1.017505442+0.015765754j),(1.044317322+0.036391507j),(1.043722841+0.034211957j),(1.042991892+0.033181762j),(1.043006074+0.033185574j),(1.049079244+0.020006554j),(1.040711389+0.021681101j),(1.027189448+0.021017557j),(1.019615537+0.021090407j),(-0.039503007+0.024429208j),(-0.039500725+0.034310962j),(-0.039836761+0.034698779j),(-0.08972334-0.049966865j),"{'64': {'dP_mw': 0.0, 'dQ_mvar': 0.02438795242317281}, '57': {'dP_mw': 0.0, 'dQ_mvar': 0.03427759192505886}, '55': {'dP_mw': 0.0, 'dQ_mvar': 0.03467151852503837}, '61': {'dP_mw': -0.05, 'dQ_mvar': -0.05}}",1.0492699949939321,-0.05,0.043337062873270035,PISR_breaker_closed,7.6
53,1791551200.756458,85,(1.018873398+0.020046211j),(1.027110978+0.020975539j),(1.027319514+0.021058961j),(1.033638997+0.021740345j),(1.033848702+0.021823638j),(1.038263046+0.022299605j),(1.038420279+0.022545189j),(1.042961232+0.032981064j),(1.038009465+0.022148841j),(1.017113733+0.014906246j),(1.016339455+0.014311143j),(0.99644628+0.000397915j),(0.996215199+0.000215012j),(1.005193286+0.007975002j),(1.00555478+0.008405027j),(1.011892254+0.013882667j),(1.012253748+0.014312691j),(1.018591222+0.019790332j),(1.018771969+0.020005344j),(1.027212408+0.021016406j),(1.027214662+0.021017314j),(1.033743849+0.021781991j),(1.038367899+0.022341251j),(1.043013612+0.033185003j),(1.016755299+0.014713836j),(0.996030435-4.778e-06j),(0.996034451+0j),(1.005374033+0.008190015j),(1.012073001+0.014097679j),(1.027211239+0.021016535j),(1.018851287+0.020179489j),(0.996034451+0j),(0.996030435-4.778e-06j),(0.996030435-4.778e-06j),(1.01674912+0.014714412j),(1.017355414+0.015555371j),(1.040242691+0.021813131j),(1.038367899+0.022341251j),(1.027214662+0.021017314j),(1.043580995+0.034006566j),(1.043007582+0.03318546j),(1.005374033+0.008190015j),(1.005374033+0.008190015j),(1.018771969+0.020005344j),(1.012073001+0.014097679j),(1.033743849+0.021781991j),(1.0167293+0.014709982j),(1.016747575+0.014714556j),(1.018534911+0.019327673j),(1.017505442+0.015765754j),(1.044317322+0.036391507j),(1.043722841+0.034211957j),(1.042991892+0.033181762j),(1.043006074+0.033185574j),(1.049079244+0.020006554j),(1.040711389+0.021681101j),(1.027189448+0.021017557j),(1.019615537+0.021090407j),(-0.039503007+0.024429208j),(-0.039500725+0.034310962j),(-0.039836761+0.034698779j),(-0.08972334-0.049966865j),"{'64': {'dP_mw': 0.0, 'dQ_mvar': 0.02438795242317281}, '57': {'dP_mw': 0.0, 'dQ_mvar': 0.03427759192505886}, '55': {'dP_mw': 0.0, 'dQ_mvar': 0.03467151852503837}, '61': {'dP_mw': -0.05, 'dQ_mvar': -0.05}}",1.0492699949939321,-0.05,0.043337062873270035,PISR_breaker_closed,7.65
54,1791551200.8066545,85,(1.018872662+0.020047337j),(1.027110577+0.020975807j),(1.027319128+0.021059209j),(1.033638859+0.021739955j),(1.033848579+0.021823229j),(1.038263097+0.02229875j),(1.038420351+0.022544305j),(1.042961886+0.032978965j),(1.038009516+0.022147988j),(1.017113509+0.014906049j),(1.016339221+0.014310961j),(0.996445978+0.000397911j),(0.996214889+0.000215022j),(1.005192808+0.007975459j),(1.005554291+0.008405503j),(1.011891646+0.013883458j),(1.012253129+0.014313502j),(1.018590484+0.019791458j),(1.018771225+0.02000648j),(1.027212014+0.021016664j),(1.027214268+0.021017572j),(1.033743719+0.021781592j),(1.038367957+0.022340387j),(1.04301428+0.033182883j),(1.016755068+0.01471365j),(0.996030131-4.778e-06j),(0.996034147+0j),(1.00537355+0.008190481j),(1.012072388+0.01409848j),(1.027210845+0.021016793j),(1.01885053+0.020180644j),(0.996034147+0j),(0.996030131-4.778e-06j),(0.996030131-4.778e-06j),(1.016748889+0.014714225j),(1.017355173+0.015555223j),(1.040242749+0.021812266j),(1.038367957+0.022340387j),(1.027214268+0.021017572j),(1.043581694+0.034004332j),(1.04300825+0.03318334j),(1.00537355+0.008190481j),(1.00537355+0.008190481j),(1.018771225+0.02000648j),(1.012072388+0.01409848j),(1.033743719+0.021781592j),(1.016729069+0.014709796j),(1.016747344+0.014714369j),(1.018534591+0.019327657j),(1.017505199+0.015765617j),(1.044318178+0.036389025j),(1.043723547+0.034209695j),(1.04299256+0.033179642j),(1.043006742+0.033183454j),(1.0490793+0.020005681j),(1.040711447+0.021680235j),(1.027189055+0.021017815j),(1.019614736+0.021091701j),(-0.039503007+0.024434794j),(-0.039500725+0.034304914j),(-0.039836761+0.034700825j),(-0.08972334-0.049966865j),"{'64': {'dP_mw': 0.0, 'dQ_mvar': 0.024393537738313386}, '57': {'dP_mw': 0.0, 'dQ_mvar': 0.03427154425611447}, '55': {'dP_mw': 0.0, 'dQ_mvar': 0.03467356450672273}, '61': {'dP_mw': -0.05, 'dQ_mvar': -0.05}}",1.0492700343385224,-0.05,0.04333864650115059,PISR_breaker_closed,7.7
55,1791551200.8569312,85,(1.018872662+0.020047337j),(1.027110577+0.020975807j),(1.027319128+0.021059209j),(1.033638859+0.021739955j),(1.033848579+0.021823229j),(1.038263097+0.02229875j),(1.038420351+0.022544305j),(1.042961886+0.032978965j),(1.038009516+0.022147988j),(1.017113509+0.014906049j),(1.016339221+0.014310961j),(0.996445978+0.000397911j),(0.996214889+0.000215022j),(1.005192808+0.007975459j),(1.005554291+0.008405503j),(1.011891646+0.013883458j),(1.012253129+0.014313502j),(1.018590484+0.019791458j),(1.018771225+0.02000648j),(1.027212014+0.021016664j),(1.027214268+0.021017572j),(1.033743719+0.021781592j),(1.038367957+0.022340387j),(1.04301428+0.033182883j),(1.016755068+0.01471365j),(0.996030131-4.778e-06j),(0.996034147+0j),(1.00537355+0.008190481j),(1.012072388+0.01409848j),(1.027210845+0.021016793j),(1.01885053+0.020180644j),(0.996034147+0j),(0.996030131-4.778e-06j),(0.996030131-4.778e-06j),(1.016748889+0.014714225j),(1.017355173+0.015555223j),(1.040242749+0.021812266j),(1.038367957+0.022340387j),(1.027214268+0.021017572j),(1.043581694+0.034004332j),(1.04300825+0.03318334j),(1.00537355+0.008190481j),(1.00537355+0.008190481j),(1.018771225+0.02000648j),(1.012072388+0.01409848j),(1.033743719+0.021781592j),(1.016729069+0.014709796j),(1.016747344+0.014714369j),(1.018534591+0.019327657j),(1.017505199+0.015765617j),(1.044318178+0.036389025j),(1.043723547+0.034209695j),(1.04299256+0.033179642j),(1.043006742+0.033183454j),(1.0490793+0.020005681j),(1.040711447+0.021680235j),(1.027189055+0.021017815j),(1.019614736+0.021091701j),(-0.039503007+0.024434794j),(-0.039500725+0.034304914j),(-0.039836761+0.034700825j),(-0.08972334-0.049966865j),"{'64': {'dP_mw': 0.0, 'dQ_mvar': 0.024393537738313386}, '57': {'dP_mw': 0.0, 'dQ_mvar': 0.03427154425611447}, '55': {'dP_mw': 0.0, 'dQ_mvar': 0.03467356450672273}, '61': {'dP_mw': -0.05, 'dQ_mvar': -0.05}}",1.0492700343385224,-0.05,0.04333864650115059,PISR_breaker_closed,7.75
56,1791551200.9071536,85,(1.018872662+0.020047337j),(1.027110577+0.020975807j),(1.027319128+0.021059209j),(1.033638859+0.021739955j),(1.033848579+0.021823229j),(1.038263097+0.02229875j),(1.038420351+0.022544305j),(1.042961886+0.032978965j),(1.038009516+0.022147988j),(1.017113509+0.014906049j),(1.016339221+0.014310961j),(0.996445978+0.000397911j),(0.996214889+0.000215022j),(1.005192808+0.007975459j),(1.005554291+0.008405503j),(1.011891646+0.013883458j),(1.012253129+0.014313502j),(1.018590484+0.019791458j),(1.018771225+0.02000648j),(1.027212014+0.021016664j),(1.027214268+0.021017572j),(1.033743719+0.021781592j),(1.038367957+0.022340387j),(1.04301428+0.033182883j),(1.016755068+0.01471365j),(0.996030131-4.778e-06j),(0.996034147+0j),(1.00537355+0.008190481j),(1.012072388+0.01409848j),(1.027210845+0.021016793j),(1.01885053+0.020180644j),(0.996034147+0j),(0.996030131-4.778e-06j),(0.996030131-4.778e-06j),(1.016748889+0.014714225j),(1.017355173+0.015555223j),(1.040242749+0.021812266j),(1.038367957+0.022340387j),(1.027214268+0.021017572j),(1.043581694+0.034004332j),(1.04300825+0.03318334j),(1.00537355+0.008190481j),(1.00537355+0.008190481j),(1.018771225+0.02000648j),(1.012072388+0.01409848j),(1.033743719+0.021781592j),(1.016729069+0.014709796j),(1.016747344+0.014714369j),(1.018534591+0.019327657j),(1.017505199+0.015765617j),(1.044318178+0.036389024j),(1.043723547+0.034209694j),(1.04299256+0.033179642j),(1.043006742+0.033183454j),(1.0490793+0.020005681j),(1.040711447+0.021680235j),(1.027189055+0.021017815j),(1.019614736+0.021091701j),(-0.039503007+0.024434794j),(-0.039500725+0.034304913j),(-0.039836761+0.034700825j),(-0.08972334-0.049966865j),"{'64': {'dP_mw': 0.0, 'dQ_mvar': 0.024393537975995073}, '57': {'dP_mw': 0.0, 'dQ_mvar': 0.03427154358794466}, '55': {'dP_mw': 0.0, 'dQ_mvar': 0.034673564826994824}, '61': {'dP_mw': -0.05, 'dQ_mvar': -0.05}}",1.0492700343385224,-0.05,0.04333864639093456,PISR_breaker_closed,7.8
57,1791551200.9575408,85,(1.018872662+0.020047337j),(1.027110577+0.020975807j),(1.027319128+0.021059209j),(1.033638859+0.021739955j),(1.033848579+0.021823229j),(1.038263097+0.02229875j),(1.038420351+0.022544305j),(1.042961886+0.032978965j),(1.038009516+0.022147988j),(1.017113509+0.014906049j),(1.016339221+0.014310961j),(0.996445978+0.000397911j),(0.996214889+0.000215022j),(1.005192808+0.007975459j),(1.005554291+0.008405503j),(1.011891646+0.013883458j),(1.012253129+0.014313502j),(1.018590484+0.019791458j),(1.018771225+0.02000648j),(1.027212014+0.021016664j),(1.027214268+0.021017572j),(1.033743719+0.021781592j),(1.038367957+0.022340387j),(1.04301428+0.033182883j),(1.016755068+0.01471365j),(0.996030131-4.778e-06j),(0.996034147+0j),(1.00537355+0.008190481j),(1.012072388+0.01409848j),(1.027210845+0.021016793j),(1.01885053+0.020180644j),(0.996034147+0j),(0.996030131-4.778e-06j),(0.996030131-4.778e-06j),(1.016748889+0.014714225j),(1.017355173+0.015555223j),(1.040242749+0.021812266j),(1.038367957+0.022340387j),(1.027214268+0.021017572j),(1.043581694+0.034004332j),(1.04300825+0.03318334j),(1.00537355+0.008190481j),(1.00537355+0.008190481j),(1.018771225+0.02000648j),(1.012072388+0.01409848j),(1.033743719+0.021781592j),(1.016729069+0.014709796j),(1.016747344+0.014714369j),(1.018534591+0.019327657j),(1.017505199+0.015765617j),(1.044318178+0.036389024j),(1.043723547+0.034209694j),(1.04299256+0.033179642j),(1.043006742+0.033183454j),(1.0490793+0.020005681j),(1.040711447+0.021680235j),(1.027189055+0.021017815j),(1.019614736+0.021091701j),(-0.039503007+0.024434794j),(-0.039500725+0.034304913j),(-0.039836761+0.034700825j),(-0.08972334-0.049966865j),"{'64': {'dP_mw': 0.0, 'dQ_mvar': 0.024393537975995073}, '57': {'dP_mw': 0.0, 'dQ_mvar': 0.03427154358794466}, '55': {'dP_mw': 0.0, 'dQ_mvar': 0.034673564826994824}, '61': {'dP_mw': -0.05, 'dQ_mvar': -0.05}}",1.0492700343385224,-0.05,0.04333864639093456,PISR_breaker_closed,7.85
58,1791551201.006981,85,(1.018872662+0.020047337j),(1.027110577+0.020975807j),(1.027319128+0.021059209j),(1.033638859+0.021739955j),(1.033848579+0.021823229j),(1.038263097+0.02229875j),(1.038420351+0.022544305j),(1.042961886+0.032978965j),(1.038009516+0.022147988j),(1.017113509+0.014906049j),(1.016339221+0.014310961j),(0.996445978+0.000397911j),(0.996214889+0.000215022j),(1.005192808+0.007975459j),(1.005554291+0.008405503j),(1.011891646+0.013883458j),(1.012253129+0.014313502j),(1.018590484+0.019791458j),(1.018771225+0.02000648j),(1.027212014+0.021016664j),(1.027214268+0.021017572j),(1.033743719+0.021781592j),(1.038367957+0.022340387j),(1.04301428+0.033182883j),(1.016755068+0.01471365j),(0.996030131-4.778e-06j),(0.996034147+0j),(1.00537355+0.008190481j),(1.012072388+0.01409848j),(1.027210845+0.021016793j),(1.01885053+0.020180644j),(0.996034147+0j),(0.996030131-4.778e-06j),(0.996030131-4.778e-06j),(1.016748889+0.014714225j),(1.017355173+0.015555223j),(1.040242749+0.021812266j),(1.038367957+0.022340387j),(1.027214268+0.021017572j),(1.043581694+0.034004332j),(1.04300825+0.03318334j),(1.00537355+0.008190481j),(1.00537355+0.008190481j),(1.018771225+0.02000648j),(1.012072388+0.01409848j),(1.033743719+0.021781592j),(1.016729069+0.014709796j),(1.016747344+0.014714369j),(1.018534591+0.019327657j),(1.017505199+0.015765617j),(1.044318178+0.036389024j),(1.043723547+0.034209694j),(1.04299256+0.033179642j),(1.043006742+0.033183454j),(1.0490793+0.020005681j),(1.040711447+0.021680235j),(1.027189055+0.021017815j),(1.019614736+0.021091701j),(-0.039503007+0.024434794j),(-0.039500725+0.034304913j),(-0.039836761+0.034700825j),(-0.08972334-0.049966865j),"{'64': {'dP_mw': 0.0, 'dQ_mvar': 0.024393537676005925}, '57': {'dP_mw': 0.0, 'dQ_mvar': 0.03427154450209007}, '55': {'dP_mw': 0.0, 'dQ_mvar': 0.034673564949916726}, '61': {'dP_mw': -0.05, 'dQ_mvar': -0.05}}",1.0492700343385224,-0.05,0.04333864712801272,PISR_breaker_closed,7.9
59,1791551201.057335,85,(1.018872662+0.020047337j),(1.027110577+0.020975807j),(1.027319128+0.021059209j),(1.033638859+0.021739956j),(1.033848578+0.021823229j),(1.038263097+0.02229875j),(1.038420351+0.022544305j),(1.042961886+0.032978965j),(1.038009516+0.022147988j),(1.017113508+0.014906049j),(1.016339221+0.014310961j),(0.996445978+0.000397911j),(0.996214889+0.000215022j),(1.005192808+0.007975459j),(1.005554291+0.008405503j),(1.011891646+0.013883458j),(1.012253129+0.014313502j),(1.018590484+0.019791458j),(1.018771225+0.02000648j),(1.027212014+0.021016664j),(1.027214268+0.021017572j),(1.033743719+0.021781592j),(1.038367956+0.022340387j),(1.04301428+0.033182884j),(1.016755068+0.01471365j),(0.996030131-4.778e-06j),(0.996034147+0j),(1.00537355+0.008190481j),(1.012072387+0.01409848j),(1.027210845+0.021016793j),(1.01885053+0.020180644j),(0.996034147+0j),(0.996030131-4.778e-06j),(0.996030131-4.778e-06j),(1.016748888+0.014714225j),(1.017355173+0.015555224j),(1.040242748+0.021812266j),(1.038367956+0.022340387j),(1.027214268+0.021017572j),(1.043581693+0.034004333j),(1.04300825+0.03318334j),(1.00537355+0.008190481j),(1.00537355+0.008190481j),(1.018771225+0.02000648j),(1.012072387+0.01409848j),(1.033743719+0.021781592j),(1.016729069+0.014709796j),(1.016747343+0.014714369j),(1.018534591+0.019327657j),(1.017505199+0.015765617j),(1.044318178+0.036389025j),(1.043723547+0.034209695j),(1.04299256+0.033179643j),(1.043006742+0.033183454j),(1.0490793+0.020005681j),(1.040711446+0.021680236j),(1.027189054+0.021017815j),(1.019614736+0.021091701j),(-0.039503007+0.024434793j),(-0.039500725+0.034304914j),(-0.039836761+0.034700825j),(-0.08972334-0.049966865j),"{'64': {'dP_mw': 0.0, 'dQ_mvar': 0.024393537676005925}, '57': {'dP_mw': 0.0, 'dQ_mvar': 0.03427154450209007}, '55': {'dP_mw': 0.0, 'dQ_mvar': 0.034673564949916726}, '61': {'dP_mw': -0.05, 'dQ_mvar': -0.05}}",1.0492700343385224,-0.05,0.04333864712801272,PISR_breaker_closed,7.95
60,1791551201.1086743,85,(1.018872662+0.020047337j),(1.027110577+0.020975807j),(1.027319128+0.021059209j),(1.033638859+0.021739956j),(1.033848578+0.021823229j),(1.038263097+0.02229875j),(1.038420351+0.022544305j),(1.042961886+0.032978965j),(1.038009516+0.022147988j),(1.017113508+0.014906049j),(1.016339221+0.014310961j),(0.996445978+0.000397911j),(0.996214889+0.000215022j),(1.005192808+0.007975459j),(1.005554291+0.008405503j),(1.011891646+0.013883458j),(1.012253129+0.014313502j),(1.018590484+0.019791458j),(1.018771225+0.02000648j),(1.027212014+0.021016664j),(1.027214268+0.021017572j),(1.033743719+0.021781592j),(1.038367956+0.022340387j),(1.04301428+0.033182884j),(1.016755068+0.01471365j),(0.996030131-4.778e-06j),(0.996034147+0j),(1.00537355+0.008190481j),(1.012072387+0.01409848j),(1.027210845+0.021016793j),(1.01885053+0.020180644j),(0.996034147+0j),(0.996030131-4.778e-06j),(0.996030131-4.778e-06j),(1.016748888+0.014714225j),(1.017355173+0.015555224j),(1.040242748+0.021812266j),(1.038367956+0.022340387j),(1.027214268+0.021017572j),(1.043581693+0.034004333j),(1.04300825+0.03318334j),(1.00537355+0.008190481j),(1.00537355+0.008190481j),(1.018771225+0.02000648j),(1.012072387+0.01409848j),(1.033743719+0.021781592j),(1.016729069+0.014709796j),(1.016747343+0.014714369j),(1.018534591+0.019327657j),(1.017505199+0.015765617j),(1.044318178+0.036389025j),(1.043723547+0.034209695j),(1.04299256+0.033179643j),(1.043006742+0.033183454j),(1.0490793+0.020005681j),(1.040711446+0.021680236j),(1.027189054+0.021017815j),(1.019614736+0.021091701j),(-0.039503007+0.024434793j),(-0.039500725+0.034304914j),(-0.039836761+0.034700825j),(-0.08972334-0.049966865j),"{'64': {'dP_mw': 0.0, 'dQ_mvar': 0.024393537376016777}, '57': {'dP_mw': 0.0, 'dQ_mvar': 0.034271545416235484}, '55': {'dP_mw': 0.0, 'dQ_mvar': 0.03467356507283863}, '61': {'dP_mw': 0.0, 'dQ_mvar': 0.0}}",1.0492700343385224,0.0,0.09333864786509088,PISR_breaker_closed,8.0
61,1791551201.158148,85,(1.000739097+0.023069192j),(1.003938689+0.026490729j),(1.004000026+0.026602317j),(1.006580029+0.02913683j),(1.006644227+0.029248019j),(1.008446436+0.031018451j),(1.008530331+0.031284415j),(1.01309519+0.042068501j),(1.008322977+0.030826569j),(0.997842973+0.018881909j),(0.997474302+0.018172424j),(0.985581866+0.000456846j),(0.985479895+0.000232339j),(0.991569612+0.009196888j),(0.991787066+0.009661566j),(0.99608569+0.015989482j),(0.996303144+0.01645416j),(1.000601768+0.022782077j),(1.000710495+0.023014416j),(1.003967291+0.026545506j),(1.003967927+0.026546723j),(1.006612128+0.029192425j),(1.008478534+0.031074045j),(1.013146987+0.04227887j),(0.997687416+0.018634433j),(0.985368752-5.163e-06j),(0.985371168+0j),(0.991678339+0.009429227j),(0.996194417+0.016221821j),(1.00396443+0.026545905j),(1.00079062+0.023191979j),(0.985371168+0j),(0.985368752-5.163e-06j),(0.985368752-5.163e-06j),(0.997681116+0.018634993j),(0.998295145+0.01949464j),(1.009231703+0.031267181j),(1.008478534+0.031074045j),(1.003967927+0.026546723j),(1.013722318+0.043130003j),(1.013140777+0.042279279j),(0.991678339+0.009429227j),(0.991678339+0.009429227j),(1.000710495+0.023014416j),(0.996194417+0.016221821j),(1.006612128+0.029192425j),(0.997660938+0.018630394j),(0.997679541+0.018635133j),(0.999480095+0.023343862j),(0.998447077+0.019709692j),(1.014455401+0.045591422j),(1.01386615+0.043342787j),(1.013124669+0.042275314j),(1.013139224+0.042279381j),(1.012644925+0.032413219j),(1.009419995+0.031315464j),(1.003942132+0.026546817j),(1.001565385+0.02412202j),(-0.039503007+0.024434793j),(-0.039500725+0.034304915j),(-0.039836761+0.034700825j),(-0.03972334+3.3135e-05j),"{'64': {'dP_mw': 0.0, 'dQ_mvar': 0.024393537376016777}, '57': {'dP_mw': 0.0, 'dQ_mvar': 0.034271545416235484}, '55': {'dP_mw': 0.0, 'dQ_mvar': 0.03467356507283863}, '61': {'dP_mw': 0.0, 'dQ_mvar': 0.0}}",1.015479363836633,0.0,0.09333864786509088,PISR_breaker_closed,8.05
62,1791551201.2074776,85,(1.000739097+0.023069192j),(1.003938689+0.026490729j),(1.004000026+0.026602317j),(1.006580029+0.02913683j),(1.006644227+0.029248019j),(1.008446436+0.031018451j),(1.008530331+0.031284415j),(1.01309519+0.042068501j),(1.008322977+0.030826569j),(0.997842973+0.018881909j),(0.997474302+0.018172424j),(0.985581866+0.000456846j),(0.985479895+0.000232339j),(0.991569612+0.009196888j),(0.991787066+0.009661566j),(0.99608569+0.015989482j),(0.996303144+0.01645416j),(1.000601768+0.022782077j),(1.000710495+0.023014416j),(1.003967291+0.026545506j),(1.003967927+0.026546723j),(1.006612128+0.029192425j),(1.008478534+0.031074045j),(1.013146987+0.04227887j),(0.997687416+0.018634433j),(0.985368752-5.163e-06j),(0.985371168+0j),(0.991678339+0.009429227j),(0.996194417+0.016221821j),(1.00396443+0.026545905j),(1.00079062+0.023191979j),(0.985371168+0j),(0.985368752-5.163e-06j),(0.985368752-5.163e-06j),(0.997681116+0.018634993j),(0.998295145+0.01949464j),(1.009231703+0.031267181j),(1.008478534+0.031074045j),(1.003967927+0.026546723j),(1.013722318+0.043130003j),(1.013140777+0.042279279j),(0.991678339+0.009429227j),(0.991678339+0.009429227j),(1.000710495+0.023014416j),(0.996194417+0.016221821j),(1.006612128+0.029192425j),(0.997660938+0.018630394j),(0.997679541+0.018635133j),(0.999480095+0.023343862j),(0.998447077+0.019709692j),(1.014455401+0.045591422j),(1.01386615+0.043342787j),(1.013124669+0.042275314j),(1.013139224+0.042279381j),(1.012644925+0.032413219j),(1.009419995+0.031315464j),(1.003942132+0.026546817j),(1.001565385+0.02412202j),(-0.039503007+0.024434793j),(-0.039500725+0.034304915j),(-0.039836761+0.034700825j),(-0.03972334+3.3135e-05j),"{'64': {'dP_mw': 0.0, 'dQ_mvar': 0.024393538902573193}, '57': {'dP_mw': 0.0, 'dQ_mvar': 0.03427154443520922}, '55': {'dP_mw': 0.0, 'dQ_mvar': 0.034673565499142175}, '61': {'dP_mw': 0.0, 'dQ_mvar': 0.0}}",1.015479363836633,0.0,0.09333864883692458,PISR_breaker_closed,8.1
63,1791551201.2584424,85,(1.000739097+0.023069192j),(1.003938689+0.02649073j),(1.004000025+0.026602317j),(1.006580029+0.02913683j),(1.006644227+0.029248019j),(1.008446435+0.031018451j),(1.008530331+0.031284414j),(1.01309519+0.0420685j),(1.008322977+0.030826569j),(0.997842973+0.018881909j),(0.997474302+0.018172424j),(0.985581866+0.000456846j),(0.985479895+0.000232339j),(0.991569612+0.009196888j),(0.991787066+0.009661566j),(0.99608569+0.015989482j),(0.996303144+0.01645416j),(1.000601768+0.022782077j),(1.000710495+0.023014416j),(1.003967291+0.026545506j),(1.003967927+0.026546723j),(1.006612128+0.029192425j),(1.008478534+0.031074045j),(1.013146987+0.04227887j),(0.997687416+0.018634433j),(0.985368752-5.163e-06j),(0.985371168+0j),(0.991678339+0.009429227j),(0.996194417+0.016221821j),(1.00396443+0.026545905j),(1.00079062+0.023191979j),(0.985371168+0j),(0.985368752-5.163e-06j),(0.985368752-5.163e-06j),(0.997681116+0.018634993j),(0.998295145+0.01949464j),(1.009231703+0.031267181j),(1.008478534+0.031074045j),(1.003967927+0.026546723j),(1.013722318+0.043130003j),(1.013140777+0.042279278j),(0.991678339+0.009429227j),(0.991678339+0.009429227j),(1.000710495+0.023014416j),(0.996194417+0.016221821j),(1.006612128+0.029192425j),(0.997660938+0.018630394j),(0.997679541+0.018635133j),(0.999480095+0.023343862j),(0.998447077+0.019709692j),(1.014455401+0.045591422j),(1.01386615+0.043342786j),(1.013124669+0.042275313j),(1.013139224+0.04227938j),(1.012644925+0.032413219j),(1.009419995+0.031315464j),(1.003942132+0.026546817j),(1.001565384+0.024122021j),(-0.039503007+0.024434795j),(-0.039500725+0.034304914j),(-0.039836761+0.034700826j),(-0.03972334+3.3135e-05j),"{'64': {'dP_mw': 0.0, 'dQ_mvar': 0.024393538902573193}, '57': {'dP_mw': 0.0, 'dQ_mvar': 0.03427154443520922}, '55': {'dP_mw': 0.0, 'dQ_mvar': 0.034673565499142175}, '61': {'dP_mw': 0.0, 'dQ_mvar': 0.0}}",1.015479363836633,0.0,0.09333864883692458,PISR_breaker_closed,8.15
64,1791551201.3081014,85,(1.000739097+0.023069192j),(1.003938689+0.02649073j),(1.004000025+0.026602317j),(1.006580029+0.02913683j),(1.006644227+0.029248019j),(1.008446435+0.031018451j),(1.008530331+0.031284414j),(1.01309519+0.0420685j),(1.008322977+0.030826569j),(0.997842973+0.018881909j),(0.997474302+0.018172424j),(0.985581866+0.000456846j),(0.985479895+0.000232339j),(0.991569612+0.009196888j),(0.991787066+0.009661566j),(0.99608569+0.015989482j),(0.996303144+0.01645416j),(1.000601768+0.022782077j),(1.000710495+0.023014416j),(1.003967291+0.026545506j),(1.003967927+0.026546723j),(1.006612128+0.029192425j),(1.008478534+0.031074045j),(1.013146987+0.04227887j),(0.997687416+0.018634433j),(0.985368752-5.163e-06j),(0.985371168+0j),(0.991678339+0.009429227j),(0.996194417+0.016221821j),(1.00396443+0.026545905j),(1.00079062+0.023191979j),(0.985371168+0j),(0.985368752-5.163e-06j),(0.985368752-5.163e-06j),(0.997681116+0.018634993j),(0.998295145+0.01949464j),(1.009231703+0.031267181j),(1.008478534+0.031074045j),(1.003967927+0.026546723j),(1.013722318+0.043130003j),(1.013140777+0.042279278j),(0.991678339+0.009429227j),(0.991678339+0.009429227j),(1.000710495+0.023014416j),(0.996194417+0.016221821j),(1.006612128+0.029192425j),(0.997660938+0.018630394j),(0.997679541+0.018635133j),(0.999480095+0.023343862j),(0.998447077+0.019709692j),(1.014455401+0.045591422j),(1.01386615+0.043342786j),(1.013124669+0.042275313j),(1.013139224+0.04227938j),(1.012644925+0.032413219j),(1.009419995+0.031315464j),(1.003942132+0.026546817j),(1.001565384+0.024122021j),(-0.039503007+0.024434795j),(-0.039500725+0.034304914j),(-0.039836761+0.034700826j),(-0.03972334+3.3135e-05j),"{'64': {'dP_mw': 0.0, 'dQ_mvar': 0.0}, '57': {'dP_mw': 0.0, 'dQ_mvar': 0.0}, '55': {'dP_mw': 0.0, 'dQ_mvar': 0.0}, '61': {'dP_mw': 0.0, 'dQ_mvar': 0.0}}",1.015479363836633,0.0,0.0,PISR_breaker_closed,8.2
65,1791551201.3585806,85,(1.024694112+0.010033505j),(1.028554113+0.011553958j),(1.028645913+0.011621318j),(1.031711782+0.012740206j),(1.031806037+0.012807582j),(1.033947636+0.013589158j),(1.034126551+0.013710041j),(1.041906315+0.017235723j),(1.03377594+0.013481231j),(1.020811235+0.007763426j),(1.020237122+0.007391812j),(1.003998126+0.000227314j),(1.00382554+0.000120858j),(1.012089702+0.003966762j),(1.012447165+0.004208478j),(1.018280691+0.006923233j),(1.018638154+0.00716495j),(1.024471679+0.009879705j),(1.024650411+0.010000564j),(1.028597814+0.011586899j),(1.028598786+0.011587631j),(1.031758909+0.012773894j),(1.033994764+0.013622846j),(1.042038103+0.017322918j),(1.020592412+0.007621811j),(1.003642837-2.686e-06j),(1.003646808+0j),(1.012268433+0.00408762j),(1.018459422+0.007044092j),(1.02859536+0.011586884j),(1.024785441+0.010088481j),(1.003646808+0j),(1.003642837-2.686e-06j),(1.003642837-2.686e-06j),(1.020586259+0.007622428j),(1.021347478+0.00779417j),(1.034732995+0.013798297j),(1.033994764+0.013622846j),(1.028598786+0.011587631j),(1.042770338+0.017497596j),(1.042032072+0.017323467j),(1.012268433+0.00408762j),(1.012268433+0.00408762j),(1.024650411+0.010000564j),(1.018459422+0.007044092j),(1.031758909+0.012773894j),(1.020566482+0.007618153j),(1.020584721+0.007622582j),(1.02388636+0.009319012j),(1.021536245+0.007837259j),(1.044385298+0.018463724j),(1.042953396+0.017541266j),(1.042016308+0.017320004j),(1.042030565+0.017323604j),(1.038083199+0.014857627j),(1.034917553+0.01384216j),(1.028573606+0.011588104j),(1.02574001+0.010390546j),(-0.039503007+4.1256e-05j),(-0.039500725+3.337e-05j),(-0.039836761+2.726e-05j),(-0.03972334+3.3135e-05j),"{'64': {'dP_mw': 0.0, 'dQ_mvar': 0.0}, '57': {'dP_mw': 0.0, 'dQ_mvar': 0.0}, '55': {'dP_mw': 0.0, 'dQ_mvar': 0.0}, '61': {'dP_mw': 0.0, 'dQ_mvar': 0.0}}",1.0445484956585294,0.0,0.0,PISR_breaker_closed,8.25
66,1791551201.4083798,85,(1.024694112+0.010033505j),(1.028554113+0.011553958j),(1.028645913+0.011621318j),(1.031711782+0.012740206j),(1.031806037+0.012807582j),(1.033947636+0.013589158j),(1.034126551+0.013710041j),(1.041906315+0.017235723j),(1.03377594+0.013481231j),(1.020811235+0.007763426j),(1.020237122+0.007391812j),(1.003998126+0.000227314j),(1.00382554+0.000120858j),(1.012089702+0.003966762j),(1.012447165+0.004208478j),(1.018280691+0.006923233j),(1.018638154+0.00716495j),(1.024471679+0.009879705j),(1.024650411+0.010000564j),(1.028597814+0.011586899j),(1.028598786+0.011587631j),(1.031758909+0.012773894j),(1.033994764+0.013622846j),(1.042038103+0.017322918j),(1.020592412+0.007621811j),(1.003642837-2.686e-06j),(1.003646808+0j),(1.012268433+0.00408762j),(1.018459422+0.007044092j),(1.02859536+0.011586884j),(1.024785441+0.010088481j),(1.003646808+0j),(1.003642837-2.686e-06j),(1.003642837-2.686e-06j),(1.020586259+0.007622428j),(1.021347478+0.00779417j),(1.034732995+0.013798297j),(1.033994764+0.013622846j),(1.028598786+0.011587631j),(1.042770338+0.017497596j),(1.042032072+0.017323467j),(1.012268433+0.00408762j),(1.012268433+0.00408762j),(1.024650411+0.010000564j),(1.018459422+0.007044092j),(1.031758909+0.012773894j),(1.020566482+0.007618153j),(1.020584721+0.007622582j),(1.02388636+0.009319012j),(1.021536245+0.007837259j),(1.044385298+0.018463724j),(1.042953396+0.017541266j),(1.042016308+0.017320004j),(1.042030565+0.017323604j),(1.038083199+0.014857627j),(1.034917553+0.01384216j),(1.028573606+0.011588104j),(1.02574001+0.010390546j),(-0.039503007+4.1256e-05j),(-0.039500725+3.337e-05j),(-0.039836761+2.726e-05j),(-0.03972334+3.3135e-05j),"{'64': {'dP_mw': 0.0, 'dQ_mvar': 0.0}, '57': {'dP_mw': 0.0, 'dQ_mvar': 0.0}, '55': {'dP_mw': 0.0, 'dQ_mvar': 0.0}, '61': {'dP_mw': 0.0, 'dQ_mvar': 0.0}}",1.0445484956585294,0.0,0.0,PISR_breaker_closed,8.3
67,1791551201.4584098,85,(1.024694112+0.010033505j),(1.028554113+0.011553958j),(1.028645913+0.011621318j),(1.031711782+0.012740206j),(1.031806037+0.012807582j),(1.033947636+0.013589158j),(1.034126551+0.013710041j),(1.041906315+0.017235723j),(1.03377594+0.013481231j),(1.020811235+0.007763426j),(1.020237122+0.007391812j),(1.003998126+0.000227314j),(1.00382554+0.000120858j),(1.012089702+0.003966762j),(1.012447165+0.004208478j),(1.018280691+0.006923233j),(1.018638154+0.00716495j),(1.024471679+0.009879705j),(1.024650411+0.010000564j),(1.028597814+0.011586899j),(1.028598786+0.011587631j),(1.031758909+0.012773894j),(1.033994764+0.013622846j),(1.042038103+0.017322918j),(1.020592412+0.007621811j),(1.003642837-2.686e-06j),(1.003646808+0j),(1.012268433+0.00408762j),(1.018459422+0.007044092j),(1.02859536+0.011586884j),(1.024785441+0.010088481j),(1.003646808+0j),(1.003642837-2.686e-06j),(1.003642837-2.686e-06j),(1.020586259+0.007622428j),(1.021347478+0.00779417j),(1.034732995+0.013798297j),(1.033994764+0.013622846j),(1.028598786+0.011587631j),(1.042770338+0.017497596j),(1.042032072+0.017323467j),(1.012268433+0.00408762j),(1.012268433+0.00408762j),(1.024650411+0.010000564j),(1.018459422+0.007044092j),(1.031758909+0.012773894j),(1.020566482+0.007618153j),(1.020584721+0.007622582j),(1.02388636+0.009319012j),(1.021536245+0.007837259j),(1.044385298+0.018463724j),(1.042953396+0.017541266j),(1.042016308+0.017320004j),(1.042030565+0.017323604j),(1.038083199+0.014857627j),(1.034917553+0.01384216j),(1.028573606+0.011588104j),(1.02574001+0.010390546j),(-0.039503007+4.1256e-05j),(-0.039500725+3.337e-05j),(-0.039836761+2.726e-05j),(-0.03972334+3.3135e-05j),"{'64': {'dP_mw': 0.0, 'dQ_mvar': 0.0}, '57': {'dP_mw': 0.0, 'dQ_mvar': 0.0}, '55': {'dP_mw': 0.0, 'dQ_mvar': 0.0}, '61': {'dP_mw': 0.0, 'dQ_mvar': 0.0}}",1.0445484956585294,0.0,0.0,PISR_breaker_closed,8.35
68,1791551201.50846,86,(1.024694112+0.010033505j),(1.028554113+0.011553958j),(1.028645913+0.011621318j),(1.031711782+0.012740206j),(1.031806037+0.012807582j),(1.033947636+0.013589158j),(1.034126551+0.013710041j),(1.041906315+0.017235723j),(1.03377594+0.013481231j),(1.020811235+0.007763426j),(1.020237122+0.007391812j),(1.003998126+0.000227314j),(1.00382554+0.000120858j),(1.012089702+0.003966762j),(1.012447165+0.004208478j),(1.018280691+0.006923233j),(1.018638154+0.00716495j),(1.024471679+0.009879705j),(1.024650411+0.010000564j),(1.028597814+0.011586899j),(1.028598786+0.011587631j),(1.031758909+0.012773894j),(1.033994764+0.013622846j),(1.042038103+0.017322918j),(1.020592412+0.007621811j),(1.003642837-2.686e-06j),(1.003646808+0j),(1.012268433+0.00408762j),(1.018459422+0.007044092j),(1.02859536+0.011586884j),(1.024785441+0.010088481j),(1.003646808+0j),(1.003642837-2.686e-06j),(1.003642837-2.686e-06j),(1.020586259+0.007622428j),(1.021347478+0.00779417j),(1.034732995+0.013798297j),(1.033994764+0.013622846j),(1.028598786+0.011587631j),(1.042770338+0.017497596j),(1.042032072+0.017323467j),(1.012268433+0.00408762j),(1.012268433+0.00408762j),(1.024650411+0.010000564j),(1.018459422+0.007044092j),(1.031758909+0.012773894j),(1.020566482+0.007618153j),(1.020584721+0.007622582j),(1.02388636+0.009319012j),(1.021536245+0.007837259j),(1.044385298+0.018463724j),(1.042953396+0.017541266j),(1.042016308+0.017320004j),(1.042030565+0.017323604j),(1.038083199+0.014857627j),(1.034917553+0.01384216j),(1.028573606+0.011588104j),(1.02574001+0.010390546j),(-0.039503007+4.1256e-05j),(-0.039500725+3.337e-05j),(-0.039836761+2.726e-05j),(-0.03972334+3.3135e-05j),"{'64': {'dP_mw': 0.0, 'dQ_mvar': 0.0}, '57': {'dP_mw': 0.0, 'dQ_mvar': 0.0}, '55': {'dP_mw': 0.0, 'dQ_mvar': 0.0}, '61': {'dP_mw': 0.0, 'dQ_mvar': 0.0}}",1.0445484956585294,0.0,0.0,PISR_breaker_closed,8.4
69,1791551201.55837,86,(1.024694112+0.010033505j),(1.028554113+0.011553958j),(1.028645913+0.011621318j),(1.031711782+0.012740206j),(1.031806037+0.012807582j),(1.033947636+0.013589158j),(1.034126551+0.013710041j),(1.041906315+0.017235723j),(1.03377594+0.013481231j),(1.020811235+0.007763426j),(1.020237122+0.007391812j),(1.003998126+0.000227314j),(1.00382554+0.000120858j),(1.012089702+0.003966762j),(1.012447165+0.004208478j),(1.018280691+0.006923233j),(1.018638154+0.00716495j),(1.024471679+0.009879705j),(1.024650411+0.010000564j),(1.028597814+0.011586899j),(1.028598786+0.011587631j),(1.031758909+0.012773894j),(1.033994764+0.013622846j),(1.042038103+0.017322918j),(1.020592412+0.007621811j),(1.003642837-2.686e-06j),(1.003646808+0j),(1.012268433+0.00408762j),(1.018459422+0.007044092j),(1.02859536+0.011586884j),(1.024785441+0.010088481j),(1.003646808+0j),(1.003642837-2.686e-06j),(1.003642837-2.686e-06j),(1.020586259+0.007622428j),(1.021347478+0.00779417j),(1.034732995+0.013798297j),(1.033994764+0.013622846j),(1.028598786+0.011587631j),(1.042770338+0.017497596j),(1.042032072+0.017323467j),(1.012268433+0.00408762j),(1.012268433+0.00408762j),(1.024650411+0.010000564j),(1.018459422+0.007044092j),(1.031758909+0.012773894j),(1.020566482+0.007618153j),(1.020584721+0.007622582j),(1.02388636+0.009319012j),(1.021536245+0.007837259j),(1.044385298+0.018463724j),(1.042953396+0.017541266j),(1.042016308+0.017320004j),(1.042030565+0.017323604j),(1.038083199+0.014857627j),(1.034917553+0.01384216j),(1.028573606+0.011588104j),(1.02574001+0.010390546j),(-0.039503007+4.1256e-05j),(-0.039500725+3.337e-05j),(-0.039836761+2.726e-05j),(-0.03972334+3.3135e-05j),"{'64': {'dP_mw': 0.0, 'dQ_mvar': 0.0}, '57': {'dP_mw': 0.0, 'dQ_mvar': 0.0}, '55': {'dP_mw': 0.0, 'dQ_mvar': 0.0}, '61': {'dP_mw': 0.0, 'dQ_mvar': 0.0}}",1.0445484956585294,0.0,0.0,PISR_breaker_closed,8.45
70,1791551201.6087706,86,(1.024694112+0.010033505j),(1.028554113+0.011553958j),(1.028645913+0.011621318j),(1.031711782+0.012740206j),(1.031806037+0.012807582j),(1.033947636+0.013589158j),(1.034126551+0.013710041j),(1.041906315+0.017235723j),(1.03377594+0.013481231j),(1.020811235+0.007763426j),(1.020237122+0.007391812j),(1.003998126+0.000227314j),(1.00382554+0.000120858j),(1.012089702+0.003966762j),(1.012447165+0.004208478j),(1.018280691+0.006923233j),(1.018638154+0.00716495j),(1.024471679+0.009879705j),(1.024650411+0.010000564j),(1.028597814+0.011586899j),(1.028598786+0.011587631j),(1.031758909+0.012773894j),(1.033994764+0.013622846j),(1.042038103+0.017322918j),(1.020592412+0.007621811j),(1.003642837-2.686e-06j),(1.003646808+0j),(1.012268433+0.00408762j),(1.018459422+0.007044092j),(1.02859536+0.011586884j),(1.024785441+0.010088481j),(1.003646808+0j),(1.003642837-2.686e-06j),(1.003642837-2.686e-06j),(1.020586259+0.007622428j),(1.021347478+0.00779417j),(1.034732995+0.013798297j),(1.033994764+0.013622846j),(1.028598786+0.011587631j),(1.042770338+0.017497596j),(1.042032072+0.017323467j),(1.012268433+0.00408762j),(1.012268433+0.00408762j),(1.024650411+0.010000564j),(1.018459422+0.007044092j),(1.031758909+0.012773894j),(1.020566482+0.007618153j),(1.020584721+0.007622582j),(1.02388636+0.009319012j),(1.021536245+0.007837259j),(1.044385298+0.018463724j),(1.042953396+0.017541266j),(1.042016308+0.017320004j),(1.042030565+0.017323604j),(1.038083199+0.014857627j),(1.034917553+0.01384216j),(1.028573606+0.011588104j),(1.02574001+0.010390546j),(-0.039503007+4.1256e-05j),(-0.039500725+3.337e-05j),(-0.039836761+2.726e-05j),(-0.03972334+3.3135e-05j),"{'64': {'dP_mw': 0.0, 'dQ_mvar': 0.0}, '57': {'dP_mw': 0.0, 'dQ_mvar': 0.0}, '55': {'dP_mw': 0.0, 'dQ_mvar': 0.0}, '61': {'dP_mw': 0.0, 'dQ_mvar': 0.0}}",1.0445484956585294,0.0,0.0,PISR_breaker_closed,8.5
71,1791551201.6586783,86,(1.024694112+0.010033505j),(1.028554113+0.011553958j),(1.028645913+0.011621318j),(1.031711782+0.012740206j),(1.031806037+0.012807582j),(1.033947636+0.013589158j),(1.034126551+0.013710041j),(1.041906315+0.017235723j),(1.03377594+0.013481231j),(1.020811235+0.007763426j),(1.020237122+0.007391812j),(1.003998126+0.000227314j),(1.00382554+0.000120858j),(1.012089702+0.003966762j),(1.012447165+0.004208478j),(1.018280691+0.006923233j),(1.018638154+0.00716495j),(1.024471679+0.009879705j),(1.024650411+0.010000564j),(1.028597814+0.011586899j),(1.028598786+0.011587631j),(1.031758909+0.012773894j),(1.033994764+0.013622846j),(1.042038103+0.017322918j),(1.020592412+0.007621811j),(1.003642837-2.686e-06j),(1.003646808+0j),(1.012268433+0.00408762j),(1.018459422+0.007044092j),(1.02859536+0.011586884j),(1.024785441+0.010088481j),(1.003646808+0j),(1.003642837-2.686e-06j),(1.003642837-2.686e-06j),(1.020586259+0.007622428j),(1.021347478+0.00779417j),(1.034732995+0.013798297j),(1.033994764+0.013622846j),(1.028598786+0.011587631j),(1.042770338+0.017497596j),(1.042032072+0.017323467j),(1.012268433+0.00408762j),(1.012268433+0.00408762j),(1.024650411+0.010000564j),(1.018459422+0.007044092j),(1.031758909+0.012773894j),(1.020566482+0.007618153j),(1.020584721+0.007622582j),(1.02388636+0.009319012j),(1.021536245+0.007837259j),(1.044385298+0.018463724j),(1.042953396+0.017541266j),(1.042016308+0.017320004j),(1.042030565+0.017323604j),(1.038083199+0.014857627j),(1.034917553+0.01384216j),(1.028573606+0.011588104j),(1.02574001+0.010390546j),(-0.039503007+4.1256e-05j),(-0.039500725+3.337e-05j),(-0.039836761+2.726e-05j),(-0.03972334+3.3135e-05j),"{'64': {'dP_mw': 0.0, 'dQ_mvar': 0.0}, '57': {'dP_mw': 0.0, 'dQ_mvar': 0.0}, '55': {'dP_mw': 0.0, 'dQ_mvar': 0.0}, '61': {'dP_mw': 0.0, 'dQ_mvar': 0.0}}",1.0445484956585294,0.0,0.0,PISR_breaker_closed,8.55
72,1791551201.7087119,86,(1.024694112+0.010033505j),(1.028554113+0.011553958j),(1.028645913+0.011621318j),(1.031711782+0.012740206j),(1.031806037+0.012807582j),(1.033947636+0.013589158j),(1.034126551+0.013710041j),(1.041906315+0.017235723j),(1.03377594+0.013481231j),(1.020811235+0.007763426j),(1.020237122+0.007391812j),(1.003998126+0.000227314j),(1.00382554+0.000120858j),(1.012089702+0.003966762j),(1.012447165+0.004208478j),(1.018280691+0.006923233j),(1.018638154+0.00716495j),(1.024471679+0.009879705j),(1.024650411+0.010000564j),(1.028597814+0.011586899j),(1.028598786+0.011587631j),(1.031758909+0.012773894j),(1.033994764+0.013622846j),(1.042038103+0.017322918j),(1.020592412+0.007621811j),(1.003642837-2.686e-06j),(1.003646808+0j),(1.012268433+0.00408762j),(1.018459422+0.007044092j),(1.02859536+0.011586884j),(1.024785441+0.010088481j),(1.003646808+0j),(1.003642837-2.686e-06j),(1.003642837-2.686e-06j),(1.020586259+0.007622428j),(1.021347478+0.00779417j),(1.034732995+0.013798297j),(1.033994764+0.013622846j),(1.028598786+0.011587631j),(1.042770338+0.017497596j),(1.042032072+0.017323467j),(1.012268433+0.00408762j),(1.012268433+0.00408762j),(1.024650411+0.010000564j),(1.018459422+0.007044092j),(1.031758909+0.012773894j),(1.020566482+0.007618153j),(1.020584721+0.007622582j),(1.02388636+0.009319012j),(1.021536245+0.007837259j),(1.044385298+0.018463724j),(1.042953396+0.017541266j),(1.042016308+0.017320004j),(1.042030565+0.017323604j),(1.038083199+0.014857627j),(1.034917553+0.01384216j),(1.028573606+0.011588104j),(1.02574001+0.010390546j),(-0.039503007+4.1256e-05j),(-0.039500725+3.337e-05j),(-0.039836761+2.726e-05j),(-0.03972334+3.3135e-05j),"{'64': {'dP_mw': 0.0, 'dQ_mvar': 0.0}, '57': {'dP_mw': 0.0, 'dQ_mvar': 0.0}, '55': {'dP_mw': 0.0, 'dQ_mvar': 0.0}, '61': {'dP_mw': 0.0, 'dQ_mvar': 0.0}}",1.0445484956585294,0.0,0.0,PISR_breaker_closed,8.6
73,1791551201.7588089,86,(1.024694112+0.010033505j),(1.028554113+0.011553958j),(1.028645913+0.011621318j),(1.031711782+0.012740206j),(1.031806037+0.012807582j),(1.033947636+0.013589158j),(1.034126551+0.013710041j),(1.041906315+0.017235723j),(1.03377594+0.013481231j),(1.020811235+0.007763426j),(1.020237122+0.007391812j),(1.003998126+0.000227314j),(1.00382554+0.000120858j),(1.012089702+0.003966762j),(1.012447165+0.004208478j),(1.018280691+0.006923233j),(1.018638154+0.00716495j),(1.024471679+0.009879705j),(1.024650411+0.010000564j),(1.028597814+0.011586899j),(1.028598786+0.011587631j),(1.031758909+0.012773894j),(1.033994764+0.013622846j),(1.042038103+0.017322918j),(1.020592412+0.007621811j),(1.003642837-2.686e-06j),(1.003646808+0j),(1.012268433+0.00408762j),(1.018459422+0.007044092j),(1.02859536+0.011586884j),(1.024785441+0.010088481j),(1.003646808+0j),(1.003642837-2.686e-06j),(1.003642837-2.686e-06j),(1.020586259+0.007622428j),(1.021347478+0.00779417j),(1.034732995+0.013798297j),(1.033994764+0.013622846j),(1.028598786+0.011587631j),(1.042770338+0.017497596j),(1.042032072+0.017323467j),(1.012268433+0.00408762j),(1.012268433+0.00408762j),(1.024650411+0.010000564j),(1.018459422+0.007044092j),(1.031758909+0.012773894j),(1.020566482+0.007618153j),(1.020584721+0.007622582j),(1.02388636+0.009319012j),(1.021536245+0.007837259j),(1.044385298+0.018463724j),(1.042953396+0.017541266j),(1.042016308+0.017320004j),(1.042030565+0.017323604j),(1.038083199+0.014857627j),(1.034917553+0.01384216j),(1.028573606+0.011588104j),(1.02574001+0.010390546j),(-0.039503007+4.1256e-05j),(-0.039500725+3.337e-05j),(-0.039836761+2.726e-05j),(-0.03972334+3.3135e-05j),"{'64': {'dP_mw': 0.0, 'dQ_mvar': 0.0}, '57': {'dP_mw': 0.0, 'dQ_mvar': 0.0}, '55': {'dP_mw': 0.0, 'dQ_mvar': 0.0}, '61': {'dP_mw': 0.0, 'dQ_mvar': 0.0}}",1.0445484956585294,0.0,0.0,PISR_breaker_closed,8.65
74,1791551201.8089342,86,(1.024694112+0.010033505j),(1.028554113+0.011553958j),(1.028645913+0.011621318j),(1.031711782+0.012740206j),(1.031806037+0.012807582j),(1.033947636+0.013589158j),(1.034126551+0.013710041j),(1.041906315+0.017235723j),(1.03377594+0.013481231j),(1.020811235+0.007763426j),(1.020237122+0.007391812j),(1.003998126+0.000227314j),(1.00382554+0.000120858j),(1.012089702+0.003966762j),(1.012447165+0.004208478j),(1.018280691+0.006923233j),(1.018638154+0.00716495j),(1.024471679+0.009879705j),(1.024650411+0.010000564j),(1.028597814+0.011586899j),(1.028598786+0.011587631j),(1.031758909+0.012773894j),(1.033994764+0.013622846j),(1.042038103+0.017322918j),(1.020592412+0.007621811j),(1.003642837-2.686e-06j),(1.003646808+0j),(1.012268433+0.00408762j),(1.018459422+0.007044092j),(1.02859536+0.011586884j),(1.024785441+0.010088481j),(1.003646808+0j),(1.003642837-2.686e-06j),(1.003642837-2.686e-06j),(1.020586259+0.007622428j),(1.021347478+0.00779417j),(1.034732995+0.013798297j),(1.033994764+0.013622846j),(1.028598786+0.011587631j),(1.042770338+0.017497596j),(1.042032072+0.017323467j),(1.012268433+0.00408762j),(1.012268433+0.00408762j),(1.024650411+0.010000564j),(1.018459422+0.007044092j),(1.031758909+0.012773894j),(1.020566482+0.007618153j),(1.020584721+0.007622582j),(1.02388636+0.009319012j),(1.021536245+0.007837259j),(1.044385298+0.018463724j),(1.042953396+0.017541266j),(1.042016308+0.017320004j),(1.042030565+0.017323604j),(1.038083199+0.014857627j),(1.034917553+0.01384216j),(1.028573606+0.011588104j),(1.02574001+0.010390546j),(-0.039503007+4.1256e-05j),(-0.039500725+3.337e-05j),(-0.039836761+2.726e-05j),(-0.03972334+3.3135e-05j),"{'64': {'dP_mw': 0.0, 'dQ_mvar': 0.0}, '57': {'dP_mw': 0.0, 'dQ_mvar': 0.0}, '55': {'dP_mw': 0.0, 'dQ_mvar': 0.0}, '61': {'dP_mw': 0.0, 'dQ_mvar': 0.0}}",1.0445484956585294,0.0,0.0,PISR_breaker_closed,8.7
75,1791551201.8589659,86,(1.024694112+0.010033505j),(1.028554113+0.011553958j),(1.028645913+0.011621318j),(1.031711782+0.012740206j),(1.031806037+0.012807582j),(1.033947636+0.013589158j),(1.034126551+0.013710041j),(1.041906315+0.017235723j),(1.03377594+0.013481231j),(1.020811235+0.007763426j),(1.020237122+0.007391812j),(1.003998126+0.000227314j),(1.00382554+0.000120858j),(1.012089702+0.003966762j),(1.012447165+0.004208478j),(1.018280691+0.006923233j),(1.018638154+0.00716495j),(1.024471679+0.009879705j),(1.024650411+0.010000564j),(1.028597814+0.011586899j),(1.028598786+0.011587631j),(1.031758909+0.012773894j),(1.033994764+0.013622846j),(1.042038103+0.017322918j),(1.020592412+0.007621811j),(1.003642837-2.686e-06j),(1.003646808+0j),(1.012268433+0.00408762j),(1.018459422+0.007044092j),(1.02859536+0.011586884j),(1.024785441+0.010088481j),(1.003646808+0j),(1.003642837-2.686e-06j),(1.003642837-2.686e-06j),(1.020586259+0.007622428j),(1.021347478+0.00779417j),(1.034732995+0.013798297j),(1.033994764+0.013622846j),(1.028598786+0.011587631j),(1.042770338+0.017497596j),(1.042032072+0.017323467j),(1.012268433+0.00408762j),(1.012268433+0.00408762j),(1.024650411+0.010000564j),(1.018459422+0.007044092j),(1.031758909+0.012773894j),(1.020566482+0.007618153j),(1.020584721+0.007622582j),(1.02388636+0.009319012j),(1.021536245+0.007837259j),(1.044385298+0.018463724j),(1.042953396+0.017541266j),(1.042016308+0.017320004j),(1.042030565+0.017323604j),(1.038083199+0.014857627j),(1.034917553+0.01384216j),(1.028573606+0.011588104j),(1.02574001+0.010390546j),(-0.039503007+4.1256e-05j),(-0.039500725+3.337e-05j),(-0.039836761+2.726e-05j),(-0.03972334+3.3135e-05j),"{'64': {'dP_mw': 0.0, 'dQ_mvar': 0.0}, '57': {'dP_mw': 0.0, 'dQ_mvar': 0.0}, '55': {'dP_mw': 0.0, 'dQ_mvar': 0.0}, '61': {'dP_mw': 0.0, 'dQ_mvar': 0.0}}",1.0445484956585294,0.0,0.0,PISR_breaker_closed,8.75
76,1791551201.9092114,86,(1.024694112+0.010033505j),(1.028554113+0.011553958j),(1.028645913+0.011621318j),(1.031711782+0.012740206j),(1.031806037+0.012807582j),(1.033947636+0.013589158j),(1.034126551+0.013710041j),(1.041906315+0.017235723j),(1.03377594+0.013481231j),(1.020811235+0.007763426j),(1.020237122+0.007391812j),(1.003998126+0.000227314j),(1.00382554+0.000120858j),(1.012089702+0.003966762j),(1.012447165+0.004208478j),(1.018280691+0.006923233j),(1.018638154+0.00716495j),(1.024471679+0.009879705j),(1.024650411+0.010000564j),(1.028597814+0.011586899j),(1.028598786+0.011587631j),(1.031758909+0.012773894j),(1.033994764+0.013622846j),(1.042038103+0.017322918j),(1.020592412+0.007621811j),(1.003642837-2.686e-06j),(1.003646808+0j),(1.012268433+0.00408762j),(1.018459422+0.007044092j),(1.02859536+0.011586884j),(1.024785441+0.010088481j),(1.003646808+0j),(1.003642837-2.686e-06j),(1.003642837-2.686e-06j),(1.020586259+0.007622428j),(1.021347478+0.00779417j),(1.034732995+0.013798297j),(1.033994764+0.013622846j),(1.028598786+0.011587631j),(1.042770338+0.017497596j),(1.042032072+0.017323467j),(1.012268433+0.00408762j),(1.012268433+0.00408762j),(1.024650411+0.010000564j),(1.018459422+0.007044092j),(1.031758909+0.012773894j),(1.020566482+0.007618153j),(1.020584721+0.007622582j),(1.02388636+0.009319012j),(1.021536245+0.007837259j),(1.044385298+0.018463724j),(1.042953396+0.017541266j),(1.042016308+0.017320004j),(1.042030565+0.017323604j),(1.038083199+0.014857627j),(1.034917553+0.01384216j),(1.028573606+0.011588104j),(1.02574001+0.010390546j),(-0.039503007+4.1256e-05j),(-0.039500725+3.337e-05j),(-0.039836761+2.726e-05j),(-0.03972334+3.3135e-05j),"{'64': {'dP_mw': 0.0, 'dQ_mvar': 0.0}, '57': {'dP_mw': 0.0, 'dQ_mvar': 0.0}, '55': {'dP_mw': 0.0, 'dQ_mvar': 0.0}, '61': {'dP_mw': 0.0, 'dQ_mvar': 0.0}}",1.0445484956585294,0.0,0.0,PISR_breaker_closed,8.8
77,1791551201.9590786,86,(1.024694112+0.010033505j),(1.028554113+0.011553958j),(1.028645913+0.011621318j),(1.031711782+0.012740206j),(1.031806037+0.012807582j),(1.033947636+0.013589158j),(1.034126551+0.013710041j),(1.041906315+0.017235723j),(1.03377594+0.013481231j),(1.020811235+0.007763426j),(1.020237122+0.007391812j),(1.003998126+0.000227314j),(1.00382554+0.000120858j),(1.012089702+0.003966762j),(1.012447165+0.004208478j),(1.018280691+0.006923233j),(1.018638154+0.00716495j),(1.024471679+0.009879705j),(1.024650411+0.010000564j),(1.028597814+0.011586899j),(1.028598786+0.011587631j),(1.031758909+0.012773894j),(1.033994764+0.013622846j),(1.042038103+0.017322918j),(1.020592412+0.007621811j),(1.003642837-2.686e-06j),(1.003646808+0j),(1.012268433+0.00408762j),(1.018459422+0.007044092j),(1.02859536+0.011586884j),(1.024785441+0.010088481j),(1.003646808+0j),(1.003642837-2.686e-06j),(1.003642837-2.686e-06j),(1.020586259+0.007622428j),(1.021347478+0.00779417j),(1.034732995+0.013798297j),(1.033994764+0.013622846j),(1.028598786+0.011587631j),(1.042770338+0.017497596j),(1.042032072+0.017323467j),(1.012268433+0.00408762j),(1.012268433+0.00408762j),(1.024650411+0.010000564j),(1.018459422+0.007044092j),(1.031758909+0.012773894j),(1.020566482+0.007618153j),(1.020584721+0.007622582j),(1.02388636+0.009319012j),(1.021536245+0.007837259j),(1.044385298+0.018463724j),(1.042953396+0.017541266j),(1.042016308+0.017320004j),(1.042030565+0.017323604j),(1.038083199+0.014857627j),(1.034917553+0.01384216j),(1.028573606+0.011588104j),(1.02574001+0.010390546j),(-0.039503007+4.1256e-05j),(-0.039500725+3.337e-05j),(-0.039836761+2.726e-05j),(-0.03972334+3.3135e-05j),"{'64': {'dP_mw': 0.0, 'dQ_mvar': 0.0}, '57': {'dP_mw': 0.0, 'dQ_mvar': 0.0}, '55': {'dP_mw': 0.0, 'dQ_mvar': 0.0}, '61': {'dP_mw': 0.0, 'dQ_mvar': 0.0}}",1.0445484956585294,0.0,0.0,PISR_breaker_closed,8.85
78,1791551202.0094705,86,(1.024694112+0.010033505j),(1.028554113+0.011553958j),(1.028645913+0.011621318j),(1.031711782+0.012740206j),(1.031806037+0.012807582j),(1.033947636+0.013589158j),(1.034126551+0.013710041j),(1.041906315+0.017235723j),(1.03377594+0.013481231j),(1.020811235+0.007763426j),(1.020237122+0.007391812j),(1.003998126+0.000227314j),(1.00382554+0.000120858j),(1.012089702+0.003966762j),(1.012447165+0.004208478j),(1.018280691+0.006923233j),(1.018638154+0.00716495j),(1.024471679+0.009879705j),(1.024650411+0.010000564j),(1.028597814+0.011586899j),(1.028598786+0.011587631j),(1.031758909+0.012773894j),(1.033994764+0.013622846j),(1.042038103+0.017322918j),(1.020592412+0.007621811j),(1.003642837-2.686e-06j),(1.003646808+0j),(1.012268433+0.00408762j),(1.018459422+0.007044092j),(1.02859536+0.011586884j),(1.024785441+0.010088481j),(1.003646808+0j),(1.003642837-2.686e-06j),(1.003642837-2.686e-06j),(1.020586259+0.007622428j),(1.021347478+0.00779417j),(1.034732995+0.013798297j),(1.033994764+0.013622846j),(1.028598786+0.011587631j),(1.042770338+0.017497596j),(1.042032072+0.017323467j),(1.012268433+0.00408762j),(1.012268433+0.00408762j),(1.024650411+0.010000564j),(1.018459422+0.007044092j),(1.031758909+0.012773894j),(1.020566482+0.007618153j),(1.020584721+0.007622582j),(1.02388636+0.009319012j),(1.021536245+0.007837259j),(1.044385298+0.018463724j),(1.042953396+0.017541266j),(1.042016308+0.017320004j),(1.042030565+0.017323604j),(1.038083199+0.014857627j),(1.034917553+0.01384216j),(1.028573606+0.011588104j),(1.02574001+0.010390546j),(-0.039503007+4.1256e-05j),(-0.039500725+3.337e-05j),(-0.039836761+2.726e-05j),(-0.03972334+3.3135e-05j),"{'64': {'dP_mw': 0.0, 'dQ_mvar': 0.0}, '57': {'dP_mw': 0.0, 'dQ_mvar': 0.0}, '55': {'dP_mw': 0.0, 'dQ_mvar': 0.0}, '61': {'dP_mw': 0.0, 'dQ_mvar': 0.0}}",1.0445484956585294,0.0,0.0,PISR_breaker_closed,8.9
79,1791551202.0592089,86,(1.024694112+0.010033505j),(1.028554113+0.011553958j),(1.028645913+0.011621318j),(1.031711782+0.012740206j),(1.031806037+0.012807582j),(1.033947636+0.013589158j),(1.034126551+0.013710041j),(1.041906315+0.017235723j),(1.03377594+0.013481231j),(1.020811235+0.007763426j),(1.020237122+0.007391812j),(1.003998126+0.000227314j),(1.00382554+0.000120858j),(1.012089702+0.003966762j),(1.012447165+0.004208478j),(1.018280691+0.006923233j),(1.018638154+0.00716495j),(1.024471679+0.009879705j),(1.024650411+0.010000564j),(1.028597814+0.011586899j),(1.028598786+0.011587631j),(1.031758909+0.012773894j),(1.033994764+0.013622846j),(1.042038103+0.017322918j),(1.020592412+0.007621811j),(1.003642837-2.686e-06j),(1.003646808+0j),(1.012268433+0.00408762j),(1.018459422+0.007044092j),(1.02859536+0.011586884j),(1.024785441+0.010088481j),(1.003646808+0j),(1.003642837-2.686e-06j),(1.003642837-2.686e-06j),(1.020586259+0.007622428j),(1.021347478+0.00779417j),(1.034732995+0.013798297j),(1.033994764+0.013622846j),(1.028598786+0.011587631j),(1.042770338+0.017497596j),(1.042032072+0.017323467j),(1.012268433+0.00408762j),(1.012268433+0.00408762j),(1.024650411+0.010000564j),(1.018459422+0.007044092j),(1.031758909+0.012773894j),(1.020566482+0.007618153j),(1.020584721+0.007622582j),(1.02388636+0.009319012j),(1.021536245+0.007837259j),(1.044385298+0.018463724j),(1.042953396+0.017541266j),(1.042016308+0.017320004j),(1.042030565+0.017323604j),(1.038083199+0.014857627j),(1.034917553+0.01384216j),(1.028573606+0.011588104j),(1.02574001+0.010390546j),(-0.039503007+4.1256e-05j),(-0.039500725+3.337e-05j),(-0.039836761+2.726e-05j),(-0.03972334+3.3135e-05j),"{'64': {'dP_mw': 0.0, 'dQ_mvar': 0.0}, '57': {'dP_mw': 0.0, 'dQ_mvar': 0.0}, '55': {'dP_mw': 0.0, 'dQ_mvar': 0.0}, '61': {'dP_mw': 0.0, 'dQ_mvar': 0.0}}",1.0445484956585294,0.0,0.0,PISR_breaker_closed,8.95
80,1791551202.1095598,86,(1.024694112+0.010033505j),(1.028554113+0.011553958j),(1.028645913+0.011621318j),(1.031711782+0.012740206j),(1.031806037+0.012807582j),(1.033947636+0.013589158j),(1.034126551+0.013710041j),(1.041906315+0.017235723j),(1.03377594+0.013481231j),(1.020811235+0.007763426j),(1.020237122+0.007391812j),(1.003998126+0.000227314j),(1.00382554+0.000120858j),(1.012089702+0.003966762j),(1.012447165+0.004208478j),(1.018280691+0.006923233j),(1.018638154+0.00716495j),(1.024471679+0.009879705j),(1.024650411+0.010000564j),(1.028597814+0.011586899j),(1.028598786+0.011587631j),(1.031758909+0.012773894j),(1.033994764+0.013622846j),(1.042038103+0.017322918j),(1.020592412+0.007621811j),(1.003642837-2.686e-06j),(1.003646808+0j),(1.012268433+0.00408762j),(1.018459422+0.007044092j),(1.02859536+0.011586884j),(1.024785441+0.010088481j),(1.003646808+0j),(1.003642837-2.686e-06j),(1.003642837-2.686e-06j),(1.020586259+0.007622428j),(1.021347478+0.00779417j),(1.034732995+0.013798297j),(1.033994764+0.013622846j),(1.028598786+0.011587631j),(1.042770338+0.017497596j),(1.042032072+0.017323467j),(1.012268433+0.00408762j),(1.012268433+0.00408762j),(1.024650411+0.010000564j),(1.018459422+0.007044092j),(1.031758909+0.012773894j),(1.020566482+0.007618153j),(1.020584721+0.007622582j),(1.02388636+0.009319012j),(1.021536245+0.007837259j),(1.044385298+0.018463724j),(1.042953396+0.017541266j),(1.042016308+0.017320004j),(1.042030565+0.017323604j),(1.038083199+0.014857627j),(1.034917553+0.01384216j),(1.028573606+0.011588104j),(1.02574001+0.010390546j),(-0.039503007+4.1256e-05j),(-0.039500725+3.337e-05j),(-0.039836761+2.726e-05j),(-0.03972334+3.3135e-05j),"{'64': {'dP_mw': 0.0, 'dQ_mvar': 0.0}, '57': {'dP_mw': 0.0, 'dQ_mvar': 0.0}, '55': {'dP_mw': 0.0, 'dQ_mvar': 0.0}, '61': {'dP_mw': 0.0, 'dQ_mvar': 0.0}}",1.0445484956585294,0.0,0.0,PISR_breaker_closed,9.0
81,1791551202.1606867,86,(1.024694112+0.010033505j),(1.028554113+0.011553958j),(1.028645913+0.011621318j),(1.031711782+0.012740206j),(1.031806037+0.012807582j),(1.033947636+0.013589158j),(1.034126551+0.013710041j),(1.041906315+0.017235723j),(1.03377594+0.013481231j),(1.020811235+0.007763426j),(1.020237122+0.007391812j),(1.003998126+0.000227314j),(1.00382554+0.000120858j),(1.012089702+0.003966762j),(1.012447165+0.004208478j),(1.018280691+0.006923233j),(1.018638154+0.00716495j),(1.024471679+0.009879705j),(1.024650411+0.010000564j),(1.028597814+0.011586899j),(1.028598786+0.011587631j),(1.031758909+0.012773894j),(1.033994764+0.013622846j),(1.042038103+0.017322918j),(1.020592412+0.007621811j),(1.003642837-2.686e-06j),(1.003646808+0j),(1.012268433+0.00408762j),(1.018459422+0.007044092j),(1.02859536+0.011586884j),(1.024785441+0.010088481j),(1.003646808+0j),(1.003642837-2.686e-06j),(1.003642837-2.686e-06j),(1.020586259+0.007622428j),(1.021347478+0.00779417j),(1.034732995+0.013798297j),(1.033994764+0.013622846j),(1.028598786+0.011587631j),(1.042770338+0.017497596j),(1.042032072+0.017323467j),(1.012268433+0.00408762j),(1.012268433+0.00408762j),(1.024650411+0.010000564j),(1.018459422+0.007044092j),(1.031758909+0.012773894j),(1.020566482+0.007618153j),(1.020584721+0.007622582j),(1.02388636+0.009319012j),(1.021536245+0.007837259j),(1.044385298+0.018463724j),(1.042953396+0.017541266j),(1.042016308+0.017320004j),(1.042030565+0.017323604j),(1.038083199+0.014857627j),(1.034917553+0.01384216j),(1.028573606+0.011588104j),(1.02574001+0.010390546j),(-0.039503007+4.1256e-05j),(-0.039500725+3.337e-05j),(-0.039836761+2.726e-05j),(-0.03972334+3.3135e-05j),"{'64': {'dP_mw': 0.0, 'dQ_mvar': 0.0}, '57': {'dP_mw': 0.0, 'dQ_mvar': 0.0}, '55': {'dP_mw': 0.0, 'dQ_mvar': 0.0}, '61': {'dP_mw': 0.0, 'dQ_mvar': 0.0}}",1.0445484956585294,0.0,0.0,PISR_breaker_closed,9.05
82,1791551202.2099984,86,(1.024694112+0.010033505j),(1.028554113+0.011553958j),(1.028645913+0.011621318j),(1.031711782+0.012740206j),(1.031806037+0.012807582j),(1.033947636+0.013589158j),(1.034126551+0.013710041j),(1.041906315+0.017235723j),(1.03377594+0.013481231j),(1.020811235+0.007763426j),(1.020237122+0.007391812j),(1.003998126+0.000227314j),(1.00382554+0.000120858j),(1.012089702+0.003966762j),(1.012447165+0.004208478j),(1.018280691+0.006923233j),(1.018638154+0.00716495j),(1.024471679+0.009879705j),(1.024650411+0.010000564j),(1.028597814+0.011586899j),(1.028598786+0.011587631j),(1.031758909+0.012773894j),(1.033994764+0.013622846j),(1.042038103+0.017322918j),(1.020592412+0.007621811j),(1.003642837-2.686e-06j),(1.003646808+0j),(1.012268433+0.00408762j),(1.018459422+0.007044092j),(1.02859536+0.011586884j),(1.024785441+0.010088481j),(1.003646808+0j),(1.003642837-2.686e-06j),(1.003642837-2.686e-06j),(1.020586259+0.007622428j),(1.021347478+0.00779417j),(1.034732995+0.013798297j),(1.033994764+0.013622846j),(1.028598786+0.011587631j),(1.042770338+0.017497596j),(1.042032072+0.017323467j),(1.012268433+0.00408762j),(1.012268433+0.00408762j),(1.024650411+0.010000564j),(1.018459422+0.007044092j),(1.031758909+0.012773894j),(1.020566482+0.007618153j),(1.020584721+0.007622582j),(1.02388636+0.009319012j),(1.021536245+0.007837259j),(1.044385298+0.018463724j),(1.042953396+0.017541266j),(1.042016308+0.017320004j),(1.042030565+0.017323604j),(1.038083199+0.014857627j),(1.034917553+0.01384216j),(1.028573606+0.011588104j),(1.02574001+0.010390546j),(-0.039503007+4.1256e-05j),(-0.039500725+3.337e-05j),(-0.039836761+2.726e-05j),(-0.03972334+3.3135e-05j),"{'64': {'dP_mw': 0.0, 'dQ_mvar': 0.0}, '57': {'dP_mw': 0.0, 'dQ_mvar': 0.0}, '55': {'dP_mw': 0.0, 'dQ_mvar': 0.0}, '61': {'dP_mw': 0.0, 'dQ_mvar': 0.0}}",1.0445484956585294,0.0,0.0,PISR_breaker_closed,9.1
83,1791551202.259587,86,(1.024694112+0.010033505j),(1.028554113+0.011553958j),(1.028645913+0.011621318j),(1.031711782+0.012740206j),(1.031806037+0.012807582j),(1.033947636+0.013589158j),(1.034126551+0.013710041j),(1.041906315+0.017235723j),(1.03377594+0.013481231j),(1.020811235+0.007763426j),(1.020237122+0.007391812j),(1.003998126+0.000227314j),(1.00382554+0.000120858j),(1.012089702+0.003966762j),(1.012447165+0.004208478j),(1.018280691+0.006923233j),(1.018638154+0.00716495j),(1.024471679+0.009879705j),(1.024650411+0.010000564j),(1.028597814+0.011586899j),(1.028598786+0.011587631j),(1.031758909+0.012773894j),(1.033994764+0.013622846j),(1.042038103+0.017322918j),(1.020592412+0.007621811j),(1.003642837-2.686e-06j),(1.003646808+0j),(1.012268433+0.00408762j),(1.018459422+0.007044092j),(1.02859536+0.011586884j),(1.024785441+0.010088481j),(1.003646808+0j),(1.003642837-2.686e-06j),(1.003642837-2.686e-06j),(1.020586259+0.007622428j),(1.021347478+0.00779417j),(1.034732995+0.013798297j),(1.033994764+0.013622846j),(1.028598786+0.011587631j),(1.042770338+0.017497596j),(1.042032072+0.017323467j),(1.012268433+0.00408762j),(1.012268433+0.00408762j),(1.024650411+0.010000564j),(1.018459422+0.007044092j),(1.031758909+0.012773894j),(1.020566482+0.007618153j),(1.020584721+0.007622582j),(1.02388636+0.009319012j),(1.021536245+0.007837259j),(1.044385298+0.018463724j),(1.042953396+0.017541266j),(1.042016308+0.017320004j),(1.042030565+0.017323604j),(1.038083199+0.014857627j),(1.034917553+0.01384216j),(1.028573606+0.011588104j),(1.02574001+0.010390546j),(-0.039503007+4.1256e-05j),(-0.039500725+3.337e-05j),(-0.039836761+2.726e-05j),(-0.03972334+3.3135e-05j),"{'64': {'dP_mw': 0.0, 'dQ_mvar': 0.0}, '57': {'dP_mw': 0.0, 'dQ_mvar': 0.0}, '55': {'dP_mw': 0.0, 'dQ_mvar': 0.0}, '61': {'dP_mw': 0.0, 'dQ_mvar': 0.0}}",1.0445484956585294,0.0,0.0,PISR_breaker_closed,9.15
84,1791551202.3103552,86,(1.024694112+0.010033505j),(1.028554113+0.011553958j),(1.028645913+0.011621318j),(1.031711782+0.012740206j),(1.031806037+0.012807582j),(1.033947636+0.013589158j),(1.034126551+0.013710041j),(1.041906315+0.017235723j),(1.03377594+0.013481231j),(1.020811235+0.007763426j),(1.020237122+0.007391812j),(1.003998126+0.000227314j),(1.00382554+0.000120858j),(1.012089702+0.003966762j),(1.012447165+0.004208478j),(1.018280691+0.006923233j),(1.018638154+0.00716495j),(1.024471679+0.009879705j),(1.024650411+0.010000564j),(1.028597814+0.011586899j),(1.028598786+0.011587631j),(1.031758909+0.012773894j),(1.033994764+0.013622846j),(1.042038103+0.017322918j),(1.020592412+0.007621811j),(1.003642837-2.686e-06j),(1.003646808+0j),(1.012268433+0.00408762j),(1.018459422+0.007044092j),(1.02859536+0.011586884j),(1.024785441+0.010088481j),(1.003646808+0j),(1.003642837-2.686e-06j),(1.003642837-2.686e-06j),(1.020586259+0.007622428j),(1.021347478+0.00779417j),(1.034732995+0.013798297j),(1.033994764+0.013622846j),(1.028598786+0.011587631j),(1.042770338+0.017497596j),(1.042032072+0.017323467j),(1.012268433+0.00408762j),(1.012268433+0.00408762j),(1.024650411+0.010000564j),(1.018459422+0.007044092j),(1.031758909+0.012773894j),(1.020566482+0.007618153j),(1.020584721+0.007622582j),(1.02388636+0.009319012j),(1.021536245+0.007837259j),(1.044385298+0.018463724j),(1.042953396+0.017541266j),(1.042016308+0.017320004j),(1.042030565+0.017323604j),(1.038083199+0.014857627j),(1.034917553+0.01384216j),(1.028573606+0.011588104j),(1.02574001+0.010390546j),(-0.039503007+4.1256e-05j),(-0.039500725+3.337e-05j),(-0.039836761+2.726e-05j),(-0.03972334+3.3135e-05j),"{'64': {'dP_mw': 0.0, 'dQ_mvar': 0.0}, '57': {'dP_mw': 0.0, 'dQ_mvar': 0.0}, '55': {'dP_mw': 0.0, 'dQ_mvar': 0.0}, '61': {'dP_mw': 0.0, 'dQ_mvar': 0.0}}",1.0445484956585294,0.0,0.0,PISR_breaker_closed,9.2
85,1791551202.3602197,86,(1.024694112+0.010033505j),(1.028554113+0.011553958j),(1.028645913+0.011621318j),(1.031711782+0.012740206j),(1.031806037+0.012807582j),(1.033947636+0.013589158j),(1.034126551+0.013710041j),(1.041906315+0.017235723j),(1.03377594+0.013481231j),(1.020811235+0.007763426j),(1.020237122+0.007391812j),(1.003998126+0.000227314j),(1.00382554+0.000120858j),(1.012089702+0.003966762j),(1.012447165+0.004208478j),(1.018280691+0.006923233j),(1.018638154+0.00716495j),(1.024471679+0.009879705j),(1.024650411+0.010000564j),(1.028597814+0.011586899j),(1.028598786+0.011587631j),(1.031758909+0.012773894j),(1.033994764+0.013622846j),(1.042038103+0.017322918j),(1.020592412+0.007621811j),(1.003642837-2.686e-06j),(1.003646808+0j),(1.012268433+0.00408762j),(1.018459422+0.007044092j),(1.02859536+0.011586884j),(1.024785441+0.010088481j),(1.003646808+0j),(1.003642837-2.686e-06j),(1.003642837-2.686e-06j),(1.020586259+0.007622428j),(1.021347478+0.00779417j),(1.034732995+0.013798297j),(1.033994764+0.013622846j),(1.028598786+0.011587631j),(1.042770338+0.017497596j),(1.042032072+0.017323467j),(1.012268433+0.00408762j),(1.012268433+0.00408762j),(1.024650411+0.010000564j),(1.018459422+0.007044092j),(1.031758909+0.012773894j),(1.020566482+0.007618153j),(1.020584721+0.007622582j),(1.02388636+0.009319012j),(1.021536245+0.007837259j),(1.044385298+0.018463724j),(1.042953396+0.017541266j),(1.042016308+0.017320004j),(1.042030565+0.017323604j),(1.038083199+0.014857627j),(1.034917553+0.01384216j),(1.028573606+0.011588104j),(1.02574001+0.010390546j),(-0.039503007+4.1256e-05j),(-0.039500725+3.337e-05j),(-0.039836761+2.726e-05j),(-0.03972334+3.3135e-05j),"{'64': {'dP_mw': 0.0, 'dQ_mvar': 0.0}, '57': {'dP_mw': 0.0, 'dQ_mvar': 0.0}, '55': {'dP_mw': 0.0, 'dQ_mvar': 0.0}, '61': {'dP_mw': 0.0, 'dQ_mvar': 0.0}}",1.0445484956585294,0.0,0.0,PISR_breaker_closed,9.25
86,1791551202.4104006,86,(1.024694112+0.010033505j),(1.028554113+0.011553958j),(1.028645913+0.011621318j),(1.031711782+0.012740206j),(1.031806037+0.012807582j),(1.033947636+0.013589158j),(1.034126551+0.013710041j),(1.041906315+0.017235723j),(1.03377594+0.013481231j),(1.020811235+0.007763426j),(1.020237122+0.007391812j),(1.003998126+0.000227314j),(1.00382554+0.000120858j),(1.012089702+0.003966762j),(1.012447165+0.004208478j),(1.018280691+0.006923233j),(1.018638154+0.00716495j),(1.024471679+0.009879705j),(1.024650411+0.010000564j),(1.028597814+0.011586899j),(1.028598786+0.011587631j),(1.031758909+0.012773894j),(1.033994764+0.013622846j),(1.042038103+0.017322918j),(1.020592412+0.007621811j),(1.003642837-2.686e-06j),(1.003646808+0j),(1.012268433+0.00408762j),(1.018459422+0.007044092j),(1.02859536+0.011586884j),(1.024785441+0.010088481j),(1.003646808+0j),(1.003642837-2.686e-06j),(1.003642837-2.686e-06j),(1.020586259+0.007622428j),(1.021347478+0.00779417j),(1.034732995+0.013798297j),(1.033994764+0.013622846j),(1.028598786+0.011587631j),(1.042770338+0.017497596j),(1.042032072+0.017323467j),(1.012268433+0.00408762j),(1.012268433+0.00408762j),(1.024650411+0.010000564j),(1.018459422+0.007044092j),(1.031758909+0.012773894j),(1.020566482+0.007618153j),(1.020584721+0.007622582j),(1.02388636+0.009319012j),(1.021536245+0.007837259j),(1.044385298+0.018463724j),(1.042953396+0.017541266j),(1.042016308+0.017320004j),(1.042030565+0.017323604j),(1.038083199+0.014857627j),(1.034917553+0.01384216j),(1.028573606+0.011588104j),(1.02574001+0.010390546j),(-0.039503007+4.1256e-05j),(-0.039500725+3.337e-05j),(-0.039836761+2.726e-05j),(-0.03972334+3.3135e-05j),"{'64': {'dP_mw': 0.0, 'dQ_mvar': 0.0}, '57': {'dP_mw': 0.0, 'dQ_mvar': 0.0}, '55': {'dP_mw': 0.0, 'dQ_mvar': 0.0}, '61': {'dP_mw': 0.0, 'dQ_mvar': 0.0}}",1.0445484956585294,0.0,0.0,PISR_breaker_closed,9.3
87,1791551202.4606886,86,(1.024694112+0.010033505j),(1.028554113+0.011553958j),(1.028645913+0.011621318j),(1.031711782+0.012740206j),(1.031806037+0.012807582j),(1.033947636+0.013589158j),(1.034126551+0.013710041j),(1.041906315+0.017235723j),(1.03377594+0.013481231j),(1.020811235+0.007763426j),(1.020237122+0.007391812j),(1.003998126+0.000227314j),(1.00382554+0.000120858j),(1.012089702+0.003966762j),(1.012447165+0.004208478j),(1.018280691+0.006923233j),(1.018638154+0.00716495j),(1.024471679+0.009879705j),(1.024650411+0.010000564j),(1.028597814+0.011586899j),(1.028598786+0.011587631j),(1.031758909+0.012773894j),(1.033994764+0.013622846j),(1.042038103+0.017322918j),(1.020592412+0.007621811j),(1.003642837-2.686e-06j),(1.003646808+0j),(1.012268433+0.00408762j),(1.018459422+0.007044092j),(1.02859536+0.011586884j),(1.024785441+0.010088481j),(1.003646808+0j),(1.003642837-2.686e-06j),(1.003642837-2.686e-06j),(1.020586259+0.007622428j),(1.021347478+0.00779417j),(1.034732995+0.013798297j),(1.033994764+0.013622846j),(1.028598786+0.011587631j),(1.042770338+0.017497596j),(1.042032072+0.017323467j),(1.012268433+0.00408762j),(1.012268433+0.00408762j),(1.024650411+0.010000564j),(1.018459422+0.007044092j),(1.031758909+0.012773894j),(1.020566482+0.007618153j),(1.020584721+0.007622582j),(1.02388636+0.009319012j),(1.021536245+0.007837259j),(1.044385298+0.018463724j),(1.042953396+0.017541266j),(1.042016308+0.017320004j),(1.042030565+0.017323604j),(1.038083199+0.014857627j),(1.034917553+0.01384216j),(1.028573606+0.011588104j),(1.02574001+0.010390546j),(-0.039503007+4.1256e-05j),(-0.039500725+3.337e-05j),(-0.039836761+2.726e-05j),(-0.03972334+3.3135e-05j),"{'64': {'dP_mw': 0.0, 'dQ_mvar': 0.0}, '57': {'dP_mw': 0.0, 'dQ_mvar': 0.0}, '55': {'dP_mw': 0.0, 'dQ_mvar': 0.0}, '61': {'dP_mw': 0.0, 'dQ_mvar': 0.0}}",1.0445484956585294,0.0,0.0,PISR_breaker_closed,9.35
88,1791551202.5105288,87,(1.024694112+0.010033505j),(1.028554113+0.011553958j),(1.028645913+0.011621318j),(1.031711782+0.012740206j),(1.031806037+0.012807582j),(1.033947636+0.013589158j),(1.034126551+0.013710041j),(1.041906315+0.017235723j),(1.03377594+0.013481231j),(1.020811235+0.007763426j),(1.020237122+0.007391812j),(1.003998126+0.000227314j),(1.00382554+0.000120858j),(1.012089702+0.003966762j),(1.012447165+0.004208478j),(1.018280691+0.006923233j),(1.018638154+0.00716495j),(1.024471679+0.009879705j),(1.024650411+0.010000564j),(1.028597814+0.011586899j),(1.028598786+0.011587631j),(1.031758909+0.012773894j),(1.033994764+0.013622846j),(1.042038103+0.017322918j),(1.020592412+0.007621811j),(1.003642837-2.686e-06j),(1.003646808+0j),(1.012268433+0.00408762j),(1.018459422+0.007044092j),(1.02859536+0.011586884j),(1.024785441+0.010088481j),(1.003646808+0j),(1.003642837-2.686e-06j),(1.003642837-2.686e-06j),(1.020586259+0.007622428j),(1.021347478+0.00779417j),(1.034732995+0.013798297j),(1.033994764+0.013622846j),(1.028598786+0.011587631j),(1.042770338+0.017497596j),(1.042032072+0.017323467j),(1.012268433+0.00408762j),(1.012268433+0.00408762j),(1.024650411+0.010000564j),(1.018459422+0.007044092j),(1.031758909+0.012773894j),(1.020566482+0.007618153j),(1.020584721+0.007622582j),(1.02388636+0.009319012j),(1.021536245+0.007837259j),(1.044385298+0.018463724j),(1.042953396+0.017541266j),(1.042016308+0.017320004j),(1.042030565+0.017323604j),(1.038083199+0.014857627j),(1.034917553+0.01384216j),(1.028573606+0.011588104j),(1.02574001+0.010390546j),(-0.039503007+4.1256e-05j),(-0.039500725+3.337e-05j),(-0.039836761+2.726e-05j),(-0.03972334+3.3135e-05j),"{'64': {'dP_mw': 0.0, 'dQ_mvar': 0.0}, '57': {'dP_mw': 0.0, 'dQ_mvar': 0.0}, '55': {'dP_mw': 0.0, 'dQ_mvar': 0.0}, '61': {'dP_mw': 0.0, 'dQ_mvar': 0.0}}",1.0445484956585294,0.0,0.0,PISR_breaker_closed,9.4
89,1791551202.5609658,87,(1.024694112+0.010033505j),(1.028554113+0.011553958j),(1.028645913+0.011621318j),(1.031711782+0.012740206j),(1.031806037+0.012807582j),(1.033947636+0.013589158j),(1.034126551+0.013710041j),(1.041906315+0.017235723j),(1.03377594+0.013481231j),(1.020811235+0.007763426j),(1.020237122+0.007391812j),(1.003998126+0.000227314j),(1.00382554+0.000120858j),(1.012089702+0.003966762j),(1.012447165+0.004208478j),(1.018280691+0.006923233j),(1.018638154+0.00716495j),(1.024471679+0.009879705j),(1.024650411+0.010000564j),(1.028597814+0.011586899j),(1.028598786+0.011587631j),(1.031758909+0.012773894j),(1.033994764+0.013622846j),(1.042038103+0.017322918j),(1.020592412+0.007621811j),(1.003642837-2.686e-06j),(1.003646808+0j),(1.012268433+0.00408762j),(1.018459422+0.007044092j),(1.02859536+0.011586884j),(1.024785441+0.010088481j),(1.003646808+0j),(1.003642837-2.686e-06j),(1.003642837-2.686e-06j),(1.020586259+0.007622428j),(1.021347478+0.00779417j),(1.034732995+0.013798297j),(1.033994764+0.013622846j),(1.028598786+0.011587631j),(1.042770338+0.017497596j),(1.042032072+0.017323467j),(1.012268433+0.00408762j),(1.012268433+0.00408762j),(1.024650411+0.010000564j),(1.018459422+0.007044092j),(1.031758909+0.012773894j),(1.020566482+0.007618153j),(1.020584721+0.007622582j),(1.02388636+0.009319012j),(1.021536245+0.007837259j),(1.044385298+0.018463724j),(1.042953396+0.017541266j),(1.042016308+0.017320004j),(1.042030565+0.017323604j),(1.038083199+0.014857627j),(1.034917553+0.01384216j),(1.028573606+0.011588104j),(1.02574001+0.010390546j),(-0.039503007+4.1256e-05j),(-0.039500725+3.337e-05j),(-0.039836761+2.726e-05j),(-0.03972334+3.3135e-05j),"{'64': {'dP_mw': 0.0, 'dQ_mvar': 0.0}, '57': {'dP_mw': 0.0, 'dQ_mvar': 0.0}, '55': {'dP_mw': 0.0, 'dQ_mvar': 0.0}, '61': {'dP_mw': 0.0, 'dQ_mvar': 0.0}}",1.0445484956585294,0.0,0.0,PISR_breaker_closed,9.45
90,1791551202.6110373,87,(1.024694112+0.010033505j),(1.028554113+0.011553958j),(1.028645913+0.011621318j),(1.031711782+0.012740206j),(1.031806037+0.012807582j),(1.033947636+0.013589158j),(1.034126551+0.013710041j),(1.041906315+0.017235723j),(1.03377594+0.013481231j),(1.020811235+0.007763426j),(1.020237122+0.007391812j),(1.003998126+0.000227314j),(1.00382554+0.000120858j),(1.012089702+0.003966762j),(1.012447165+0.004208478j),(1.018280691+0.006923233j),(1.018638154+0.00716495j),(1.024471679+0.009879705j),(1.024650411+0.010000564j),(1.028597814+0.011586899j),(1.028598786+0.011587631j),(1.031758909+0.012773894j),(1.033994764+0.013622846j),(1.042038103+0.017322918j),(1.020592412+0.007621811j),(1.003642837-2.686e-06j),(1.003646808+0j),(1.012268433+0.00408762j),(1.018459422+0.007044092j),(1.02859536+0.011586884j),(1.024785441+0.010088481j),(1.003646808+0j),(1.003642837-2.686e-06j),(1.003642837-2.686e-06j),(1.020586259+0.007622428j),(1.021347478+0.00779417j),(1.034732995+0.013798297j),(1.033994764+0.013622846j),(1.028598786+0.011587631j),(1.042770338+0.017497596j),(1.042032072+0.017323467j),(1.012268433+0.00408762j),(1.012268433+0.00408762j),(1.024650411+0.010000564j),(1.018459422+0.007044092j),(1.031758909+0.012773894j),(1.020566482+0.007618153j),(1.020584721+0.007622582j),(1.02388636+0.009319012j),(1.021536245+0.007837259j),(1.044385298+0.018463724j),(1.042953396+0.017541266j),(1.042016308+0.017320004j),(1.042030565+0.017323604j),(1.038083199+0.014857627j),(1.034917553+0.01384216j),(1.028573606+0.011588104j),(1.02574001+0.010390546j),(-0.039503007+4.1256e-05j),(-0.039500725+3.337e-05j),(-0.039836761+2.726e-05j),(-0.03972334+3.3135e-05j),"{'64': {'dP_mw': 0.0, 'dQ_mvar': 0.0}, '57': {'dP_mw': 0.0, 'dQ_mvar': 0.0}, '55': {'dP_mw': 0.0, 'dQ_mvar': 0.0}, '61': {'dP_mw': 0.0, 'dQ_mvar': 0.0}}",1.0445484956585294,0.0,0.0,PISR_breaker_closed,9.5
91,1791551202.6618202,87,(1.024694112+0.010033505j),(1.028554113+0.011553958j),(1.028645913+0.011621318j),(1.031711782+0.012740206j),(1.031806037+0.012807582j),(1.033947636+0.013589158j),(1.034126551+0.013710041j),(1.041906315+0.017235723j),(1.03377594+0.013481231j),(1.020811235+0.007763426j),(1.020237122+0.007391812j),(1.003998126+0.000227314j),(1.00382554+0.000120858j),(1.012089702+0.003966762j),(1.012447165+0.004208478j),(1.018280691+0.006923233j),(1.018638154+0.00716495j),(1.024471679+0.009879705j),(1.024650411+0.010000564j),(1.028597814+0.011586899j),(1.028598786+0.011587631j),(1.031758909+0.012773894j),(1.033994764+0.013622846j),(1.042038103+0.017322918j),(1.020592412+0.007621811j),(1.003642837-2.686e-06j),(1.003646808+0j),(1.012268433+0.00408762j),(1.018459422+0.007044092j),(1.02859536+0.011586884j),(1.024785441+0.010088481j),(1.003646808+0j),(1.003642837-2.686e-06j),(1.003642837-2.686e-06j),(1.020586259+0.007622428j),(1.021347478+0.00779417j),(1.034732995+0.013798297j),(1.033994764+0.013622846j),(1.028598786+0.011587631j),(1.042770338+0.017497596j),(1.042032072+0.017323467j),(1.012268433+0.00408762j),(1.012268433+0.00408762j),(1.024650411+0.010000564j),(1.018459422+0.007044092j),(1.031758909+0.012773894j),(1.020566482+0.007618153j),(1.020584721+0.007622582j),(1.02388636+0.009319012j),(1.021536245+0.007837259j),(1.044385298+0.018463724j),(1.042953396+0.017541266j),(1.042016308+0.017320004j),(1.042030565+0.017323604j),(1.038083199+0.014857627j),(1.034917553+0.01384216j),(1.028573606+0.011588104j),(1.02574001+0.010390546j),(-0.039503007+4.1256e-05j),(-0.039500725+3.337e-05j),(-0.039836761+2.726e-05j),(-0.03972334+3.3135e-05j),"{'64': {'dP_mw': 0.0, 'dQ_mvar': 0.0}, '57': {'dP_mw': 0.0, 'dQ_mvar': 0.0}, '55': {'dP_mw': 0.0, 'dQ_mvar': 0.0}, '61': {'dP_mw': 0.0, 'dQ_mvar': 0.0}}",1.0445484956585294,0.0,0.0,PISR_breaker_closed,9.55
92,1791551202.7117288,87,(1.024694112+0.010033505j),(1.028554113+0.011553958j),(1.028645913+0.011621318j),(1.031711782+0.012740206j),(1.031806037+0.012807582j),(1.033947636+0.013589158j),(1.034126551+0.013710041j),(1.041906315+0.017235723j),(1.03377594+0.013481231j),(1.020811235+0.007763426j),(1.020237122+0.007391812j),(1.003998126+0.000227314j),(1.00382554+0.000120858j),(1.012089702+0.003966762j),(1.012447165+0.004208478j),(1.018280691+0.006923233j),(1.018638154+0.00716495j),(1.024471679+0.009879705j),(1.024650411+0.010000564j),(1.028597814+0.011586899j),(1.028598786+0.011587631j),(1.031758909+0.012773894j),(1.033994764+0.013622846j),(1.042038103+0.017322918j),(1.020592412+0.007621811j),(1.003642837-2.686e-06j),(1.003646808+0j),(1.012268433+0.00408762j),(1.018459422+0.007044092j),(1.02859536+0.011586884j),(1.024785441+0.010088481j),(1.003646808+0j),(1.003642837-2.686e-06j),(1.003642837-2.686e-06j),(1.020586259+0.007622428j),(1.021347478+0.00779417j),(1.034732995+0.013798297j),(1.033994764+0.013622846j),(1.028598786+0.011587631j),(1.042770338+0.017497596j),(1.042032072+0.017323467j),(1.012268433+0.00408762j),(1.012268433+0.00408762j),(1.024650411+0.010000564j),(1.018459422+0.007044092j),(1.031758909+0.012773894j),(1.020566482+0.007618153j),(1.020584721+0.007622582j),(1.02388636+0.009319012j),(1.021536245+0.007837259j),(1.044385298+0.018463724j),(1.042953396+0.017541266j),(1.042016308+0.017320004j),(1.042030565+0.017323604j),(1.038083199+0.014857627j),(1.034917553+0.01384216j),(1.028573606+0.011588104j),(1.02574001+0.010390546j),(-0.039503007+4.1256e-05j),(-0.039500725+3.337e-05j),(-0.039836761+2.726e-05j),(-0.03972334+3.3135e-05j),"{'64': {'dP_mw': 0.0, 'dQ_mvar': 0.0}, '57': {'dP_mw': 0.0, 'dQ_mvar': 0.0}, '55': {'dP_mw': 0.0, 'dQ_mvar': 0.0}, '61': {'dP_mw': 0.0, 'dQ_mvar': 0.0}}",1.0445484956585294,0.0,0.0,PISR_breaker_closed,9.6
93,1791551202.7617083,87,(1.024694112+0.010033505j),(1.028554113+0.011553958j),(1.028645913+0.011621318j),(1.031711782+0.012740206j),(1.031806037+0.012807582j),(1.033947636+0.013589158j),(1.034126551+0.013710041j),(1.041906315+0.017235723j),(1.03377594+0.013481231j),(1.020811235+0.007763426j),(1.020237122+0.007391812j),(1.003998126+0.000227314j),(1.00382554+0.000120858j),(1.012089702+0.003966762j),(1.012447165+0.004208478j),(1.018280691+0.006923233j),(1.018638154+0.00716495j),(1.024471679+0.009879705j),(1.024650411+0.010000564j),(1.028597814+0.011586899j),(1.028598786+0.011587631j),(1.031758909+0.012773894j),(1.033994764+0.013622846j),(1.042038103+0.017322918j),(1.020592412+0.007621811j),(1.003642837-2.686e-06j),(1.003646808+0j),(1.012268433+0.00408762j),(1.018459422+0.007044092j),(1.02859536+0.011586884j),(1.024785441+0.010088481j),(1.003646808+0j),(1.003642837-2.686e-06j),(1.003642837-2.686e-06j),(1.020586259+0.007622428j),(1.021347478+0.00779417j),(1.034732995+0.013798297j),(1.033994764+0.013622846j),(1.028598786+0.011587631j),(1.042770338+0.017497596j),(1.042032072+0.017323467j),(1.012268433+0.00408762j),(1.012268433+0.00408762j),(1.024650411+0.010000564j),(1.018459422+0.007044092j),(1.031758909+0.012773894j),(1.020566482+0.007618153j),(1.020584721+0.007622582j),(1.02388636+0.009319012j),(1.021536245+0.007837259j),(1.044385298+0.018463724j),(1.042953396+0.017541266j),(1.042016308+0.017320004j),(1.042030565+0.017323604j),(1.038083199+0.014857627j),(1.034917553+0.01384216j),(1.028573606+0.011588104j),(1.02574001+0.010390546j),(-0.039503007+4.1256e-05j),(-0.039500725+3.337e-05j),(-0.039836761+2.726e-05j),(-0.03972334+3.3135e-05j),"{'64': {'dP_mw': 0.0, 'dQ_mvar': 0.0}, '57': {'dP_mw': 0.0, 'dQ_mvar': 0.0}, '55': {'dP_mw': 0.0, 'dQ_mvar': 0.0}, '61': {'dP_mw': 0.0, 'dQ_mvar': 0.0}}",1.0445484956585294,0.0,0.0,PISR_breaker_closed,9.65
94,1791551202.8116503,87,(1.024694112+0.010033505j),(1.028554113+0.011553958j),(1.028645913+0.011621318j),(1.031711782+0.012740206j),(1.031806037+0.012807582j),(1.033947636+0.013589158j),(1.034126551+0.013710041j),(1.041906315+0.017235723j),(1.03377594+0.013481231j),(1.020811235+0.007763426j),(1.020237122+0.007391812j),(1.003998126+0.000227314j),(1.00382554+0.000120858j),(1.012089702+0.003966762j),(1.012447165+0.004208478j),(1.018280691+0.006923233j),(1.018638154+0.00716495j),(1.024471679+0.009879705j),(1.024650411+0.010000564j),(1.028597814+0.011586899j),(1.028598786+0.011587631j),(1.031758909+0.012773894j),(1.033994764+0.013622846j),(1.042038103+0.017322918j),(1.020592412+0.007621811j),(1.003642837-2.686e-06j),(1.003646808+0j),(1.012268433+0.00408762j),(1.018459422+0.007044092j),(1.02859536+0.011586884j),(1.024785441+0.010088481j),(1.003646808+0j),(1.003642837-2.686e-06j),(1.003642837-2.686e-06j),(1.020586259+0.007622428j),(1.021347478+0.00779417j),(1.034732995+0.013798297j),(1.033994764+0.013622846j),(1.028598786+0.011587631j),(1.042770338+0.017497596j),(1.042032072+0.017323467j),(1.012268433+0.00408762j),(1.012268433+0.00408762j),(1.024650411+0.010000564j),(1.018459422+0.007044092j),(1.031758909+0.012773894j),(1.020566482+0.007618153j),(1.020584721+0.007622582j),(1.02388636+0.009319012j),(1.021536245+0.007837259j),(1.044385298+0.018463724j),(1.042953396+0.017541266j),(1.042016308+0.017320004j),(1.042030565+0.017323604j),(1.038083199+0.014857627j),(1.034917553+0.01384216j),(1.028573606+0.011588104j),(1.02574001+0.010390546j),(-0.039503007+4.1256e-05j),(-0.039500725+3.337e-05j),(-0.039836761+2.726e-05j),(-0.03972334+3.3135e-05j),"{'64': {'dP_mw': 0.0, 'dQ_mvar': 0.0}, '57': {'dP_mw': 0.0, 'dQ_mvar': 0.0}, '55': {'dP_mw': 0.0, 'dQ_mvar': 0.0}, '61': {'dP_mw': 0.0, 'dQ_mvar': 0.0}}",1.0445484956585294,0.0,0.0,PISR_breaker_closed,9.7
95,1791551202.861944,87,(1.024694112+0.010033505j),(1.028554113+0.011553958j),(1.028645913+0.011621318j),(1.031711782+0.012740206j),(1.031806037+0.012807582j),(1.033947636+0.013589158j),(1.034126551+0.013710041j),(1.041906315+0.017235723j),(1.03377594+0.013481231j),(1.020811235+0.007763426j),(1.020237122+0.007391812j),(1.003998126+0.000227314j),(1.00382554+0.000120858j),(1.012089702+0.003966762j),(1.012447165+0.004208478j),(1.018280691+0.006923233j),(1.018638154+0.00716495j),(1.024471679+0.009879705j),(1.024650411+0.010000564j),(1.028597814+0.011586899j),(1.028598786+0.011587631j),(1.031758909+0.012773894j),(1.033994764+0.013622846j),(1.042038103+0.017322918j),(1.020592412+0.007621811j),(1.003642837-2.686e-06j),(1.003646808+0j),(1.012268433+0.00408762j),(1.018459422+0.007044092j),(1.02859536+0.011586884j),(1.024785441+0.010088481j),(1.003646808+0j),(1.003642837-2.686e-06j),(1.003642837-2.686e-06j),(1.020586259+0.007622428j),(1.021347478+0.00779417j),(1.034732995+0.013798297j),(1.033994764+0.013622846j),(1.028598786+0.011587631j),(1.042770338+0.017497596j),(1.042032072+0.017323467j),(1.012268433+0.00408762j),(1.012268433+0.00408762j),(1.024650411+0.010000564j),(1.018459422+0.007044092j),(1.031758909+0.012773894j),(1.020566482+0.007618153j),(1.020584721+0.007622582j),(1.02388636+0.009319012j),(1.021536245+0.007837259j),(1.044385298+0.018463724j),(1.042953396+0.017541266j),(1.042016308+0.017320004j),(1.042030565+0.017323604j),(1.038083199+0.014857627j),(1.034917553+0.01384216j),(1.028573606+0.011588104j),(1.02574001+0.010390546j),(-0.039503007+4.1256e-05j),(-0.039500725+3.337e-05j),(-0.039836761+2.726e-05j),(-0.03972334+3.3135e-05j),"{'64': {'dP_mw': 0.0, 'dQ_mvar': 0.0}, '57': {'dP_mw': 0.0, 'dQ_mvar': 0.0}, '55': {'dP_mw': 0.0, 'dQ_mvar': 0.0}, '61': {'dP_mw': 0.0, 'dQ_mvar': 0.0}}",1.0445484956585294,0.0,0.0,PISR_breaker_closed,9.75
96,1791551202.9118295,87,(1.024694112+0.010033505j),(1.028554113+0.011553958j),(1.028645913+0.011621318j),(1.031711782+0.012740206j),(1.031806037+0.012807582j),(1.033947636+0.013589158j),(1.034126551+0.013710041j),(1.041906315+0.017235723j),(1.03377594+0.013481231j),(1.020811235+0.007763426j),(1.020237122+0.007391812j),(1.003998126+0.000227314j),(1.00382554+0.000120858j),(1.012089702+0.003966762j),(1.012447165+0.004208478j),(1.018280691+0.006923233j),(1.018638154+0.00716495j),(1.024471679+0.009879705j),(1.024650411+0.010000564j),(1.028597814+0.011586899j),(1.028598786+0.011587631j),(1.031758909+0.012773894j),(1.033994764+0.013622846j),(1.042038103+0.017322918j),(1.020592412+0.007621811j),(1.003642837-2.686e-06j),(1.003646808+0j),(1.012268433+0.00408762j),(1.018459422+0.007044092j),(1.02859536+0.011586884j),(1.024785441+0.010088481j),(1.003646808+0j),(1.003642837-2.686e-06j),(1.003642837-2.686e-06j),(1.020586259+0.007622428j),(1.021347478+0.00779417j),(1.034732995+0.013798297j),(1.033994764+0.013622846j),(1.028598786+0.011587631j),(1.042770338+0.017497596j),(1.042032072+0.017323467j),(1.012268433+0.00408762j),(1.012268433+0.00408762j),(1.024650411+0.010000564j),(1.018459422+0.007044092j),(1.031758909+0.012773894j),(1.020566482+0.007618153j),(1.020584721+0.007622582j),(1.02388636+0.009319012j),(1.021536245+0.007837259j),(1.044385298+0.018463724j),(1.042953396+0.017541266j),(1.042016308+0.017320004j),(1.042030565+0.017323604j),(1.038083199+0.014857627j),(1.034917553+0.01384216j),(1.028573606+0.011588104j),(1.02574001+0.010390546j),(-0.039503007+4.1256e-05j),(-0.039500725+3.337e-05j),(-0.039836761+2.726e-05j),(-0.03972334+3.3135e-05j),"{'64': {'dP_mw': 0.0, 'dQ_mvar': 0.0}, '57': {'dP_mw': 0.0, 'dQ_mvar': 0.0}, '55': {'dP_mw': 0.0, 'dQ_mvar': 0.0}, '61': {'dP_mw': 0.0, 'dQ_mvar': 0.0}}",1.0445484956585294,0.0,0.0,PISR_breaker_closed,9.8
97,1791551202.9618843,87,(1.024694112+0.010033505j),(1.028554113+0.011553958j),(1.028645913+0.011621318j),(1.031711782+0.012740206j),(1.031806037+0.012807582j),(1.033947636+0.013589158j),(1.034126551+0.013710041j),(1.041906315+0.017235723j),(1.03377594+0.013481231j),(1.020811235+0.007763426j),(1.020237122+0.007391812j),(1.003998126+0.000227314j),(1.00382554+0.000120858j),(1.012089702+0.003966762j),(1.012447165+0.004208478j),(1.018280691+0.006923233j),(1.018638154+0.00716495j),(1.024471679+0.009879705j),(1.024650411+0.010000564j),(1.028597814+0.011586899j),(1.028598786+0.011587631j),(1.031758909+0.012773894j),(1.033994764+0.013622846j),(1.042038103+0.017322918j),(1.020592412+0.007621811j),(1.003642837-2.686e-06j),(1.003646808+0j),(1.012268433+0.00408762j),(1.018459422+0.007044092j),(1.02859536+0.011586884j),(1.024785441+0.010088481j),(1.003646808+0j),(1.003642837-2.686e-06j),(1.003642837-2.686e-06j),(1.020586259+0.007622428j),(1.021347478+0.00779417j),(1.034732995+0.013798297j),(1.033994764+0.013622846j),(1.028598786+0.011587631j),(1.042770338+0.017497596j),(1.042032072+0.017323467j),(1.012268433+0.00408762j),(1.012268433+0.00408762j),(1.024650411+0.010000564j),(1.018459422+0.007044092j),(1.031758909+0.012773894j),(1.020566482+0.007618153j),(1.020584721+0.007622582j),(1.02388636+0.009319012j),(1.021536245+0.007837259j),(1.044385298+0.018463724j),(1.042953396+0.017541266j),(1.042016308+0.017320004j),(1.042030565+0.017323604j),(1.038083199+0.014857627j),(1.034917553+0.01384216j),(1.028573606+0.011588104j),(1.02574001+0.010390546j),(-0.039503007+4.1256e-05j),(-0.039500725+3.337e-05j),(-0.039836761+2.726e-05j),(-0.03972334+3.3135e-05j),"{'64': {'dP_mw': 0.0, 'dQ_mvar': 0.0}, '57': {'dP_mw': 0.0, 'dQ_mvar': 0.0}, '55': {'dP_mw': 0.0, 'dQ_mvar': 0.0}, '61': {'dP_mw': 0.0, 'dQ_mvar': 0.0}}",1.0445484956585294,0.0,0.0,PISR_breaker_closed,9.85
98,1791551203.0119338,87,(1.024694112+0.010033505j),(1.028554113+0.011553958j),(1.028645913+0.011621318j),(1.031711782+0.012740206j),(1.031806037+0.012807582j),(1.033947636+0.013589158j),(1.034126551+0.013710041j),(1.041906315+0.017235723j),(1.03377594+0.013481231j),(1.020811235+0.007763426j),(1.020237122+0.007391812j),(1.003998126+0.000227314j),(1.00382554+0.000120858j),(1.012089702+0.003966762j),(1.012447165+0.004208478j),(1.018280691+0.006923233j),(1.018638154+0.00716495j),(1.024471679+0.009879705j),(1.024650411+0.010000564j),(1.028597814+0.011586899j),(1.028598786+0.011587631j),(1.031758909+0.012773894j),(1.033994764+0.013622846j),(1.042038103+0.017322918j),(1.020592412+0.007621811j),(1.003642837-2.686e-06j),(1.003646808+0j),(1.012268433+0.00408762j),(1.018459422+0.007044092j),(1.02859536+0.011586884j),(1.024785441+0.010088481j),(1.003646808+0j),(1.003642837-2.686e-06j),(1.003642837-2.686e-06j),(1.020586259+0.007622428j),(1.021347478+0.00779417j),(1.034732995+0.013798297j),(1.033994764+0.013622846j),(1.028598786+0.011587631j),(1.042770338+0.017497596j),(1.042032072+0.017323467j),(1.012268433+0.00408762j),(1.012268433+0.00408762j),(1.024650411+0.010000564j),(1.018459422+0.007044092j),(1.031758909+0.012773894j),(1.020566482+0.007618153j),(1.020584721+0.007622582j),(1.02388636+0.009319012j),(1.021536245+0.007837259j),(1.044385298+0.018463724j),(1.042953396+0.017541266j),(1.042016308+0.017320004j),(1.042030565+0.017323604j),(1.038083199+0.014857627j),(1.034917553+0.01384216j),(1.028573606+0.011588104j),(1.02574001+0.010390546j),(-0.039503007+4.1256e-05j),(-0.039500725+3.337e-05j),(-0.039836761+2.726e-05j),(-0.03972334+3.3135e-05j),"{'64': {'dP_mw': 0.0, 'dQ_mvar': 0.0}, '57': {'dP_mw': 0.0, 'dQ_mvar': 0.0}, '55': {'dP_mw': 0.0, 'dQ_mvar': 0.0}, '61': {'dP_mw': 0.0, 'dQ_mvar': 0.0}}",1.0445484956585294,0.0,0.0,PISR_breaker_closed,9.9
99,1791551203.0620239,87,(1.024694112+0.010033505j),(1.028554113+0.011553958j),(1.028645913+0.011621318j),(1.031711782+0.012740206j),(1.031806037+0.012807582j),(1.033947636+0.013589158j),(1.034126551+0.013710041j),(1.041906315+0.017235723j),(1.03377594+0.013481231j),(1.020811235+0.007763426j),(1.020237122+0.007391812j),(1.003998126+0.000227314j),(1.00382554+0.000120858j),(1.012089702+0.003966762j),(1.012447165+0.004208478j),(1.018280691+0.006923233j),(1.018638154+0.00716495j),(1.024471679+0.009879705j),(1.024650411+0.010000564j),(1.028597814+0.011586899j),(1.028598786+0.011587631j),(1.031758909+0.012773894j),(1.033994764+0.013622846j),(1.042038103+0.017322918j),(1.020592412+0.007621811j),(1.003642837-2.686e-06j),(1.003646808+0j),(1.012268433+0.00408762j),(1.018459422+0.007044092j),(1.02859536+0.011586884j),(1.024785441+0.010088481j),(1.003646808+0j),(1.003642837-2.686e-06j),(1.003642837-2.686e-06j),(1.020586259+0.007622428j),(1.021347478+0.00779417j),(1.034732995+0.013798297j),(1.033994764+0.013622846j),(1.028598786+0.011587631j),(1.042770338+0.017497596j),(1.042032072+0.017323467j),(1.012268433+0.00408762j),(1.012268433+0.00408762j),(1.024650411+0.010000564j),(1.018459422+0.007044092j),(1.031758909+0.012773894j),(1.020566482+0.007618153j),(1.020584721+0.007622582j),(1.02388636+0.009319012j),(1.021536245+0.007837259j),(1.044385298+0.018463724j),(1.042953396+0.017541266j),(1.042016308+0.017320004j),(1.042030565+0.017323604j),(1.038083199+0.014857627j),(1.034917553+0.01384216j),(1.028573606+0.011588104j),(1.02574001+0.010390546j),(-0.039503007+4.1256e-05j),(-0.039500725+3.337e-05j),(-0.039836761+2.726e-05j),(-0.03972334+3.3135e-05j),"{'64': {'dP_mw': 0.0, 'dQ_mvar': 0.0}, '57': {'dP_mw': 0.0, 'dQ_mvar': 0.0}, '55': {'dP_mw': 0.0, 'dQ_mvar': 0.0}, '61': {'dP_mw': 0.0, 'dQ_mvar': 0.0}}",1.0445484956585294,0.0,0.0,PISR_breaker_closed,9.95
100,1791551203.1119337,87,(1.024694112+0.010033505j),(1.028554113+0.011553958j),(1.028645913+0.011621318j),(1.031711782+0.012740206j),(1.031806037+0.012807582j),(1.033947636+0.013589158j),(1.034126551+0.013710041j),(1.041906315+0.017235723j),(1.03377594+0.013481231j),(1.020811235+0.007763426j),(1.020237122+0.007391812j),(1.003998126+0.000227314j),(1.00382554+0.000120858j),(1.012089702+0.003966762j),(1.012447165+0.004208478j),(1.018280691+0.006923233j),(1.018638154+0.00716495j),(1.024471679+0.009879705j),(1.024650411+0.010000564j),(1.028597814+0.011586899j),(1.028598786+0.011587631j),(1.031758909+0.012773894j),(1.033994764+0.013622846j),(1.042038103+0.017322918j),(1.020592412+0.007621811j),(1.003642837-2.686e-06j),(1.003646808+0j),(1.012268433+0.00408762j),(1.018459422+0.007044092j),(1.02859536+0.011586884j),(1.024785441+0.010088481j),(1.003646808+0j),(1.003642837-2.686e-06j),(1.003642837-2.686e-06j),(1.020586259+0.007622428j),(1.021347478+0.00779417j),(1.034732995+0.013798297j),(1.033994764+0.013622846j),(1.028598786+0.011587631j),(1.042770338+0.017497596j),(1.042032072+0.017323467j),(1.012268433+0.00408762j),(1.012268433+0.00408762j),(1.024650411+0.010000564j),(1.018459422+0.007044092j),(1.031758909+0.012773894j),(1.020566482+0.007618153j),(1.020584721+0.007622582j),(1.02388636+0.009319012j),(1.021536245+0.007837259j),(1.044385298+0.018463724j),(1.042953396+0.017541266j),(1.042016308+0.017320004j),(1.042030565+0.017323604j),(1.038083199+0.014857627j),(1.034917553+0.01384216j),(1.028573606+0.011588104j),(1.02574001+0.010390546j),(-0.039503007+4.1256e-05j),(-0.039500725+3.337e-05j),(-0.039836761+2.726e-05j),(-0.03972334+3.3135e-05j),"{'64': {'dP_mw': 0.0, 'dQ_mvar': 0.0}, '57': {'dP_mw': 0.0, 'dQ_mvar': 0.0}, '55': {'dP_mw': 0.0, 'dQ_mvar': 0.0}, '61': {'dP_mw': 0.0, 'dQ_mvar': 0.0}}",1.0445484956585294,0.0,0.0,PISR_breaker_closed,10.0
0,1791551203.5791256,88,(1.020125644+0.005538922j),(1.040338369+0.005283308j),(1.041741656+0.019953507j),(1.041170759+0.019022144j),(1.033554023+0.006939609j),(1.03392945+0.013910609j),(1.045149383+0.015597328j),(1.054409635+0.017332234j),(1.039098865+0.016790831j),(1.020383642+0.013607242j),(1.019918207+0.013670751j),(1.008402909-0.010048578j),(1.006713679+0.006890717j),(1.009310692+0.00017002j),(1.007969167+0.000799007j),(1.00955566-0.005264399j),(1.013702987+0.002750792j),(1.020809693+0.012641662j),(1.022130947+0.008853111j),(1.033433338+0.010440219j),(1.035843633+0.024047832j),(1.037266785+0.022702727j),(1.041262375+0.01885711j),(1.049814344+0.006908201j),(1.0225863+0.012509539j),(1.002664074+0.002064907j),(0.999556822+0.003082839j),(1.013391383-0.00244246j),(1.017948338+0.010176846j),(1.028475866+0.015113249j),(1.0258134+0.005283185j),(1.010091027-0.004353041j),(1.012328075-0.000830635j),(1.00799613-0.002846645j),(1.027158542+0.014549883j),(1.024124646+0.016356027j),(1.040111801+0.012750089j),(1.037048114+0.013061631j),(1.041187965+0.003715628j),(1.053432803+0.016330513j),(1.050286539+0.022992765j),(1.017221045-0.002258024j),(1.01413082-0.010436126j),(1.024462025+0.010602277j),(1.010876012+0.012527173j),(1.036913973+0.009777679j),(1.021615942-0.00097021j),(1.024154416+0.00596636j),(1.016602855+0.007513448j),(1.025340962+0.011858061j),(1.044432028+0.016855033j),(1.048262487+0.021627564j),(1.045773597+0.013362308j),(1.044409154+0.011962852j),(1.03930278+0.02350106j),(1.046773924+0.030849865j),(1.042596044+0.012384637j),(1.022018123+0.003722451j),(-0.039508189+4.5261e-05j),(-0.039508318+4.7307e-05j),(-0.039827091+2.3275e-05j),(-0.03972719+1.9387e-05j),"{'64': {'dP_mw': 0.0, 'dQ_mvar': 0.0}, '57': {'dP_mw': 0.0, 'dQ_mvar': 0.0}, '55': {'dP_mw': 0.0, 'dQ_mvar': 0.0}, '61': {'dP_mw': 0.0, 'dQ_mvar': 0.0}}",1.05455207776395,0.0,0.0,PISR_breaker_open_noise,10.0
1,1791551203.6292546,88,(1.024031317+0.014282596j),(1.033110598+0.012899498j),(1.044881252+0.011723008j),(1.031404985+0.023028094j),(1.039353389+0.012564226j),(1.042690295+0.015453941j),(1.041387673+0.006058287j),(1.049257569+0.013528457j),(1.037997801+0.021655057j),(1.018191621+0.006629334j),(1.015987088+0.0053517j),(1.01003148+0.002267416j),(1.007075264+0.010689002j),(1.005190875+0.009266223j),(1.005403164+0.001685074j),(1.013900298+0.009125775j),(1.012822084+0.009093459j),(1.016280372+0.002411177j),(1.014798008+0.00122252j),(1.038829032+0.021412776j),(1.036124883+0.015099291j),(1.049848612+0.022573881j),(1.043972738+0.012701547j),(1.050268952+0.027704987j),(1.01892918+0.013209316j),(1.003858461+0.00706015j),(1.003820856-0.001710409j),(1.009446254-0.004116063j),(1.015829278+0.002350271j),(1.036551888+0.015597899j),(1.011241165+0.014792854j),(0.998232223-0.002782024j),(1.000985726+0.003846321j),(1.000178157+0.004662641j),(1.024950801+0.008249556j),(1.020728529+0.01037999j),(1.047031233+0.016255153j),(1.043328279+0.01512905j),(1.03771943+0.005325162j),(1.049105983+0.021111534j),(1.039936698+0.014970085j),(1.016987595-0.001286822j),(1.018749406+0.011033783j),(1.009580313-0.000733255j),(1.019481478+0.006422277j),(1.034694934+0.013716953j),(1.028940645+0.017610414j),(1.023391151+0.003275597j),(1.03028725+0.013228037j),(1.026667481+0.006469682j),(1.053156414+0.015941215j),(1.032179566+0.019397595j),(1.04652315+0.023858086j),(1.050654958+0.017026592j),(1.048265234+0.01769536j),(1.040897518+0.011427658j),(1.042788941+0.017788901j),(1.025557626+0.011479475j),(-0.039511606+2.8492e-05j),(-0.039509121+2.0165e-05j),(-0.03984202+1.9659e-05j),(-0.039735208+2.1486e-05j),"{'64': {'dP_mw': 0.0, 'dQ_mvar': 0.0}, '57': {'dP_mw': 0.0, 'dQ_mvar': 0.0}, '55': {'dP_mw': 0.0, 'dQ_mvar': 0.0}, '61': {'dP_mw': 0.0, 'dQ_mvar': 0.0}}",1.053277055045355,0.0,0.0,PISR_breaker_open_noise,10.05
2,1791551203.6787426,88,(1.01504322+0.012603829j),(1.033733384+0.013902335j),(1.041705327+0.017312556j),(1.035356596+0.012198833j),(1.039006059+0.023063723j),(1.042063863+0.01440657j),(1.049796507+0.013137168j),(1.050558506+0.026234667j),(1.045672995+0.013540388j),(1.031460324+0.002058898j),(1.01703878+0.014244085j),(1.016336424-0.002822678j),(1.00940603-0.005315092j),(1.010123045-0.000616312j),(1.008962188+0.008105424j),(1.009973906+0.008009098j),(1.010585793+0.00771475j),(1.017389054+0.012203792j),(1.024267154+0.006601065j),(1.033775058+0.016938178j),(1.037183065+0.012413729j),(1.033718919+0.013133708j),(1.040407441+0.011864236j),(1.047324921+0.011228217j),(1.024795865+0.007805434j),(0.997563003-0.001844754j),(1.002513135+0.005209206j),(1.009423997+0.00250799j),(1.022430214+0.005683462j),(1.037860582+0.021092645j),(1.012156825+0.019568261j),(1.006450499-0.000568082j),(1.004405941+0.002736862j),(0.998626161-0.002956276j),(1.021305458-0.002174038j),(1.024431338+0.012886616j),(1.047094701+0.018660696j),(1.040040128+0.019037522j),(1.041993613+0.015692099j),(1.047421437+0.017523645j),(1.047579121+0.014707473j),(1.004879872+0.012694024j),(1.009171302+0.001377646j),(1.019953153+0.001772653j),(1.015641336+0.012886054j),(1.036401184+0.023687238j),(1.019109882+0.000634297j),(1.014307776+0.004278203j),(1.025556423+0.014259062j),(1.021747774+0.013673926j),(1.049897898+0.022354185j),(1.05195349+0.019353828j),(1.049627609+0.01725956j),(1.049004709+0.016961576j),(1.043965269+0.023568774j),(1.036129043+0.013843649j),(1.040454256+0.017647305j),(1.020412837+0.004124858j),(-0.039500009+3.7317e-05j),(-0.03951324+2.1305e-05j),(-0.039828887+2.598e-05j),(-0.03972801+3.8486e-05j),"{'64': {'dP_mw': 0.0, 'dQ_mvar': 0.0}, '57': {'dP_mw': 0.0, 'dQ_mvar': 0.0}, '55': {'dP_mw': 0.0, 'dQ_mvar': 0.0}, '61': {'dP_mw': 0.0, 'dQ_mvar': 0.0}}",1.0521315106874396,0.0,0.0,PISR_breaker_open_noise,10.1
3,1791551203.7286592,88,(1.006312785+0.011671961j),(1.04346046+0.012920244j),(1.040757653+0.013978818j),(1.02757697+0.020996042j),(1.039724622+0.02549313j),(1.041262398+0.018750727j),(1.0417909+0.019738326j),(1.045628811+0.024184108j),(1.035324791+0.019167667j),(1.021580915+0.001548265j),(1.017567205+0.007046001j),(1.007337206-0.007195947j),(1.001235176-0.004509259j),(1.015709626+0.00907556j),(1.003942919-0.002967452j),(1.012774888+0.008772092j),(1.009171924+0.006655668j),(1.019333194+0.009446269j),(1.012249937+0.007658561j),(1.035743537+0.014963031j),(1.032947027+0.013121987j),(1.041442837+0.020358416j),(1.046001444+0.020299586j),(1.04683981+0.017215404j),(1.029212582+0.017893901j),(0.999890209+0.006676297j),(1.001155724+0.000183322j),(1.010737263+0.008828597j),(1.01505391+0.00940527j),(1.034784217+0.014523243j),(1.017567504-0.001181386j),(1.008555986-0.004846903j),(0.99916484+0.00532793j),(0.998008793-0.001673123j),(1.024953719+0.005513692j),(1.02422451+0.002478527j),(1.043201476+0.019711633j),(1.033929743+0.02082381j),(1.030897031+0.022349281j),(1.054281908+0.023618373j),(1.044212734+0.018186094j),(1.012665298-0.002412237j),(1.012445989+0.00448802j),(1.017163295+0.015517298j),(1.004768811+0.001278221j),(1.041584647+0.02391753j),(1.032980089+0.000137736j),(1.024344122+0.016069953j),(1.024303565+0.007288429j),(1.026325874+0.007379344j),(1.051541823+0.02285123j),(1.042981595+0.017944586j),(1.04074494+0.030928181j),(1.048572897+0.01897252j),(1.050417381+0.014076337j),(1.041103948+0.017655617j),(1.039643643+0.020522232j),(1.026105386+0.000117174j),(-0.039493715+5.1057e-05j),(-0.039498994+2.3091e-05j),(-0.039836509+2.6197e-05j),(-0.039715741+3.25e-05j),"{'64': {'dP_mw': 0.0, 'dQ_mvar': 0.0}, '57': {'dP_mw': 0.0, 'dQ_mvar': 0.0}, '55': {'dP_mw': 0.0, 'dQ_mvar': 0.0}, '61': {'dP_mw': 0.0, 'dQ_mvar': 0.0}}",1.0545464281288368,0.0,0.0,PISR_breaker_open_noise,10.15
4,1791551203.7791338,88,(1.011973713+0.008920112j),(1.037525029+0.016494451j),(1.03601511+0.021702378j),(1.038771354+0.018345465j),(1.039717155+0.018409457j),(1.037490702+0.006000714j),(1.037620486+0.01601561j),(1.038026418+0.018721241j),(1.041604458+0.022049101j),(1.02930118+0.01067146j),(1.030403435+0.020029856j),(0.999276787+0.004660114j),(1.012849859-0.002141229j),(1.006172016+0.000872872j),(1.005459736-0.006324871j),(1.017371395+0.01024304j),(1.003998868+0.008938428j),(1.012595838+0.008115927j),(1.009530446+0.008544634j),(1.043447436+0.013350462j),(1.036538199+0.021131869j),(1.032343728+0.020577665j),(1.046053701+0.015620541j),(1.045004033+0.014842756j),(1.012893102+0.014735368j),(1.008035174-0.003210934j),(1.007377232-0.005076814j),(1.013904664+0.007868436j),(1.013177793-0.001669922j),(1.043142251+0.016790384j),(1.024701873+0.007270118j),(1.002563102-0.000364413j),(1.003385894-0.004003477j),(1.000166765-0.005875363j),(1.022926456-0.002655779j),(1.016497893+0.010687993j),(1.039375212+0.01264888j),(1.041190779+0.016800355j),(1.038447586+0.009293457j),(1.055257876+0.035286423j),(1.050938522+0.021430857j),(1.013676729+0.00012302j),(1.010940347-7.1735e-05j),(1.022761915-0.001282544j),(1.01098514+0.00037578j),(1.042350536+0.023911861j),(1.031787465+0.0109571j),(1.024323964+0.011407834j),(1.020904032+0.013955327j),(1.016950918+0.008026231j),(1.050094751+0.017122481j),(1.046163024+0.017229435j),(1.044319727+0.015003392j),(1.040364218+0.016114729j),(1.04126306+0.017762438j),(1.049296905+0.012904729j),(1.032857424+0.017210176j),(1.011912051+0.003228808j),(-0.039506334+3.515e-05j),(-0.039495212+2.0844e-05j),(-0.039833251+4.5522e-05j),(-0.03972758+4.2013e-05j),"{'64': {'dP_mw': 0.0, 'dQ_mvar': 0.0}, '57': {'dP_mw': 0.0, 'dQ_mvar': 0.0}, '55': {'dP_mw': 0.0, 'dQ_mvar': 0.0}, '61': {'dP_mw': 0.0, 'dQ_mvar': 0.0}}",1.0558476767546379,0.0,0.0,PISR_breaker_open_noise,10.2
5,1791551203.8289495,88,(1.014399887-0.001712045j),(1.045361906+0.019026917j),(1.035092712+0.013809876j),(1.036487269+0.014742291j),(1.033428558+0.012830319j),(1.036714789+0.006864702j),(1.042988296+0.014901166j),(1.037279301+0.023019083j),(1.029913377+0.013595744j),(1.017191749+0.008015067j),(1.019193506+0.004379779j),(1.006640084+0.009728211j),(0.994291043-0.000107288j),(1.015178358+0.006461436j),(1.012576755+0.010207874j),(1.026667762+0.002964911j),(1.014521657+0.002844342j),(1.021707898-0.000713296j),(1.020322146+0.006617776j),(1.036216251+0.016888395j),(1.041715609+0.017585263j),(1.03276429+0.023320667j),(1.039661063+0.014971676j),(1.051186235+0.01734189j),(1.007800717+0.005919085j),(1.011171323+0.002503964j),(0.996788111-0.004090722j),(1.007028048-0.009101302j),(1.018467929+0.000670376j),(1.039960585+0.013965214j),(1.012833742+0.006074424j),(1.00622812-0.000112621j),(1.006464567+0.006822106j),(0.998007639-0.003305617j),(1.025862541+0.008909485j),(1.016087905-0.001615067j),(1.036441752+0.013470195j),(1.034940206+0.016337516j),(1.032742846+0.01338757j),(1.045132119+0.021255541j),(1.049825144+0.016538611j),(1.000325777+0.004316696j),(1.01477312+0.003134152j),(1.014923908+0.000663164j),(1.013210659-0.005599518j),(1.039379453+0.013003632j),(1.016602062+0.010158298j),(1.021780499+0.011966806j),(1.029619434+0.003937457j),(1.016355661+0.008265166j),(1.059461058+0.02298396j),(1.048580281+0.019344974j),(1.051350271+0.013245344j),(1.043633071+0.028258752j),(1.047458332+0.020350817j),(1.042612391+0.021565112j),(1.034288067+0.01547957j),(1.017797498+0.00519712j),(-0.03950864+4.559e-05j),(-0.039483124+3.0126e-05j),(-0.039834109+1.8281e-05j),(-0.039732257+2.6231e-05j),"{'64': {'dP_mw': 0.0, 'dQ_mvar': 0.0}, '57': {'dP_mw': 0.0, 'dQ_mvar': 0.0}, '55': {'dP_mw': 0.0, 'dQ_mvar': 0.0}, '61': {'dP_mw': 0.0, 'dQ_mvar': 0.0}}",1.0597103358162365,0.0,0.0,PISR_breaker_open_noise,10.25
6,1791551203.8813488,88,(1.029694936+0.005606546j),(1.036023818+0.015553489j),(1.037417124+0.010871341j),(1.037601306+0.014280236j),(1.047222644+0.017004986j),(1.033779389+0.018527106j),(1.050092381+0.018451401j),(1.040600599+0.017363215j),(1.041632753+0.013279418j),(1.022397077+0.010769687j),(1.019493709+0.00547096j),(1.012802676+0.000119349j),(1.005769255+0.004205559j),(1.011611283-0.002839556j),(1.00960213+0.006412304j),(1.010737966-0.003001647j),(1.005538593+0.000336399j),(1.015067405+0.001226958j),(1.017583615-0.0074145j),(1.038183784+0.01462511j),(1.037841576+0.005205622j),(1.032229681+0.019876226j),(1.052999997+0.017918053j),(1.050669479+0.02108987j),(1.023359094+0.013281035j),(0.999329076-0.009132483j),(1.004123377+0.013017658j),(1.010420079-0.005216634j),(1.011399708+0.00808633j),(1.045256562+0.014949935j),(1.014625196+0.002815788j),(1.004301311+0.000579581j),(1.005050953-6.3634e-05j),(1.003658764-0.002359482j),(1.02433134+0.019796081j),(1.019974946+0.011497337j),(1.040946686+0.017245164j),(1.042151012+0.01986835j),(1.042802894+0.014622553j),(1.054906704+0.020149811j),(1.048547758+0.025499689j),(1.001719182+0.003466335j),(1.009343241+0.005526452j),(1.018088893+0.006453512j),(1.014766376-0.002768649j),(1.039105628+0.016724224j),(1.016542453+0.010143625j),(1.017202283+0.014397304j),(1.028594281+0.01321184j),(1.022424327+0.007996815j),(1.049295526+0.030777324j),(1.057912097+0.032379351j),(1.050171669+0.028968598j),(1.045034872+0.021395868j),(1.040460651+0.013370225j),(1.038315051+0.021175455j),(1.042163755+0.01915762j),(1.013904167+0.005157781j),(-0.039488069+4.2721e-05j),(-0.039496116+2.0279e-05j),(-0.039845784+2.6489e-05j),(-0.039699637+3.486e-05j),"{'64': {'dP_mw': 0.0, 'dQ_mvar': 0.0}, '57': {'dP_mw': 0.0, 'dQ_mvar': 0.0}, '55': {'dP_mw': 0.0, 'dQ_mvar': 0.0}, '61': {'dP_mw': 0.0, 'dQ_mvar': 0.0}}",1.0584074958871552,0.0,0.0,PISR_breaker_open_noise,10.3
7,1791551203.929745,88,(1.022572422+0.007099866j),(1.04093053+0.015465575j),(1.03920701+0.014972484j),(1.042586893+0.014447746j),(1.048856191+0.013969593j),(1.040149464+0.02338775j),(1.033463782+0.014735896j),(1.047407528+0.01675677j),(1.043114162+0.0187795j),(1.019456276+0.007308536j),(1.019765488+0.010433117j),(0.994257849+0.000590169j),(1.002812166-0.00089218j),(1.007233255+0.003812194j),(1.010720409+0.005785648j),(1.003908094-0.001090702j),(1.017520429+0.008313497j),(1.014899843+0.009877542j),(1.030504731+0.010463789j),(1.04321505+0.022156833j),(1.036202124+0.015217737j),(1.040466944+0.006266958j),(1.044830829+0.019549392j),(1.048904096+0.019749087j),(1.022730936+0.01187445j),(1.005990358+0.007265567j),(0.99589272-0.002498632j),(0.999038367+0.000981677j),(1.011955935+0.004652733j),(1.037683979+0.017385063j),(1.022817752+0.013720473j),(1.006179671-0.005617538j),(1.009992247+0.002706822j),(1.003819508+0.005500624j),(1.017562367+0.011918333j),(1.014736793+0.010455288j),(1.035994201+0.018982664j),(1.033375825+0.020600179j),(1.046139368+0.018905779j),(1.048209165+0.016536065j),(1.043285512+0.019079306j),(1.011923946-0.003087294j),(1.005133451+0.011878402j),(1.026695939+0.007306158j),(1.01551823+0.001988062j),(1.04125456+0.021271512j),(1.026253494+0.014102615j),(1.019993689+0.006984604j),(1.024251054+0.004063739j),(1.032250174+0.01125561j),(1.051242671+0.020056292j),(1.04997959+0.029742363j),(1.044019502+0.026794216j),(1.055802242+0.016271146j),(1.050860498+0.018973995j),(1.047420447+0.019302942j),(1.034717929+0.011465811j),(1.025602513+0.004364125j),(-0.039499413+4.5153e-05j),(-0.039506307+3.3061e-05j),(-0.039843784+3.4494e-05j),(-0.039731452+4.5235e-05j),"{'64': {'dP_mw': 0.0, 'dQ_mvar': 0.0}, '57': {'dP_mw': 0.0, 'dQ_mvar': 0.0}, '55': {'dP_mw': 0.0, 'dQ_mvar': 0.0}, '61': {'dP_mw': 0.0, 'dQ_mvar': 0.0}}",1.0559276132407844,0.0,0.0,PISR_breaker_open_noise,10.35
8,1791551203.981336,88,(1.01114858+0.008817639j),(1.036034914+0.012504693j),(1.039335201+0.012531457j),(1.042781166+0.016781954j),(1.035019656+0.018810742j),(1.039413997+0.014355279j),(1.033950762+0.015999826j),(1.050780479+0.016494383j),(1.039746941+0.019910056j),(1.019044738+0.014604344j),(1.019749735+0.006665295j),(1.012279551+0.009341998j),(1.001159483-3.3343e-05j),(1.004630103-0.002365688j),(1.009933672-0.005395718j),(1.012128661+0.003564406j),(1.022858891-0.001795989j),(1.013240876+0.007170758j),(1.023425538+0.012141414j),(1.040231158+0.013737668j),(1.031488285+0.016414189j),(1.038237768+0.018078508j),(1.048922283+0.022261599j),(1.037553156+0.023184847j),(1.021608028+0.015826889j),(1.00786091+0.004836131j),(1.003428433+0.001515742j),(1.007012278+0.013935815j),(1.014629659+0.018232365j),(1.033573668+0.00951939j),(1.019290064+0.015218631j),(1.008209563-0.006040682j),(0.999691112+0.001214919j),(1.000143843-0.005772555j),(1.018605972+0.015549894j),(1.021504864+0.005669095j),(1.03488975+0.019962531j),(1.039015724+0.011579075j),(1.040011117+0.014559384j),(1.049992676+0.011078367j),(1.043842746+0.023342228j),(1.005043702-0.006674845j),(1.015232521+0.000730887j),(1.02159642+0.00537092j),(1.005827376+0.006483854j),(1.03987394+0.018018695j),(1.01824417+0.015011128j),(1.027551191+0.006849891j),(1.027604972+0.016947148j),(1.022275317+0.008863744j),(1.053126048+0.015863872j),(1.053044824+0.014439776j),(1.050308634+0.024076327j),(1.051424655+0.01314781j),(1.045610433+0.014833076j),(1.040791807+0.007423827j),(1.034364578+0.019169544j),(1.024399974+0.009139731j),(-0.03950119+4.284e-05j),(-0.0394901+3.1639e-05j),(-0.039832213+3.0107e-05j),(-0.039722503+3.5341e-05j),"{'64': {'dP_mw': 0.0, 'dQ_mvar': 0.0}, '57': {'dP_mw': 0.0, 'dQ_mvar': 0.0}, '55': {'dP_mw': 0.0, 'dQ_mvar': 0.0}, '61': {'dP_mw': 0.0, 'dQ_mvar': 0.0}}",1.0532455247523869,0.0,0.0,PISR_breaker_open_noise,10.4
9,1791551204.03066,88,(1.024890371+0.007559918j),(1.032383071+0.020308128j),(1.039698901+0.016712349j),(1.037201853+0.022294786j),(1.042539153+0.013069729j),(1.033012331+0.021715471j),(1.037124152+0.018405793j),(1.040297246+0.021041161j),(1.047647227+0.015384644j),(1.026857828+0.011377988j),(1.026366643+0.013556803j),(1.001066323+0.011582307j),(1.004636615-0.001848857j),(1.01464806+0.003012225j),(1.011340899-0.003199031j),(1.01693945+0.015480262j),(1.01663798+0.01011998j),(1.016618686+0.002394701j),(1.015621585+0.004542356j),(1.042132099+0.015303305j),(1.02814132+0.019333793j),(1.030982661+0.012530054j),(1.034490929+0.014927796j),(1.050202608+0.016879037j),(1.017404186+0.000911671j),(1.003468574-0.000721728j),(1.009408444+0.014886117j),(1.002755187-0.00075394j),(1.008287155+0.005203281j),(1.03347321+0.015357807j),(1.019196019+0.020244207j),(1.000698407-0.006156756j),(0.996294773+0.003018006j),(1.003472759+0.003656153j),(1.026781751+0.014709035j),(1.02329946+0.011622238j),(1.043413243+0.014957405j),(1.039554736+0.021027739j),(1.04200959+0.018207683j),(1.051303428+0.024434914j),(1.050343117+0.02011415j),(1.009984002+0.006482897j),(1.014725743+0.007881578j),(1.024682986+0.009533879j),(1.007920612+0.008753675j),(1.045869604+0.020792876j),(1.020764026+0.01644855j),(1.020728074+0.005698658j),(1.030174632+0.005256665j),(1.023205106+0.012328089j),(1.054955951+0.017885553j),(1.052017791+0.019630397j),(1.044113222+0.027071525j),(1.050283005+0.018324573j),(1.056079458+0.01114099j),(1.048332086+0.017722225j),(1.032007568+0.012798646j),(1.024877237+0.003314599j),(-0.039518778+4.1607e-05j),(-0.039503611+4.4235e-05j),(-0.0398163+3.363e-05j),(-0.039713114+4.4413e-05j),"{'64': {'dP_mw': 0.0, 'dQ_mvar': 0.0}, '57': {'dP_mw': 0.0, 'dQ_mvar': 0.0}, '55': {'dP_mw': 0.0, 'dQ_mvar': 0.0}, '61': {'dP_mw': 0.0, 'dQ_mvar': 0.0}}",1.0561382216678619,0.0,0.0,PISR_breaker_open_noise,10.45
10,1791551204.0803564,88,(1.019354505+0.01602321j),(1.039995301+0.021681779j),(1.041201544+0.01275242j),(1.051661991+0.018498619j),(1.037221758+0.019277972j),(1.045240049+0.010413918j),(1.035294208+0.00739563j),(1.048089937+0.025004187j),(1.039743503+0.011779443j),(1.029254692+0.012777789j),(1.023847291+0.010349203j),(1.001526434+0.008888009j),(1.001439225-0.010103141j),(1.008095444+0.000497515j),(1.002487102+0.002502889j),(1.007984344+0.001723056j),(1.020562701+0.001863647j),(1.010013941+0.005457635j),(1.016508483+0.007076992j),(1.040605095+0.012917074j),(1.041792538+0.015063855j),(1.032682075+0.015392995j),(1.041729889+0.014024191j),(1.048171942+0.020139896j),(1.026801066+0.001161833j),(1.00827128-0.003802547j),(1.002477362-0.006253194j),(1.011195423+0.00314427j),(1.008492708+0.004773444j),(1.042135564+0.020954048j),(1.022274406+0.009589156j),(1.00177742+0.001694668j),(1.00737564-0.001546849j),(1.014630366-0.000956151j),(1.029949584-0.001709078j),(1.009473292+0.011426277j),(1.037907137+0.017076538j),(1.027495017+0.010724979j),(1.042191431+0.017695816j),(1.046085654+0.014111096j),(1.044474151+0.031633019j),(1.004372126+0.012307987j),(1.00528448-0.00399355j),(1.01611465+0.004697901j),(1.012325048+0.011144831j),(1.031779039+0.01157626j),(1.016292628+0.00961219j),(1.024909111+0.006020128j),(1.027315879+0.01043334j),(1.019775215+0.015098604j),(1.048372665+0.021404454j),(1.042923213+0.019148069j),(1.039942753+0.016635922j),(1.046929694+0.023385149j),(1.048584453+0.023605479j),(1.038371333+0.018317654j),(1.044544824+0.014858088j),(1.013234226-0.002386013j),(-0.039499568+5.7763e-05j),(-0.039501377+3.6756e-05j),(-0.039831097+3.5666e-05j),(-0.039710769+2.5223e-05j),"{'64': {'dP_mw': 0.0, 'dQ_mvar': 0.0}, '57': {'dP_mw': 0.0, 'dQ_mvar': 0.0}, '55': {'dP_mw': 0.0, 'dQ_mvar': 0.0}, '61': {'dP_mw': 0.0, 'dQ_mvar': 0.0}}",1.0518246727563445,0.0,0.0,PISR_breaker_open_noise,10.5
11,1791551204.1298387,88,(1.025769696+0.009897599j),(1.043338196+0.017917945j),(1.040667216+0.00920185j),(1.041663773+0.022613781j),(1.037642087+0.021909375j),(1.036592338+0.026291854j),(1.044335051+0.020004752j),(1.047874318+0.01657389j),(1.045441935+0.019147013j),(1.028425283+0.018623733j),(1.026696706+0.004117568j),(1.004179316+0.002927019j),(1.012898145+0.007689204j),(1.006987379+0.004216634j),(1.00859747+0.010365804j),(1.011054783-0.002060088j),(1.011797788-0.001220321j),(1.024617164+0.008397907j),(1.024077695+0.008998876j),(1.038884772+0.015321774j),(1.040504489+0.015423017j),(1.033956243+0.013784306j),(1.045052634+0.021141396j),(1.046181767+0.025360398j),(1.026264418+0.004903309j),(1.000684342+0.006691454j),(1.005274016-0.011055714j),(1.008760509+0.000846459j),(1.013660135+0.005843492j),(1.04890883+0.017905804j),(1.016815715+0.004903552j),(1.008319002+0.002947016j),(0.999361878-0.003782862j),(1.014819993+0.002259738j),(1.024668577+0.008217385j),(1.021220993+0.006616367j),(1.043100666+0.0260462j),(1.041581961+0.022352582j),(1.038115201+0.012634238j),(1.047939316+0.020768461j),(1.057088532+0.021159173j),(1.021717587+0.002174565j),(1.008916525+0.005835331j),(1.012138585+0.007131097j),(1.011439631+0.00963387j),(1.0352694+0.015958115j),(1.028016112+0.009673304j),(1.026340108+0.006772423j),(1.0174544+0.016002797j),(1.021959443+0.003270622j),(1.050527997+0.015303007j),(1.044666687+0.012010123j),(1.044323144+0.018585273j),(1.037395722+0.015737368j),(1.048531591+0.011251817j),(1.041964076+0.008113305j),(1.043202465+0.009305185j),(1.017098242+0.021744758j),(-0.039495439+2.3727e-05j),(-0.039499483+2.9748e-05j),(-0.039834218+2.9645e-05j),(-0.039718863+3.0371e-05j),"{'64': {'dP_mw': 0.0, 'dQ_mvar': 0.0}, '57': {'dP_mw': 0.0, 'dQ_mvar': 0.0}, '55': {'dP_mw': 0.0, 'dQ_mvar': 0.0}, '61': {'dP_mw': 0.0, 'dQ_mvar': 0.0}}",1.0573002766896258,0.0,0.0,PISR_breaker_open_noise,10.55
12,1791551204.1816006,88,(1.020022848+0.003612103j),(1.041526006+0.016469817j),(1.031258643+0.012600768j),(1.049439464+0.015208891j),(1.041145323+0.027010179j),(1.041509062+0.020530054j),(1.035093676+0.003655916j),(1.050081572+0.019835137j),(1.02718551+0.018814029j),(1.027796015+0.00603824j),(1.023005477+0.011642888j),(1.004737812-0.006436488j),(1.001807629-0.002463942j),(1.016695026+0.008927555j),(1.003954355-0.004370219j),(1.012273337-0.002021951j),(1.013986324-0.006100265j),(1.021433716+0.010011046j),(1.011635908+0.01308308j),(1.041465526+0.021352342j),(1.041251062+0.015702227j),(1.031781409+0.010860007j),(1.036004366+0.020909067j),(1.057707048+0.020805508j),(1.014695636+0.008409943j),(1.007484614+0.001760673j),(0.996225195-0.009009879j),(1.019364045+0.006270692j),(1.018952153+0.004780586j),(1.036690751+0.019087445j),(1.02737238+0.006167609j),(0.999071114-0.00493927j),(1.010439207-0.005074031j),(1.007066973-0.001974577j),(1.021611245+0.000872428j),(1.021083388+0.016827461j),(1.033406767+0.015771462j),(1.042940768+0.01907176j),(1.040220732+0.01332988j),(1.057134019+0.010808736j),(1.044125346+0.029913268j),(1.009733846+0.009465941j),(1.008742653-0.001037317j),(1.024736603+0.004172506j),(1.015410226+0.004038214j),(1.045305034+0.011442445j),(1.027243875+0.00926581j),(1.036877807+0.004820578j),(1.03197397+0.005287748j),(1.026514721+0.011245165j),(1.036105519+0.018008366j),(1.0489868+0.033292073j),(1.051719175+0.020140038j),(1.048990537+0.026366297j),(1.042478164+0.021557863j),(1.031888282+0.017575353j),(1.030861197+0.003066064j),(1.021721313+0.011222737j),(-0.039517122+4.9429e-05j),(-0.039499496+2.0919e-05j),(-0.039855568+3.528e-05j),(-0.039725735+3.5139e-05j),"{'64': {'dP_mw': 0.0, 'dQ_mvar': 0.0}, '57': {'dP_mw': 0.0, 'dQ_mvar': 0.0}, '55': {'dP_mw': 0.0, 'dQ_mvar': 0.0}, '61': {'dP_mw': 0.0, 'dQ_mvar': 0.0}}",1.05791165441733,0.0,0.0,PISR_breaker_open_noise,10.6
13,1791551204.2297359,88,(1.021411316+0.00726257j),(1.041984109+0.013853298j),(1.038799676+0.012377988j),(1.035907677+0.014656339j),(1.036214597+0.017996998j),(1.039489341+0.017358112j),(1.034493259+0.015960031j),(1.045234841+0.006069467j),(1.031334654+0.011589987j),(1.030024239+0.009089659j),(1.019512328+0.005237519j),(1.004995298-0.001611411j),(0.999549925-0.008661471j),(1.009719095+0.001912486j),(1.005997224-0.002265999j),(1.021884418-0.002214647j),(1.008875994+0.003667851j),(1.013407988+0.007647715j),(1.016668601+0.003713153j),(1.042468182+0.006503514j),(1.037764264+0.021387153j),(1.038172838+0.013448806j),(1.032587034+0.023196481j),(1.044973244+0.021701607j),(1.018529075+0.004640331j),(1.004224863+0.007364514j),(1.005295096-0.003548538j),(1.003905651+0.0040443j),(1.005745722+0.008435885j),(1.040578288+0.017709499j),(1.01247624+0.003987475j),(1.008379627+0.004384733j),(1.00740447+0.005944753j),(1.005088409-0.000687491j),(1.03723561+0.000107676j),(1.018968816+0.009338086j),(1.044607787+0.019018525j),(1.037042233+0.008716006j),(1.033632392+0.014760948j),(1.041653346+0.019208342j),(1.050852117+0.023709003j),(1.014718891-0.00452484j),(1.01288859+0.013780757j),(1.016056777+0.008739278j),(1.012997465+0.005828704j),(1.03802928+0.026643291j),(1.029114245+0.005511938j),(1.016273498+0.007839821j),(1.032347164+0.009262217j),(1.023987568+0.009220552j),(1.057730298+0.009721397j),(1.043894578+0.031891395j),(1.037851632+0.023910814j),(1.052930882+0.012365581j),(1.039205253+0.017599743j),(1.037913694+0.013479018j),(1.044324812+0.015589658j),(1.023504862+0.013639552j),(-0.039497284+4.1193e-05j),(-0.039492954+2.7427e-05j),(-0.039853192+2.5397e-05j),(-0.03970094+4.4889e-05j),"{'64': {'dP_mw': 0.0, 'dQ_mvar': 0.0}, '57': {'dP_mw': 0.0, 'dQ_mvar': 0.0}, '55': {'dP_mw': 0.0, 'dQ_mvar': 0.0}, '61': {'dP_mw': 0.0, 'dQ_mvar': 0.0}}",1.0577749708074968,0.0,0.0,PISR_breaker_open_noise,10.65
14,1791551204.2828906,88,(1.0178342+0.001725878j),(1.032439265+0.014889371j),(1.039027512+0.010631426j),(1.046287258+0.020098678j),(1.033058201+0.013965315j),(1.04002869+0.017976722j),(1.043011165+0.026273071j),(1.045961135+0.017551919j),(1.041639487+0.00730777j),(1.029983991+0.005704483j),(1.016434027+0.005529624j),(1.013752815+0.002123487j),(1.008347015+0.003763423j),(1.00557059+0.008898549j),(1.011335332+0.004227382j),(1.015638271+0.010910916j),(1.019993889+0.001764199j),(1.010336298+0.006070213j),(1.011759212+0.009633025j),(1.043083087+0.01095965j),(1.038511992+0.014081808j),(1.031400091+0.011531065j),(1.039865755+0.007699653j),(1.054421262+0.017949415j),(1.027065162+0.001936253j),(1.006034164+0.002549496j),(0.996775394-0.003554917j),(1.009653884+0.004044204j),(1.011306585+0.013916746j),(1.037997694+0.010517947j),(1.017955607+0.013199305j),(1.00849977-0.003417022j),(1.010756642-0.001351931j),(0.997556941+0.00295402j),(1.02701254-0.00314148j),(1.023510431+0.012012471j),(1.044623872+0.016292093j),(1.033765262+0.009195107j),(1.030249288+0.019356323j),(1.046711332+0.02140807j),(1.045781988+0.024490916j),(1.005934416+0.000457082j),(1.014734867+0.005811402j),(1.027604352+0.00306156j),(1.013048861+0.006695357j),(1.047076372+0.014544126j),(1.023084393+0.012998803j),(1.022525147-0.006226551j),(1.032963402+0.0177609j),(1.018675424+0.005559478j),(1.054642193+0.020891036j),(1.057091235+0.016107402j),(1.046356389+0.020282659j),(1.043794946+0.023644201j),(1.041075438+0.030343395j),(1.045106468+0.011740736j),(1.03671222+0.014330282j),(1.013181158+0.00895082j),(-0.039512529+3.6052e-05j),(-0.039506388+5.8938e-05j),(-0.03983424+2.4758e-05j),(-0.039712816+3.9225e-05j),"{'64': {'dP_mw': 0.0, 'dQ_mvar': 0.0}, '57': {'dP_mw': 0.0, 'dQ_mvar': 0.0}, '55': {'dP_mw': 0.0, 'dQ_mvar': 0.0}, '61': {'dP_mw': 0.0, 'dQ_mvar': 0.0}}",1.0572139459508727,0.0,0.0,PISR_breaker_open_noise,10.7
15,1791551204.3314207,88,(1.021394198+0.003089704j),(1.034484244+0.018718227j),(1.039757791+0.015258138j),(1.038934093+0.015544919j),(1.036151961+0.017670623j),(1.041608837+0.017605354j),(1.03486442+0.014948635j),(1.046057713+0.020485924j),(1.047028145+0.024272679j),(1.022277953+0.011589716j),(1.029797718-0.00070754j),(0.999326939+0.000526935j),(1.006249843+0.005713881j),(1.017845251-0.005204179j),(1.01193557+0.0044804j),(1.016287084+0.003783272j),(1.013966703+0.01164266j),(1.01225904+0.001266511j),(1.023872166+0.000502253j),(1.034453442+0.013289573j),(1.041792655+0.012016112j),(1.04346752+0.011352469j),(1.037883207+0.019324433j),(1.042646481+0.019170475j),(1.021031434+0.004422937j),(0.99527125-0.003348163j),(1.006338991-0.002277588j),(1.020292452-0.00419725j),(1.016942732+0.003557022j),(1.047798907+0.020738124j),(1.018575169+0.00373454j),(1.008791853-0.005667739j),(1.001895995-0.003135989j),(1.006104817+0.00196702j),(1.020957235+0.009376651j),(1.016603111+0.000270794j),(1.038638329+0.015418885j),(1.039371706+0.021647518j),(1.036317222+0.017349493j),(1.049887643+0.01172778j),(1.04745598+0.023572629j),(1.008844714+0.001124658j),(1.019265652-0.004099768j),(1.022676424+0.012652696j),(1.015749952+0.005957433j),(1.048894636+0.005494823j),(1.022118304+0.008582343j),(1.021874012+0.007454746j),(1.031068386+0.01235697j),(1.025363838+0.009255638j),(1.051600174+0.023200809j),(1.05021225+0.025512168j),(1.039173009+0.0136577j),(1.04791978+0.014448876j),(1.049634674+0.01259284j),(1.039071781+0.027948296j),(1.044427457+0.011690209j),(1.01657086+0.001811016j),(-0.039507634+4.4619e-05j),(-0.03951051+5.4769e-05j),(-0.039840968+2.1481e-05j),(-0.0397153+2.1404e-05j),"{'64': {'dP_mw': 0.0, 'dQ_mvar': 0.0}, '57': {'dP_mw': 0.0, 'dQ_mvar': 0.0}, '55': {'dP_mw': 0.0, 'dQ_mvar': 0.0}, '61': {'dP_mw': 0.0, 'dQ_mvar': 0.0}}",1.051856075466166,0.0,0.0,PISR_breaker_open_noise,10.75
16,1791551204.380877,88,(1.023295741+0.005567262j),(1.038196137+0.012658361j),(1.041544568+0.019452971j),(1.038953791+0.016312497j),(1.034690534+0.016643629j),(1.041642984+0.016453121j),(1.039173057+0.022162121j),(1.048748446+0.016947978j),(1.048458124+0.017850321j),(1.013846906-0.001672803j),(1.021502823+0.001398548j),(1.000667931-0.001586018j),(1.006651119+0.002676814j),(1.011970493+0.005277943j),(1.009007809+0.003068084j),(1.021464856-0.001978339j),(1.009192861+0.008098086j),(1.015740616+0.001360718j),(1.018939897+0.018826176j),(1.032520537+0.011656647j),(1.044502106+0.022788045j),(1.044406549+0.022328935j),(1.039714153+0.010417192j),(1.048585677+0.029347475j),(1.023938997+0.01282758j),(1.005407615-0.006255225j),(1.000991281+0.002042368j),(1.009536463+0.012484154j),(1.016049562+0.010879538j),(1.043126392+0.010344824j),(1.017913493+0.007592436j),(0.995855594+0.002827497j),(1.00692877+0.006494136j),(1.004633632+0.000425592j),(1.027018295+0.006462206j),(1.020392282+0.006495229j),(1.03400851+0.020744721j),(1.038140759+0.01489209j),(1.043139678+0.003191813j),(1.047685964+0.015170811j),(1.048852657+0.03208991j),(1.009979415+0.012458453j),(1.009627811+0.00523357j),(1.010129515+0.005387066j),(1.008345433+0.002126292j),(1.034087292+0.00941095j),(1.019434827+0.00950369j),(1.020975353+0.004866293j),(1.017806391+0.014699278j),(1.021577215+0.007757637j),(1.051098703+0.019228854j),(1.056278441+0.013139806j),(1.053006018+0.01591713j),(1.044545893+0.01549123j),(1.037212359+0.023380568j),(1.036571134+0.023378117j),(1.035773126+0.028843354j),(1.023520799-0.003545979j),(-0.039498339+4.0117e-05j),(-0.039492565+3.5446e-05j),(-0.039812474+1.7225e-05j),(-0.039730192+4.2729e-05j),"{'64': {'dP_mw': 0.0, 'dQ_mvar': 0.0}, '57': {'dP_mw': 0.0, 'dQ_mvar': 0.0}, '55': {'dP_mw': 0.0, 'dQ_mvar': 0.0}, '61': {'dP_mw': 0.0, 'dQ_mvar': 0.0}}",1.0563601655794808,0.0,0.0,PISR_breaker_open_noise,10.8
17,1791551204.431262,88,(1.024320105+0.015628555j),(1.035930468+0.018638076j),(1.041663138+0.006112422j),(1.036383603+0.017324546j),(1.043375064+0.020193569j),(1.037098492+0.012242811j),(1.037582707+0.017186735j),(1.042651587+0.023517891j),(1.04409165+0.016387795j),(1.015314714+0.006611161j),(1.029489248+0.001348793j),(1.000350995-0.001367616j),(1.004419912-0.005053071j),(1.011277767+0.004166152j),(1.006562662+0.002020602j),(1.025711294+0.002018651j),(1.02066489+0.006298297j),(1.023697923+0.001811051j),(1.016559912+0.015004093j),(1.033808761+0.013828205j),(1.038022005+0.009493158j),(1.03565487+0.019510716j),(1.03481049+0.022069414j),(1.045560208+0.012751832j),(1.028051435+0.012548729j),(0.998077988-0.005697363j),(1.009074751-0.00208814j),(1.01041355+0.008332607j),(1.012257108+0.001342154j),(1.038000252+0.012314147j),(1.020047148+0.009658438j),(1.000163865+0.010607042j),(1.000721376-0.000253101j),(1.001067937+0.003298636j),(1.016075048+0.014366326j),(1.020256094+0.01042136j),(1.046906129+0.011781751j),(1.041707326+0.007839245j),(1.037936876+0.018568942j),(1.049589149+0.007917001j),(1.041448476+0.015459684j),(1.012511532+0.006569199j),(1.007884559-0.000817881j),(1.012642566+0.009706064j),(1.009222408+0.005002975j),(1.03290188+0.017381448j),(1.016764484+0.008534134j),(1.023437466+0.009986308j),(1.022049367+0.009050787j),(1.027331301+0.016387764j),(1.041388364+0.01952792j),(1.037788458+0.011245795j),(1.052719445+0.027862898j),(1.042408404+0.018118645j),(1.042217438+0.00989103j),(1.035778623+0.011015355j),(1.030699009+0.011601714j),(1.007424999+0.007992144j),(-0.039510322+5.3427e-05j),(-0.039489086+2.9331e-05j),(-0.039849338+3.5273e-05j),(-0.039727348+1.6143e-05j),"{'64': {'dP_mw': 0.0, 'dQ_mvar': 0.0}, '57': {'dP_mw': 0.0, 'dQ_mvar': 0.0}, '55': {'dP_mw': 0.0, 'dQ_mvar': 0.0}, '61': {'dP_mw': 0.0, 'dQ_mvar': 0.0}}",1.0530881116820503,0.0,0.0,PISR_breaker_open_noise,10.85
18,1791551204.4814727,88,(1.018454528+0.008495836j),(1.033470246+0.019062678j),(1.043406693+0.013512934j),(1.040580996+0.008433339j),(1.037887195+0.02388869j),(1.040583627+0.004853035j),(1.040748708+0.024101439j),(1.05047095+0.016796462j),(1.043629484+0.013462332j),(1.020725622+0.003593685j),(1.027322555+0.003882463j),(0.99861375+0.003274952j),(1.004216277+0.001109231j),(1.010553629+0.002527884j),(1.013307394+0.008403036j),(1.015025228+0.00273273j),(1.022810167-0.006646007j),(1.016740532+0.004600449j),(1.014228082+0.009873152j),(1.038812476+0.00932974j),(1.043008667+0.019875594j),(1.038436506+0.012624387j),(1.035311669+0.016248354j),(1.04284308+0.025812596j),(1.020809029+0.009612488j),(1.005019336-6.8157e-05j),(1.000480021-0.007474532j),(1.010498793+0.009474223j),(1.012658296+0.002775657j),(1.042936316+0.029134553j),(1.016903219+0.014753946j),(1.006138111+0.003534431j),(1.001367059+0.000257896j),(0.994307118-0.00553991j),(1.025080856+0.005354236j),(1.028971227+0.010798155j),(1.046919199+0.015943999j),(1.029631924+0.014946149j),(1.04137189+0.020989228j),(1.052430712+0.017033253j),(1.037611815+0.010136076j),(1.006803549+0.001196331j),(1.01023862+0.008246392j),(1.023207772+0.008274391j),(1.020607852+0.000554178j),(1.033742064+0.019284197j),(1.015685273+0.010921454j),(1.027012513+0.007227589j),(1.033149938+0.010817641j),(1.021288692+0.00255973j),(1.052987769+0.016357293j),(1.051790438+0.009753926j),(1.036351379+0.018639848j),(1.042176084+0.011864419j),(1.040968508+0.01451026j),(1.034682417+0.015919249j),(1.041471481+0.017407302j),(1.022883265+0.012015173j),(-0.039509197+4.7827e-05j),(-0.039508692+4.624e-05j),(-0.039842252+2.2487e-05j),(-0.039704664+2.1256e-05j),"{'64': {'dP_mw': 0.0, 'dQ_mvar': 0.0}, '57': {'dP_mw': 0.0, 'dQ_mvar': 0.0}, '55': {'dP_mw': 0.0, 'dQ_mvar': 0.0}, '61': {'dP_mw': 0.0, 'dQ_mvar': 0.0}}",1.0531148098369356,0.0,0.0,PISR_breaker_open_noise,10.9
19,1791551204.5309591,89,(1.017614017+0.021071555j),(1.038958953+0.01909114j),(1.041780317+0.016045957j),(1.036993873+0.016429499j),(1.0438172+0.020827636j),(1.036006293+0.014817685j),(1.04115935+0.029562506j),(1.048993854+0.025228344j),(1.035166369+0.019210684j),(1.02270918+0.008360867j),(1.021281819+0.010841219j),(1.011947919-0.014515191j),(1.012585806-0.00145288j),(0.996766611+0.001746642j),(1.008024344+0.008160245j),(1.016020041+0.00393842j),(1.018159267+0.00450012j),(1.013167961+0.009065759j),(1.012065546+0.003683814j),(1.035721669+0.011468435j),(1.034813602+0.021448226j),(1.037603194+0.009584733j),(1.047729511+0.010002168j),(1.046302037+0.021274577j),(1.026291069+0.015740245j),(1.007786912-0.006587301j),(0.999488622-0.003559884j),(1.006418943+0.011529429j),(1.018488904+0.010558539j),(1.039613298+0.023674118j),(1.022751861+0.010454152j),(1.008443821+0.007446986j),(1.000693121+0.012502542j),(1.007488479+0.006560581j),(1.025512644+0.005428494j),(1.021918677+0.015579127j),(1.045167219+0.017854249j),(1.035105277+0.016178023j),(1.043232015+0.018079222j),(1.044489514+0.016084481j),(1.045000318+0.021960556j),(1.006092147+0.001068817j),(1.009685094+0.001667021j),(1.02597232+0.001870176j),(1.008335667+0.005923657j),(1.034513306+0.020612793j),(1.01405938+0.006659483j),(1.024850718+0.010330673j),(1.015709999+0.005916623j),(1.022512486+0.009129386j),(1.050947663+0.019060422j),(1.044468163+0.021285982j),(1.039310275+0.022771501j),(1.057088738+0.019027235j),(1.037347019+0.024291524j),(1.041869434+0.025641674j),(1.031819415+0.015853741j),(1.010941146+0.00149768j),(-0.039487802+3.6713e-05j),(-0.039500717+3.8439e-05j),(-0.03983435+1.6668e-05j),(-0.039722324+2.9158e-05j),"{'64': {'dP_mw': 0.0, 'dQ_mvar': 0.0}, '57': {'dP_mw': 0.0, 'dQ_mvar': 0.0}, '55': {'dP_mw': 0.0, 'dQ_mvar': 0.0}, '61': {'dP_mw': 0.0, 'dQ_mvar': 0.0}}",1.0572599659866906,0.0,0.0,PISR_breaker_open_noise,10.95
20,1791551204.5823858,89,(1.019094785+0.012752052j),(1.039168399+0.018560605j),(1.039955099+0.026131762j),(1.040115204+0.010462031j),(1.032896376+0.008698817j),(1.044624948+0.018302938j),(1.043003899+0.030139166j),(1.046878763+0.025091694j),(1.039290052+0.019587385j),(1.023163551+0.010932724j),(1.022824879+0.008460894j),(0.997734552-0.005564713j),(1.010698338-0.00123492j),(1.015212359+0.000287986j),(1.002308522+0.006085497j),(1.013691148+0.007943622j),(1.011782676+0.008722866j),(1.017634333+0.010263087j),(1.030558556+0.006752577j),(1.047762592+0.01793306j),(1.050115539+0.018593809j),(1.038721368+0.013270091j),(1.036559972+0.013393312j),(1.046980082+0.024210761j),(1.028825605+0.006526831j),(0.999117978-0.000692939j),(0.998808716-0.008543232j),(1.010652263+0.005616964j),(1.016232925+0.003611148j),(1.036454315+0.024299046j),(1.02040957+0.002148988j),(1.00451696-0.00834447j),(1.005861866+0.009492444j),(0.997775736+0.003652382j),(1.02568055+0.005248525j),(1.024830769+0.01253625j),(1.041261118+0.016398349j),(1.036197165+0.020363876j),(1.038583893+0.014331628j),(1.05053589+0.020135251j),(1.045293985+0.019782807j),(1.003586044-0.002131528j),(1.01763838+0.002340437j),(1.02124269+0.000423795j),(1.004922246+0.003609503j),(1.044315351+0.018286375j),(1.015589928+0.009569256j),(1.026815652+0.00585301j),(1.035637541+0.003481622j),(1.025701875+0.013601856j),(1.050351509+0.025904081j),(1.049980726+0.02461551j),(1.049447702+0.021263437j),(1.048881284+0.010440385j),(1.039058306+0.012971607j),(1.037563098+0.019987008j),(1.036020439+0.027415759j),(1.021870828-0.004534044j),(-0.03949102+3.407e-05j),(-0.039502493+1.31e-05j),(-0.039840896+3.9281e-05j),(-0.039724713+3.4425e-05j),"{'64': {'dP_mw': 0.0, 'dQ_mvar': 0.0}, '57': {'dP_mw': 0.0, 'dQ_mvar': 0.0}, '55': {'dP_mw': 0.0, 'dQ_mvar': 0.0}, '61': {'dP_mw': -0.05, 'dQ_mvar': -0.05}}",1.0507288349098092,-0.05,-0.05,PISR_breaker_open_noise,11.0
21,1791551204.6312933,89,(1.02784823+0.004114653j),(1.067048451+0.007187214j),(1.072489048+0.006490323j),(1.07051467+0.007414919j),(1.06312721+0.006029324j),(1.072489622-0.001635884j),(1.073859084-0.001349599j),(1.076987774+0.010323645j),(1.07513193+0.008947473j),(1.058052396+0.007561219j),(1.043275287+0.001371129j),(1.018068547-0.000244004j),(1.017335007-0.005211205j),(1.016599779-0.003131937j),(1.021863954+0.002112569j),(1.025534163-0.005706439j),(1.032098671+0.003605399j),(1.033168787+0.007596048j),(1.031010414+0.008245439j),(1.077781604+0.008157346j),(1.069754134+0.005518479j),(1.073682173+0.002776433j),(1.076566719-0.000183943j),(1.078549189+0.022566247j),(1.040376592+0.002996356j),(1.006755318-0.003786269j),(1.014109519-0.001156673j),(1.02758558+0.002057309j),(1.023091025+0.000239253j),(1.081569794+0.011254755j),(1.030319264+0.01727815j),(1.015514249-0.003623563j),(1.014102521+0.003727778j),(1.01290602-0.006312267j),(1.036684074+0.004047154j),(1.051482313+0.003667222j),(1.072291158+0.014793742j),(1.077364391+0.003386812j),(1.071796649+0.000562827j),(1.080056134+0.007721245j),(1.076078502+0.007381155j),(1.010962935+0.002809648j),(1.020175205+0.003534414j),(1.039927364+0.009664266j),(1.024188775-0.005312637j),(1.072190017+0.005742867j),(1.047802653+0.013454583j),(1.055058803+0.005374474j),(1.044279866+0.008656432j),(1.051787832-0.000659301j),(1.084432224+0.009651349j),(1.086904288+0.00902751j),(1.081864189+0.007705277j),(1.080340088+0.010593045j),(1.080994046+0.008731986j),(1.07103893+0.009505959j),(1.074196238-0.002985478j),(1.02835954+0.011360229j),(-0.039485613+5.1704e-05j),(-0.039510011+3.1867e-05j),(-0.039831065+3.0082e-05j),(-0.089714165-0.049956643j),"{'64': {'dP_mw': 0.0, 'dQ_mvar': 0.0}, '57': {'dP_mw': 0.0, 'dQ_mvar': 0.0}, '55': {'dP_mw': 0.0, 'dQ_mvar': 0.0}, '61': {'dP_mw': -0.05, 'dQ_mvar': -0.05}}",1.0869417772859717,-0.05,-0.05,PISR_breaker_open_noise,11.05
22,1791551204.6816766,89,(1.034545548+0.004343173j),(1.074447908+0.005848604j),(1.069175107+0.015365784j),(1.074743493-0.008129081j),(1.074843315+0.004864175j),(1.069166823+0.008355157j),(1.086902024+0.004326836j),(1.076975593+0.007136284j),(1.080772687+0.009582563j),(1.044460578+0.008638426j),(1.0422056+0.002630054j),(1.015557794+0.001477784j),(1.005963784+0.003118679j),(1.028256032+0.002289248j),(1.023426934+0.002436377j),(1.025138686+0.013673055j),(1.024556338+0.010977165j),(1.025440889+0.001424992j),(1.037264114+0.00489213j),(1.069031543+0.012318933j),(1.07124741+0.014124274j),(1.077618053-0.000804695j),(1.077669868+0.006905206j),(1.076475543+0.017721773j),(1.036256569+0.004872399j),(1.015552728-0.008021092j),(1.009122735-0.002246651j),(1.023521767+0.00298584j),(1.023233451+0.000340028j),(1.073734213+0.011417656j),(1.020617263+0.00431105j),(1.012877307-0.004683888j),(1.012390182+0.002023908j),(1.018754947+0.005140412j),(1.0445986+0.003607634j),(1.045711973+0.004930508j),(1.072619825+0.010738945j),(1.062919972+0.009197119j),(1.070514451+0.000182128j),(1.085532411+0.009771463j),(1.086770791+0.012034078j),(1.014811886+0.012963926j),(1.019919859+0.008405466j),(1.025815996+0.003292922j),(1.024291019+0.002808097j),(1.071985009+0.000322642j),(1.042327012+0.002546578j),(1.045914052+0.000176632j),(1.050446184+0.008137468j),(1.05002774+0.001924438j),(1.078600356+0.010993007j),(1.078705274+0.00314332j),(1.08271961+0.001453007j),(1.087882947+0.015603623j),(1.088971932+0.011719953j),(1.072263172+0.012550157j),(1.072854205+0.004781009j),(1.021286497+0.011509952j),(-0.03949744+4.7855e-05j),(-0.039504414+3.2124e-05j),(-0.039839728+1.7756e-05j),(-0.089714486-0.049972472j),"{'64': {'dP_mw': 0.0, 'dQ_mvar': 0.0}, '57': {'dP_mw': 0.0, 'dQ_mvar': 0.0}, '55': {'dP_mw': 0.0, 'dQ_mvar': 0.0}, '61': {'dP_mw': -0.05, 'dQ_mvar': -0.05}}",1.0890349975928848,-0.05,-0.05,PISR_breaker_open_noise,11.1
23,1791551204.730819,89,(1.020039284+0.007758362j),(1.071374054+0.01447315j),(1.076076949+0.003439196j),(1.073993995+0.009920275j),(1.074544631-0.000422943j),(1.078169054+0.00440619j),(1.074018236+0.006427371j),(1.084293121+0.012673599j),(1.071691364+0.006296609j),(1.038221865+0.004363849j),(1.03966204+0.005769951j),(1.01449114-0.00834108j),(1.015935921-0.006202185j),(1.016101133-0.000671123j),(1.022028446+0.00178387j),(1.023862212+0.005109909j),(1.02821858+0.009451746j),(1.034142455+0.009188325j),(1.020855474+0.007622378j),(1.071042486+0.013294729j),(1.068987194+0.006211309j),(1.066347749+0.001934196j),(1.076457846+0.011188198j),(1.085733815+0.008743806j),(1.045313653+0.00072786j),(1.009241118-0.01249549j),(1.016232181-0.00052721j),(1.027066302-0.001888006j),(1.024464665+0.004769178j),(1.073427305+0.012814097j),(1.028913371+0.008038358j),(1.008680118-0.006853014j),(1.00685286+0.000787528j),(1.011233036+0.010624634j),(1.035609609+0.001536415j),(1.042264296-0.007382785j),(1.078978475-0.010708825j),(1.067612611+0.003924416j),(1.085409494+0.017003636j),(1.081649042+0.013343867j),(1.080842426+0.015560566j),(1.016627104-0.000526346j),(1.028207755+0.000488871j),(1.023516202+0.003316356j),(1.028507477+0.011561648j),(1.076330514+0.007895247j),(1.040123792+0.001619964j),(1.04495848+0.011223541j),(1.040639918+0.006364235j),(1.046748626+0.004400823j),(1.081611344+0.002419809j),(1.086821178+0.015250596j),(1.073698497+0.001583276j),(1.07465669+0.007853397j),(1.075728411-0.003494969j),(1.077379766+0.000311493j),(1.074222125+0.009805857j),(1.034072935+0.00671551j),(-0.039494865+3.5278e-05j),(-0.039511802+4.5605e-05j),(-0.039824146+3.6655e-05j),(-0.089729412-0.049981869j),"{'64': {'dP_mw': 0.0, 'dQ_mvar': 0.0}, '57': {'dP_mw': 0.0, 'dQ_mvar': 0.0}, '55': {'dP_mw': 0.0, 'dQ_mvar': 0.0}, '61': {'dP_mw': -0.05, 'dQ_mvar': -0.05}}",1.0869281731686151,-0.05,-0.05,PISR_breaker_open_noise,11.15
24,1791551204.7811148,89,(1.029381757+0.007575288j),(1.071021564+0.010477382j),(1.075841815+0.002492673j),(1.079697981+0.006730583j),(1.074096258+0.006452608j),(1.073232921+0.003115761j),(1.075172145+0.008530488j),(1.090364053+0.010656087j),(1.075271228+0.007231485j),(1.047328949+0.003051751j),(1.036164728+0.000903416j),(1.010344488+0.001284623j),(1.017391511+0.006187288j),(1.020382679+0.006086321j),(1.019463563+0.005442358j),(1.023186604+0.002767512j),(1.038776234+0.003382256j),(1.02943585+0.005763705j),(1.027751029+0.007801025j),(1.07047125+0.002786355j),(1.073402518+0.005224542j),(1.072625092+0.007433417j),(1.063884554+0.008688287j),(1.076839787+0.013236453j),(1.043926417+0.012491698j),(1.012426506+0.000667922j),(1.006180952+0.001478303j),(1.012374831+0.005555766j),(1.02454625+0.008829535j),(1.075864367+0.009950267j),(1.021778213+0.001085342j),(1.015516162+0.002404465j),(1.012270554-0.008838467j),(1.021016568-0.004117678j),(1.037296667+0.009416597j),(1.051202647+0.018717311j),(1.078237384+0.011374696j),(1.064110802+0.006993365j),(1.069317995+0.003279037j),(1.084743488+0.011697233j),(1.080258148+0.02018076j),(1.030143902-0.004659213j),(1.021621949+0.006636639j),(1.027789895-0.001528964j),(1.014424605+0.010103222j),(1.076419722+0.003843043j),(1.037929072-0.005124011j),(1.053003389+0.002451405j),(1.036509952+0.009437413j),(1.042002513+0.001928525j),(1.088116583+0.006814014j),(1.088488971+0.006790297j),(1.08218709+0.005988519j),(1.078457528+0.00946997j),(1.084120621+0.005755609j),(1.082646526+0.002151191j),(1.074685396+0.00737202j),(1.035386744+0.010723096j),(-0.039513894+3.2628e-05j),(-0.039487674+2.8428e-05j),(-0.039831143+1.9121e-05j),(-0.089724916-0.04999301j),"{'64': {'dP_mw': 0.0, 'dQ_mvar': 0.024853317342138817}, '57': {'dP_mw': 3.636782156742763e-05, 'dQ_mvar': 0.03366892427332415}, '55': {'dP_mw': 0.0, 'dQ_mvar': 0.03485864344307389}, '61': {'dP_mw': -0.05, 'dQ_mvar': -0.05}}",1.0904161225260467,-0.049963632178432575,0.043380885058536864,PISR_breaker_open_noise,11.2
25,1791551204.8309543,89,(1.008744777+0.020363397j),(1.038503855+0.016953301j),(1.057511194+0.024592331j),(1.040854809+0.028036904j),(1.042002692+0.022976591j),(1.045607489+0.02846788j),(1.051618671+0.00962004j),(1.043314311+0.029416536j),(1.041354749+0.026596794j),(1.022994954+0.015069368j),(1.018132617+0.021879557j),(0.99011905+0.003952689j),(0.994394784+0.000119029j),(1.002645932+0.011224813j),(1.00209642+0.007374296j),(1.000343591+0.014231199j),(1.013776923+0.018406002j),(1.006171991+0.008938478j),(1.00704528+0.009173814j),(1.04388776+0.021811707j),(1.039672341+0.034984623j),(1.053399653+0.021617983j),(1.037548204+0.019565816j),(1.052506645+0.034647892j),(1.015598551+0.018749715j),(0.998368874-0.00049722j),(0.990353157-0.007241341j),(1.000293224+0.006022569j),(1.000369357+0.011959959j),(1.041307037+0.020998966j),(1.013276664+0.024034178j),(0.988023928-0.004951159j),(1.005319571+0.005418492j),(0.999848692-0.005324869j),(1.017206633+0.018581052j),(1.021260774+0.018660756j),(1.047693768+0.026449607j),(1.053352313+0.029356619j),(1.055648263+0.024888765j),(1.053071164+0.029922353j),(1.052467009+0.037578124j),(1.006570221+0.01032017j),(0.997344059+0.002644493j),(1.013859801+0.019098938j),(1.006026238+0.01125721j),(1.046737514+0.02080777j),(1.02446696+0.009406703j),(1.015008525+0.014613322j),(1.020963621+0.025810231j),(1.026417228+0.018148961j),(1.052238765+0.033448162j),(1.051660804+0.037345677j),(1.050389393+0.03640699j),(1.049167981+0.029563773j),(1.060613892+0.027025216j),(1.048497564+0.016651859j),(1.048746268+0.027459482j),(1.008251391+0.015723708j),(-0.039511503+0.024915506j),(-0.039462399+0.033693755j),(-0.039854072+0.034897462j),(-0.089712284-0.049977781j),"{'64': {'dP_mw': 0.0, 'dQ_mvar': 0.024853317342138817}, '57': {'dP_mw': 3.636782156742763e-05, 'dQ_mvar': 0.03366892427332415}, '55': {'dP_mw': 0.0, 'dQ_mvar': 0.03485864344307389}, '61': {'dP_mw': -0.05, 'dQ_mvar': -0.05}}",1.0609581472439118,-0.049963632178432575,0.043380885058536864,PISR_breaker_open_noise,11.25
26,1791551204.8946245,89,(1.00943373+0.021246765j),(1.056873811+0.022067831j),(1.054525014+0.029650641j),(1.042628054+0.029919074j),(1.042631697+0.026623125j),(1.049043063+0.030751671j),(1.052491371+0.015736645j),(1.056732834+0.037117484j),(1.055025811+0.023300205j),(1.018363903+0.018691117j),(1.016826959+0.006490666j),(0.994768829+0.001374558j),(0.999155929-0.004973741j),(1.002027483+0.009416256j),(1.010473265+0.009200954j),(1.007464257+0.013290488j),(1.006159091+0.023940063j),(1.012846314+0.026272806j),(0.999040035+0.012826611j),(1.042883386+0.021716868j),(1.048964232+0.027601467j),(1.050068268+0.022258988j),(1.047870664+0.03001453j),(1.058546981+0.029620431j),(1.023418429+0.01189952j),(0.996506551+0.005260123j),(0.995850073-0.003764329j),(1.005236643+0.003806582j),(1.009753544+0.022879689j),(1.057599034+0.029874439j),(1.002504252+0.019179762j),(0.992130937-0.00476062j),(0.993383335-0.009284038j),(0.993268456-0.007847359j),(1.018467074+0.017577234j),(1.017858237+0.024440504j),(1.04272677+0.019945898j),(1.039602395+0.023509437j),(1.049760294+0.025886947j),(1.065873977+0.042649372j),(1.052215919+0.043394211j),(0.996235051+0.019988111j),(1.000701615+0.006330454j),(1.008190943+0.019560782j),(1.006605837+0.005537919j),(1.040042417+0.02442107j),(1.0266127+0.016006357j),(1.026651504+0.01781921j),(1.02030021+0.021959911j),(1.025435829+0.02446139j),(1.055929333+0.041443102j),(1.052612097+0.041981301j),(1.043765653+0.030891429j),(1.044960297+0.032956816j),(1.063977418+0.024270247j),(1.051307236+0.03654719j),(1.044508754+0.032442156j),(1.007322741+0.014243558j),(-0.039494521+0.024879395j),(-0.039462574+0.033716515j),(-0.039824479+0.034885656j),(-0.08971355-0.049955731j),"{'64': {'dP_mw': 0.0, 'dQ_mvar': 0.024853317342138817}, '57': {'dP_mw': 3.636782156742763e-05, 'dQ_mvar': 0.03366892427332415}, '55': {'dP_mw': 0.0, 'dQ_mvar': 0.03485864344307389}, '61': {'dP_mw': -0.05, 'dQ_mvar': -0.05}}",1.0667269115278715,-0.049963632178432575,0.043380885058536864,PISR_breaker_open_noise,11.3
27,1791551204.931176,89,(0.983365188+0.026450522j),(1.022408506+0.041104318j),(1.02936658+0.036854292j),(1.022615752+0.044479152j),(1.022908956+0.038563584j),(1.017032757+0.052645495j),(1.022071469+0.047566018j),(1.019455395+0.06279985j),(1.010506726+0.031312857j),(0.994652157+0.034036604j),(0.988043174+0.031200932j),(0.978860141+0.004917866j),(0.979660184-0.008622268j),(0.972495254+0.003989246j),(0.975940101+0.012902671j),(0.979044012+0.023593449j),(0.981608197+0.017785438j),(0.981162999+0.029129773j),(0.980805873+0.030745144j),(1.024673538+0.040332642j),(1.019667725+0.052908634j),(1.028621568+0.045563418j),(1.020292701+0.045585915j),(1.028280813+0.064001421j),(0.998897599+0.026005011j),(0.974128717+0.0052917j),(0.972529554+0.002943819j),(0.976732431+0.016968433j),(0.982126507+0.019448788j),(1.018786171+0.044374839j),(0.988271605+0.030973592j),(0.981229991-0.00097752j),(0.981069216+0.001289234j),(0.978074937+0.006888936j),(0.996985368+0.030951027j),(1.003257748+0.02839261j),(1.021438459+0.037318638j),(1.020403146+0.046482834j),(1.020823539+0.051457116j),(1.024653155+0.072020898j),(1.020080503+0.056485696j),(0.98158627+0.006547669j),(0.980713316+0.013819723j),(0.982442182+0.015381957j),(0.982187615+0.022421494j),(1.020962217+0.042187721j),(0.991529589+0.029295748j),(0.999310038+0.023443309j),(0.990238859+0.036914288j),(0.999613656+0.024264032j),(1.022032876+0.065261949j),(1.034568175+0.062831394j),(1.019759141+0.073230623j),(1.030801433+0.063998863j),(1.028762354+0.039345964j),(1.03027377+0.03781883j),(1.025550125+0.044934838j),(0.990828868+0.032594006j),(-0.039483003+0.048817444j),(-0.039494443+0.068482783j),(-0.039843806+0.069429447j),(-0.089742765-0.049964368j),"{'64': {'dP_mw': 0.0, 'dQ_mvar': 0.04876748644660754}, '57': {'dP_mw': 0.0, 'dQ_mvar': 0.06843902421269729}, '55': {'dP_mw': 0.0, 'dQ_mvar': 0.06941690463837585}, '61': {'dP_mw': -0.05, 'dQ_mvar': -0.05}}",1.0364743570367836,-0.05,0.13662341529768068,PISR_breaker_open_noise,11.35
28,1791551204.9814055,89,(0.982799654+0.020903635j),(1.026533465+0.046715254j),(1.018118515+0.042718611j),(1.015845768+0.046481563j),(1.027831124+0.054737053j),(1.025962984+0.041738739j),(1.01610883+0.052717246j),(1.010326979+0.061641854j),(1.018375565+0.036699488j),(0.994527661+0.027283942j),(0.990044624+0.029717602j),(0.982278457+0.005342862j),(0.987701722+0.005543393j),(0.981404534+0.012156174j),(0.979739052+0.016072158j),(0.987530871+0.02690675j),(0.984934582+0.013981233j),(0.993514993+0.031254346j),(0.982522418+0.034635143j),(1.024460282+0.040559778j),(1.019116275+0.043448145j),(1.022866311+0.051307192j),(1.010146964+0.040696575j),(1.026660711+0.060371358j),(0.996563138+0.023744098j),(0.972707385-0.004751998j),(0.969978118-0.00132167j),(0.974039063+0.01237169j),(0.989225631+0.02415158j),(1.01826712+0.047759536j),(0.984492825+0.027987853j),(0.976559406+0.001537129j),(0.971796812+0.002450667j),(0.972107566-0.002571687j),(1.004597987+0.029915059j),(1.000501811+0.031015416j),(1.024769154+0.041055195j),(1.030155165+0.04352092j),(1.022602906+0.033973519j),(1.02792307+0.064972547j),(1.031742253+0.06990466j),(0.979717076+0.0107235j),(0.985411569+0.015990994j),(0.985056141+0.031254567j),(0.983627094+0.015848322j),(1.012630226+0.045040282j),(0.995814532+0.031933423j),(0.986958219+0.024823132j),(1.00203934+0.032830801j),(0.995191909+0.025483435j),(1.023321707+0.072717423j),(1.022884194+0.069577499j),(1.021476099+0.059261388j),(1.026969266+0.066549452j),(1.03014216+0.042278427j),(1.021594205+0.048311574j),(1.024591821+0.046360367j),(0.982991113+0.024183545j),(-0.039502802+0.048806406j),(-0.039509921+0.068489686j),(-0.039854811+0.069449114j),(-0.089723014-0.049963975j),"{'64': {'dP_mw': 0.0, 'dQ_mvar': 0.04872702608819965}, '57': {'dP_mw': 0.0, 'dQ_mvar': 0.06858671183651703}, '55': {'dP_mw': 0.0, 'dQ_mvar': 0.06933958257064482}, '61': {'dP_mw': -0.05, 'dQ_mvar': -0.05}}",1.034107701409883,-0.05,0.1366533204953615,PISR_breaker_open_noise,11.4
29,1791551205.031396,89,(0.976846538+0.027192705j),(1.023451383+0.046575896j),(1.016533519+0.047105013j),(1.015085159+0.039570913j),(1.010324539+0.042925931j),(1.018480519+0.04097598j),(1.02492204+0.041498101j),(1.026008636+0.068749625j),(1.012690534+0.048980247j),(1.000653781+0.033403311j),(0.996596705+0.025804027j),(0.976156683-0.00613001j),(0.976540472-0.001689082j),(0.977619187+0.015183495j),(0.986058072+0.005545783j),(0.982228641+0.024184124j),(0.98301626+0.02854387j),(0.977650928+0.02714116j),(0.983270486+0.013468273j),(1.013424156+0.037700949j),(1.022118162+0.04589977j),(1.013719849+0.047403653j),(1.02838965+0.048146798j),(1.017567534+0.070551744j),(0.99244087+0.035076249j),(0.979400256+0.007188211j),(0.979200062+0.003586607j),(0.973775395+0.0113366j),(0.975113461+0.022015692j),(1.017291828+0.038556521j),(0.981513895+0.025239948j),(0.975803813-0.002514318j),(0.982403211+0.002366018j),(0.980261899+0.003912184j),(0.994538907+0.030578061j),(0.993896447+0.034191181j),(1.026691018+0.039663984j),(1.021012628+0.053278657j),(1.009493937+0.05267632j),(1.023986701+0.055065913j),(1.020035776+0.068519899j),(0.984922423+0.011788801j),(0.970679927+0.014410464j),(0.985631504+0.027139992j),(0.971206064+0.018446771j),(1.023863909+0.041884936j),(1.004102164+0.029512996j),(0.994355732+0.026570231j),(1.000693325+0.043873734j),(0.994135807+0.024974311j),(1.02345521+0.071019955j),(1.021463819+0.074916577j),(1.021788147+0.06570373j),(1.024188631+0.068240255j),(1.031480699+0.039001491j),(1.032188318+0.05413905j),(1.015278577+0.049866141j),(0.981931244+0.030934295j),(-0.039509887+0.048755113j),(-0.039490562+0.068608634j),(-0.039846992+0.069367695j),(-0.089723864-0.049975713j),"{'64': {'dP_mw': 0.0, 'dQ_mvar': 0.04872702608819965}, '57': {'dP_mw': 0.0, 'dQ_mvar': 0.06858671183651703}, '55': {'dP_mw': 0.0, 'dQ_mvar': 0.06933958257064482}, '61': {'dP_mw': -0.05, 'dQ_mvar': -0.05}}",1.033607159684264,-0.05,0.1366533204953615,PISR_breaker_open_noise,11.45
30,1791551205.0819354,89,(0.987479129+0.027875354j),(1.02143557+0.038161927j),(1.015991782+0.046590029j),(1.022948204+0.041668989j),(1.018155939+0.042090033j),(1.024687791+0.038003562j),(1.022844719+0.044701505j),(1.022752491+0.055370771j),(1.022393894+0.034184794j),(0.998053252+0.021437408j),(0.994165948+0.020838845j),(0.979359386-0.00168931j),(0.972838524-0.006509068j),(0.974780007+0.000736545j),(0.983872352+0.02646135j),(0.984794084+0.015545167j),(0.980547712+0.013350701j),(0.980934381+0.018298232j),(0.981933614+0.030815616j),(1.014983715+0.04406449j),(1.015714249+0.042903662j),(1.010776595+0.045737812j),(1.027804525+0.041861966j),(1.028025518+0.067904619j),(0.998017089+0.024971725j),(0.98843846+0.001431972j),(0.975234721-0.000371344j),(0.981278924+0.009608753j),(0.987554847+0.011376395j),(1.014049169+0.042653378j),(0.984193092+0.032627844j),(0.97168683+0.000198017j),(0.976718484+0.004336176j),(0.981352999-0.003879934j),(0.993460604+0.030842996j),(0.993859366+0.021206318j),(1.020490386+0.042983183j),(1.021859749+0.049899687j),(1.020375559+0.037737865j),(1.006803748+0.061829993j),(1.021774251+0.061841382j),(0.984053332+0.005844409j),(0.98925757+0.012686931j),(0.971455824+0.029094653j),(0.984860038+0.019250073j),(1.008704609+0.044851367j),(0.999328904+0.027081279j),(0.996803998+0.037429969j),(0.998704368+0.036360566j),(0.994582703+0.029248159j),(1.02528591+0.066384044j),(1.02249712+0.070874826j),(1.026654211+0.061005732j),(1.013189861+0.061143972j),(1.025879316+0.038678506j),(1.025234822+0.049827481j),(1.020867849+0.046586953j),(0.981671913+0.028429723j),(-0.039503201+0.048776354j),(-0.039504708+0.068620625j),(-0.039838334+0.069373927j),(-0.089718776-0.049985697j),"{'64': {'dP_mw': 0.0, 'dQ_mvar': 0.02441202131780002}, '57': {'dP_mw': 0.0, 'dQ_mvar': 0.034292471894837334}, '55': {'dP_mw': 0.0, 'dQ_mvar': 0.034640898579507404}, '61': {'dP_mw': -0.05, 'dQ_mvar': -0.05}}",1.030265743845103,-0.05,0.04334539179214476,PISR_breaker_open_noise,11.5
31,1791551205.1316493,89,(1.010989783+0.022990272j),(1.047340774+0.024981659j),(1.049416838+0.025071519j),(1.049808951+0.038199628j),(1.037110811+0.037010673j),(1.041726309+0.025863836j),(1.046942925+0.020486824j),(1.053433761+0.039086226j),(1.051308486+0.019151335j),(1.024337311+0.022274777j),(1.015119798+0.017297256j),(0.998558048-0.000323096j),(0.99625042-0.008236492j),(1.001963698+0.006731469j),(1.004548084+0.007862164j),(1.002265477+0.013286738j),(1.000590821+0.006470161j),(1.007004781+0.025787376j),(1.013359294+0.023161326j),(1.047733216+0.032331734j),(1.052934802+0.016177888j),(1.043741419+0.025850612j),(1.049190143+0.030540789j),(1.058632567+0.031684726j),(1.015314189+0.011338404j),(0.994538581+0.002962484j),(0.977533374-0.005227068j),(0.996341831+0.00485403j),(1.003400037+0.013366258j),(1.04993166+0.024286466j),(1.008328606+0.023579147j),(0.99698116+0.000676339j),(0.995843169-0.001305446j),(0.990306073-0.005506996j),(1.022275296+0.023239042j),(1.01273448+0.019666994j),(1.051069197+0.027898122j),(1.054369713+0.031477351j),(1.052175556+0.023479278j),(1.055116787+0.03871998j),(1.057261292+0.038053379j),(0.994436225+0.006663886j),(1.00718029+0.000953465j),(1.006448369+0.020701275j),(1.005406666+0.016356204j),(1.044995872+0.021411008j),(1.02390538+0.012901947j),(1.016802335+0.014194352j),(1.026943482+0.01987112j),(1.029408382+0.020131107j),(1.060911532+0.042420964j),(1.048094275+0.036521782j),(1.050660677+0.033557251j),(1.050283645+0.027017267j),(1.054491681+0.024874648j),(1.057470813+0.026042265j),(1.051107155+0.025574222j),(1.007863377+0.019975016j),(-0.039507728+0.024476375j),(-0.03949947+0.034326307j),(-0.039827717+0.034661155j),(-0.089735443-0.049959172j),"{'64': {'dP_mw': 0.0, 'dQ_mvar': 0.02441202131780002}, '57': {'dP_mw': 0.0, 'dQ_mvar': 0.034292471894837334}, '55': {'dP_mw': 0.0, 'dQ_mvar': 0.034640898579507404}, '61': {'dP_mw': -0.05, 'dQ_mvar': -0.05}}",1.0617593027222678,-0.05,0.04334539179214476,PISR_breaker_open_noise,11.55
32,1791551205.1824462,89,(1.010406503+0.012532886j),(1.049294389+0.022507596j),(1.049339503+0.028024133j),(1.055913838+0.021307894j),(1.052633746+0.017414193j),(1.049401305+0.027767721j),(1.053788994+0.020840153j),(1.053901512+0.039368371j),(1.046067072+0.028631359j),(1.02512442+0.008793595j),(1.019162972+0.014517373j),(0.997037893+0.002738841j),(0.991235969-0.009467807j),(1.008873161+0.000422849j),(1.007675947+0.012818964j),(1.00058251-0.005723522j),(1.003675254+0.006192167j),(1.013580112+0.018726691j),(0.990142825+0.019775264j),(1.040195524+0.023604593j),(1.055671924+0.030598689j),(1.043368368+0.027727406j),(1.045430089+0.023683628j),(1.058018304+0.033888587j),(1.015009886+0.021176828j),(0.989137561+0.001897395j),(0.991350548-0.002196772j),(1.0014422+0.001180007j),(1.004441154+0.012947649j),(1.043572751+0.02092847j),(1.00293023+0.01770786j),(0.99560004-0.012013266j),(1.001408382+0.003122148j),(0.995738851-0.001667731j),(1.014069701+0.015457163j),(1.017068286+0.015718877j),(1.048129457+0.025026762j),(1.0441768+0.025325718j),(1.048231714+0.023113621j),(1.061911977+0.041151024j),(1.063283454+0.032650449j),(1.004140804+0.014344995j),(0.997223702+0.000446626j),(1.013982127+0.008717929j),(1.003376827+0.012127723j),(1.040418824+0.031830343j),(1.024745723+0.02433961j),(1.022828863+0.015011891j),(1.03157207+0.018505853j),(1.025163453+0.02813986j),(1.049854373+0.038668737j),(1.055607354+0.042167082j),(1.055152426+0.037489317j),(1.055389635+0.038549575j),(1.05441122+0.022463807j),(1.051957531+0.023881768j),(1.049009099+0.026230236j),(1.004545995+0.026708927j),(-0.039511014+0.024451698j),(-0.039500794+0.034329218j),(-0.039834253+0.03467749j),(-0.089710891-0.049974068j),"{'64': {'dP_mw': 0.0, 'dQ_mvar': 0.0}, '57': {'dP_mw': 0.0, 'dQ_mvar': 0.0}, '55': {'dP_mw': 0.0, 'dQ_mvar': 0.0}, '61': {'dP_mw': -0.05, 'dQ_mvar': -0.05}}",1.0637846376828686,-0.05,-0.05,PISR_breaker_open_noise,11.6
33,1791551205.2323563,89,(1.035310192+0.007207777j),(1.071373388+0.015698982j),(1.071642917+0.005012305j),(1.07745981+0.010895153j),(1.073728267-0.002897316j),(1.080303163+0.00463892j),(1.074080214-0.000990249j),(1.080989501+0.012951447j),(1.079253531+0.000959109j),(1.034249158+0.001287402j),(1.040633104+0.00714525j),(1.006087219+0.002520308j),(1.018987847-0.007607121j),(1.015499669-0.002127893j),(1.019033158+0.004001346j),(1.025776753+0.000186322j),(1.032328729+0.003667032j),(1.023263743+0.008217222j),(1.029987848+0.010428118j),(1.078883522+0.00378825j),(1.067672423+0.008480104j),(1.076594058+0.000294866j),(1.073867434+0.009744948j),(1.079920017+0.01510955j),(1.042642786-0.001686693j),(1.014040414-0.003675823j),(1.011503776-0.00443569j),(1.020170114-0.0053434j),(1.028236098+0.006546691j),(1.075744365+0.011304994j),(1.02759343+0.003158715j),(1.01548263+0.00497657j),(1.01299815-0.002580603j),(1.025496486-0.003312859j),(1.041947799-0.006850771j),(1.049498781+0.004026193j),(1.072317428+0.008763017j),(1.074670852+0.003671619j),(1.079980856+0.001653764j),(1.078997183+0.006309578j),(1.080753585+0.004830816j),(1.014418438-0.003053441j),(1.013061496+0.010701424j),(1.027108683+0.003747184j),(1.029615876+0.012988191j),(1.070334861+0.014042862j),(1.043460796+0.004311387j),(1.045189938+0.010728371j),(1.05581842+0.001621438j),(1.046687582-0.001105739j),(1.078693634+0.009896365j),(1.083208389+0.016010438j),(1.082689823+0.014913296j),(1.072930323+0.001453015j),(1.089526192+0.004628461j),(1.0808941+0.00687142j),(1.077293115+0.000728696j),(1.032375906+0.005863362j),(-0.039501833+5.1906e-05j),(-0.039504042+3.0939e-05j),(-0.039811305+2.2383e-05j),(-0.089737818-0.049959998j),"{'64': {'dP_mw': 0.0, 'dQ_mvar': 0.0}, '57': {'dP_mw': 0.0, 'dQ_mvar': 0.0}, '55': {'dP_mw': 0.0, 'dQ_mvar': 0.0}, '61': {'dP_mw': -0.05, 'dQ_mvar': -0.05}}",1.0895360231333562,-0.05,-0.05,PISR_breaker_open_noise,11.65
34,1791551205.2821777,89,(1.025424696+0.01020534j),(1.067881673+0.01692598j),(1.076405347+0.010253766j),(1.069335013+0.000965315j),(1.070412224+0.005374094j),(1.079729169+0.0099112j),(1.06950787+0.000994431j),(1.080490227+0.007844614j),(1.067643588+0.002517893j),(1.047802732+0.001291651j),(1.050942546+0.007729041j),(1.013745006+0.002723796j),(1.012578141+0.001433335j),(1.026288975-0.007133925j),(1.026718537+0.001115985j),(1.025696299+0.000555506j),(1.021327306-0.001494777j),(1.028360148+0.014296924j),(1.033019387+0.004015369j),(1.070574731+0.009164989j),(1.076684748+0.00990092j),(1.07595803+0.011519187j),(1.076818756+0.013089417j),(1.075233013+0.009351253j),(1.042824666+0.003359219j),(1.011433545+0.001287604j),(1.013973699+0.00161209j),(1.025007123+0.004874557j),(1.014739972-0.005609585j),(1.080814158+0.002871612j),(1.028457518+0.012955776j),(1.012231829-0.000844397j),(1.013502579+0.006150201j),(1.010618262+0.010714692j),(1.047499451+0.012670161j),(1.041273588+0.01190535j),(1.076342465+0.002888545j),(1.072915314+0.004621323j),(1.072877226+0.000812629j),(1.081044089+0.0105667j),(1.088353895+0.008921487j),(1.018538627+0.008646086j),(1.022687586-0.001989789j),(1.024705919+0.014132431j),(1.033647262+0.0127971j),(1.074989334+0.003637841j),(1.042615474-0.004154318j),(1.051745946+0.009590315j),(1.050698443+0.009981812j),(1.040346463+0.004796237j),(1.073759449+0.012911325j),(1.075641271+0.005939124j),(1.077765562+0.017896412j),(1.081172866+0.008667897j),(1.09354912-0.002594791j),(1.073692158+0.00510664j),(1.070322667+0.00546394j),(1.022340405+0.007781196j),(-0.03950993+6.0534e-05j),(-0.039505046+8.398e-06j),(-0.039831975+4.3904e-05j),(-0.089723489-0.049951246j),"{'64': {'dP_mw': 0.0, 'dQ_mvar': -2.5263604354353903e-13}, '57': {'dP_mw': 0.0, 'dQ_mvar': 1.8164259228177106e-05}, '55': {'dP_mw': 0.0, 'dQ_mvar': 5.363206505271997e-05}, '61': {'dP_mw': -0.05, 'dQ_mvar': -0.05}}",1.0935521984766472,-0.05,-0.04992820367597174,PISR_breaker_open_noise,11.7
35,1791551205.332714,89,(1.035872807+0.016725829j),(1.075019151+0.016608825j),(1.063788845-0.004698497j),(1.07175277+0.005942361j),(1.072937516-0.002384272j),(1.075431955-0.00029335j),(1.076705522+0.006150778j),(1.086734595+0.005375581j),(1.074282319+0.004364674j),(1.044232262-0.000182242j),(1.035716299-0.002961362j),(1.013064446-0.011377217j),(1.015487951+0.00125443j),(1.015110429+0.0053268j),(1.02030385-0.000175325j),(1.017938883-0.004287054j),(1.022833684+0.005369994j),(1.027611875+0.0128409j),(1.030175752+0.00294685j),(1.075375924+0.00558153j),(1.071689387+0.003575212j),(1.079886637+0.007759571j),(1.078648092+0.0046279j),(1.080092831+0.000584675j),(1.05295539+0.0068317j),(1.0152396-0.002854471j),(1.018776234-0.010365166j),(1.016356827-0.00149675j),(1.021691199-0.002411003j),(1.076460426+0.005891097j),(1.030469182+0.010626624j),(1.019061324+0.008073402j),(1.016637029+0.005216694j),(1.006668519-0.003306107j),(1.044925043+0.011294135j),(1.044072348-0.0023289j),(1.071960219+0.005338225j),(1.072498083+0.010691603j),(1.064390806+0.011849087j),(1.077095009+0.012070804j),(1.079847342+0.01186675j),(1.012508325+0.007233215j),(1.021777716+0.008725417j),(1.029883118+0.005175404j),(1.035625898+0.007696431j),(1.07743332+0.012497677j),(1.048601582+0.004227463j),(1.043425587+0.01087545j),(1.038809543+0.00977986j),(1.037535039+0.007003413j),(1.091454755+0.01663064j),(1.073494918+0.011428198j),(1.075983283+0.015073546j),(1.084723091+0.006085111j),(1.078156027-0.000125492j),(1.07471765+0.011720741j),(1.062987298+0.005255071j),(1.027713916+0.01046062j),(-0.039495197+3.7828e-05j),(-0.039507224+6.5246e-05j),(-0.039841731+7.8787e-05j),(-0.089730198-0.049975409j),"{'64': {'dP_mw': 0.0, 'dQ_mvar': -2.5263604354353903e-13}, '57': {'dP_mw': 0.0, 'dQ_mvar': 1.8164259228177106e-05}, '55': {'dP_mw': 0.0, 'dQ_mvar': 5.363206505271997e-05}, '61': {'dP_mw': -0.05, 'dQ_mvar': -0.05}}",1.0915814492739053,-0.05,-0.04992820367597174,PISR_breaker_open_noise,11.75
36,1791551205.382679,89,(1.025129157+0.005698752j),(1.075549532+0.009700883j),(1.067944198+0.002039728j),(1.072070867+0.000894686j),(1.07269193+0.002610427j),(1.072799903+0.003084199j),(1.073124983+0.003528009j),(1.075452025+0.01467361j),(1.066679702+0.005174571j),(1.045305201+0.009255217j),(1.04579802+0.003778587j),(1.013633462+0.000720721j),(1.013445371+0.001359497j),(1.018345167+0.003917546j),(1.023803945+0.012166612j),(1.034049026+0.00304434j),(1.031615187+0.017605662j),(1.027479801+0.011123824j),(1.028638127+0.013604259j),(1.072106902+0.011688181j),(1.079996426+0.004310298j),(1.066197363-0.000661228j),(1.079175394+0.005040923j),(1.076561174+0.004080413j),(1.04643258+0.011438997j),(1.015153881-0.012522867j),(1.012193984-0.005480791j),(1.023135951+0.00127952j),(1.025706804+0.001614102j),(1.083267118+0.002466299j),(1.021249983+0.012518224j),(1.011170587+0.00659647j),(1.010021335+0.002069215j),(1.009076947-0.005268014j),(1.045626667+0.005625768j),(1.046372201+0.00669222j),(1.081672448+0.009444687j),(1.070727847+0.006815215j),(1.066828347+0.003794338j),(1.083549092+0.002738526j),(1.073683351+0.009218891j),(1.01863622-0.000545338j),(1.017644441+0.003311475j),(1.025360466+0.002816116j),(1.032544494+0.011815615j),(1.072692033+0.005506477j),(1.045143188-0.000727749j),(1.048397999+0.002252141j),(1.047160982+0.008348028j),(1.045909-0.000870948j),(1.081353918+0.01899164j),(1.074454365+0.009934398j),(1.083401611+0.002621229j),(1.083861513+0.00170234j),(1.081550005+0.003983889j),(1.071956467+0.009226303j),(1.074482317-0.009047471j),(1.03562071+0.004342852j),(-0.039508513+4.5534e-05j),(-0.039497966+5.9074e-05j),(-0.039844245+7.8901e-05j),(-0.08973168-0.049964041j),"{'64': {'dP_mw': 0.0, 'dQ_mvar': 0.02437161563223026}, '57': {'dP_mw': 5.1495427198237906e-05, 'dQ_mvar': 0.034264194349927966}, '55': {'dP_mw': 0.0, 'dQ_mvar': 0.034715810364140134}, '61': {'dP_mw': -0.05, 'dQ_mvar': -0.05}}",1.0838628498680656,-0.04994850457280176,0.04335162034629836,PISR_breaker_open_noise,11.8
37,1791551205.4325094,89,(1.002054621+0.013224364j),(1.044066318+0.025571669j),(1.04323696+0.026566492j),(1.039016485+0.020359988j),(1.042760598+0.021667337j),(1.044154677+0.015917429j),(1.0452727+0.020655131j),(1.046677591+0.032499596j),(1.047979859+0.020365621j),(1.033389692+0.010405485j),(1.018361523+0.020090676j),(0.994366007+0.00400779j),(1.003801995+0.011385342j),(1.006416212+0.007245925j),(0.997990205+0.004615247j),(1.012637805+0.0056809j),(1.003415517+0.00860039j),(1.010096467+0.012017619j),(1.011469022+0.019635054j),(1.038184621+0.025478678j),(1.047462323+0.025577533j),(1.052464575+0.021887558j),(1.038473674+0.021368685j),(1.061479303+0.031998248j),(1.026541977+0.016050802j),(0.996422292+0.002103822j),(0.99583175+0.007921191j),(1.001664995+0.012854984j),(0.999981065+0.012420323j),(1.040380021+0.020886402j),(1.004960167+0.011495334j),(1.005651332+0.007433564j),(0.987958936-0.005087116j),(0.998384116+0.000527099j),(1.023451961+0.026691055j),(1.017889199+0.01127755j),(1.048821392+0.017597268j),(1.046083028+0.016315325j),(1.048144242+0.029228094j),(1.052666543+0.039873306j),(1.049854448+0.031498572j),(0.998892444+0.009571873j),(1.004904413+0.004240482j),(1.009841753+0.014559967j),(0.994905636+0.014518972j),(1.054524763+0.027843446j),(1.018350838+0.018124792j),(1.018406126+0.009437359j),(1.022128211+0.021984887j),(1.029431913+0.016651031j),(1.061355855+0.041630656j),(1.050356419+0.034181943j),(1.051974628+0.03026454j),(1.051920115+0.043432322j),(1.049792387+0.021802971j),(1.045475163+0.020780859j),(1.050477317+0.029534383j),(1.008974538+0.013004994j),(-0.039503213+0.024409063j),(-0.039431441+0.034301557j),(-0.039836562+0.034745055j),(-0.08971849-0.049966266j),"{'64': {'dP_mw': 0.0, 'dQ_mvar': 0.02437161563223026}, '57': {'dP_mw': 5.1495427198237906e-05, 'dQ_mvar': 0.034264194349927966}, '55': {'dP_mw': 0.0, 'dQ_mvar': 0.034715810364140134}, '61': {'dP_mw': -0.05, 'dQ_mvar': -0.05}}",1.0621720022961305,-0.04994850457280176,0.04335162034629836,PISR_breaker_open_noise,11.85
38,1791551205.4827116,89,(1.005220055+0.022196986j),(1.056230858+0.028964947j),(1.037881895+0.023441872j),(1.056500691+0.02970142j),(1.051213124+0.030441822j),(1.043667772+0.026383443j),(1.048435371+0.018771071j),(1.054400716+0.035565284j),(1.047529048+0.027079333j),(1.034574288+0.010372264j),(1.010965785+0.018983025j),(0.992991358+0.000494631j),(0.99447558+0.001394848j),(0.995918606+0.013170672j),(1.005760581+0.009691039j),(1.002177827+0.013732208j),(1.007299259+0.010796301j),(1.000871117+0.015067446j),(1.012302017+0.013170093j),(1.051879893+0.022788119j),(1.055120177+0.037358336j),(1.047096737+0.02760519j),(1.049914239+0.033337515j),(1.05916756+0.033763902j),(1.018884709+0.013650193j),(0.994751824+0.002372669j),(1.008686682+0.004436915j),(1.002343263+0.011714767j),(0.997483424+0.01615669j),(1.057340722+0.030346015j),(1.000467819+0.012626811j),(0.99872572-0.008642324j),(0.98670232+0.001145917j),(1.000009736-0.001167938j),(1.015999813+0.014318209j),(1.026538106+0.01452411j),(1.047139643+0.019929388j),(1.049943276+0.024449474j),(1.053667415+0.027047018j),(1.048090141+0.029101457j),(1.059323598+0.028262932j),(0.999356217+0.007712168j),(0.998093555+0.009193723j),(1.00650736+0.022875849j),(1.004953997+0.011611711j),(1.045393409+0.022155603j),(1.018088694+0.025623928j),(1.035338198+0.017694935j),(1.02607398+0.017291304j),(1.018471396+0.014649092j),(1.051534573+0.043237888j),(1.054366951+0.032683008j),(1.046987207+0.038070531j),(1.053801781+0.038694957j),(1.069165273+0.028227086j),(1.055468823+0.024795271j),(1.046942136+0.027814073j),(1.007446609+0.016576504j),(-0.039521166+0.024406782j),(-0.039457651+0.034283394j),(-0.039836898+0.034726956j),(-0.089737352-0.049967631j),"{'64': {'dP_mw': 0.0, 'dQ_mvar': 0.025180532725523855}, '57': {'dP_mw': 0.0015335101488074565, 'dQ_mvar': 0.0340644817710898}, '55': {'dP_mw': 3.9662898150754494e-05, 'dQ_mvar': 0.03203864610098062}, '61': {'dP_mw': -0.05, 'dQ_mvar': -0.05}}",1.0695378204501307,-0.04842682695304179,0.041283660597594266,PISR_breaker_open_noise,11.9
39,1791551205.532852,90,(1.003253326+0.007239926j),(1.05020412+0.018843751j),(1.045754303+0.033064119j),(1.047872338+0.026163769j),(1.047988858+0.023474043j),(1.049097778+0.025863264j),(1.042525059+0.026216136j),(1.047380328+0.033475283j),(1.056710007+0.032434262j),(1.026669335+0.01012996j),(1.010790653+0.017050075j),(0.993920352+0.001278511j),(0.999484909-0.001613461j),(0.999850811+0.004786512j),(1.00707756-0.005412781j),(1.007167579+0.010594249j),(0.998078377+0.009642783j),(1.001076283+0.015133356j),(1.011206737+0.017682082j),(1.056080264+0.026566822j),(1.055980434+0.011939529j),(1.05430414+0.023898286j),(1.047524013+0.025613604j),(1.050315251+0.027096036j),(1.026384957+0.016075099j),(0.99581587+0.004064784j),(1.000417816+0.002764962j),(1.001585248+0.002359752j),(0.998015815+0.010682614j),(1.042286821+0.024233038j),(1.008943948+0.015267346j),(0.99242155+0.004574081j),(0.994083667-0.006174832j),(0.989682255+0.01262029j),(1.025058121+0.017621559j),(1.021996472+0.018315791j),(1.058848167+0.020535477j),(1.047861844+0.030754187j),(1.04999379+0.022717301j),(1.053102807+0.037994528j),(1.053304376+0.025128054j),(1.003714734-0.003138427j),(1.006828738+0.008311522j),(1.009063872+0.014736716j),(1.00248255+0.012292513j),(1.043476535+0.025486611j),(1.021034233+0.015972212j),(1.017696296+0.011805773j),(1.024758831+0.012364334j),(1.021920648+0.018178011j),(1.04601686+0.03448781j),(1.059105278+0.032158173j),(1.044226915+0.039044237j),(1.051677431+0.027942342j),(1.055356113+0.020047914j),(1.05479593+0.026504382j),(1.048127204+0.022861428j),(1.007974449+0.02424657j),(-0.039501916+0.02521653j),(-0.037954996+0.034103381j),(-0.039796255+0.032082748j),(-0.089720066-0.049952535j),"{'64': {'dP_mw': 0.0, 'dQ_mvar': 0.025180532725523855}, '57': {'dP_mw': 0.0015335101488074565, 'dQ_mvar': 0.0340644817710898}, '55': {'dP_mw': 3.9662898150754494e-05, 'dQ_mvar': 0.03203864610098062}, '61': {'dP_mw': -0.05, 'dQ_mvar': -0.05}}",1.0595933833212414,-0.04842682695304179,0.041283660597594266,PISR_breaker_open_noise,11.95
40,1791551205.5828402,90,(1.005023432+0.012218876j),(1.053142453+0.02711303j),(1.051963095+0.035494941j),(1.047844878+0.026736982j),(1.043990258+0.018022714j),(1.044830929+0.028455254j),(1.051846292+0.031742834j),(1.049247847+0.036797014j),(1.041043892+0.028464151j),(1.019835525+0.011225414j),(1.018702267+0.008308105j),(1.00246606+0.008363298j),(0.999344455+0.002919678j),(1.006502091+0.003258108j),(0.997412214+0.020092937j),(1.007611017+0.007489771j),(0.998298422+0.013127262j),(0.999907379+0.018758654j),(0.998653809+0.018632521j),(1.047025813+0.022834077j),(1.045217177+0.029287704j),(1.047286807+0.021106536j),(1.046614363+0.037568241j),(1.052429674+0.035827072j),(1.020014527+0.007246075j),(1.002131938+0.000837167j),(0.995676059-0.003390958j),(1.002205944+0.005375501j),(1.003858307+0.009376172j),(1.049560603+0.023947703j),(1.007601713+0.023996087j),(1.009104919-0.00102609j),(0.998599944-0.000880654j),(0.999140067+0.00594968j),(1.025474947+0.008062759j),(1.018998421+0.009937608j),(1.044957208+0.020012524j),(1.049921729+0.029701809j),(1.049540792+0.031983558j),(1.056308489+0.030118236j),(1.055765829+0.038183435j),(1.002112067+0.014371684j),(0.998049061+0.004445127j),(1.012995784+0.010669415j),(0.991906412+0.02469028j),(1.045399884+0.028074454j),(1.018300991+0.012956601j),(1.020127414+0.0089981j),(1.02069266+0.016427508j),(1.027090217+0.005305211j),(1.052058477+0.040259138j),(1.056243814+0.036642494j),(1.050828199+0.033883138j),(1.064937761+0.034218594j),(1.054495732+0.02663002j),(1.044661989+0.026940426j),(1.04959131+0.028278455j),(1.007335017+0.017729249j),(-0.039502357+0.025226255j),(-0.0379574+0.034092553j),(-0.039809207+0.032048482j),(-0.089731719-0.049972125j),"{'64': {'dP_mw': 0.0, 'dQ_mvar': 0.024377053450513584}, '57': {'dP_mw': 0.0, 'dQ_mvar': 0.03425423248285528}, '55': {'dP_mw': 0.0, 'dQ_mvar': 0.03466882013293631}, '61': {'dP_mw': -0.05, 'dQ_mvar': -0.05}}",1.0654873753259726,-0.05,0.043300106066305175,PISR_breaker_open_noise,12.0
41,1791551205.633162,90,(1.007927604+0.019110611j),(1.042414254+0.035744219j),(1.04246554+0.024892247j),(1.042123381+0.018629756j),(1.054318016+0.025653113j),(1.043960786+0.024935125j),(1.05434829+0.022013201j),(1.052601369+0.031579514j),(1.040856251+0.022492649j),(1.019754777+0.017685899j),(1.025183416+0.016347974j),(0.992133186-0.004769828j),(1.00017991+0.000959597j),(0.997759496+0.011053177j),(0.99916612+0.010479332j),(1.012072126+0.01702149j),(1.004522704+0.003394471j),(1.010316808+0.016627101j),(1.011391296+0.017161739j),(1.054163415+0.013761544j),(1.047491788+0.021081009j),(1.054141387+0.022508223j),(1.046275142+0.018802714j),(1.044925514+0.03672133j),(1.021607788+0.010403332j),(0.99335179-0.004639406j),(1.008270284+0.001275399j),(1.001831934+0.01205362j),(1.008780553+0.021812989j),(1.051531589+0.027740154j),(1.002917409+0.016193463j),(0.995850942-0.003091984j),(1.000304979-0.000969999j),(0.994128318+0.003987624j),(1.023631771+0.017313862j),(1.020137299+0.011836656j),(1.05060573+0.026699993j),(1.045933892+0.027021017j),(1.045291147+0.023506036j),(1.047142897+0.037426588j),(1.055965113+0.041198779j),(1.000027262-0.002513446j),(1.004382273+0.015883154j),(0.997910251+0.019213118j),(1.008830441+0.013133004j),(1.048946291+0.020061273j),(1.023331393+0.0123663j),(1.018127699+0.013023111j),(1.023041393+0.026026958j),(1.023258134+0.00640813j),(1.053510205+0.034682334j),(1.052746143+0.037824513j),(1.053581165+0.035768343j),(1.062663627+0.031779604j),(1.062598051+0.020498147j),(1.042032561+0.019190806j),(1.044029942+0.026771792j),(1.012746943+0.017555628j),(-0.039505975+0.024414315j),(-0.039519976+0.034287594j),(-0.039841376+0.034696637j),(-0.089723659-0.04996165j),"{'64': {'dP_mw': 0.0, 'dQ_mvar': 0.024377053450513584}, '57': {'dP_mw': 0.0, 'dQ_mvar': 0.03425423248285528}, '55': {'dP_mw': 0.0, 'dQ_mvar': 0.03466882013293631}, '61': {'dP_mw': -0.05, 'dQ_mvar': -0.05}}",1.0631387150222646,-0.05,0.043300106066305175,PISR_breaker_open_noise,12.05
42,1791551205.683105,90,(1.007862137+0.019765661j),(1.047829922+0.024507692j),(1.043857808+0.026874021j),(1.055046643+0.023503905j),(1.052565473+0.016716044j),(1.052789006+0.027075051j),(1.047214353+0.027695672j),(1.048371879+0.033822512j),(1.04953991+0.033872829j),(1.018853228+0.016732379j),(1.021068349+0.013679848j),(0.984400688+0.008471568j),(0.997272034+6.7701e-05j),(0.997957373+0.011690903j),(0.997415998+0.003952704j),(1.005157219+0.017014271j),(1.018798176+0.008017114j),(1.005063335+0.003423171j),(1.010510737+0.014083506j),(1.047111291+0.023079295j),(1.044824486+0.026566579j),(1.043638693+0.020316181j),(1.051160132+0.023470127j),(1.056034178+0.03524188j),(1.014877223+0.017324309j),(1.000592842-0.004499798j),(0.996045717+0.000808532j),(0.99885016+0.004884468j),(1.005278302+0.013847565j),(1.045838192+0.023961687j),(1.00540907+0.016496712j),(0.991076155+0.006734091j),(0.996707732+0.001769517j),(1.001721654-0.000794518j),(1.020686842+0.020870921j),(1.019907059+0.016913792j),(1.053874881+0.028145671j),(1.045961695+0.024129582j),(1.046480441+0.030320713j),(1.063371935+0.02985029j),(1.059739096+0.040306583j),(1.001048655+0.002931863j),(1.005369978+0.014836621j),(1.009458925+0.01626006j),(1.001750836+0.002621502j),(1.048788961+0.022572857j),(1.022718095+0.016809035j),(1.022511634+0.008764372j),(1.020857686+0.019157482j),(1.019733515+0.019347413j),(1.057282482+0.034142953j),(1.049979981+0.038543524j),(1.053193374+0.037762964j),(1.051671792+0.034048465j),(1.061671631+0.030826061j),(1.054455566+0.018644178j),(1.044721883+0.029937561j),(1.01406426+0.017116465j),(-0.039503504+0.024414807j),(-0.03950137+0.034278482j),(-0.039841394+0.034705776j),(-0.08972896-0.049968977j),"{'64': {'dP_mw': 0.0, 'dQ_mvar': 0.02451783885955621}, '57': {'dP_mw': 0.0, 'dQ_mvar': 0.03415805804069269}, '55': {'dP_mw': 0.0, 'dQ_mvar': 0.0347546960755436}, '61': {'dP_mw': -0.05, 'dQ_mvar': -0.05}}",1.06379082152401,-0.05,0.043430592975792506,PISR_breaker_open_noise,12.1
43,1791551205.7332764,90,(1.003218461+0.018288512j),(1.050798737+0.020970291j),(1.047705286+0.026878893j),(1.044995289+0.021857471j),(1.057056913+0.02682585j),(1.057400801+0.033890315j),(1.050331503+0.026363136j),(1.044716457+0.031982373j),(1.043797819+0.030995292j),(1.020572862+0.025656498j),(1.012332+0.021120992j),(0.992027052-0.002735562j),(1.000372988+0.000390079j),(1.004815238+0.007230554j),(1.000300114+0.009392923j),(1.006923061+0.014308015j),(0.996618168+0.005832355j),(1.006503476+0.021613701j),(1.009047916+0.015817542j),(1.053244667+0.027072134j),(1.046224716+0.024566538j),(1.05045803+0.024959095j),(1.053296941+0.031517495j),(1.053732194+0.03691308j),(1.02285635+0.012667815j),(0.999024666-0.008866045j),(1.000511021+0.009142172j),(0.998080788+0.001234396j),(1.012263474+0.010595976j),(1.044719328+0.023681576j),(1.008157445+0.017326221j),(0.997191046-0.014634568j),(0.993837535-0.007173677j),(0.997093436+0.001504141j),(1.013333721+0.014456193j),(1.006196598+0.024671057j),(1.055664792+0.018999176j),(1.037353978+0.024100363j),(1.043457354+0.035253125j),(1.049618059+0.039823411j),(1.05600992+0.043191107j),(1.005439868+0.000131161j),(1.003850425+0.015425711j),(0.99945564+0.01448369j),(0.999699245+0.012351167j),(1.048340963+0.020331688j),(1.02098473+0.021242586j),(1.017165572+0.023118655j),(1.031351667+0.01479253j),(1.015804776+0.015465185j),(1.060401925+0.036042976j),(1.044442511+0.031108471j),(1.055298812+0.036351559j),(1.051897902+0.044678405j),(1.062218037+0.020022572j),(1.049804237+0.018548529j),(1.046954327+0.026455289j),(1.015642256+0.01670164j),(-0.039492014+0.024538098j),(-0.039511556+0.034189102j),(-0.039848786+0.034777163j),(-0.089721168-0.049985309j),"{'64': {'dP_mw': 0.0, 'dQ_mvar': 0.02451783885955621}, '57': {'dP_mw': 0.0, 'dQ_mvar': 0.03415805804069269}, '55': {'dP_mw': 0.0, 'dQ_mvar': 0.0347546960755436}, '61': {'dP_mw': -0.05, 'dQ_mvar': -0.05}}",1.062406730738105,-0.05,0.043430592975792506,PISR_breaker_open_noise,12.15
44,1791551205.7835674,90,(1.006982059+0.019390474j),(1.042934435+0.019499507j),(1.051083867+0.024816389j),(1.048405418+0.020317312j),(1.050423131+0.027108767j),(1.045200107+0.016128894j),(1.044870418+0.020112463j),(1.050279278+0.038730955j),(1.051450154+0.029563634j),(1.021492493+0.020592524j),(1.02182549+0.023229464j),(0.993733067+0.001691463j),(0.994399934-0.006146688j),(0.994084071+0.00603697j),(1.00421673+0.000864598j),(1.0081527+0.013025861j),(1.00222402+0.014909611j),(1.009814052+0.011929943j),(1.011235079+0.013456599j),(1.054349091+0.021128562j),(1.048683468+0.018042833j),(1.040973793+0.019211296j),(1.050945753+0.022855714j),(1.066752087+0.044987124j),(1.019002731+0.018856159j),(0.996408363+0.003342792j),(1.003000447+0.01015963j),(1.001392469+0.012595244j),(0.992180774+0.018492561j),(1.049368928+0.037266829j),(1.01221868+0.010300759j),(0.999233509+0.000451175j),(0.990471108+0.000116599j),(1.004364076-0.00769916j),(1.016278082+0.016994411j),(1.014085686+0.018018293j),(1.055464458+0.025355908j),(1.046474404+0.029931276j),(1.049034054+0.021588121j),(1.053783816+0.037793325j),(1.05233768+0.03656931j),(1.005400737+0.011865114j),(1.005393105+0.014507777j),(1.008223596+0.015427024j),(1.006406761+0.009381842j),(1.05092866+0.022909825j),(1.023795845+0.01313618j),(1.019562785+0.012973623j),(1.021626584+0.01626773j),(1.018462645+0.015249307j),(1.056419695+0.038933873j),(1.057039035+0.035311539j),(1.066370422+0.03880482j),(1.052499409+0.02933531j),(1.060313554+0.022068944j),(1.053871076+0.029768693j),(1.053660887+0.023667391j),(1.007962102+0.029025479j),(-0.039515637+0.024557544j),(-0.03949013+0.034205075j),(-0.039825945+0.034764097j),(-0.089722829-0.049966773j),"{'64': {'dP_mw': 0.0, 'dQ_mvar': 0.024395687179513764}, '57': {'dP_mw': 0.0, 'dQ_mvar': 0.034280248718380486}, '55': {'dP_mw': 0.0, 'dQ_mvar': 0.034687438743814546}, '61': {'dP_mw': -0.05, 'dQ_mvar': -0.05}}",1.067700265263921,-0.05,0.04336337464170879,PISR_breaker_open_noise,12.2
45,1791551205.8337824,90,(1.00885196+0.022372697j),(1.053339706+0.022644711j),(1.041404565+0.019306913j),(1.049609655+0.023828978j),(1.047829947+0.025952336j),(1.049533955+0.023499599j),(1.044963688+0.028731031j),(1.05155031+0.030991795j),(1.045397503+0.026372703j),(1.029637837+0.009449564j),(1.026172561+0.011898113j),(0.998611477+0.000507722j),(0.996268466-0.001054056j),(0.993541604+0.012901523j),(1.003619714+0.010497178j),(1.003395946+0.012505698j),(1.001942496+0.00857954j),(1.002119425+0.017350538j),(1.000685472+0.018025201j),(1.054047359+0.03162264j),(1.050489465+0.029812826j),(1.048100808+0.029254712j),(1.048054598+0.016932422j),(1.055112701+0.044645502j),(1.027670711+0.013648077j),(1.000543655+0.000680717j),(0.989411098+0.002203925j),(1.005367482+0.011230356j),(1.003266823+0.001095908j),(1.050990615+0.034232908j),(0.997598039+0.016384131j),(0.997481861-0.008434978j),(1.006224929-0.011781107j),(0.997306762+0.000146717j),(1.01595028+0.022640197j),(1.019756881+0.027560029j),(1.04842238+0.02943057j),(1.055960922+0.020000745j),(1.05130348+0.031615817j),(1.05577927+0.040642267j),(1.049213588+0.02600886j),(1.005879266+0.011626819j),(0.994779426+0.006876147j),(0.998818342+0.029133962j),(1.004264683+0.006604784j),(1.040103727+0.016395775j),(1.020348266+0.012357653j),(1.032854262+0.015765319j),(1.031841646+0.021709809j),(1.024311137+0.022148633j),(1.058195292+0.047081885j),(1.052258078+0.033322164j),(1.055085844+0.034792396j),(1.050419617+0.03490501j),(1.057499772+0.023273231j),(1.056076499+0.030238207j),(1.047803996+0.022488853j),(0.998250937+0.021120304j),(-0.039491124+0.024440653j),(-0.039510475+0.03431709j),(-0.03984314+0.034716957j),(-0.089719027-0.049969482j),"{'64': {'dP_mw': 0.0, 'dQ_mvar': 0.024395687179513764}, '57': {'dP_mw': 0.0, 'dQ_mvar': 0.034280248718380486}, '55': {'dP_mw': 0.0, 'dQ_mvar': 0.034687438743814546}, '61': {'dP_mw': -0.05, 'dQ_mvar': -0.05}}",1.0592421724544951,-0.05,0.04336337464170879,PISR_breaker_open_noise,12.25
46,1791551205.883345,90,(1.002462214+0.019530044j),(1.045841888+0.02551699j),(1.052731348+0.018932368j),(1.044726362+0.0309927j),(1.060784728+0.028747797j),(1.04829665+0.020360285j),(1.05461168+0.027626915j),(1.05336209+0.031696656j),(1.048543462+0.024729602j),(1.029220065+0.023297618j),(1.014558525+0.013187409j),(0.988194597-0.003662967j),(0.996495598-0.005094889j),(1.003845997+0.004581006j),(1.004231855+0.002729756j),(0.999028331+0.019392128j),(1.00262482+0.003930653j),(1.00071479+0.025494637j),(1.012365785+0.01958145j),(1.035820269+0.026367467j),(1.053953579+0.021643049j),(1.050088799+0.025240514j),(1.050021448+0.027658658j),(1.060036582+0.025488368j),(1.017505162+0.019851261j),(0.98464233+0.001643872j),(0.999480641-0.004009815j),(0.999251266+0.006629934j),(1.010560933+0.010360772j),(1.045109954+0.020327719j),(1.004578462+0.027531663j),(0.994329968+0.003033876j),(0.997241441-0.000754532j),(0.996358901+0.010620389j),(1.027254379+0.011878714j),(1.028902574+0.018367003j),(1.053635847+0.021413866j),(1.05060008+0.030337676j),(1.051909076+0.032098301j),(1.064425855+0.039470135j),(1.048713312+0.04087965j),(1.00303645+0.011368111j),(0.998506735+0.021764144j),(1.01330021+0.01838035j),(1.007045411+0.014642425j),(1.044478095+0.02731475j),(1.019109046+0.016665691j),(1.02080452+0.007262995j),(1.020699499+0.02728905j),(1.017021689+0.029327936j),(1.054490165+0.041726312j),(1.04960048+0.039272218j),(1.054357793+0.031960582j),(1.04503589+0.037317874j),(1.061530611+0.021043861j),(1.055599597+0.016972021j),(1.047049164+0.013754818j),(0.998999569+0.023500055j),(-0.039505344+0.024429619j),(-0.039499568+0.034330098j),(-0.0398348+0.034706664j),(-0.08972476-0.049959248j),"{'64': {'dP_mw': 0.0, 'dQ_mvar': 0.024379255335793625}, '57': {'dP_mw': 0.0, 'dQ_mvar': 0.03427092223399422}, '55': {'dP_mw': 4.627705567940982e-05, 'dQ_mvar': 0.03467710119451916}, '61': {'dP_mw': -0.05, 'dQ_mvar': -0.05}}",1.065157402616815,-0.04995372294432059,0.043327278764307,PISR_breaker_open_noise,12.3
47,1791551205.9337838,90,(1.001699367+0.014644781j),(1.05095435+0.020011185j),(1.044873503+0.027129269j),(1.042677779+0.037442225j),(1.044138848+0.030477414j),(1.053401769+0.028058903j),(1.044565507+0.021869153j),(1.058191879+0.033373233j),(1.048807354+0.029757487j),(1.023804695+0.017216811j),(1.01825341+0.014963789j),(1.008144834-0.000868778j),(0.994416872+0.000250037j),(1.004669536+0.008007637j),(1.004306174+0.008638633j),(0.997533872+0.008083929j),(0.999118573+0.007804891j),(1.007950988+0.014942941j),(1.003297043+0.01528156j),(1.048827829+0.022852459j),(1.054181825+0.028491404j),(1.057755437+0.021382215j),(1.05228636+0.02899765j),(1.053467703+0.032909595j),(1.020241574+0.022190057j),(0.991083458-0.00018002j),(1.000470023+0.0032725j),(1.01300007+0.006994698j),(1.006488924+0.011957578j),(1.055232901+0.020183403j),(0.998170504+0.014867678j),(0.99368214-0.008258394j),(1.002708481-0.003413417j),(1.001775865-0.011657671j),(1.022630926+0.013812623j),(1.030591653+0.018701545j),(1.050543453+0.02882045j),(1.053214157+0.026470061j),(1.046641068+0.017881488j),(1.058193478+0.041358573j),(1.052284092+0.034998423j),(1.001470491+0.004240372j),(0.996347541+0.011556448j),(1.00204327+0.017678391j),(1.009549326+0.016336205j),(1.053084067+0.025499723j),(1.021739791+0.013472442j),(1.021247331+0.011627005j),(1.024389594+0.02403123j),(1.021422226+0.008344123j),(1.052670357+0.044364108j),(1.055070213+0.029800801j),(1.057567744+0.036862837j),(1.055084599+0.03494282j),(1.055624768+0.021149756j),(1.042496189+0.024817961j),(1.050562814+0.017548073j),(1.007958737+0.020454385j),(-0.039494188+0.024415803j),(-0.039490429+0.03428483j),(-0.039766826+0.03470965j),(-0.089729032-0.049975674j),"{'64': {'dP_mw': 0.0, 'dQ_mvar': 0.024379255335793625}, '57': {'dP_mw': 0.0, 'dQ_mvar': 0.03427092223399422}, '55': {'dP_mw': 4.627705567940982e-05, 'dQ_mvar': 0.03467710119451916}, '61': {'dP_mw': -0.05, 'dQ_mvar': -0.05}}",1.059001401529919,-0.04995372294432059,0.043327278764307,PISR_breaker_open_noise,12.35
48,1791551205.9835825,90,(1.005652334+0.01748895j),(1.040901324+0.024123961j),(1.056139335+0.023772799j),(1.04757562+0.012956172j),(1.045031054+0.031765024j),(1.051344765+0.0236516j),(1.053775642+0.030495132j),(1.050113137+0.031318158j),(1.053429819+0.02693771j),(1.021032318+0.017133562j),(1.023458879+0.013446287j),(0.993633042+0.013659169j),(0.994125888+0.008649808j),(1.007742339+0.009317467j),(1.005454219+0.007267054j),(1.004827246+0.017310457j),(1.00381006+0.012741536j),(1.011849234+0.016480098j),(1.002021586+0.01567336j),(1.046259137+0.023053885j),(1.054976245+0.026801379j),(1.050458596+0.033859589j),(1.048068707+0.027578024j),(1.046074122+0.028457912j),(1.025152854+0.014648098j),(0.996385323-0.005289542j),(0.987890254-8.7437e-05j),(1.000412625+0.004923892j),(1.006970193+0.009453279j),(1.049480391+0.021582651j),(1.004185238+0.018591722j),(0.996896095-0.007402067j),(1.007491156-0.002315181j),(1.001563913+0.007465145j),(1.02492421+0.005444367j),(1.019669351+0.009179687j),(1.055915036+0.023971592j),(1.056035545+0.025575664j),(1.057464934+0.024572083j),(1.047250912+0.036796526j),(1.055859399+0.037274146j),(1.003115009+0.007829758j),(0.99663856+0.005707394j),(1.005089261+0.015053342j),(1.007544348+0.012547473j),(1.04627421+0.020462365j),(1.012478448+0.019465319j),(1.019151997+0.011058658j),(1.020692753+0.026845633j),(1.013606666+0.017144304j),(1.052741034+0.042159705j),(1.056531753+0.031743473j),(1.050333988+0.034694156j),(1.051834377+0.024378772j),(1.058359637+0.030702359j),(1.051859185+0.019544402j),(1.051297073+0.023687144j),(1.00773529+0.028777083j),(-0.039505595+0.024427286j),(-0.039508555+0.034305258j),(-0.039779542+0.034719078j),(-0.089720199-0.049947715j),"{'64': {'dP_mw': 0.0, 'dQ_mvar': 0.02439434322598565}, '57': {'dP_mw': 0.0, 'dQ_mvar': 0.03428068612126371}, '55': {'dP_mw': 0.0, 'dQ_mvar': 0.03469809762681559}, '61': {'dP_mw': -0.05, 'dQ_mvar': -0.05}}",1.0588048715787703,-0.05,0.04337312697406494,PISR_breaker_open_noise,12.4
49,1791551206.0341501,90,(1.00245231+0.018650046j),(1.046836936+0.020625075j),(1.050215383+0.027113697j),(1.056204944+0.020425416j),(1.05167266+0.028300077j),(1.051604378+0.025626322j),(1.050221767+0.029317167j),(1.056828854+0.030415356j),(1.045356792+0.023961686j),(1.018621948+0.01586315j),(1.013492443+0.015679525j),(1.00478573+0.000951345j),(0.997987724-0.004474611j),(1.000105311+0.015786873j),(0.99224801+0.004726622j),(1.012523255+0.000778552j),(1.009583842+0.011433329j),(1.00949406+0.016703214j),(1.002129769+0.016696516j),(1.046092925+0.022714066j),(1.041391311+0.022123544j),(1.041593803+0.01788326j),(1.053343598+0.024948956j),(1.054932791+0.029552173j),(1.024621581+0.012206284j),(0.997602132+0.001566967j),(0.995628105+0.005341176j),(0.994045293+0.008332958j),(0.999827711+0.018999072j),(1.039639135+0.029987163j),(1.012859532+0.017403504j),(0.994279256-0.002590328j),(0.986159439+0.007436761j),(0.99814136+0.001292344j),(1.021454728+0.013548805j),(1.025772814+0.021829958j),(1.050189008+0.016786386j),(1.055108304+0.025192263j),(1.045806946+0.022634539j),(1.05721506+0.033815819j),(1.053721228+0.037406782j),(1.009163837+0.003960493j),(1.003785978+0.008765175j),(1.011763335+0.016519932j),(1.001698882+0.013646048j),(1.061689254+0.027954125j),(1.027165917+0.005085321j),(1.029354651+0.022035621j),(1.028610186+0.024793782j),(1.020521559+0.017592493j),(1.051766873+0.037929297j),(1.047042343+0.041369516j),(1.056963177+0.033427786j),(1.055245184+0.027207137j),(1.058355013+0.020565724j),(1.054676629+0.025188845j),(1.045542839+0.021973942j),(1.012889877+0.019321346j),(-0.039497801+0.024429686j),(-0.039492415+0.034301984j),(-0.039830366+0.034736374j),(-0.089722-0.049963419j),"{'64': {'dP_mw': 0.0, 'dQ_mvar': 0.02439434322598565}, '57': {'dP_mw': 0.0, 'dQ_mvar': 0.03428068612126371}, '55': {'dP_mw': 0.0, 'dQ_mvar': 0.03469809762681559}, '61': {'dP_mw': -0.05, 'dQ_mvar': -0.05}}",1.0620572042802554,-0.05,0.04337312697406494,PISR_breaker_open_noise,12.45
50,1791551206.0837746,90,(1.00875493+0.019099476j),(1.046125047+0.026307218j),(1.043092353+0.018011875j),(1.04934564+0.022417852j),(1.039585384+0.028285422j),(1.055066401+0.021268928j),(1.053162615+0.026878859j),(1.057118664+0.041135321j),(1.052179792+0.027666587j),(1.0250869+0.013524355j),(1.024872962+0.021751634j),(0.992828493-0.005943007j),(0.991089146+0.006910607j),(1.009205483+0.005666883j),(1.003826537+0.005856968j),(1.004663801+0.017282197j),(1.006529762+0.016149033j),(1.005943476+0.018330385j),(1.011177479+0.015958938j),(1.045170199+0.032145551j),(1.049455191+0.029290702j),(1.046114085+0.027419301j),(1.045477689+0.023834407j),(1.050756196+0.030418486j),(1.0216457+0.018566329j),(0.996354446-0.002022463j),(0.982218434-0.000583677j),(1.008149914+0.005694969j),(0.99512411+0.021248094j),(1.043741472+0.028647866j),(1.002170916+0.024044323j),(0.997214441-0.002090786j),(0.996972253-0.010166206j),(0.990218016-0.00612465j),(1.020349108+0.018149304j),(1.010959945+0.021807438j),(1.046468346+0.024133476j),(1.04749398+0.024432027j),(1.051824938+0.023063943j),(1.062344153+0.034542534j),(1.049394094+0.043366924j),(0.996305623+0.005708449j),(1.002240705+0.011686072j),(1.001762157+0.021021568j),(1.00360097+0.010146623j),(1.039011802+0.029101796j),(1.020991892+0.022746183j),(1.017696827+0.017870346j),(1.030033681+0.011690877j),(1.015040781+0.018474094j),(1.056410074+0.042830798j),(1.057727717+0.035954675j),(1.055372242+0.037883447j),(1.070182158+0.035011828j),(1.054646196+0.024298172j),(1.049640486+0.015587107j),(1.051875166+0.028509692j),(1.004770635+0.009563278j),(-0.039477088+0.024431169j),(-0.039493988+0.034308896j),(-0.039836518+0.034726018j),(-0.089723991-0.049961806j),"{'64': {'dP_mw': 0.0, 'dQ_mvar': 0.024387095177030298}, '57': {'dP_mw': 0.0, 'dQ_mvar': 0.03427350666176968}, '55': {'dP_mw': 0.0, 'dQ_mvar': 0.0346927153889715}, '61': {'dP_mw': -0.05, 'dQ_mvar': -0.05}}",1.0707547242022508,-0.05,0.043353317227771485,PISR_breaker_open_noise,12.5
51,1791551206.1341417,90,(1.013869299+0.02366987j),(1.048141485+0.02554959j),(1.055717042+0.026456537j),(1.039065553+0.023404027j),(1.043477348+0.023337155j),(1.0466719+0.022910779j),(1.053663554+0.019472297j),(1.051505393+0.034444526j),(1.050973961+0.019960354j),(1.022412764+0.016533401j),(1.012433379+0.005589964j),(0.996134631-0.001029092j),(0.987386643+0.012154945j),(0.999322247+0.013021312j),(0.997781881+0.006917809j),(1.007027559+0.017729052j),(1.002157071+0.017006414j),(1.01029141+0.023969795j),(1.007706189+0.010602855j),(1.053179744+0.022072498j),(1.048277414+0.023846481j),(1.052421667+0.026843247j),(1.045132348+0.027532823j),(1.058321514+0.033921085j),(1.022380404+0.012883726j),(0.994381153+0.004449345j),(0.998478263+0.006912216j),(0.999031999+0.008499714j),(1.005118621+0.01322068j),(1.057697472+0.026364404j),(1.011851516+0.018566401j),(0.994783401-0.003473929j),(1.004081646+0.001254997j),(1.003237433+0.004200438j),(1.026416863+0.011625905j),(1.023982767+0.010911991j),(1.043753209+0.027351317j),(1.047019818+0.024196427j),(1.040402671+0.028459438j),(1.054365592+0.030764323j),(1.042349299+0.032246227j),(1.003828047+0.01131729j),(0.987227028+0.017009183j),(1.005080565+0.021976157j),(1.003558447+0.015636834j),(1.042956785+0.018064032j),(1.019710285+0.014581184j),(1.026898944+0.017010579j),(1.025649188+0.029144245j),(1.02879408+0.014992944j),(1.060970686+0.045751237j),(1.050466039+0.042833412j),(1.054524536+0.031858116j),(1.054577081+0.033949546j),(1.068369652+0.013178506j),(1.051860839+0.018927497j),(1.048402529+0.024830764j),(1.005849127+0.015870234j),(-0.039519079+0.024420112j),(-0.039492417+0.034323734j),(-0.039826884+0.034719435j),(-0.089708206-0.049972855j),"{'64': {'dP_mw': 0.0, 'dQ_mvar': 0.024387095177030298}, '57': {'dP_mw': 0.0, 'dQ_mvar': 0.03427350666176968}, '55': {'dP_mw': 0.0, 'dQ_mvar': 0.0346927153889715}, '61': {'dP_mw': -0.05, 'dQ_mvar': -0.05}}",1.06845092837013,-0.05,0.043353317227771485,PISR_breaker_open_noise,12.55
52,1791551206.1843987,90,(1.003093035+0.022307101j),(1.046844979+0.02618606j),(1.053387079+0.030109711j),(1.047540941+0.028122932j),(1.049294209+0.02946237j),(1.057321533+0.020631867j),(1.043648052+0.02597589j),(1.050766377+0.028491124j),(1.05367363+0.02353377j),(1.023569557+0.011391645j),(1.021118209+0.019963697j),(0.997459046+0.004525044j),(0.994339765+0.001931768j),(0.991505438+0.009036243j),(1.004310194+0.009861947j),(1.001997048+0.015937546j),(1.007716712+0.012783264j),(1.001515878+0.023812191j),(1.008404375+0.017163749j),(1.055155345+0.024882291j),(1.050442226+0.030448031j),(1.047946892+0.023572864j),(1.041669642+0.029461418j),(1.060468267+0.038650954j),(1.024238351+0.012715411j),(0.994934041-0.007604344j),(0.984299308+0.001030028j),(1.007088177+0.00636595j),(1.003999172+0.008419367j),(1.04682822+0.026841682j),(1.009082268+0.017483521j),(0.992330403-0.002616708j),(0.98619664+0.001316832j),(0.996858846-0.006494238j),(1.016977713+0.015271915j),(1.010175892+0.015790682j),(1.052546568+0.026132113j),(1.043487942+0.023667447j),(1.048036856+0.013420631j),(1.058998735+0.031843603j),(1.0592859+0.03525959j),(1.006440228+0.011564344j),(0.997967616+0.005328226j),(1.005714749+0.009629612j),(0.998657597+0.009965447j),(1.051755505+0.031590223j),(1.012276526+0.01237453j),(1.01758783+0.01852825j),(1.015220893+0.017236267j),(1.029369328+0.012331811j),(1.045901203+0.042833223j),(1.056730878+0.03272739j),(1.053219408+0.037521973j),(1.054177038+0.033044531j),(1.057733255+0.022671629j),(1.051929535+0.022870529j),(1.047102488+0.011191108j),(1.004596194+0.02269758j),(-0.03949345+0.024425324j),(-0.039492107+0.034308338j),(-0.039835725+0.034726509j),(-0.089718572-0.049963997j),"{'64': {'dP_mw': 0.0, 'dQ_mvar': 0.024375100756788188}, '57': {'dP_mw': 0.0, 'dQ_mvar': 0.03425451182948349}, '55': {'dP_mw': 0.0, 'dQ_mvar': 0.03467017395905734}, '61': {'dP_mw': -0.05, 'dQ_mvar': -0.05}}",1.0611723901228742,-0.05,0.043299786545329025,PISR_breaker_open_noise,12.6
53,1791551206.234743,90,(1.009395947+0.017762441j),(1.047551736+0.02265513j),(1.052187462+0.025238869j),(1.053644921+0.023438859j),(1.050177529+0.026531895j),(1.049675371+0.022500784j),(1.054224661+0.020146517j),(1.053296517+0.031317631j),(1.042708739+0.028320583j),(1.006926741+0.008805909j),(1.022802037+0.021204886j),(1.003355036+0.001904396j),(0.993383045-0.005325712j),(1.002496357+0.008843244j),(0.997845348-0.002639374j),(0.999160839+0.015098744j),(1.015072058+0.014045866j),(1.004454905+0.01682045j),(1.003669508+0.03096376j),(1.04451754+0.021663676j),(1.047883609+0.023691782j),(1.051268078+0.02328199j),(1.049254772+0.029832163j),(1.059172861+0.032722406j),(1.020761893+0.02220565j),(1.002935633-0.002823256j),(0.991176475+0.001741629j),(1.008834322+0.010409707j),(1.007819803+0.00672957j),(1.055045825+0.018262553j),(1.006505952+0.013254424j),(0.991266424+0.006616801j),(0.994579093+0.008276554j),(0.999802549-0.009046211j),(1.013570271+0.015326373j),(1.02001553+0.006585604j),(1.046515734+0.015542304j),(1.059255385+0.03225777j),(1.051356375+0.031434298j),(1.054739134+0.035645357j),(1.040775306+0.035404951j),(1.002197052+0.016008269j),(0.992223876+0.008370705j),(1.008416+0.022050313j),(1.000878195+0.012003031j),(1.047441447+0.023129099j),(1.017357782+0.01667563j),(1.023153775+0.007234168j),(1.018894092+0.015308301j),(1.024380811+0.017926116j),(1.052495986+0.034472669j),(1.05140161+0.030206718j),(1.060387369+0.037338458j),(1.053190676+0.025053606j),(1.060149715+0.023229465j),(1.046890311+0.024594485j),(1.046286223+0.020374481j),(1.009756923+0.01197134j),(-0.039493073+0.024410763j),(-0.039492563+0.034278229j),(-0.03984755+0.034689252j),(-0.089716887-0.049965932j),"{'64': {'dP_mw': 0.0, 'dQ_mvar': 0.024375100756788188}, '57': {'dP_mw': 0.0, 'dQ_mvar': 0.03425451182948349}, '55': {'dP_mw': 0.0, 'dQ_mvar': 0.03467017395905734}, '61': {'dP_mw': -0.05, 'dQ_mvar': -0.05}}",1.0610445479717427,-0.05,0.043299786545329025,PISR_breaker_open_noise,12.65
54,1791551206.284592,90,(1.011832697+0.020813138j),(1.053165946+0.026591819j),(1.047137789+0.02299557j),(1.045924438+0.027248924j),(1.044932654+0.020000065j),(1.044797367+0.025980888j),(1.044231128+0.029141289j),(1.05313911+0.045511332j),(1.045987843+0.033118914j),(1.016517554+0.014397117j),(1.016723257+0.00952637j),(0.987494667+0.003373419j),(0.994859131+0.002142463j),(1.006580319+0.000482942j),(0.998973433+0.010976752j),(0.996948956+0.007625434j),(1.001089019+0.008766719j),(1.006175383+0.014278117j),(1.005304775+0.020697735j),(1.051469537+0.031834194j),(1.045245039+0.024582106j),(1.040264764+0.021166779j),(1.050758382+0.025032077j),(1.052005202+0.035361806j),(1.015848227+0.020150708j),(0.991392585-0.005477807j),(0.992013872-0.000273233j),(1.004909721+0.007990026j),(1.010946142+0.011785053j),(1.047592173+0.032374097j),(1.017942162+0.012919497j),(1.001191361-0.005375124j),(0.992260235+0.002188881j),(0.99976399+0.001561118j),(1.022778633+0.010615237j),(1.029888765+0.017859639j),(1.052958443+0.033684688j),(1.03795327+0.027259253j),(1.055771709+0.031439001j),(1.060755608+0.030749946j),(1.054755752+0.026249975j),(1.007796255+0.007702952j),(1.004787955+0.009299232j),(1.009873487+0.01414412j),(1.019092308+0.016861051j),(1.04050138+0.029263927j),(1.023482133+0.020040053j),(1.025628278+0.015562248j),(1.026819676+0.017190502j),(1.025672239+0.018057683j),(1.055713938+0.037422041j),(1.05362686+0.033691433j),(1.057480767+0.030007774j),(1.060533975+0.031993987j),(1.061862875+0.022763383j),(1.041220005+0.011088992j),(1.052210268+0.02959115j),(1.008213848+0.018284885j),(-0.03950342+0.024406497j),(-0.039498426+0.034282335j),(-0.039843048+0.034691385j),(-0.08971637-0.049953152j),"{'64': {'dP_mw': 0.0, 'dQ_mvar': 0.02554095178404789}, '57': {'dP_mw': 0.0016165905266347035, 'dQ_mvar': 0.033746477138941036}, '55': {'dP_mw': 0.0, 'dQ_mvar': 0.03200968610281307}, '61': {'dP_mw': -0.05, 'dQ_mvar': -0.05}}",1.0621068387449872,-0.0483834094733653,0.041297115025801995,PISR_breaker_open_noise,12.7
55,1791551206.3351502,90,(1.009444034+0.024175288j),(1.050518051+0.021124723j),(1.043896271+0.025852211j),(1.045249899+0.025316053j),(1.05298986+0.020699127j),(1.042581697+0.026917133j),(1.037391515+0.024122282j),(1.051966616+0.020302039j),(1.037880636+0.023551895j),(1.019248653+0.015552739j),(1.007522881+0.008555092j),(0.999800374+0.007026315j),(0.988858475+0.007976957j),(0.993254404+0.004297336j),(0.996451699+0.008664233j),(1.01440758+0.005483254j),(1.007586171+0.013687372j),(0.992899133+0.016414392j),(1.008891295+0.021084705j),(1.047043792+0.029967299j),(1.044907141+0.01775096j),(1.046526573+0.03036763j),(1.039138188+0.01846065j),(1.043745053+0.036977089j),(1.025541989+0.014821142j),(0.9919785+0.001277783j),(0.99272912-0.007309495j),(1.001142093+0.009989709j),(1.001453047+0.021258401j),(1.050165507+0.019423929j),(1.005927594+0.015157457j),(0.99812376-0.006938843j),(0.995963033-0.000523151j),(1.000088862-0.00576863j),(1.036571956+0.01265892j),(1.025745723+0.023744849j),(1.058371791+0.016239323j),(1.047678327+0.025759685j),(1.042788518+0.022401384j),(1.047004315+0.036892798j),(1.050876695+0.036699196j),(0.998609646+0.007352832j),(1.001139838+0.009817113j),(1.016074342+0.023549644j),(1.004397261+0.012635961j),(1.049447953+0.014112281j),(1.016174981+0.016716119j),(1.033197959+0.019891701j),(1.037001923+0.019115093j),(1.024269366+0.015615429j),(1.055741962+0.036867551j),(1.049199396+0.034774787j),(1.057091951+0.044307978j),(1.05592248+0.027438219j),(1.056596493+0.022599665j),(1.056817004+0.035533961j),(1.048620603+0.025262239j),(1.009428151+0.01718083j),(-0.039487573+0.025589669j),(-0.037877233+0.033790248j),(-0.039850559+0.032039638j),(-0.089738083-0.049960518j),"{'64': {'dP_mw': 0.0, 'dQ_mvar': 0.02554095178404789}, '57': {'dP_mw': 0.0016165905266347035, 'dQ_mvar': 0.033746477138941036}, '55': {'dP_mw': 0.0, 'dQ_mvar': 0.03200968610281307}, '61': {'dP_mw': -0.05, 'dQ_mvar': -0.05}}",1.0584963691936056,-0.0483834094733653,0.041297115025801995,PISR_breaker_open_noise,12.75
56,1791551206.3849187,90,(1.008929805+0.015357936j),(1.041525895+0.017927225j),(1.046746147+0.019570126j),(1.043596908+0.015796613j),(1.05084814+0.029944308j),(1.033570056+0.019200619j),(1.04311151+0.018638931j),(1.051446154+0.04189362j),(1.047836071+0.025465359j),(1.026953671+0.008647638j),(1.022224459+0.018449267j),(1.002076431-0.000264309j),(0.991058214-0.004489508j),(1.007096028+0.003704091j),(1.010486514+0.002829031j),(0.996931751+0.013430365j),(1.002715673+0.020020242j),(1.004733187+0.019996746j),(1.012807039+0.019609456j),(1.048040022+0.018715912j),(1.054683755+0.019150481j),(1.048073117+0.02344982j),(1.041249917+0.029887728j),(1.054021349+0.031446872j),(1.032656638+0.009581038j),(1.002863423+0.001253468j),(0.993274044-0.007362373j),(1.004638864+0.009544054j),(0.998762206+0.019487824j),(1.051032699+0.030528429j),(1.005394885+0.017573835j),(1.001800928-0.006013763j),(0.989705237-0.007814513j),(0.99200425-0.009545529j),(1.015563232+0.012168892j),(1.026278197+0.009362805j),(1.058181962+0.017138972j),(1.050269113+0.018044671j),(1.048232257+0.021410919j),(1.045750138+0.039708776j),(1.050909502+0.019105461j),(1.007818395+0.012849339j),(1.004156885+0.001303312j),(1.005441326+0.019122204j),(0.99636033+0.023422937j),(1.048807036+0.020357637j),(1.021244865+0.025970085j),(1.018430897+0.011607746j),(1.023496869+0.020429765j),(1.027452874+0.019619723j),(1.062691845+0.040213678j),(1.054752624+0.036243649j),(1.049032291+0.036192496j),(1.052000438+0.033492438j),(1.05665874+0.015345545j),(1.054392125+0.011819006j),(1.046230867+0.020550153j),(1.018428655+0.017880974j),(-0.039488577+0.025580578j),(-0.037894263+0.033785747j),(-0.039823901+0.032025734j),(-0.089732852-0.049963358j),"{'64': {'dP_mw': 0.0, 'dQ_mvar': 0.024367619840166933}, '57': {'dP_mw': 0.0, 'dQ_mvar': 0.03424133001616914}, '55': {'dP_mw': 0.0, 'dQ_mvar': 0.03465016522526072}, '61': {'dP_mw': -0.05, 'dQ_mvar': -0.05}}",1.0634524424382088,-0.05,0.0432591150815968,PISR_breaker_open_noise,12.8
57,1791551206.4353445,90,(1.013278881+0.021946074j),(1.057615823+0.025045467j),(1.052672627+0.023339963j),(1.050825451+0.020103413j),(1.035418964+0.014804052j),(1.048866488+0.026889398j),(1.045477454+0.021910392j),(1.035391181+0.037603726j),(1.047592436+0.030904416j),(1.020638471+0.003772522j),(1.027647847+0.007001327j),(0.999572715-0.003926942j),(1.001709973-0.001614713j),(1.007901619+0.004472326j),(1.007533675+0.003105528j),(1.008769947+0.016743992j),(1.001944099+0.008101484j),(1.010764268+0.018098899j),(1.008693196+0.012346667j),(1.046440403+0.019953086j),(1.045915677+0.027828909j),(1.045193179+0.014649235j),(1.049886084+0.027419638j),(1.043739115+0.033584246j),(1.018061328+0.013388981j),(0.992667563+0.004694244j),(0.998048365-0.000379952j),(0.997580395+0.004943401j),(1.007775536+0.021356287j),(1.05009061+0.017901824j),(0.992608645+0.018514119j),(0.993592773-0.004711944j),(0.992001339+0.004547097j),(0.99620021-0.004102046j),(1.021610145+0.011536576j),(1.023260936+0.011572817j),(1.053583209+0.020488337j),(1.043159211+0.026184178j),(1.044646071+0.024737818j),(1.059635426+0.036038861j),(1.054147691+0.031161986j),(0.996944611+0.016441385j),(0.999848973+0.002453506j),(1.004675911+0.008864101j),(0.99396833+0.009513551j),(1.046292312+0.02976999j),(1.027100743+0.016504029j),(1.013351709+0.026169798j),(1.020055149+0.022460358j),(1.021301541+0.014843982j),(1.056345258+0.044424909j),(1.05849391+0.036370047j),(1.048136584+0.035159231j),(1.056417197+0.044138686j),(1.063300707+0.021055126j),(1.05042166+0.025738396j),(1.04741145+0.025279764j),(1.009305687+0.014370639j),(-0.039508873+0.024397787j),(-0.039503975+0.03426777j),(-0.039840739+0.034673541j),(-0.089724738-0.049976439j),"{'64': {'dP_mw': 0.0, 'dQ_mvar': 0.024367619840166933}, '57': {'dP_mw': 0.0, 'dQ_mvar': 0.03424133001616914}, '55': {'dP_mw': 0.0, 'dQ_mvar': 0.03465016522526072}, '61': {'dP_mw': -0.05, 'dQ_mvar': -0.05}}",1.0635091498607692,-0.05,0.0432591150815968,PISR_breaker_open_noise,12.85
58,1791551206.4850876,90,(0.994064171+0.01280023j),(1.052592589+0.017492478j),(1.047457604+0.026928951j),(1.037639488+0.016712536j),(1.045684163+0.019105582j),(1.05599586+0.014454892j),(1.051384729+0.01685367j),(1.045881796+0.033057064j),(1.054818305+0.025826156j),(1.018123331+0.007707114j),(1.035165677+0.018504781j),(0.990836199+0.001022424j),(0.9970717-0.002007935j),(0.999331137+0.007978533j),(0.994701085+0.007472226j),(0.993151519+0.014404032j),(1.012141945+0.013182173j),(1.005774713+0.024210419j),(1.008874822+0.013130207j),(1.053008503+0.022416406j),(1.050897527+0.022324925j),(1.031933099+0.020037777j),(1.050229176+0.028188727j),(1.059722004+0.041993494j),(1.026597095+0.016751342j),(1.004325336-0.005520736j),(0.98846984+0.002383917j),(0.999632104+0.005644756j),(1.004961734+0.010080959j),(1.053742703+0.026371632j),(1.014660198+0.009344863j),(0.998049525+0.002144307j),(0.991951147+0.000785655j),(0.997090641-0.002165311j),(1.021263875+0.01687356j),(1.02142838+0.015575195j),(1.054501229+0.025605781j),(1.052211399+0.022732221j),(1.050330735+0.029595326j),(1.053647603+0.024064482j),(1.055764761+0.031676912j),(1.001531204+0.0155344j),(1.001190043+0.018925355j),(1.004008095+0.007078109j),(1.002390907+0.020708829j),(1.045582598+0.023858447j),(1.016745298+0.013617375j),(1.022569214+0.019244146j),(1.019622226+0.018962648j),(1.020820001+0.014097985j),(1.048046209+0.02865423j),(1.045315492+0.038953231j),(1.053496853+0.031340769j),(1.046377316+0.040927881j),(1.056487258+0.022390943j),(1.044221806+0.027166977j),(1.051251392+0.023194902j),(1.01018038+0.024090389j),(-0.039499394+0.024416632j),(-0.03951123+0.034261744j),(-0.039847148+0.034688036j),(-0.089719682-0.04996508j),"{'64': {'dP_mw': 0.0, 'dQ_mvar': 0.024363556706821173}, '57': {'dP_mw': 0.0, 'dQ_mvar': 0.034249200848092694}, '55': {'dP_mw': 0.0, 'dQ_mvar': 0.03468496106618603}, '61': {'dP_mw': -0.05, 'dQ_mvar': -0.05}}",1.0605537135384062,-0.05,0.04329771862109989,PISR_breaker_open_noise,12.9
59,1791551206.5354059,91,(1.008245093+0.025577943j),(1.049389044+0.01374989j),(1.051130421+0.026656864j),(1.049921189+0.019965534j),(1.050562275+0.023058802j),(1.05752289+0.028063135j),(1.03328575+0.025559052j),(1.050815798+0.036929346j),(1.044601628+0.024627992j),(1.019193592+0.016435288j),(1.023367049+0.005458702j),(0.999318453+0.001069956j),(1.003995505-0.009836158j),(1.003728292+0.00927604j),(0.997664582+0.004956062j),(1.003016979+0.01807152j),(0.999602302-0.003416525j),(0.999169986+0.022028193j),(0.999774396+0.013398454j),(1.049599876+0.027851497j),(1.052936975+0.027659731j),(1.05252816+0.020991389j),(1.04965463+0.02059806j),(1.049282859+0.032414061j),(1.010404517+0.027515415j),(1.001524604+0.004175681j),(0.997711719+0.000528822j),(1.003126491+0.007991688j),(1.00788602+0.013469128j),(1.042990994+0.021635179j),(1.017564251+0.019028092j),(0.98734911-0.002597943j),(0.996016945+7.8249e-05j),(0.999640301+0.001147271j),(1.01800811+0.012697402j),(1.015949341+0.017590795j),(1.058510863+0.023428796j),(1.039232791+0.028139984j),(1.054573507+0.022499601j),(1.042668316+0.041205582j),(1.054831147+0.034067844j),(1.00830833+0.009601361j),(1.005635586+0.015309501j),(1.007108003+0.021430427j),(1.006671771+0.004934422j),(1.053215602+0.031446476j),(1.021294836+0.012235055j),(1.022135461+0.023245036j),(1.024531916+0.019937545j),(1.015236481+0.015313264j),(1.047153557+0.027765756j),(1.051072597+0.043230531j),(1.045046288+0.034776128j),(1.0523932+0.035508286j),(1.059278515+0.022983582j),(1.048334029+0.023724139j),(1.043499973+0.025441218j),(1.003437972+0.009591056j),(-0.039495752+0.024388757j),(-0.039494096+0.034279209j),(-0.039843795+0.034704006j),(-0.089707719-0.04995331j),"{'64': {'dP_mw': 0.0, 'dQ_mvar': 0.024363556706821173}, '57': {'dP_mw': 0.0, 'dQ_mvar': 0.034249200848092694}, '55': {'dP_mw': 0.0, 'dQ_mvar': 0.03468496106618603}, '61': {'dP_mw': -0.05, 'dQ_mvar': -0.05}}",1.0595278275638427,-0.05,0.04329771862109989,PISR_breaker_open_noise,12.95
60,1791551206.5859888,91,(0.996389169+0.014490427j),(1.046538585+0.027011188j),(1.042306861+0.026695875j),(1.049885863+0.026316288j),(1.055124542+0.036059413j),(1.046830158+0.032076642j),(1.05694435+0.030149405j),(1.043585983+0.034344782j),(1.047264844+0.022361292j),(1.015414281+0.014853279j),(1.022196363+0.0161101j),(0.997372054-0.006776751j),(0.989690555-0.001095753j),(0.998734833+0.01264233j),(0.988753245+0.015397403j),(1.00831954+0.013643324j),(0.995557749+0.01680665j),(1.011881013+0.021395316j),(1.004237993+0.020776351j),(1.042389347+0.015902946j),(1.048878848+0.027047513j),(1.051475554+0.030913576j),(1.041845369+0.024339476j),(1.051290717+0.03118115j),(1.021125145+0.015951549j),(0.992116989+0.004857773j),(0.990461457+0.005088038j),(0.999120491+0.01227722j),(1.010777489+0.010351683j),(1.04737037+0.025418859j),(1.007990613+0.026655137j),(0.998046559-0.00228126j),(0.998353435-0.000277293j),(0.993947514+0.003708979j),(1.029613342+0.007704812j),(1.014571106+0.020137648j),(1.048328803+0.024100637j),(1.042802113+0.02123226j),(1.049864143+0.021619362j),(1.047124504+0.037080804j),(1.049499252+0.039927348j),(1.003864178+0.019921722j),(0.995677838+0.010105179j),(1.00878967+0.01568346j),(1.002596299+0.016306771j),(1.043859212+0.014652561j),(1.017371533+0.018564322j),(1.027674649+0.013630248j),(1.020553767+0.014385615j),(1.014581037+0.014825163j),(1.056192666+0.033488239j),(1.065642927+0.040303746j),(1.050802118+0.039406817j),(1.046598099+0.038520353j),(1.056536705+0.028504362j),(1.046045115+0.028605043j),(1.037940653+0.024759385j),(1.001717236+0.015633154j),(-0.039512177+0.024409253j),(-0.039504548+0.03427354j),(-0.039841215+0.034725618j),(-0.089736689-0.049949629j),"{'64': {'dP_mw': 0.0, 'dQ_mvar': 0.025325323704943125}, '57': {'dP_mw': 0.0012220922505591638, 'dQ_mvar': 0.03222951123362883}, '55': {'dP_mw': 0.0, 'dQ_mvar': 0.03465861634793637}, '61': {'dP_mw': 0.0, 'dQ_mvar': 0.0}}",1.0664048198534926,0.0012220922505591638,0.09221345128650832,PISR_breaker_open_noise,13.0
61,1791551206.6360784,91,(0.992378133+0.021159022j),(1.008627436+0.034887418j),(1.010595554+0.035508058j),(1.013304715+0.032234645j),(1.012323482+0.036353849j),(1.017640128+0.042529355j),(1.015763455+0.035688748j),(1.009578473+0.053741071j),(1.016351886+0.027532342j),(1.006186875+0.023592714j),(0.998799455+0.021468013j),(0.980214785-0.005306875j),(0.988567239+0.002259198j),(0.982394387+0.006932454j),(0.995373174+0.006550301j),(0.991558943+0.004628726j),(0.993213944+0.011350281j),(1.000093621+0.011332983j),(1.003073398+0.025429052j),(1.010028984+0.029428123j),(1.003566129+0.036298005j),(1.009822438+0.040061409j),(1.014051108+0.031936048j),(1.011236189+0.039008962j),(0.989708756+0.027216566j),(0.987682372-0.001389931j),(0.978365885+0.001845622j),(0.984502299+0.004568675j),(0.988590807+0.016770804j),(1.004698852+0.033794415j),(0.987259755+0.009431858j),(0.984833043+0.003794303j),(0.990474034+0.01228153j),(0.986389683-0.003287302j),(0.997882839+0.021279258j),(1.000742061+0.03211392j),(1.012757108+0.033155863j),(1.009037083+0.032028772j),(1.018027038+0.032866723j),(1.017702999+0.050682653j),(1.009867349+0.041460509j),(0.9903603+0.011976059j),(0.992200049+0.007392244j),(0.986802064+0.024342688j),(0.994415677+0.01076064j),(1.013887511+0.033502235j),(0.997086778+0.019434427j),(1.003376313+0.024714349j),(0.999014495+0.021570173j),(0.994310719+0.018825271j),(1.009511822+0.045550021j),(1.015649316+0.044412793j),(1.015566031+0.045971185j),(1.012196116+0.046573924j),(1.017703092+0.0408704j),(1.019531207+0.03514807j),(1.013854084+0.034454922j),(0.997933461+0.017705598j),(-0.039498982+0.025371395j),(-0.038273379+0.032263203j),(-0.039848079+0.03467818j),(-0.039734105+3.8117e-05j),"{'64': {'dP_mw': 0.0, 'dQ_mvar': 0.025325323704943125}, '57': {'dP_mw': 0.0012220922505591638, 'dQ_mvar': 0.03222951123362883}, '55': {'dP_mw': 0.0, 'dQ_mvar': 0.03465861634793637}, '61': {'dP_mw': 0.0, 'dQ_mvar': 0.0}}",1.0201368873203251,0.0012220922505591638,0.09221345128650832,PISR_breaker_open_noise,13.05
62,1791551206.6861563,91,(1.000819865+0.013782237j),(1.006847465+0.037893466j),(1.001114716+0.037773834j),(1.023827143+0.046854905j),(1.002085683+0.034918812j),(1.012960224+0.028187062j),(1.00870088+0.03278473j),(1.012113782+0.041107397j),(1.007867171+0.037553433j),(1.001233835+0.016059104j),(0.994166351+0.024078448j),(0.985126261+0.012567253j),(0.988830868+0.007557613j),(0.984409164+0.009710649j),(0.986713287+0.000243689j),(1.0007629+0.018624322j),(0.996638194+0.022918577j),(0.993905725+0.025380592j),(0.988716167+0.012947439j),(1.007241217+0.040800494j),(1.021313087+0.033832553j),(1.004514064+0.034436899j),(1.005675424+0.032285226j),(1.010615123+0.055906531j),(1.003644615+0.022827066j),(0.985419488-0.007543107j),(0.972859801-0.002381361j),(0.985221713-0.000176604j),(0.984828909+0.007791174j),(1.016361887+0.032506936j),(0.992136598+0.020495106j),(0.994747248+0.000169002j),(0.973060692+0.004867647j),(0.988580025-0.001058509j),(0.993433776+0.008774098j),(0.996119866+0.027407107j),(1.013663594+0.034884319j),(1.014956832+0.032116711j),(1.003744143+0.030507178j),(1.016285318+0.040545433j),(1.016102793+0.040761978j),(0.993112147+0.0122868j),(0.99056843+0.004593606j),(1.000631423+0.014796748j),(0.995090886+0.006300713j),(1.010617595+0.039206317j),(0.999975919+0.020646585j),(0.991338826+0.025478047j),(1.007020104+0.021782588j),(0.998713953+0.01533596j),(1.018500247+0.052118267j),(1.012744922+0.044945993j),(1.021184636+0.052066391j),(1.010351367+0.039083406j),(1.011795719+0.032965064j),(1.007969714+0.037203112j),(1.015829741+0.032515801j),(0.991745345+0.010773928j),(-0.039509767+0.025359863j),(-0.038290721+0.032258741j),(-0.039830744+0.034686223j),(-0.039717704+3.2601e-05j),"{'64': {'dP_mw': 0.0, 'dQ_mvar': 0.0}, '57': {'dP_mw': 0.0, 'dQ_mvar': 0.0}, '55': {'dP_mw': 0.0, 'dQ_mvar': 0.0}, '61': {'dP_mw': 0.0, 'dQ_mvar': 0.0}}",1.0248987271267838,0.0,0.0,PISR_breaker_open_noise,13.1
63,1791551206.7359676,91,(1.020638097-0.000916431j),(1.035990226+0.014149761j),(1.03102747+0.014825879j),(1.041416271+0.015267896j),(1.040835756+0.017635681j),(1.041001063+0.015420563j),(1.037815452+0.009767604j),(1.050593562+0.022792813j),(1.037749689+0.020885921j),(1.011036746+0.005905494j),(1.023875473+0.010276987j),(1.004339254-0.007304365j),(0.999634749-0.004962023j),(1.001637071+0.002215558j),(1.00727663+0.003760449j),(1.016969974+0.006807295j),(1.01244151+0.006418159j),(1.017367313+0.014620383j),(1.019661362-0.005258879j),(1.03530719+0.014480458j),(1.039745923+0.022358722j),(1.028166807+0.025152023j),(1.043208236+0.013165702j),(1.043371524+0.015693679j),(1.015247587+0.014756211j),(0.99717196-0.001882186j),(1.008940304+0.010579787j),(1.009581652+0.000842074j),(1.010797329+0.007202811j),(1.041898631+0.029605319j),(1.014531396+0.00857972j),(1.000042582+0.002928016j),(1.003891186-0.003868182j),(1.011629538+0.003386599j),(1.018859519+0.000656476j),(1.026853981+0.01126912j),(1.047927681+0.017780662j),(1.043863016+0.007933676j),(1.044512977+0.010687166j),(1.047988665+0.016499431j),(1.042737675+0.018415489j),(1.001126446-0.001523393j),(1.008900991+0.005870776j),(1.014984957+0.001023074j),(1.011613214+0.004363434j),(1.039468083+0.017383387j),(1.016823779+0.004596192j),(1.026252009-0.000956059j),(1.023391656+0.018273159j),(1.028386878+0.008650946j),(1.049294272+0.017140066j),(1.036838798+0.020685928j),(1.053086237+0.019401709j),(1.039441192+0.022436404j),(1.04511788+0.012436135j),(1.046990762+0.024752395j),(1.032405342+0.016803813j),(1.022318496+0.011003234j),(-0.039501298+3.6079e-05j),(-0.039517006+4.2161e-05j),(-0.039846562+1.5514e-05j),(-0.039748371+3.0959e-05j),"{'64': {'dP_mw': 0.0, 'dQ_mvar': 0.0}, '57': {'dP_mw': 0.0, 'dQ_mvar': 0.0}, '55': {'dP_mw': 0.0, 'dQ_mvar': 0.0}, '61': {'dP_mw': 0.0, 'dQ_mvar': 0.0}}",1.05326494713863,0.0,0.0,PISR_breaker_open_noise,13.15
64,1791551206.7867563,91,(1.022803143+0.007789604j),(1.046706722+0.021054008j),(1.032503523+0.013737804j),(1.03899602+0.020886611j),(1.031289117+0.007602003j),(1.041234587+0.018889273j),(1.035791157+0.020354449j),(1.044514456+0.015410335j),(1.035999332+0.002078125j),(1.017213636+0.009709524j),(1.009675204+0.001857082j),(1.001011819+0.010736j),(0.999827165+0.002712884j),(1.001144595+0.005468628j),(1.007393476-0.00483213j),(1.012278229+0.003176891j),(1.011038542+0.011579217j),(1.01363664+0.010057789j),(1.021162626+0.006873528j),(1.032269239+0.018514249j),(1.032408576+0.021797007j),(1.037274205+0.010551903j),(1.035548445+0.017968266j),(1.044129347+0.00890647j),(1.03181563+0.011135963j),(1.003324782-0.000186636j),(0.998523345+0.002523242j),(1.013016334+0.006830788j),(1.01677846+0.000980903j),(1.044645992+0.020180824j),(1.02146695+0.008751305j),(1.003652966+0.002196601j),(1.003874124+0.003253515j),(0.993611564-0.00113061j),(1.023337198+0.002337114j),(1.012399971+0.007793562j),(1.038562835+0.024937573j),(1.04424673+0.015068412j),(1.040172733+0.020959446j),(1.047560885+0.013785478j),(1.046939745+0.014745103j),(1.019140565-0.001382347j),(1.01260408+0.001304324j),(1.014751752+0.004172425j),(1.017715088+0.021496531j),(1.042649012+0.013190831j),(1.017359791+0.005378427j),(1.030466055+0.01329943j),(1.015211686+0.01703738j),(1.020191377+0.010947667j),(1.052092454+0.018889575j),(1.036868719+0.014749569j),(1.048255916+0.023179073j),(1.053024091+0.012366462j),(1.038048725+0.022454175j),(1.040452629+0.010375524j),(1.048274033+0.016231477j),(1.019277914+0.002135298j),(-0.039511397+4.3646e-05j),(-0.039516489+3.8526e-05j),(-0.039833232+2.7958e-05j),(-0.039727545+3.1509e-05j),"{'64': {'dP_mw': 0.0, 'dQ_mvar': 0.0}, '57': {'dP_mw': 0.0, 'dQ_mvar': 0.0}, '55': {'dP_mw': 0.0, 'dQ_mvar': 0.0}, '61': {'dP_mw': 0.0, 'dQ_mvar': 0.0}}",1.0530967028762237,0.0,0.0,PISR_breaker_open_noise,13.2
65,1791551206.836399,91,(1.022025238+0.004117959j),(1.039779924+0.015953384j),(1.034820463+0.023270527j),(1.038081+0.013808743j),(1.036546657+0.01747682j),(1.034776465+0.017580718j),(1.036129039+0.013140506j),(1.054506238+0.024301607j),(1.038269745+0.009310686j),(1.026681126+0.001148285j),(1.02172204+0.012115543j),(1.006294001+0.006065134j),(1.001831005+0.003218345j),(1.013416503+0.006908789j),(1.005477098+0.011392758j),(1.011207916+0.006681998j),(1.011201424+0.011710558j),(1.011601642+0.002829871j),(1.019983987+0.003872989j),(1.042672248+0.021265507j),(1.042942114+0.019335071j),(1.035878764+0.023850921j),(1.044579855+0.002102366j),(1.051014573+0.021040913j),(1.017106349+0.007465376j),(1.005501423-0.009618622j),(1.004060454+0.006169959j),(1.00382971+0.003631924j),(1.021442572+0.009599339j),(1.039361296+0.012096577j),(1.00842666+0.008286026j),(1.000060632+0.006346237j),(1.014863642+0.006618678j),(1.002106445-0.001715073j),(1.015402023+0.004157995j),(1.019345713+0.012807111j),(1.041949672+0.003990585j),(1.039848535+0.012378671j),(1.042495845+0.015755742j),(1.047897353+0.013178071j),(1.043275312+0.018051645j),(1.013356128+0.009475356j),(1.01208295+0.008221936j),(1.023020342+0.014614733j),(1.008615567+0.00520606j),(1.041280795+0.011448843j),(1.019193217+0.00917679j),(1.023857971+0.014301626j),(1.023153069+0.004836954j),(1.025721759+0.008007475j),(1.052679663+0.025520018j),(1.05596868+0.011802477j),(1.055658248+0.023388301j),(1.052616663+0.018756523j),(1.04343753+0.016835821j),(1.041504986+0.02138121j),(1.043400384+0.018639344j),(1.021373813+0.001766025j),(-0.039507296+5.5074e-05j),(-0.039498023+3.9536e-05j),(-0.039852257+4.1009e-05j),(-0.039731099+1.5612e-05j),"{'64': {'dP_mw': 0.0, 'dQ_mvar': 0.0}, '57': {'dP_mw': 0.0, 'dQ_mvar': 0.0}, '55': {'dP_mw': 0.0, 'dQ_mvar': 0.0}, '61': {'dP_mw': 0.0, 'dQ_mvar': 0.0}}",1.0560346356082637,0.0,0.0,PISR_breaker_open_noise,13.25
66,1791551206.8869543,91,(1.01443277-0.001367807j),(1.029017985+0.02019152j),(1.024897459+0.007748407j),(1.035675954+0.020482271j),(1.03637104+0.015479114j),(1.036911394+0.01814716j),(1.028485797+0.029630874j),(1.048097824+0.013959569j),(1.031341227+0.015755034j),(1.022355152+0.016841949j),(1.026406367+0.006772986j),(0.99491053-0.003687037j),(1.006577551+0.002339068j),(1.010474596+0.009687011j),(1.020192206+0.00120844j),(1.017027198+0.008136585j),(1.017901517+0.000133544j),(1.030676744+0.007323415j),(1.002609429+0.003674833j),(1.039761852+0.020031141j),(1.03630538+0.026966345j),(1.034678085+0.02192954j),(1.045793367+0.014401551j),(1.045792374+0.026570041j),(1.02381087+0.006611791j),(1.001344551+0.004517941j),(1.001947252-0.002937031j),(1.009868566-0.003200409j),(1.01741294+0.01656517j),(1.044745983+0.024815246j),(1.016546632+0.006752262j),(1.006262274-0.000114186j),(1.003944792+0.001177447j),(1.003084133-0.005290191j),(1.02301798+0.013550984j),(1.026504316+0.004443856j),(1.040225173+0.018620761j),(1.042050386+0.007118049j),(1.038487756+0.018608545j),(1.050420912+0.02012135j),(1.051099199+0.017053756j),(1.011346125+0.001925578j),(1.007175191+0.01187249j),(1.021018129+7.3629e-05j),(1.019302835+0.008700546j),(1.030331139+0.016686034j),(1.03016246+0.004255339j),(1.020590129+0.003770208j),(1.026004315+0.008615284j),(1.025089699+0.001555794j),(1.05102004+0.029736226j),(1.055316427+0.011462404j),(1.04556569+0.023115521j),(1.052443105+0.018630786j),(1.048180669+0.022377696j),(1.051984199+0.021545244j),(1.04374363+0.021501221j),(1.025691013+0.006789594j),(-0.039496107+4.1726e-05j),(-0.039511748+3.8316e-05j),(-0.039836803+3.1612e-05j),(-0.039717596+2.2461e-05j),"{'64': {'dP_mw': 0.0, 'dQ_mvar': 0.0}, '57': {'dP_mw': 0.0, 'dQ_mvar': 0.0}, '55': {'dP_mw': 0.0, 'dQ_mvar': 0.0}, '61': {'dP_mw': 0.0, 'dQ_mvar': 0.0}}",1.0553786750742624,0.0,0.0,PISR_breaker_open_noise,13.3
67,1791551206.9364974,91,(1.018099223+0.013025942j),(1.037132876+0.017616566j),(1.031937437+0.014971396j),(1.048221934+0.013175995j),(1.035077676+0.023171019j),(1.035078846+0.023509667j),(1.04786044+0.007499533j),(1.038189953+0.017751625j),(1.033278567+0.017391924j),(1.017796814+0.01304371j),(1.020639637+0.011729243j),(1.004300561-0.000679565j),(1.001340278-0.005821107j),(1.003559077+0.004166128j),(1.005848923+0.005464932j),(1.009388308+0.00263272j),(1.00798894+0.010795223j),(1.025881046+0.007254669j),(1.016238989+0.006644478j),(1.035391468+0.019033455j),(1.030629588-0.001270781j),(1.042614222+0.009992791j),(1.047342724+0.011361498j),(1.039250977+0.02096315j),(1.025000025+0.010647491j),(1.010279596+0.002322131j),(0.999159505-0.002616126j),(1.010547389+0.005651134j),(1.012504197+0.003989359j),(1.031506203+0.015607753j),(1.019844048+0.013756041j),(1.00719962-0.007110236j),(1.001456722+0.00463858j),(0.998251449+0.000297309j),(1.014296661+0.003508199j),(1.032637675+0.005268148j),(1.043651489+0.020223207j),(1.033537898+0.019845074j),(1.043878093+0.01899289j),(1.043126279+0.01390212j),(1.059561246+0.023073568j),(1.010193565+0.001014976j),(1.009052582+0.005135678j),(1.020071028+0.004709474j),(1.007662871+0.001859985j),(1.045018295+0.012004369j),(1.028801357+0.007426573j),(1.017357814+0.006695513j),(1.028200691+0.021030944j),(1.02031751+0.006183959j),(1.046413769+0.021716267j),(1.04564033+0.020881098j),(1.049875165+0.018580546j),(1.043844083+0.021569269j),(1.042142978+0.021433982j),(1.04297163+0.014206819j),(1.040775024+0.008988337j),(1.011974426+0.007519789j),(-0.039501823+4.0565e-05j),(-0.039503927+2.5121e-05j),(-0.039823063+4.2398e-05j),(-0.039725837+2.8167e-05j),"{'64': {'dP_mw': 0.0, 'dQ_mvar': 0.0}, '57': {'dP_mw': 0.0, 'dQ_mvar': 0.0}, '55': {'dP_mw': 0.0, 'dQ_mvar': 0.0}, '61': {'dP_mw': 0.0, 'dQ_mvar': 0.0}}",1.0598124473534565,0.0,0.0,PISR_breaker_open_noise,13.35
68,1791551206.9875221,91,(1.018428248+0.009594635j),(1.043797419+0.021309964j),(1.04803805+0.015452215j),(1.041873799+0.01995194j),(1.040028459+0.008018681j),(1.030342823+0.016130024j),(1.041127428+0.013812302j),(1.044100721+0.01684127j),(1.037895448+0.010655639j),(1.0170842+0.009412179j),(1.025513577+0.012040368j),(1.004006539-0.003883214j),(1.011301705+0.004245131j),(1.002807458+0.003936416j),(1.009577176+0.002933259j),(1.01859366+0.005282166j),(1.015284972+0.004831562j),(1.023105617+0.007509753j),(1.017716902+0.011559784j),(1.051953554+0.013083323j),(1.031176228+0.017813265j),(1.034916421+0.021451844j),(1.034213604+0.022743997j),(1.044963818+0.018238483j),(1.016297998+0.018104077j),(1.012984159-0.010718147j),(1.006828365+0.003047692j),(1.005423513-0.004367424j),(1.006761171+0.008325327j),(1.0368336+0.017413113j),(1.023473178+0.007032941j),(1.004219324-0.006432611j),(0.99714607+0.004965306j),(1.006914499+0.013500461j),(1.017520729+0.017032876j),(1.026275871+0.007625041j),(1.037439714+0.024651791j),(1.04209292+0.012572528j),(1.038749479+0.012419902j),(1.048913462+0.021119149j),(1.048637768+0.017359704j),(1.023522774+0.005828596j),(1.008962024+0.003278053j),(1.020660511+0.005704018j),(1.017427844+0.00734039j),(1.035639643+0.014454889j),(1.017937731+0.007517778j),(1.022621566+0.011607505j),(1.034969706+0.010402056j),(1.019084075+0.021636318j),(1.046315896+0.019920627j),(1.042780235+0.020592984j),(1.048235035+0.026962703j),(1.044043596+0.014707701j),(1.04383282+0.013970115j),(1.046342892+0.017178784j),(1.042997859+0.016737205j),(1.008825433+0.014926498j),(-0.039506085+1.8437e-05j),(-0.039495013+3.2515e-05j),(-0.039834115+2.0768e-05j),(-0.039726972+2.1388e-05j),"{'64': {'dP_mw': 0.0, 'dQ_mvar': 0.0}, '57': {'dP_mw': 0.0, 'dQ_mvar': 0.0}, '55': {'dP_mw': 0.0, 'dQ_mvar': 0.0}, '61': {'dP_mw': 0.0, 'dQ_mvar': 0.0}}",1.0520349105965796,0.0,0.0,PISR_breaker_open_noise,13.4
69,1791551207.0375247,91,(1.01604767-0.003589716j),(1.027350879+0.013722401j),(1.035404353+0.01433915j),(1.035881418+0.017184507j),(1.043220571+0.013520042j),(1.039694411+0.019033977j),(1.032855173+0.020042281j),(1.037838713+0.022335452j),(1.040953905+0.022163285j),(1.019625348+0.007068487j),(1.023209311+0.010341459j),(1.004230916+0.003228673j),(0.998896229+0.001233221j),(1.02264309+0.007124898j),(1.008897508+0.003655276j),(1.015631916+0.000127646j),(1.006623637+0.006081891j),(1.021193995+0.009425035j),(1.025783083+0.003286283j),(1.035878251+0.021607331j),(1.043552917+0.021900441j),(1.040812464+0.001852066j),(1.043188491+0.014452967j),(1.045642596+0.020757203j),(1.024618146+0.012275843j),(0.991753763+0.000779407j),(1.006270849+0.003314493j),(1.00361477-0.009729547j),(1.019096015+0.002384901j),(1.04684482+0.009412714j),(1.020885143+0.005073104j),(1.003977169+0.002559781j),(1.004397581+0.001460846j),(1.009496198-0.00247618j),(1.023704565+0.007263209j),(1.017103602+0.010942201j),(1.037936509+0.013637992j),(1.045039149+0.015942982j),(1.041837898+0.014203587j),(1.044712724+0.026091553j),(1.051914779+0.013347342j),(1.013697779+0.000652051j),(1.020566082+0.004843475j),(1.015068274+0.00288649j),(1.010478609+0.005919583j),(1.037982871+0.010875885j),(1.027615464+0.009457865j),(1.022761447+0.011054267j),(1.020866593+0.007922784j),(1.030714348+0.013155142j),(1.047022414+0.025824638j),(1.05000514+0.016014454j),(1.045366854+0.020765011j),(1.040538102+0.011549379j),(1.044076225+0.019369413j),(1.043378986+0.014707309j),(1.041584089+0.01939386j),(1.019632067-0.001200319j),(-0.039504663+3.3851e-05j),(-0.039496834+4.9717e-05j),(-0.039839925+2.8477e-05j),(-0.039735947+3.1194e-05j),"{'64': {'dP_mw': 0.0, 'dQ_mvar': 0.0}, '57': {'dP_mw': 0.0, 'dQ_mvar': 0.0}, '55': {'dP_mw': 0.0, 'dQ_mvar': 0.0}, '61': {'dP_mw': 0.0, 'dQ_mvar': 0.0}}",1.0519994552361156,0.0,0.0,PISR_breaker_open_noise,13.45
70,1791551207.0869522,91,(1.030673903+0.008872029j),(1.039746973+0.013887616j),(1.041104198+0.017489372j),(1.041497518+0.023346741j),(1.047028937+0.013011219j),(1.037810549+0.017294106j),(1.038860744+0.020009316j),(1.044664163+0.007021781j),(1.030574893+0.018887794j),(1.019198632+0.007793263j),(1.015796847+0.003614565j),(1.008805649-0.002571137j),(0.997212799+0.004778591j),(1.012838691+0.013329839j),(1.008664434-0.003321392j),(1.012954544+0.00699573j),(1.011449281+0.004707481j),(1.018052628+0.003059695j),(1.019593137+0.010281037j),(1.033871454+0.019814573j),(1.0385967+0.017329488j),(1.033142171+0.012851985j),(1.042390374+0.013716373j),(1.036691206+0.02089464j),(1.022618549+0.002042227j),(0.99943464-0.000904396j),(0.997897607+0.00307292j),(1.008624055-0.001147333j),(1.02116683+0.00625693j),(1.042164502+0.016557868j),(1.019878748+0.005765164j),(1.000091025+0.002998432j),(1.009771862+0.001915759j),(1.008125757-0.002742416j),(1.01626974+0.015461212j),(1.013776982+0.009144832j),(1.041293736+0.012140924j),(1.036051486-0.004074012j),(1.038974765+0.015044735j),(1.053272562+0.024076403j),(1.052386452+0.021102732j),(1.011911248+0.000847847j),(1.017894107+0.002222218j),(1.024445004+0.015392245j),(1.011252402+0.000142805j),(1.042460441+0.019455808j),(1.016797215+0.002620777j),(1.028275016+0.016014505j),(1.02915557+0.019599815j),(1.023974843+0.017025736j),(1.054786606+0.014989952j),(1.047187249+0.02355062j),(1.056695303+0.023774863j),(1.046021788+0.025396262j),(1.037915905+0.01842239j),(1.03511646+0.021083493j),(1.045857759+0.016913992j),(1.028446522+0.012170486j),(-0.039509053+3.8776e-05j),(-0.039496496+3.4071e-05j),(-0.039841008+4.3292e-05j),(-0.039735511+1.086e-05j),"{'64': {'dP_mw': 0.0, 'dQ_mvar': 0.0}, '57': {'dP_mw': 0.0, 'dQ_mvar': 0.0}, '55': {'dP_mw': 0.0, 'dQ_mvar': 0.0}, '61': {'dP_mw': 0.0, 'dQ_mvar': 0.0}}",1.0569627275798,0.0,0.0,PISR_breaker_open_noise,13.5
71,1791551207.1372,91,(1.026309716+0.007079254j),(1.043748889+0.017713119j),(1.031392821+0.015799114j),(1.031981672+0.017752885j),(1.041080071+0.003462511j),(1.038271545+0.013789297j),(1.037448194+0.004090873j),(1.045774703+0.017806687j),(1.039972691+0.013208209j),(1.017690517+0.005192186j),(1.030447059+0.007022205j),(1.00710009-0.005100945j),(1.003088772+0.007833619j),(1.007021868+0.009092476j),(1.004499755+0.009702223j),(1.020957133+0.005182815j),(1.013162433+0.011061401j),(1.018063776+0.00907279j),(1.021124731+0.010527974j),(1.044462178+0.004780284j),(1.042643962+0.014793477j),(1.031316432+0.014265076j),(1.043823806+0.026847003j),(1.046489815+0.007985584j),(1.022375992+0.001752449j),(1.003008724+0.007350277j),(1.006341238+0.011973003j),(1.006356879+0.001419384j),(1.024050909-6.4386e-05j),(1.031032057+0.013713328j),(1.025201238+0.011317595j),(1.001594764+0.00239205j),(1.002869944+0.00020794j),(1.004844242+0.00422686j),(1.03163957+0.016295818j),(1.025373605+0.012733915j),(1.03743259+0.012089297j),(1.037192909+0.008978571j),(1.028163027+0.023711673j),(1.040329206+0.01818828j),(1.047297543+0.023101932j),(1.004939335+0.00481488j),(1.013337507+0.001920185j),(1.022634289+0.016231811j),(1.014301873+0.002507159j),(1.048782765+0.018300089j),(1.026045398+0.011856481j),(1.023625533+0.019988317j),(1.02578439+0.015119124j),(1.02174714+0.008719107j),(1.055897165+0.016096461j),(1.051014881+0.017529568j),(1.04917323+0.021451196j),(1.044020154+0.017203891j),(1.046125055+0.02230403j),(1.047108802+0.012808445j),(1.038124921+0.014092623j),(1.023678764+0.002807791j),(-0.039485685+2.7565e-05j),(-0.039503806+3.7817e-05j),(-0.03982886+2.0149e-05j),(-0.039730104+1.5662e-05j),"{'64': {'dP_mw': 0.0, 'dQ_mvar': 0.0}, '57': {'dP_mw': 0.0, 'dQ_mvar': 0.0}, '55': {'dP_mw': 0.0, 'dQ_mvar': 0.0}, '61': {'dP_mw': 0.0, 'dQ_mvar': 0.0}}",1.0560198478777574,0.0,0.0,PISR_breaker_open_noise,13.55
72,1791551207.1883314,91,(1.020050466+0.005155041j),(1.039782276+0.009892426j),(1.039513875+0.013433649j),(1.03723394+0.025746516j),(1.039842329+0.016670436j),(1.038032533+0.008883413j),(1.049972818+0.018490328j),(1.04737391+0.029200891j),(1.043376745+0.012453523j),(1.021814224+0.002441377j),(1.02220965+0.006342602j),(1.005430913+0.001568803j),(0.989291333-0.004052095j),(1.018380805+0.002538044j),(1.020285267+0.006797007j),(1.010771049+0.003001601j),(1.022689737+0.00365849j),(1.017114558-0.002389986j),(1.016764326+0.001326404j),(1.033957292+0.024688683j),(1.031118309+0.011795997j),(1.045201843+0.017643801j),(1.04438478+0.018560963j),(1.049434061+0.025277173j),(1.025031322+0.019789342j),(0.99324974-0.002210067j),(1.00488605-0.004237016j),(1.011723456+0.000647608j),(1.012058182+0.014709339j),(1.041318344+0.017698155j),(1.018294209+0.006400674j),(1.000668099-0.00646991j),(1.001640621-4.2196e-05j),(1.003761046+0.001986911j),(1.019527192-0.004203384j),(1.022824812+0.006220497j),(1.02852867+0.019525464j),(1.036483384+0.006827523j),(1.042152466+0.018667735j),(1.052021368+0.02424321j),(1.051186698+0.022644571j),(1.013332689-0.001000582j),(1.017465411+0.008260318j),(1.022027014+0.003323757j),(1.016142769+0.01056389j),(1.037703155+0.018537024j),(1.023731112+0.014629375j),(1.02213817+0.009684604j),(1.019684188+0.015037866j),(1.024043225+0.004677414j),(1.052381407+0.022177674j),(1.04628891+0.01190236j),(1.052059244+0.015767856j),(1.053641942+0.020773862j),(1.042837942+0.015268815j),(1.045917186+0.023727714j),(1.037287466+0.01730905j),(1.025261681+0.003536721j),(-0.039485549+5.1019e-05j),(-0.039484854+4.166e-05j),(-0.039833221+1.125e-06j),(-0.039732237+2.0627e-05j),"{'64': {'dP_mw': 0.0, 'dQ_mvar': 0.0}, '57': {'dP_mw': 0.0, 'dQ_mvar': 0.0}, '55': {'dP_mw': 0.0, 'dQ_mvar': 0.0}, '61': {'dP_mw': 0.0, 'dQ_mvar': 0.0}}",1.0538467133715066,0.0,0.0,PISR_breaker_open_noise,13.6
73,1791551207.2380204,91,(1.017773372+0.01081293j),(1.040628571+0.014777267j),(1.038087893+0.014100014j),(1.043766684+0.011180036j),(1.043257587+0.017313636j),(1.046456732+0.014704504j),(1.033781277+0.029873857j),(1.047569167+0.018750715j),(1.037358785+0.021121505j),(1.031340592+0.00827843j),(1.025276393+0.014232596j),(1.006826573+0.00459572j),(1.007565777+0.002654419j),(1.007281715+0.002655508j),(1.006496526+0.006882666j),(1.015856674+0.010682424j),(1.01667161+0.008470026j),(1.019008707+0.013710086j),(1.017423628+0.001154487j),(1.03795837+0.020915373j),(1.031870108+0.012023073j),(1.045952667+0.019205928j),(1.049715026+0.018117495j),(1.048170707+0.022473062j),(1.020787864-0.002342302j),(1.001258299-0.005069162j),(1.00612621+0.001583009j),(1.00822744+0.005951459j),(1.021722883+0.007810222j),(1.037488957+0.015925109j),(1.020961179+0.010321176j),(1.00598037+0.001377253j),(1.015540232-0.001164527j),(1.002304465+0.000964751j),(1.027981505+0.010001474j),(1.035382321+0.006009957j),(1.040618661+0.015363511j),(1.033685631+0.017009388j),(1.035659594+0.023027561j),(1.051232233+0.013840088j),(1.049301158+0.023094209j),(1.006622884+0.009468996j),(1.014522712-0.003599174j),(1.02721902+0.001378397j),(1.016432384-0.001135521j),(1.039864627+0.01619821j),(1.024030706+0.02344203j),(1.026908471+0.008902631j),(1.025264336+0.011239454j),(1.026875188+0.012711002j),(1.054234321+0.018633648j),(1.048666798+0.014750732j),(1.047724279+0.023080557j),(1.044770773+0.004946052j),(1.04155152+0.016521232j),(1.040761224+0.019577848j),(1.037608621+0.016554072j),(1.020598239-0.001889252j),(-0.039507183+3.664e-05j),(-0.039512479+4.3079e-05j),(-0.03984887+4.1731e-05j),(-0.039718984+3.32e-05j),"{'64': {'dP_mw': 0.0, 'dQ_mvar': 0.0}, '57': {'dP_mw': 0.0, 'dQ_mvar': 0.0}, '55': {'dP_mw': 0.0, 'dQ_mvar': 0.0}, '61': {'dP_mw': 0.0, 'dQ_mvar': 0.0}}",1.0543989835029808,0.0,0.0,PISR_breaker_open_noise,13.65
74,1791551207.2884195,91,(1.025368024+0.012761449j),(1.048127739+0.008127489j),(1.043092285+0.008573974j),(1.038322048+0.0177478j),(1.03733521+0.019038654j),(1.033509112+0.018017787j),(1.039837696+0.014136455j),(1.043225645+0.020297913j),(1.036620859+0.014861211j),(1.024818989+0.003097619j),(1.018207229+0.003529135j),(1.002504428-0.003632557j),(0.999123093-0.003759975j),(1.009610944+0.007604891j),(1.009284617+0.002142512j),(1.007020122+0.011160916j),(1.01702592+0.004179485j),(1.017262569+0.005964468j),(1.026657118+0.018771398j),(1.037628705+0.010143146j),(1.044894182+0.020836881j),(1.039579919+0.028642618j),(1.046674061+0.014066729j),(1.039756996+0.029912615j),(1.010589214+0.009980681j),(1.003386813-0.000298599j),(1.00751263+0.014735124j),(1.005481681+0.006668018j),(1.017436669+0.008268676j),(1.044346442+0.019630236j),(1.015448971+0.00803209j),(0.997496708-0.000320952j),(1.001798251-0.000967692j),(0.999358281-0.001938184j),(1.023226057+0.007317606j),(1.020153432+0.008210116j),(1.041027372+0.01654832j),(1.036825041+0.017924316j),(1.031318521+0.015908988j),(1.051500822+0.028087807j),(1.05259612+0.021453912j),(1.01738454+0.007680838j),(1.018628821+0.005709557j),(1.026464572-0.001035685j),(1.016899424+0.002030739j),(1.041192174+0.013717667j),(1.020158839+0.01733405j),(1.02468849+0.013528282j),(1.028985294+0.007843766j),(1.023722695+0.006803592j),(1.048813097+0.028334983j),(1.052059373+0.019439524j),(1.038495538+0.018110628j),(1.053904952+0.01016002j),(1.041572496+0.02442302j),(1.035226633+0.017962887j),(1.037996923+0.01869934j),(1.01780884+0.006315255j),(-0.039491625+2.2564e-05j),(-0.039497477+4.1391e-05j),(-0.03984151+3.4777e-05j),(-0.039716904+3.5736e-05j),"{'64': {'dP_mw': 0.0, 'dQ_mvar': 0.0}, '57': {'dP_mw': 0.0, 'dQ_mvar': 0.0}, '55': {'dP_mw': 0.0, 'dQ_mvar': 0.0}, '61': {'dP_mw': 0.0, 'dQ_mvar': 0.0}}",1.053953923972259,0.0,0.0,PISR_breaker_open_noise,13.7
75,1791551207.3386173,91,(1.01327913+0.002928987j),(1.038235843+0.014098004j),(1.039471577+0.015274359j),(1.046676552+0.019545999j),(1.035837137+0.010385411j),(1.0293274+0.007469611j),(1.043083309+0.008873481j),(1.039187351+0.025582982j),(1.029125865+0.012165006j),(1.026260001+0.014735475j),(1.023390817+0.015669856j),(1.003621594+0.00822856j),(0.998333183+0.000612597j),(1.00062001+0.00414641j),(1.003434146+0.003615113j),(1.018395725+0.002956441j),(1.021058842+0.002022309j),(1.014200007+0.008515739j),(1.017717926+0.001953299j),(1.037637744+0.011386864j),(1.037108362+0.01209443j),(1.037144322+0.012195748j),(1.044974029+0.021016338j),(1.037711921+0.013169666j),(1.025755926+0.010465718j),(1.009729553+1.3268e-05j),(1.007188643-0.00922671j),(1.021759243-0.004006662j),(1.01679087+0.001939685j),(1.03579053+0.014669714j),(1.014546556+0.002792166j),(1.001845277-0.005837847j),(0.999587725+0.002501798j),(1.008214293-0.000575419j),(1.03261073+0.004165351j),(1.028146129+0.018338508j),(1.037208072+0.018071081j),(1.037314959+0.015000589j),(1.039837141+0.018156987j),(1.049891445+0.036370239j),(1.038340685+0.022792212j),(1.012807078+0.002886485j),(1.003258546+0.002430066j),(1.021940539+0.003615693j),(1.00505416+0.008953902j),(1.036363473+0.015166231j),(1.020580038+0.010297713j),(1.032263726+0.012299938j),(1.033676262+0.008825014j),(1.022796827+0.005371066j),(1.04507625+0.017131452j),(1.0545115+0.017449497j),(1.035618598+0.018561696j),(1.044444626+0.012738841j),(1.042208933+0.012743536j),(1.042367182+0.0163151j),(1.038121988+0.014772093j),(1.025375051+0.010135808j),(-0.039510807+5.3943e-05j),(-0.039498203+2.3497e-05j),(-0.039844095+2.0825e-05j),(-0.039740935+4.8188e-05j),"{'64': {'dP_mw': 0.0, 'dQ_mvar': 0.0}, '57': {'dP_mw': 0.0, 'dQ_mvar': 0.0}, '55': {'dP_mw': 0.0, 'dQ_mvar': 0.0}, '61': {'dP_mw': 0.0, 'dQ_mvar': 0.0}}",1.0546558626290394,0.0,0.0,PISR_breaker_open_noise,13.75
76,1791551207.3901026,91,(1.02235259+0.018837808j),(1.037101691+0.019686096j),(1.039941701+0.01182239j),(1.045329901+0.014929172j),(1.039017686+0.018471049j),(1.034959975+0.011306997j),(1.044476478+0.012964458j),(1.053722063+0.021226664j),(1.030226755+0.01429711j),(1.024686309+0.008425361j),(1.027915462+0.00643671j),(1.004896947-0.001826476j),(1.000306649+0.008299512j),(1.009028587+0.007022921j),(1.007311223+0.015414109j),(1.016972447+0.000973977j),(1.032071256+0.0224616j),(1.018245592+0.002349894j),(1.021899752+0.013592529j),(1.044781512+0.009991153j),(1.038704198+0.021279754j),(1.037809181+0.011367445j),(1.03781005+0.015220818j),(1.060113722+0.023286247j),(1.018585246+0.018784622j),(1.012773454+0.001305765j),(0.991880673-0.008027719j),(1.005332873+0.009894059j),(1.019031314+0.010747456j),(1.036457953+0.00812172j),(1.01334638+0.004439118j),(1.002981687-0.00208345j),(1.000379491+0.001840263j),(1.003945623-0.002167668j),(1.011445265+0.014097627j),(1.018741606+0.012067228j),(1.037930769+0.014494669j),(1.030192933+0.014568249j),(1.048118994+0.014985809j),(1.048338182+0.023163834j),(1.0490375+0.018064652j),(1.000128161+0.002855034j),(1.009082676+0.009308611j),(1.016817116+0.006144796j),(1.007224254+0.009677604j),(1.038114457+0.017553054j),(1.027624269+0.013920774j),(1.019525808+0.0147723j),(1.022610462+0.003639089j),(1.021282755+0.008641151j),(1.047210612+0.023169916j),(1.041312477+0.016529185j),(1.049012136+0.018101365j),(1.035186825+0.016757057j),(1.043476168+0.02131053j),(1.041649677+0.016532485j),(1.036361575+0.017006222j),(1.019194856-0.004938763j),(-0.039501398+4.1297e-05j),(-0.03950491+3.5584e-05j),(-0.039817104+3.6778e-05j),(-0.039719061+2.8562e-05j),"{'64': {'dP_mw': 0.0, 'dQ_mvar': 0.0}, '57': {'dP_mw': 0.0, 'dQ_mvar': 0.0}, '55': {'dP_mw': 0.0, 'dQ_mvar': 0.0}, '61': {'dP_mw': 0.0, 'dQ_mvar': 0.0}}",1.060369441690979,0.0,0.0,PISR_breaker_open_noise,13.8
77,1791551207.4404154,91,(1.020832219+0.007561952j),(1.037390467+0.023090453j),(1.040396083+0.013352239j),(1.038586401+0.010076916j),(1.033846706+0.012293212j),(1.031680858+0.016090575j),(1.042290758+0.01158146j),(1.044420166+0.017969494j),(1.036230067+0.010809516j),(1.031813428+0.00816577j),(1.026455086+0.008389989j),(1.006927235+0.002951412j),(0.998107402+0.002739511j),(1.000219003+0.005041824j),(1.01586773+0.00589322j),(1.010984929+0.010304063j),(1.006391875+0.008133903j),(1.018823033+0.01240957j),(1.024052751+0.004617859j),(1.038826192+0.012332152j),(1.041304924+0.01969472j),(1.033302489+0.017344239j),(1.037630002+0.012390197j),(1.047204908+0.017426508j),(1.027876885+0.014155028j),(1.005790275+0.010192134j),(1.003817739+0.000768828j),(1.009353516+0.00025385j),(1.016020276+0.006065931j),(1.032366228+0.009298954j),(1.01765509+0.008307413j),(0.999063596+0.002894122j),(1.006065308+0.007208051j),(1.003139471-0.004360808j),(1.021114181+0.013430822j),(1.024712289+0.002072806j),(1.036216265+0.00666527j),(1.039763908+0.020314589j),(1.032739415+0.021209024j),(1.041097215+0.025358449j),(1.041810881+0.016264273j),(1.009896638+0.000155589j),(1.00901652+0.003456514j),(1.024393212+0.001654812j),(1.01747414+0.011356238j),(1.04108519+0.015199108j),(1.019164291+0.016204174j),(1.016006201+0.0044571j),(1.024932089+0.01475573j),(1.018033567+0.002360894j),(1.051867793+0.017237352j),(1.0510039+0.023164104j),(1.055526624+0.024754072j),(1.045761883+0.018331812j),(1.043584819+0.014148354j),(1.037306811+0.009787732j),(1.035523596+0.018598931j),(1.013942933+0.00375132j),(-0.039506415+3.2922e-05j),(-0.039501533+4.4636e-05j),(-0.039839799+5.3258e-05j),(-0.039734506+5.061e-05j),"{'64': {'dP_mw': 0.0, 'dQ_mvar': 0.0}, '57': {'dP_mw': 0.0, 'dQ_mvar': 0.0}, '55': {'dP_mw': 0.0, 'dQ_mvar': 0.0}, '61': {'dP_mw': 0.0, 'dQ_mvar': 0.0}}",1.0558168487258663,0.0,0.0,PISR_breaker_open_noise,13.85
78,1791551207.4884198,92,(1.031349915+0.007585912j),(1.044189504+0.012038713j),(1.04797983+0.008588806j),(1.032556898+0.004660778j),(1.030135221+0.014297592j),(1.039827568+0.017682959j),(1.034507169+0.005467348j),(1.049221907+0.033387902j),(1.042925604+0.023668287j),(1.032332346+0.013550241j),(1.034322017+0.00522881j),(1.001144814+0.006427972j),(1.000009689-0.001506336j),(1.005961826+0.000449641j),(1.006900345+0.0108502j),(1.017812252+0.014090437j),(1.02237321-0.002511166j),(1.023486394+0.007979176j),(1.025480196+0.011418423j),(1.032099607+0.013967855j),(1.043414705+0.017170808j),(1.041779656+0.015485991j),(1.039933667+0.007955631j),(1.05111753+0.015936063j),(1.025583804+0.004109848j),(1.006747285+0.002281641j),(1.003539943+0.004079556j),(1.006781075-0.008806889j),(1.005660012+0.002958257j),(1.039307826+0.013264798j),(1.011837901+0.002184065j),(1.008052976-0.006696381j),(1.008800725+0.011959177j),(1.006194822-0.005673527j),(1.022155556+0.009675747j),(1.025375951+0.007757869j),(1.045240839+0.019608082j),(1.043952859+0.018614032j),(1.040029618+0.01852604j),(1.043524043+0.015214986j),(1.045492391+0.024311351j),(1.012136342+0.00447043j),(1.009557387+0.008362547j),(1.020860404+0.006354865j),(1.011707243+0.003662371j),(1.04321199+0.018507715j),(1.027177842+0.008672885j),(1.021631804+0.007355506j),(1.023832324+0.006537684j),(1.016660942+0.002572129j),(1.050468053+0.016485826j),(1.044285118+0.029308663j),(1.0465129+0.021578751j),(1.042779787+0.016449468j),(1.042460896+0.01399813j),(1.035607832+0.015061205j),(1.04501375+0.014362262j),(1.024845314+0.007650448j),(-0.03951443+4.4438e-05j),(-0.039512778+3.8311e-05j),(-0.039832117+9.344e-06j),(-0.039705349+3.5624e-05j),"{'64': {'dP_mw': 0.0, 'dQ_mvar': 0.0}, '57': {'dP_mw': 0.0, 'dQ_mvar': 0.0}, '55': {'dP_mw': 0.0, 'dQ_mvar': 0.0}, '61': {'dP_mw': 0.0, 'dQ_mvar': 0.0}}",1.0512383269160428,0.0,0.0,PISR_breaker_open_noise,13.9
79,1791551207.5387273,92,(1.013703265+0.017416188j),(1.044583474+0.016230854j),(1.036024003+0.008399767j),(1.031837864+0.013702625j),(1.035077934+0.008208883j),(1.033139984+0.009701336j),(1.035116778+0.019512237j),(1.042855221+0.0180242j),(1.034054684+0.017368389j),(1.021194562+0.010556969j),(1.016838888+0.009998319j),(1.003793169-0.006868418j),(1.009572741-0.004897899j),(1.006977859+0.008499391j),(1.005334366+0.001696562j),(1.014206406+0.006826876j),(1.012058957+0.008297879j),(1.016117487-3.6437e-05j),(1.025481056+0.005442515j),(1.035619745+0.012381614j),(1.043295119+0.008955391j),(1.041372739+0.015351428j),(1.032914081+0.017358363j),(1.04558478+0.021122777j),(1.019281304+0.012880563j),(1.007907955+0.011130893j),(1.000967117+0.015180031j),(1.008440014+0.014471056j),(1.011302312+0.008792497j),(1.03823976+0.012501255j),(1.032543737+0.010461799j),(1.008887228+0.003353849j),(1.000518629+0.001549505j),(0.998423495+0.000378141j),(1.013128779+0.007263743j),(1.020834516+0.005816095j),(1.03300487+0.009807934j),(1.044894017+0.016702721j),(1.043073597+0.017055749j),(1.043777699+0.018895939j),(1.046744322+0.012342181j),(1.009793509+0.003235193j),(1.01386788-0.000422347j),(1.015770963+0.008828207j),(1.015658156+0.008121414j),(1.036601337+0.017738025j),(1.023171838+0.008186729j),(1.015325474+0.011688726j),(1.02735174+0.009013525j),(1.022400748+0.01316392j),(1.042397167+0.017037637j),(1.049376377+0.013910255j),(1.054240502+0.021528321j),(1.041924973+0.010516342j),(1.038526096+0.023155108j),(1.035484673+0.010149502j),(1.026855146+0.008973958j),(1.023631699+0.015023368j),(-0.039501607+3.8198e-05j),(-0.039510244+1.9614e-05j),(-0.039828696+2.5223e-05j),(-0.039705139+3.877e-05j),"{'64': {'dP_mw': 0.0, 'dQ_mvar': 0.0}, '57': {'dP_mw': 0.0, 'dQ_mvar': 0.0}, '55': {'dP_mw': 0.0, 'dQ_mvar': 0.0}, '61': {'dP_mw': 0.0, 'dQ_mvar': 0.0}}",1.054460290699603,0.0,0.0,PISR_breaker_open_noise,13.95
80,1791551207.588581,92,(1.011738017+0.011119048j),(1.047438886+0.013652145j),(1.037845178+0.023024062j),(1.040953429+0.015225289j),(1.04321331+0.013360969j),(1.04139969+0.015686555j),(1.031589822+0.00968124j),(1.046428775+0.026208416j),(1.042737411+0.016470712j),(1.025603695+0.004906726j),(1.019664945+0.014875214j),(1.00982358-0.004277807j),(1.000512749+0.005936718j),(1.006230631+0.006730313j),(1.015642092+0.005709658j),(1.019733707-0.001498334j),(1.011965797-0.000196067j),(1.019646544+0.010343382j),(1.018463608+0.002384751j),(1.041997427+0.014325002j),(1.040184853+0.019647438j),(1.035518108+0.012182425j),(1.038160908+0.011326881j),(1.043492777+0.028207746j),(1.02542206+0.012743198j),(1.004157775+0.001024903j),(1.005988059-0.008284158j),(1.004518249-0.005305537j),(1.0188568+0.005075097j),(1.035280682+0.019259805j),(1.027646037+0.011695844j),(1.010484184-0.009555205j),(1.0138693-0.006374712j),(1.007318974+0.005356654j),(1.021661778+0.011919305j),(1.024151394+0.01435854j),(1.034356803+0.010190667j),(1.044319388+0.022021747j),(1.036987457+0.012378992j),(1.049274918+0.01324895j),(1.043475244+0.014375598j),(1.009406573+0.005979635j),(1.011034934+0.003325061j),(1.01784165+0.012114489j),(1.015547258+0.005327554j),(1.043971518+0.018643766j),(1.023558637+0.014345868j),(1.018932695+0.014099975j),(1.028050643+0.010281203j),(1.027641805+0.006128601j),(1.048854708+0.017828977j),(1.049462333+0.018820202j),(1.04634143+0.020856462j),(1.052577798+0.020528918j),(1.043146689+0.015104465j),(1.047905245+0.019795594j),(1.034088591+0.020875712j),(1.022977694+0.013583824j),(-0.039489845+3.5003e-05j),(-0.039508564+3.5667e-05j),(-0.039823602+1.754e-05j),(-0.039719606+4.4839e-05j),"{'64': {'dP_mw': 0.0, 'dQ_mvar': 0.0}, '57': {'dP_mw': 0.0, 'dQ_mvar': 0.0}, '55': {'dP_mw': 0.0, 'dQ_mvar': 0.0}, '61': {'dP_mw': 0.0, 'dQ_mvar': 0.0}}",1.0527779715195316,0.0,0.0,PISR_breaker_open_noise,14.0
81,1791551207.639823,92,(1.020413278+0.001376285j),(1.035117546+0.020788537j),(1.03584934+0.014443665j),(1.037661283+0.014351012j),(1.038873869+0.014454112j),(1.032632165+0.021203793j),(1.041587401+0.010794283j),(1.036361648+0.023208056j),(1.040093489+0.01122262j),(1.032276585+0.003495133j),(1.0182196+0.013343911j),(1.004924579+0.008479939j),(0.998161368+0.008725352j),(1.020743664-0.001466075j),(1.00737523+0.006696619j),(1.015739037+0.010501421j),(1.01994492+0.012620524j),(1.01479583+0.002753295j),(1.020487702+0.009609898j),(1.033301024+0.016321358j),(1.045570196+0.017023767j),(1.041591858+0.009409758j),(1.038290012+0.014354528j),(1.045587372+0.013449582j),(1.025959256+0.016164801j),(1.005284841-0.008076935j),(1.010870011-0.005283591j),(1.015750625-0.00679532j),(1.019686106+0.009621729j),(1.046106141+0.008454067j),(1.013671949-0.002254628j),(1.001715222+0.005563123j),(1.006207586-0.004150527j),(1.006944328+0.002347648j),(1.018410211+0.014057903j),(1.019092803+0.011690785j),(1.05327516+0.023140817j),(1.037348318+0.017880243j),(1.045559105+0.022699696j),(1.0473971+0.014913231j),(1.046217626+0.023334052j),(1.021748841-0.00152103j),(1.013252882+0.009419368j),(1.0169726+0.003952341j),(1.009601411+0.01821714j),(1.036679198+0.025811454j),(1.023442039+0.012085789j),(1.015554331+0.01024315j),(1.02537453+0.009606645j),(1.026680859+0.010693089j),(1.046375625+0.014179826j),(1.043387059+0.020265768j),(1.047510866+0.019514981j),(1.056335098+0.022613628j),(1.043494398+0.017950197j),(1.04981907+0.012827444j),(1.035160868+0.016047256j),(1.02017678+0.010316588j),(-0.039490673+3.6457e-05j),(-0.039509058+2.1416e-05j),(-0.039840772+1.7127e-05j),(-0.039734894+4.4302e-05j),"{'64': {'dP_mw': 0.0, 'dQ_mvar': 0.0}, '57': {'dP_mw': 0.0, 'dQ_mvar': 0.0}, '55': {'dP_mw': 0.0, 'dQ_mvar': 0.0}, '61': {'dP_mw': 0.0, 'dQ_mvar': 0.0}}",1.0565771223332407,0.0,0.0,PISR_breaker_open_noise,14.05
82,1791551207.6893685,92,(1.018850833+0.006423417j),(1.033324998+0.013735835j),(1.033613138+0.019609909j),(1.040459916+0.015120658j),(1.03566825+0.014165393j),(1.044194888+0.012011308j),(1.038907269+0.017450548j),(1.040207819+0.021023528j),(1.036461034+0.018912734j),(1.031612984+0.007020036j),(1.018452804+0.009539452j),(1.012206727+0.011706272j),(1.001697113-0.006167405j),(1.014874872+0.008531487j),(1.011584784-0.000538763j),(1.014019779-0.002757048j),(1.012136836+0.008880534j),(1.025723392+0.010041908j),(1.023195646+0.00212505j),(1.041785395+0.01737103j),(1.038543502+0.013964334j),(1.029562709+0.017906723j),(1.039974105+0.010241057j),(1.042500573+0.017855929j),(1.034360614+0.006482588j),(0.995676184+0.0030204j),(1.002549629+0.006891871j),(1.010078674-0.000478486j),(1.020625383+0.006156479j),(1.031105041+0.014255075j),(1.018886868+0.011046955j),(1.004566137+0.00142638j),(1.009233639+0.005384593j),(1.004594033-0.000443012j),(1.016587604+0.008448049j),(1.022350311+0.001725309j),(1.036231159+0.015595934j),(1.033492564+0.021420507j),(1.03605958+0.012065307j),(1.055031757+0.02627876j),(1.050010622+0.020219879j),(1.006524267+0.001798688j),(1.001185021+0.006956852j),(1.017275922+0.005011416j),(1.011046384+0.006973827j),(1.029388031+0.022483993j),(1.030344933+0.005323169j),(1.022718418+0.012704049j),(1.037889053+0.015375337j),(1.030097036+0.005700715j),(1.04488423+0.030176445j),(1.048424002+0.028853076j),(1.048269001+0.022820124j),(1.042184382+0.018143113j),(1.047624427+0.012259906j),(1.035010703+0.02212458j),(1.038288259+0.020048649j),(1.012239145+0.00823465j),(-0.039489212+4.3999e-05j),(-0.039512898+4.3391e-05j),(-0.039831283+3.1459e-05j),(-0.039739714+4.0127e-05j),"{'64': {'dP_mw': 0.0, 'dQ_mvar': 0.0}, '57': {'dP_mw': 0.0, 'dQ_mvar': 0.0}, '55': {'dP_mw': 0.0, 'dQ_mvar': 0.0}, '61': {'dP_mw': 0.0, 'dQ_mvar': 0.0}}",1.0553589822925868,0.0,0.0,PISR_breaker_open_noise,14.1
83,1791551207.7396493,92,(1.019018186+0.008482858j),(1.041479751+0.016023331j),(1.038605325+0.011857699j),(1.036577725+0.015311804j),(1.034995265+0.013852169j),(1.039966386+0.02140445j),(1.04417447+0.018582317j),(1.040271798+0.016494509j),(1.039428249+0.020212787j),(1.024406931+0.007514365j),(1.015371217+0.009237695j),(1.007278067-0.001111413j),(1.003750262+0.007382872j),(1.021420592+0.00394259j),(1.013815234+0.00486364j),(1.009854831+0.020149083j),(1.015478965+0.007805395j),(1.014136842+0.014052433j),(1.020536416+0.013828615j),(1.039062635+0.023296481j),(1.042742666+0.010964345j),(1.037140548+0.015477282j),(1.035924411+0.023373563j),(1.053328678+0.025133919j),(1.024187526+0.00737982j),(1.00237037-0.000126722j),(0.997301908-0.00547005j),(1.01004036+0.009437989j),(1.01777169+0.009831383j),(1.035542989+0.017749149j),(1.015081427-0.00343932j),(1.010878113+0.003968309j),(0.998616202-0.003593876j),(1.005621407+0.001756537j),(1.024016794+0.007474198j),(1.017081129+0.014037861j),(1.039099632+0.02431166j),(1.043750346+0.014817548j),(1.040084666+0.011929156j),(1.048404637+0.020197503j),(1.039652277+0.029426206j),(1.003231552-0.002364269j),(1.001152141+0.002606888j),(1.016717792+0.008417467j),(1.007456799+0.003314887j),(1.033949202+0.020381231j),(1.034639553+0.013075289j),(1.017016046+0.00364292j),(1.020592877+0.005803196j),(1.02759541+0.013111753j),(1.05159645+0.029095572j),(1.046023576+0.018356713j),(1.041559366+0.023956345j),(1.048508941+0.025958399j),(1.050731581+0.022068448j),(1.030731427+0.021716183j),(1.034515837+0.017572898j),(1.023883291+0.002451434j),(-0.039496799+4.9512e-05j),(-0.03952467+3.0241e-05j),(-0.039832115+1.3545e-05j),(-0.039715445+3.5382e-05j),"{'64': {'dP_mw': 0.0, 'dQ_mvar': 0.0}, '57': {'dP_mw': 0.0, 'dQ_mvar': 0.0}, '55': {'dP_mw': 0.0, 'dQ_mvar': 0.0}, '61': {'dP_mw': 0.0, 'dQ_mvar': 0.0}}",1.053628500839611,0.0,0.0,PISR_breaker_open_noise,14.15
84,1791551207.7895834,92,(1.027425279+0.000837653j),(1.035382332+0.011257553j),(1.036576953+0.015164125j),(1.044237781+0.01493717j),(1.040129348+0.015240029j),(1.03290963+0.01823929j),(1.041051156+0.017288511j),(1.041525132+0.021233307j),(1.046515389+0.013217731j),(1.012126862+0.010637613j),(1.026219557+0.003217325j),(0.999740241-0.002998952j),(0.999328862+0.001247757j),(1.010087615-0.000366263j),(1.019136487-0.003459287j),(1.014613415+0.0107072j),(1.015624305+0.009495154j),(1.017314596-0.000402458j),(1.020272614+0.008560132j),(1.032493362+0.013814926j),(1.044434532+0.010558258j),(1.035120661+0.021466136j),(1.045276128+0.013609213j),(1.050087346+0.025732238j),(1.029075751+0.005343818j),(1.010267201-0.011278472j),(1.001249674-0.001679879j),(1.007469218+0.003839917j),(1.006384629+0.007605705j),(1.038986276+0.020122358j),(1.014612031+0.000883156j),(1.000875356+0.001775182j),(1.004165045-0.001422778j),(1.005242501+0.003218484j),(1.019587476+0.003488947j),(1.027149052+0.001291314j),(1.04680036+0.017826193j),(1.028647996+0.021761245j),(1.039975413+0.015152084j),(1.045747194+0.020816689j),(1.044400404+0.023340687j),(1.016551934-0.001065068j),(1.014658176-0.002795657j),(1.022073343+0.005113809j),(1.00908149+0.00127139j),(1.034322718+0.022729284j),(1.023272272+0.003143777j),(1.024730019+0.005975625j),(1.025732022+0.000998368j),(1.024802608+0.010868276j),(1.059250052+0.028983228j),(1.050420309+0.017458999j),(1.041797359+0.016552956j),(1.045004745+0.02448657j),(1.035872187+0.015374178j),(1.029667114+0.020115714j),(1.04668232+0.008371378j),(1.019255957+0.009361702j),(-0.039520507+5.3718e-05j),(-0.039498408+3.0743e-05j),(-0.03985215+3.0692e-05j),(-0.039717047+4.2775e-05j),"{'64': {'dP_mw': 0.0, 'dQ_mvar': 0.0}, '57': {'dP_mw': 0.0, 'dQ_mvar': 0.0}, '55': {'dP_mw': 0.0, 'dQ_mvar': 0.0}, '61': {'dP_mw': 0.0, 'dQ_mvar': 0.0}}",1.059646497737478,0.0,0.0,PISR_breaker_open_noise,14.2
85,1791551207.8399591,92,(1.019072078+0.006762025j),(1.03581844+0.018117249j),(1.048392747+0.010955606j),(1.034358761+0.008255198j),(1.031417639+0.013896191j),(1.047524754+0.010939487j),(1.046552261+0.018741657j),(1.051845519+0.020241202j),(1.044811481+0.005822516j),(1.026533607+0.009841071j),(1.022723423+0.004629935j),(1.012194393-0.001690889j),(1.009876893+0.004113646j),(1.002537826-0.001350961j),(1.00426747-0.000821673j),(1.016036507-0.005010678j),(1.008525175+0.00030406j),(1.018630978+0.006318307j),(1.025713392+0.005763864j),(1.044809457+0.02232433j),(1.047370738+0.020651263j),(1.040126537+0.018296781j),(1.02758528+0.011009504j),(1.041931317+0.012455452j),(1.025818002+0.007625339j),(0.999707894+0.001918884j),(1.000906181-0.002805221j),(1.007363036-0.002357929j),(1.012375813+0.000679672j),(1.03543366+0.021472201j),(1.025113683+0.007033344j),(1.009327749-0.010278611j),(0.997253936+0.005470595j),(0.995355631+0.002232085j),(1.030934456+0.005764969j),(1.019006133+0.001512582j),(1.031316932+0.014024272j),(1.045269575+0.015599988j),(1.029428952+0.021644852j),(1.05323996+0.022573987j),(1.040829818+0.019002933j),(1.016228907-0.002309137j),(1.009301016-0.005529316j),(1.020792387-0.005067775j),(1.019667634+0.005416574j),(1.038545628+0.015786938j),(1.026383891+0.010275076j),(1.025817478+0.004411087j),(1.029740074+0.01529257j),(1.020211413+0.00545053j),(1.043703027+0.023448211j),(1.039102335+0.023211739j),(1.047813075+0.021379933j),(1.0448884+0.014555066j),(1.042506381+0.024313286j),(1.037675074+0.005710337j),(1.035256589+0.016936295j),(1.020976435+0.008944648j),(-0.039488105+3.3318e-05j),(-0.039502634+4.9262e-05j),(-0.039827861+4.0255e-05j),(-0.039728646+2.3336e-05j),"{'64': {'dP_mw': 0.0, 'dQ_mvar': 0.0}, '57': {'dP_mw': 0.0, 'dQ_mvar': 0.0}, '55': {'dP_mw': 0.0, 'dQ_mvar': 0.0}, '61': {'dP_mw': 0.0, 'dQ_mvar': 0.0}}",1.053481845230319,0.0,0.0,PISR_breaker_open_noise,14.25
86,1791551207.8901277,92,(1.02504227+0.009058231j),(1.037087844+0.01738472j),(1.042773131+0.012056524j),(1.032965779+0.015913751j),(1.04156837+0.019820563j),(1.036124147+0.01610283j),(1.031457252+0.01676003j),(1.048385768+0.016434761j),(1.027848199+0.012041643j),(1.022362824+0.004824133j),(1.027932503+0.01110559j),(1.003192788+0.009771178j),(1.009124556-0.003305847j),(1.01784151-0.006201854j),(1.008010648+0.002760804j),(1.016581479-0.000154102j),(1.013594129+0.012522603j),(1.01886472+0.014863209j),(1.019430819+0.003670749j),(1.040672159+0.015249718j),(1.040600654+0.020561043j),(1.045725369+0.010508338j),(1.046621246+0.018672651j),(1.045508625+0.01275029j),(1.027658502+0.005049927j),(1.003618009-0.008843241j),(0.995371587-0.00352165j),(1.010757592-0.000572478j),(1.008786904-0.002026746j),(1.037893177+0.022018347j),(1.025684291+0.010761435j),(0.987108184+0.007763133j),(1.002273157-0.007494478j),(0.999776579-0.001656758j),(1.012006263+0.004045622j),(1.021494131+0.002568217j),(1.033307912+0.009357138j),(1.041994149+0.01140948j),(1.045155566+0.008884417j),(1.053580774+0.02720314j),(1.045288429+0.01635061j),(1.008366992+0.011621572j),(1.008356152+0.004377213j),(1.018008673+0.005149048j),(1.012631372+0.005454642j),(1.037587741+0.011721114j),(1.010318225+0.007109064j),(1.015886668+0.014029106j),(1.031042625+0.007661866j),(1.021520898+0.00248253j),(1.057245354+0.022441876j),(1.048293967+0.012052393j),(1.051544596+0.018639152j),(1.053065702+0.010546535j),(1.041702128+0.015070527j),(1.04021385+0.015210905j),(1.04571257+0.014796752j),(1.024320593+0.008625284j),(-0.039493174+5.2214e-05j),(-0.039491518+2.4191e-05j),(-0.039853261+3.5055e-05j),(-0.039721414+2.5542e-05j),"{'64': {'dP_mw': 0.0, 'dQ_mvar': 0.0}, '57': {'dP_mw': 0.0, 'dQ_mvar': 0.0}, '55': {'dP_mw': 0.0, 'dQ_mvar': 0.0}, '61': {'dP_mw': 0.0, 'dQ_mvar': 0.0}}",1.0574835111494574,0.0,0.0,PISR_breaker_open_noise,14.3
87,1791551207.940649,92,(1.020546338+0.010192241j),(1.036653223+0.012896511j),(1.036964334+0.015675305j),(1.039474265+0.019488203j),(1.034197954+0.01607345j),(1.045893903+0.016885328j),(1.029800642+0.010912633j),(1.037959767+0.019781781j),(1.044594733+0.014181572j),(1.020666324+0.013508437j),(1.023539226-0.000541879j),(1.013383168-0.006813212j),(1.002244457+0.00158735j),(0.998185741-0.001244311j),(1.012528974+0.000222617j),(1.015900918-0.001537692j),(1.015912692+0.012983157j),(1.01583996+0.017732902j),(1.023224686+0.005565736j),(1.042752556+0.018393627j),(1.03304895+0.020833206j),(1.041749926+0.017840866j),(1.036845413+0.015113285j),(1.044879319+0.017809174j),(1.030698461+0.016641615j),(1.010783971-0.001272608j),(1.000842481+0.015025957j),(0.99646563+0.006906394j),(1.019809591+0.013885703j),(1.032533327+0.009408987j),(1.015403149+0.018122991j),(1.012600245-0.003250003j),(0.993960873+0.003153838j),(1.004575715+0.002665574j),(1.013514438+0.018971322j),(1.020801736+0.002557599j),(1.040112966+0.020967235j),(1.037043918+0.017610083j),(1.039519955+0.021033503j),(1.044177867+0.017399579j),(1.049821786+0.030101679j),(1.021315193+0.003009163j),(1.016050101+0.00383442j),(1.012977158+0.007584498j),(1.008526386+0.010796271j),(1.041921699+0.013995114j),(1.021142432+0.001403378j),(1.021806016+0.009612721j),(1.022340581+0.012198581j),(1.023185888-0.001166384j),(1.05423515+0.024324769j),(1.047065211+0.018816321j),(1.049162113+0.015326225j),(1.047184849+0.019153979j),(1.051933591+0.024376844j),(1.046761102+0.006693j),(1.030992655+0.008405209j),(1.02082213+0.013765706j),(-0.039497022+3.7601e-05j),(-0.039501032+2.6364e-05j),(-0.039851546+3.4099e-05j),(-0.039710321+1.9714e-05j),"{'64': {'dP_mw': 0.0, 'dQ_mvar': 0.0}, '57': {'dP_mw': 0.0, 'dQ_mvar': 0.0}, '55': {'dP_mw': 0.0, 'dQ_mvar': 0.0}, '61': {'dP_mw': 0.0, 'dQ_mvar': 0.0}}",1.0545157399879936,0.0,0.0,PISR_breaker_open_noise,14.35
88,1791551207.9907618,92,(1.014435468+0.00667462j),(1.034429848+0.016838868j),(1.037826455+0.014284936j),(1.03668395+0.010306146j),(1.03723228+0.011493123j),(1.039454666+0.020378835j),(1.031082946+0.017278713j),(1.040772282+0.01526269j),(1.033960979+0.019524838j),(1.026700465+0.007777647j),(1.019449523+0.022002946j),(1.015057535+0.00246533j),(1.008051974+0.007955501j),(1.003900443-0.000449931j),(1.012569159+0.008562951j),(1.017657763+0.004789783j),(1.017060805-0.005519313j),(1.02297169+0.010199402j),(1.010242849+0.007875601j),(1.041825411+0.015766064j),(1.038698993+0.016802514j),(1.039510532+0.025708582j),(1.038792368+0.010618213j),(1.050606507+0.026057212j),(1.025983903+0.016232563j),(0.998799125-0.00746129j),(0.999687096-0.001064174j),(1.017267334-0.000609514j),(1.0085976+0.006331085j),(1.040465966+0.019324904j),(1.022116252+0.005908293j),(1.002581696+0.001969617j),(1.003603507-0.005141042j),(1.00342697+0.004095077j),(1.014655136-0.000628116j),(1.023075506+0.016903431j),(1.041618879+0.010418154j),(1.039098328+0.020128985j),(1.035783509+0.018505535j),(1.044159602+0.017031208j),(1.040157588+0.024386231j),(1.01624217-0.013255068j),(1.007886224-0.002649736j),(1.01479547+0.003766832j),(1.01163821+0.005259762j),(1.040549447+0.008501035j),(1.032070721+0.010609678j),(1.018702268+0.015031382j),(1.019955268+0.004503327j),(1.023425287+0.013217759j),(1.045664799+0.020273979j),(1.0447908+0.023790647j),(1.055153652+0.017152363j),(1.052010155+0.013450063j),(1.052907457+0.019105754j),(1.031856141+0.023584414j),(1.04784591+0.010965197j),(1.021010644+0.000127023j),(-0.039504199+4.8442e-05j),(-0.03950455+3.3691e-05j),(-0.039832296+3.5913e-05j),(-0.039718398+2.4061e-05j),"{'64': {'dP_mw': 0.0, 'dQ_mvar': 0.0}, '57': {'dP_mw': 0.0, 'dQ_mvar': 0.0}, '55': {'dP_mw': 0.0, 'dQ_mvar': 0.0}, '61': {'dP_mw': 0.0, 'dQ_mvar': 0.0}}",1.055293055452096,0.0,0.0,PISR_breaker_open_noise,14.4
89,1791551208.0407968,92,(1.021726776+0.011896325j),(1.031957857+0.024348005j),(1.037408124+0.01577781j),(1.036615594+0.012291387j),(1.044660773+0.016305321j),(1.033895078+0.014756756j),(1.04037269+0.021833326j),(1.05381189+0.015091576j),(1.043230513+0.021131474j),(1.033327269+0.0058029j),(1.021150057+0.011594141j),(1.001172401-0.008832682j),(0.998825309-0.001541409j),(1.007116738-0.000899314j),(1.015877413-0.003109198j),(1.014803944+0.006090869j),(1.010568593-7.8086e-05j),(1.026205149+0.005903826j),(1.018495511+0.006303746j),(1.037073836+0.020972866j),(1.037387305+0.020369073j),(1.044144706+0.0209437j),(1.033205906+0.014579364j),(1.047782246+0.020792389j),(1.022522753+0.006450101j),(1.006757832+0.0004117j),(1.00346566-0.004077602j),(1.009548489-0.001916844j),(1.009225187-8.946e-05j),(1.040043921+0.012388779j),(1.033305731+0.004396088j),(1.0054571+0.007489874j),(1.00695462-0.000907736j),(1.006171328-0.007927752j),(1.023283125+0.011247679j),(1.02268477+0.009738922j),(1.040050398+0.018364786j),(1.032190987+0.017501883j),(1.039688917+0.014089642j),(1.048590157+0.018273858j),(1.04988616+0.019329974j),(1.008670477-0.000375274j),(1.014840099+0.001998396j),(1.023989057+0.006677395j),(1.010590319+0.002638051j),(1.042225958+0.014474544j),(1.025976441+0.004991014j),(1.024792624+0.010769581j),(1.025695233+0.006411072j),(1.035907072+0.005048374j),(1.054355791+0.024299168j),(1.038397289+0.027818762j),(1.041276955+0.019717994j),(1.04080797+0.014411695j),(1.03526523+0.018163316j),(1.038004975+0.008762197j),(1.029650433+0.014407789j),(1.016292896-0.000907807j),(-0.039491831+3.92e-05j),(-0.03948513+4.1399e-05j),(-0.039834759+2.492e-05j),(-0.039717404+1.6116e-05j),"{'64': {'dP_mw': 0.0, 'dQ_mvar': 0.0}, '57': {'dP_mw': 0.0, 'dQ_mvar': 0.0}, '55': {'dP_mw': 0.0, 'dQ_mvar': 0.0}, '61': {'dP_mw': 0.0, 'dQ_mvar': 0.0}}",1.0546357587246546,0.0,0.0,PISR_breaker_open_noise,14.45
90,1791551208.0907683,92,(1.023712917+0.008364725j),(1.039567154+0.015696818j),(1.036300842+0.015864066j),(1.044234952+0.010759823j),(1.041101255+0.015814367j),(1.045562732+0.013142918j),(1.042142543+0.018110655j),(1.050449751+0.017354032j),(1.036223528+0.008023356j),(1.026524046+0.007236555j),(1.013986011+0.010074539j),(1.002696879+0.002613609j),(0.997415503-0.005251119j),(1.014500032+0.010067285j),(1.009772524+0.010782565j),(1.012696732+0.006697153j),(1.009912587+0.009120411j),(1.01521814+0.001877418j),(1.014487685+0.004878014j),(1.048043175+0.013333478j),(1.045091246+0.017429146j),(1.03616658+0.011434145j),(1.029184276+0.011465332j),(1.043072046+0.018763076j),(1.022725288+0.014771048j),(1.003925337-0.002825924j),(1.003993788+0.011812727j),(1.001613495+0.009654717j),(1.016636134+0.000640849j),(1.035050409+0.016386564j),(1.021192222+0.007032652j),(0.995329676-0.002318146j),(1.008303636+0.001344659j),(1.001051749-0.00103488j),(1.02993234+0.003861561j),(1.023584555+0.014163842j),(1.038532314+0.019036977j),(1.041257825+0.016175061j),(1.030908766+0.021126703j),(1.04992111+0.012283836j),(1.045581203+0.018784122j),(1.015069678-0.001124464j),(1.008489502+0.000301997j),(1.022697151+0.016448969j),(1.016329551-0.007732412j),(1.03843775+0.019146176j),(1.027957028-0.004056262j),(1.026835377+0.010637242j),(1.033974228+0.020267641j),(1.020811405+0.004287777j),(1.060084544+0.019872995j),(1.050882325+0.018433924j),(1.039283474+0.013243207j),(1.050901796+0.014634062j),(1.03262908+0.01421402j),(1.035085234+0.014222152j),(1.032854168+0.021283836j),(1.013847893+0.016079955j),(-0.039497612+3.8928e-05j),(-0.039485247+1.3659e-05j),(-0.039834852+2.5491e-05j),(-0.039728479+3.5494e-05j),"{'64': {'dP_mw': 0.0, 'dQ_mvar': 0.0}, '57': {'dP_mw': 0.0, 'dQ_mvar': 0.0}, '55': {'dP_mw': 0.0, 'dQ_mvar': 0.0}, '61': {'dP_mw': 0.0, 'dQ_mvar': 0.0}}",1.0602708033129828,0.0,0.0,PISR_breaker_open_noise,14.5
91,1791551208.1415071,92,(1.020226684+0.007482823j),(1.042122573+0.009692668j),(1.04460818+0.017708795j),(1.042358514+0.014141305j),(1.038416765+0.013744543j),(1.050506462+0.018048891j),(1.040832537+0.015526692j),(1.050021228+0.026935431j),(1.038459186+0.020350226j),(1.024066705+0.002910142j),(1.025778872+0.016912496j),(0.996726901-0.005034502j),(1.005744478-0.007915369j),(1.007247332-0.007810553j),(1.013665039+0.002050723j),(1.006159989+0.005727597j),(1.009931562-0.005831831j),(1.028022413+0.009044299j),(1.014036716+0.006902024j),(1.035253354+0.015392246j),(1.041004394+0.007776536j),(1.035884614+0.0244925j),(1.046725388+0.011084237j),(1.045353864+0.019502649j),(1.0223753+0.005313769j),(0.995588394-0.004933357j),(1.001053593-0.002676359j),(1.005257658-0.001179875j),(1.013374694+0.004803409j),(1.03318028+0.014115417j),(1.024464217+0.013394147j),(1.003911387-0.001500584j),(1.002042312-0.007400751j),(1.00214645+0.000481214j),(1.022385744+0.006284215j),(1.019973808+0.015338956j),(1.050159485+0.013290552j),(1.0360537+0.010936109j),(1.040402362+0.024024512j),(1.048123392+0.023237895j),(1.049110105+0.014342182j),(1.004787151+0.006146424j),(1.007250454+0.002372163j),(1.013839651+0.002888904j),(1.018751055+0.005655203j),(1.032892901+0.009454984j),(1.029082514+0.014392796j),(1.026341437+0.005211561j),(1.02004107+0.012088308j),(1.022291841+0.005896685j),(1.04976918+0.022536975j),(1.050234351+0.013492907j),(1.04529962+0.022376489j),(1.047899626+0.018939826j),(1.036702202+0.030039065j),(1.036706985+0.013751559j),(1.039305754+0.007664767j),(1.028981378+0.007736691j),(-0.039488513+3.5423e-05j),(-0.039479831+4.8799e-05j),(-0.039835703+4.3725e-05j),(-0.03971627+4.4309e-05j),"{'64': {'dP_mw': 0.0, 'dQ_mvar': 0.0}, '57': {'dP_mw': 0.0, 'dQ_mvar': 0.0}, '55': {'dP_mw': 0.0, 'dQ_mvar': 0.0}, '61': {'dP_mw': 0.0, 'dQ_mvar': 0.0}}",1.050661500755637,0.0,0.0,PISR_breaker_open_noise,14.55
92,1791551208.1911867,92,(1.015111887+0.006412161j),(1.040734606+0.00997718j),(1.031642223+0.021935435j),(1.037297376+0.015130729j),(1.032763733+0.020674566j),(1.043370894+0.021686602j),(1.040889382+0.01108811j),(1.046501953+0.021363596j),(1.037087536+0.026235582j),(1.026857298+0.018586354j),(1.01877029+0.013603668j),(1.003657621-0.006179377j),(1.001411531+0.004483181j),(1.010674751+0.003419703j),(1.013780228+0.012757378j),(1.018550271+0.0035968j),(1.018920518+0.000258843j),(1.034985151+0.003786092j),(1.025693801+0.007805861j),(1.042155233+0.0163129j),(1.041483886+0.019369858j),(1.041135001+0.017742956j),(1.03681558+0.016316656j),(1.047734395+0.017964258j),(1.012751089+0.007226502j),(1.002347317-0.009038766j),(1.000630348-0.001378341j),(1.009824272-0.003339894j),(1.010336269+0.009851551j),(1.04344322+0.014052414j),(1.020884609+0.015177084j),(0.997728719+0.000731177j),(1.007266235+0.013850554j),(1.002785076+0.004161286j),(1.026362652+0.009026278j),(1.023308981+0.002031318j),(1.05186283+0.01923725j),(1.038232504+0.012865887j),(1.035488016+0.015921814j),(1.052527601+0.026577564j),(1.047237519+0.027324472j),(1.002568235+0.005383343j),(1.007716259+0.004687494j),(1.028300937+4.6604e-05j),(1.020906135+0.01042126j),(1.048328635+0.021515655j),(1.015725636+0.009377229j),(1.021996734+0.013103993j),(1.028689974+0.013515133j),(1.02396256+0.01509489j),(1.052239349+0.026055767j),(1.045339078+0.022515027j),(1.049292067+0.022712852j),(1.048447722+0.01049787j),(1.039501608+0.018502203j),(1.044120896+0.015433171j),(1.034566639+0.026607664j),(1.019694953+0.009340855j),(-0.039506071+2.9624e-05j),(-0.039505428+4.7133e-05j),(-0.039838141+3.4315e-05j),(-0.039731767+1.0639e-05j),"{'64': {'dP_mw': 0.0, 'dQ_mvar': 0.0}, '57': {'dP_mw': 0.0, 'dQ_mvar': 0.0}, '55': {'dP_mw': 0.0, 'dQ_mvar': 0.0}, '61': {'dP_mw': 0.0, 'dQ_mvar': 0.0}}",1.0528631049547654,0.0,0.0,PISR_breaker_open_noise,14.6
93,1791551208.2419026,92,(1.014233666+0.007825506j),(1.042612193+0.020129851j),(1.044118712+0.00260826j),(1.046742549+0.02455757j),(1.039947092+0.005494263j),(1.037501118+0.013495306j),(1.039727757+0.019072195j),(1.053162598+0.013469295j),(1.037934434+0.017247476j),(1.021372789+0.014486505j),(1.016187409+0.006835756j),(0.999694353-0.000262786j),(1.002837914+0.005031492j),(1.001359258-0.008324671j),(1.010724881+0.005001487j),(1.016659397+0.003322659j),(1.019593184+0.004765967j),(1.022243358+0.003193383j),(1.018659712+0.00621347j),(1.035853011+0.009824515j),(1.04090525+0.02288889j),(1.042405172+0.017151666j),(1.037751015+0.016662654j),(1.043255959+0.019154025j),(1.036396719+0.011406062j),(1.006796502-0.000994359j),(0.999583459-0.0007685j),(0.998150074+0.001859209j),(1.002792347+0.003461048j),(1.042122693+0.018683374j),(1.019206841+0.011551257j),(1.00703207+0.005265808j),(1.00195188+0.005862931j),(1.002695217+0.001371782j),(1.029037594+0.007829691j),(1.024588808+0.006028257j),(1.040770086+0.019064493j),(1.038940948+0.015758344j),(1.033666283+0.020530768j),(1.05464817+0.025296051j),(1.045839125+0.018193797j),(1.009147634+0.001669362j),(1.007141486+0.014306j),(1.022676615+0.006613719j),(1.020237213+0.008829928j),(1.038949864+0.016528882j),(1.015764919+0.010144348j),(1.021055668+0.017551986j),(1.027595263+0.022278305j),(1.026773062+0.010239979j),(1.050126283+0.030876081j),(1.056624047+0.015478067j),(1.050153427+0.026269661j),(1.049361531+0.017777043j),(1.042404486+0.009100296j),(1.042675642+0.023379571j),(1.044823513+0.025893281j),(1.017020158+0.01772781j),(-0.039507173+4.6044e-05j),(-0.039493969+3.0329e-05j),(-0.039818304+2.8064e-05j),(-0.039736257+4.6986e-05j),"{'64': {'dP_mw': 0.0, 'dQ_mvar': 0.0}, '57': {'dP_mw': 0.0, 'dQ_mvar': 0.0}, '55': {'dP_mw': 0.0, 'dQ_mvar': 0.0}, '61': {'dP_mw': 0.0, 'dQ_mvar': 0.0}}",1.0567374069544024,0.0,0.0,PISR_breaker_open_noise,14.65
94,1791551208.2923431,92,(1.0176327+0.002959321j),(1.046653553+0.01017652j),(1.049467725+0.021321207j),(1.038930888+0.01059055j),(1.033598618+0.021147088j),(1.043186983+0.014584006j),(1.041147487+0.012272246j),(1.044393198+0.018484987j),(1.037449991+0.012638202j),(1.021495333+0.015004807j),(1.023930759+0.012754861j),(1.010019452-0.003331551j),(1.00204586-0.004073441j),(1.007239566+0.008839177j),(1.013491883-0.007712773j),(1.014210048+0.011322348j),(1.009755707+0.006541965j),(1.021564271+0.005760123j),(1.020223823+0.004711236j),(1.034997649+0.012446985j),(1.044470471+0.017864168j),(1.038183839+0.02680609j),(1.037691412+0.017583649j),(1.042634729+0.015928536j),(1.024419726+0.005434916j),(1.006979805-0.007314491j),(1.01347682+0.003410803j),(1.003974481-0.001565732j),(1.021704144+0.009510703j),(1.034887713+0.018524145j),(1.020312665+0.014852832j),(0.999719846-0.002809132j),(1.013491656-0.011592638j),(0.990715477-0.010087279j),(1.020822964+0.003348716j),(1.019718315+0.004680979j),(1.029756319+0.017599451j),(1.041004168+0.011521222j),(1.034670582+0.018758229j),(1.046945505+0.019929887j),(1.045034049+0.025621116j),(1.011508079+0.004326208j),(1.008157954+0.005668208j),(1.014025152+0.012221818j),(1.014751252+0.007271902j),(1.038525509+0.006786759j),(1.028555436+0.008071166j),(1.029934906+0.013618331j),(1.024824851+0.010421019j),(1.029927853-0.00099725j),(1.051403053+0.020973864j),(1.046390017+0.021300337j),(1.044119904+0.019529375j),(1.052478077+0.014960125j),(1.032731096+0.011909792j),(1.028136046+0.013707666j),(1.030437512+0.018972017j),(1.02201878+0.001128389j),(-0.03950519+4.0851e-05j),(-0.039492863+4.357e-05j),(-0.039854267+2.6131e-05j),(-0.039711069+3.4708e-05j),"{'64': {'dP_mw': 0.0, 'dQ_mvar': 0.0}, '57': {'dP_mw': 0.0, 'dQ_mvar': 0.0}, '55': {'dP_mw': 0.0, 'dQ_mvar': 0.0}, '61': {'dP_mw': 0.0, 'dQ_mvar': 0.0}}",1.0525843946713411,0.0,0.0,PISR_breaker_open_noise,14.7
95,1791551208.3420422,92,(1.017715522+0.002496322j),(1.033759342+0.019690551j),(1.045457528+0.020173082j),(1.034176743+0.018240794j),(1.039353987+0.01980873j),(1.034488656+0.009841479j),(1.044206232+0.013973999j),(1.040747874+0.016835591j),(1.045914448+0.016290927j),(1.025973482+0.013702246j),(1.032085705+0.008051284j),(1.00198265+0.002727174j),(1.004448092+0.000543513j),(1.012452893-0.001668838j),(1.006540291-0.001728321j),(1.013080398+0.00694786j),(1.02055702+0.009526344j),(1.030247091-0.001374698j),(1.020029627+0.005618468j),(1.035476506+0.003259148j),(1.039107783+0.020839791j),(1.044978502+0.022047883j),(1.044989684+0.012975584j),(1.047282444+0.024322148j),(1.021905768+0.010931188j),(1.001388581+0.010502183j),(1.001714129-0.004010711j),(1.003519386+0.003766781j),(1.022642525+0.01328719j),(1.030748028+0.017314401j),(1.016905278+0.013598204j),(0.997923838+0.003527674j),(1.009595022+0.00261353j),(1.011358807+0.008936854j),(1.024895519+0.002525007j),(1.025263612+0.011862985j),(1.039749196+0.019104925j),(1.033927789+0.010826171j),(1.050741103+0.020050778j),(1.050220569+0.029646364j),(1.040840511+0.024829712j),(1.009138099+0.002007143j),(1.004010365+0.007816352j),(1.017020016+0.009582493j),(1.011195206+0.005174744j),(1.0449484+0.023198284j),(1.016562715+0.006045442j),(1.02203535+0.002545019j),(1.026681149+0.009773038j),(1.030260234+0.006611941j),(1.046715919+0.0233247j),(1.051577098+0.011055907j),(1.045215004+0.016823656j),(1.049230203+0.022229402j),(1.047311256+0.018721321j),(1.036751963+0.025972971j),(1.038355205+0.009142723j),(1.018346647+0.000400576j),(-0.039512088+4.7496e-05j),(-0.039503686+2.7407e-05j),(-0.039831987+2.5011e-05j),(-0.039741359+4.0475e-05j),"{'64': {'dP_mw': 0.0, 'dQ_mvar': 0.0}, '57': {'dP_mw': 0.0, 'dQ_mvar': 0.0}, '55': {'dP_mw': 0.0, 'dQ_mvar': 0.0}, '61': {'dP_mw': 0.0, 'dQ_mvar': 0.0}}",1.0516352153278694,0.0,0.0,PISR_breaker_open_noise,14.75
96,1791551208.3925903,92,(1.009235915+0.006360695j),(1.041992239+0.021069675j),(1.031146007+0.012284475j),(1.038226111+0.017616105j),(1.035917142+0.014825406j),(1.037899533+0.013596713j),(1.035583271+0.018868938j),(1.040021642+0.016712647j),(1.047874974+0.016077349j),(1.025236985+0.007926458j),(1.019872589+0.002116385j),(0.998949628+0.007433764j),(1.004926225+0.004130157j),(1.017857607+0.003110984j),(1.015983234+0.017332354j),(1.01350514+0.010893875j),(1.014130036+0.00606965j),(1.030825388+0.013437488j),(1.015965505+0.007809547j),(1.03650492+0.019490108j),(1.039929237+0.012557381j),(1.029724078+0.020580518j),(1.041898391+0.013779284j),(1.044406462+0.02134398j),(1.023857931+0.005686611j),(0.997963196-0.002654978j),(0.995458015+0.001962643j),(1.01544982+0.009392868j),(1.018295519+0.006184784j),(1.033788312+0.017182086j),(1.017741438+0.00282213j),(0.99915429+0.000302818j),(1.001662524+0.001531928j),(1.010235687-0.003633357j),(1.02457386+0.010590344j),(1.024756355+0.011512686j),(1.039342432+0.019027793j),(1.035356642+0.010103984j),(1.037736967+0.007042179j),(1.045151454+0.022983914j),(1.050119709+0.024607577j),(1.006815699+0.00405386j),(1.01142896-0.00636657j),(1.022243819+0.007219539j),(1.022722474+0.00696516j),(1.041871839+0.017566692j),(1.024131515+0.015233483j),(1.02209737+0.01419997j),(1.016327858+0.013667855j),(1.02726405+0.003308738j),(1.042706655+0.022983811j),(1.047504675+0.01846941j),(1.046245923+0.015520079j),(1.052291372+0.019197572j),(1.041732513+0.015747034j),(1.038051652+0.013750905j),(1.031751597+0.018649947j),(1.025247496+0.011033933j),(-0.039505479+2.8233e-05j),(-0.039507012+3.3875e-05j),(-0.039831985+2.3154e-05j),(-0.039742081+3.7224e-05j),"{'64': {'dP_mw': 0.0, 'dQ_mvar': 0.0}, '57': {'dP_mw': 0.0, 'dQ_mvar': 0.0}, '55': {'dP_mw': 0.0, 'dQ_mvar': 0.0}, '61': {'dP_mw': 0.0, 'dQ_mvar': 0.0}}",1.0524664737445737,0.0,0.0,PISR_breaker_open_noise,14.8
97,1791551208.4437146,92,(1.00785653-0.002336507j),(1.026306563+0.010573102j),(1.040929559+0.004042349j),(1.040646375+0.019247874j),(1.040311037+0.014625664j),(1.033362482+0.017405794j),(1.033277067+0.019934847j),(1.043000387+0.024432526j),(1.032906572+0.027317238j),(1.029787673+0.00497137j),(1.02406744+0.015006182j),(0.995191316+0.005436248j),(1.002878312+0.003979164j),(1.008955951+0.010586205j),(1.013701794-0.000423584j),(1.013635562+6.2543e-05j),(1.013141718+0.005630889j),(1.008969758+0.009748105j),(1.019978155-0.003687025j),(1.029901958+0.017492962j),(1.040200628+0.011937484j),(1.040351119+0.013981801j),(1.040070587+0.018113213j),(1.045708821+0.025096053j),(1.020082204+0.011644111j),(1.002123591+0.000359693j),(1.005428043+0.001708977j),(1.009198558+0.002351725j),(1.022033954+0.006275688j),(1.030511271+0.024067923j),(1.018747633+0.008750498j),(0.993301876-0.0091525j),(0.998438989+0.002465071j),(0.998467357+0.007581272j),(1.020848023+0.007562746j),(1.022142948+0.00288433j),(1.030849606+0.020185163j),(1.037837302+0.009227367j),(1.037818855+0.021040163j),(1.043954077+0.034843332j),(1.049840651+0.027494145j),(1.005050973-0.002098802j),(1.006784846-0.000715091j),(1.015576502+0.011414196j),(1.016505904+0.005615355j),(1.047273021+0.021867138j),(1.019240344+0.004276321j),(1.030387476+0.008462984j),(1.023733191+0.01223954j),(1.021710273+0.009752855j),(1.045186432+0.014167026j),(1.047023368+0.022808277j),(1.050514352+0.025995747j),(1.046424489+0.017614004j),(1.04355773+0.014167248j),(1.040436768+0.02533094j),(1.033885509+0.019988838j),(1.028515083+0.001971758j),(-0.039496961+4.3829e-05j),(-0.03949828+2.5894e-05j),(-0.039848853+1.2922e-05j),(-0.039720775+2.7475e-05j),"{'64': {'dP_mw': 0.0, 'dQ_mvar': 0.0}, '57': {'dP_mw': 0.0, 'dQ_mvar': 0.0}, '55': {'dP_mw': 0.0, 'dQ_mvar': 0.0}, '61': {'dP_mw': 0.0, 'dQ_mvar': 0.0}}",1.0508359446745565,0.0,0.0,PISR_breaker_open_noise,14.85
98,1791551208.4924653,93,(1.026704183+0.006672206j),(1.029763713+0.017576813j),(1.040894863+0.020390189j),(1.035893919+0.015647311j),(1.028937565+0.011771706j),(1.041410481+0.019185011j),(1.041242776+0.008828893j),(1.057072141+0.015462588j),(1.035931196+0.018738757j),(1.013938692+0.005881191j),(1.023606871+0.01164143j),(0.998483229-0.003980313j),(1.003906755-0.003375061j),(1.011834793+0.001547591j),(1.005729803+0.005771229j),(1.022692402+0.005620935j),(1.018763912+0.004056742j),(1.016834328+0.00411629j),(1.011854304+0.005963703j),(1.038297749+0.028004728j),(1.042581402+0.025165634j),(1.035823976+0.017328907j),(1.04954241+0.023340747j),(1.049382163+0.011549627j),(1.026415853-0.004779874j),(1.003711438-0.009323967j),(1.001460635-0.002260574j),(1.009122178+0.001317452j),(1.008801658+0.013988609j),(1.035419636+0.01748491j),(1.020335762+0.009961411j),(1.004663511-0.004123414j),(1.00071436+0.005936961j),(1.008891871-0.004604683j),(1.028222053+0.001750498j),(1.027732155+0.012121313j),(1.041423415+0.007116122j),(1.038915276+0.018288731j),(1.042139014+0.014462669j),(1.044640118+0.020863744j),(1.051333731+0.019252153j),(1.011504038+0.009317922j),(1.010820764-0.000928257j),(1.018716722+0.008953371j),(1.006367669+0.018753915j),(1.033822249+0.016981059j),(1.02432672+0.001346425j),(1.024315535+0.003138633j),(1.027118082+0.00494331j),(1.024396794+0.01241311j),(1.04682985+0.015267734j),(1.049431992+0.02109645j),(1.04406759+0.018781835j),(1.048717122+0.015871398j),(1.035151148+0.011478248j),(1.035617567+0.010986101j),(1.037386382+0.017702844j),(1.022052456+0.00095299j),(-0.03950876+3.7228e-05j),(-0.039488713+1.3474e-05j),(-0.039832798+5.615e-06j),(-0.039720685+2.3935e-05j),"{'64': {'dP_mw': 0.0, 'dQ_mvar': 0.0}, '57': {'dP_mw': 0.0, 'dQ_mvar': 0.0}, '55': {'dP_mw': 0.0, 'dQ_mvar': 0.0}, '61': {'dP_mw': 0.0, 'dQ_mvar': 0.0}}",1.0571852263941175,0.0,0.0,PISR_breaker_open_noise,14.9
99,1791551208.5446832,93,(1.015101345+0.001195104j),(1.032499593+0.017167459j),(1.040096433+0.008346225j),(1.033357392+0.012368268j),(1.038059792+0.007703621j),(1.03724991+0.013983911j),(1.035219693+0.018343161j),(1.054706822+0.020479866j),(1.038710916+0.013302415j),(1.015923239+0.004261017j),(1.026926977+0.007297512j),(0.996958596+0.010712313j),(1.004434082+0.003215393j),(1.003934144+0.010207155j),(1.015432513+0.004169724j),(1.012315458-0.000400767j),(1.010852344-0.001513617j),(1.02293465+0.009148262j),(1.024515325+0.010396116j),(1.040161553+0.023919785j),(1.041579861+0.013062648j),(1.041747014+0.011531584j),(1.034657875+0.016348939j),(1.051157597+0.024078443j),(1.023769048+0.003709711j),(1.008303032+0.004015328j),(1.007569635+0.001367196j),(1.014201721+0.002637106j),(1.016884123+0.007757317j),(1.040784775+0.013079088j),(1.022161647+0.006573714j),(1.006849501+0.006254716j),(1.007888654+0.001203824j),(1.008198496-0.001089912j),(1.022468573+0.010128225j),(1.030390128+0.010094932j),(1.032292099+0.011325988j),(1.032573187+0.019338288j),(1.037356813+0.022847486j),(1.050997669+0.026173891j),(1.043388709+0.017428784j),(1.008377333+0.001565587j),(1.009527228+0.007978304j),(1.024955507+0.011487261j),(1.014150983+0.005208544j),(1.040081817+0.013756628j),(1.011782535-0.005461833j),(1.018392901+0.004977975j),(1.022081892+0.008946874j),(1.026023959+0.017195954j),(1.042713972+0.023226602j),(1.044003848+0.022797243j),(1.048250617+0.009958455j),(1.05420446+0.02020564j),(1.046133841+0.013148145j),(1.0368284+0.016938004j),(1.040815293+0.019330257j),(1.015693423+0.006275754j),(-0.039516692+3.9657e-05j),(-0.039517571+2.9479e-05j),(-0.039849849+2.9773e-05j),(-0.039711887+4.4652e-05j),"{'64': {'dP_mw': 0.0, 'dQ_mvar': 0.0}, '57': {'dP_mw': 0.0, 'dQ_mvar': 0.0}, '55': {'dP_mw': 0.0, 'dQ_mvar': 0.0}, '61': {'dP_mw': 0.0, 'dQ_mvar': 0.0}}",1.0549056380950468,0.0,0.0,PISR_breaker_open_noise,14.95
100,1791551208.592806,93,(1.016580896+0.006971066j),(1.044084233+0.017691045j),(1.034075763+0.018312348j),(1.038809992+0.014392611j),(1.019323757+0.010606774j),(1.040650229+0.015158858j),(1.033412318+0.014569578j),(1.054444518+0.016223096j),(1.041042557+0.015850336j),(1.026410217+0.010209363j),(1.024545768+0.004004198j),(1.002744259-0.000358976j),(1.004127017+0.002892248j),(1.005465425+0.002814607j),(1.014686477-0.005126489j),(1.017296325+0.004009864j),(1.016910912+0.002206765j),(1.01207698+0.014855637j),(1.026509182+0.002985348j),(1.035579769+0.007379976j),(1.041731708+0.024090329j),(1.04470773+0.017779035j),(1.040405981+0.015633005j),(1.04163258+0.027432879j),(1.027547158+0.008408489j),(1.003849075-0.006684338j),(1.006729182-0.001740408j),(1.005707137+0.002491294j),(1.004884017+0.007925493j),(1.032724149+0.018049171j),(1.022695708+0.016077313j),(1.008586451-0.000764093j),(1.010606812-0.008558944j),(0.995872134-0.002014341j),(1.019587597+0.013998092j),(1.021730148+0.012385478j),(1.041040425+0.014856304j),(1.032042344+0.007681145j),(1.033202401+0.012081689j),(1.043112263+0.0269703j),(1.045766071+0.026221639j),(1.019250245-0.00067372j),(1.026988293-0.006155341j),(1.005667179+0.007539424j),(1.017150752+0.014906385j),(1.039961984+0.00892399j),(1.021214427+0.005782773j),(1.030752127+0.013702741j),(1.029113353-0.001989096j),(1.026593792+0.003026034j),(1.052475293+0.02799132j),(1.044106343+0.018769213j),(1.048802453+0.01914208j),(1.041440498+0.022696286j),(1.045373097+0.014188237j),(1.036450337+0.01691523j),(1.039223158+0.015126438j),(1.021737112+0.010659275j),(-0.039518565+4.0111e-05j),(-0.039515643+2.1901e-05j),(-0.039837024+3.4795e-05j),(-0.039716306+4.1972e-05j),"{'64': {'dP_mw': 0.0, 'dQ_mvar': 0.0}, '57': {'dP_mw': 0.0, 'dQ_mvar': 0.0}, '55': {'dP_mw': 0.0, 'dQ_mvar': 0.0}, '61': {'dP_mw': 0.0, 'dQ_mvar': 0.0}}",1.0545693103746558,0.0,0.0,PISR_breaker_open_noise,15.0
