i,ts,row,V7_complex,V8_complex,V9_complex,V10_complex,V11_complex,V12_complex,V13_complex,V14_complex,V15_complex,V16_complex,V17_complex,V18_complex,V19_complex,V20_complex,V21_complex,V22_complex,V23_complex,V24_complex,V25_complex,V26_complex,V27_complex,V28_complex,V29_complex,V30_complex,V31_complex,V32_complex,V33_complex,V34_complex,V35_complex,V36_complex,V37_complex,V38_complex,V39_complex,V40_complex,V41_complex,V42_complex,V43_complex,V44_complex,V45_complex,V46_complex,V47_complex,V48_complex,V49_complex,V50_complex,V51_complex,V52_complex,V53_complex,V54_complex,V55_complex,V56_complex,V57_complex,V58_complex,V59_complex,V60_complex,V61_complex,V62_complex,V63_complex,V64_complex,S64_complex,S57_complex,S55_complex,S61_complex,mods,max_voltage,total_dP_mw,total_dQ_mvar,run,t_rel
0,1790959770.7286415,34,(1.019531943+0.007187113j),(1.038281793+0.016246463j),(1.038285183+0.016247217j),(1.038480613+0.016237111j),(1.038487394+0.01623862j),(1.038623907+0.016231561j),(1.038758295+0.016319443j),(1.046495283+0.019848268j),(1.038366341+0.016057903j),(1.022857751+0.008942279j),(1.022199736+0.008505092j),(1.004013542+0.000260819j),(1.003755452+8.7992e-05j),(1.01001508+0.002849107j),(1.010286977+0.003025092j),(1.014705537+0.004974114j),(1.014977434+0.005150098j),(1.019395994+0.007099121j),(1.019531943+0.007187113j),(1.038281793+0.016246463j),(1.038281793+0.016246463j),(1.038484003+0.016237866j),(1.038627298+0.016232316j),(1.04662628+0.019935395j),(1.022596795+0.008767866j),(1.003616483-1.955e-06j),(1.003619504+0j),(1.010151028+0.002937099j),(1.014841485+0.005062106j),(1.038278402+0.016245708j),(1.019667891+0.007275105j),(1.003619504+0j),(1.003616483-1.955e-06j),(1.003616483-1.955e-06j),(1.022590653+0.008768475j),(1.023350194+0.008940716j),(1.039361808+0.01640878j),(1.038627298+0.016232316j),(1.038281793+0.016246463j),(1.047354866+0.020111062j),(1.046620275+0.019935927j),(1.010151028+0.002937099j),(1.010151028+0.002937099j),(1.019531943+0.007187113j),(1.014841485+0.005062106j),(1.038484003+0.016237866j),(1.02257092+0.008764186j),(1.022589118+0.008768627j),(1.025882434+0.01046536j),(1.023538544+0.008983928j),(1.048960384+0.021076809j),(1.047537012+0.020154979j),(1.046604588+0.019932441j),(1.046618773+0.01993606j),(1.042694482+0.017471529j),(1.039545435+0.016452896j),(1.038256847+0.016246823j),(1.020628081+0.007576092j),(-0.039503007+4.1256e-05j),(-0.039500725+3.337e-05j),(-0.039836761+2.726e-05j),(-0.03972334+3.3135e-05j),"{'64': {'dP_mw': 0.0, 'dQ_mvar': 0.0}, '57': {'dP_mw': 0.0, 'dQ_mvar': 0.0}, '55': {'dP_mw': 0.0, 'dQ_mvar': 0.0}, '61': {'dP_mw': 0.0, 'dQ_mvar': 0.0}}",1.049172111275862,0.0,0.0,Uncontrolled_baseline,0.0
1,1790959770.779518,34,(1.019531943+0.007187113j),(1.038281793+0.016246463j),(1.038285183+0.016247217j),(1.038480613+0.016237111j),(1.038487394+0.01623862j),(1.038623907+0.016231561j),(1.038758295+0.016319443j),(1.046495283+0.019848268j),(1.038366341+0.016057903j),(1.022857751+0.008942279j),(1.022199736+0.008505092j),(1.004013542+0.000260819j),(1.003755452+8.7992e-05j),(1.01001508+0.002849107j),(1.010286977+0.003025092j),(1.014705537+0.004974114j),(1.014977434+0.005150098j),(1.019395994+0.007099121j),(1.019531943+0.007187113j),(1.038281793+0.016246463j),(1.038281793+0.016246463j),(1.038484003+0.016237866j),(1.038627298+0.016232316j),(1.04662628+0.019935395j),(1.022596795+0.008767866j),(1.003616483-1.955e-06j),(1.003619504+0j),(1.010151028+0.002937099j),(1.014841485+0.005062106j),(1.038278402+0.016245708j),(1.019667891+0.007275105j),(1.003619504+0j),(1.003616483-1.955e-06j),(1.003616483-1.955e-06j),(1.022590653+0.008768475j),(1.023350194+0.008940716j),(1.039361808+0.01640878j),(1.038627298+0.016232316j),(1.038281793+0.016246463j),(1.047354866+0.020111062j),(1.046620275+0.019935927j),(1.010151028+0.002937099j),(1.010151028+0.002937099j),(1.019531943+0.007187113j),(1.014841485+0.005062106j),(1.038484003+0.016237866j),(1.02257092+0.008764186j),(1.022589118+0.008768627j),(1.025882434+0.01046536j),(1.023538544+0.008983928j),(1.048960384+0.021076809j),(1.047537012+0.020154979j),(1.046604588+0.019932441j),(1.046618773+0.01993606j),(1.042694482+0.017471529j),(1.039545435+0.016452896j),(1.038256847+0.016246823j),(1.020628081+0.007576092j),(-0.039503007+4.1256e-05j),(-0.039500725+3.337e-05j),(-0.039836761+2.726e-05j),(-0.03972334+3.3135e-05j),"{'64': {'dP_mw': 0.0, 'dQ_mvar': 0.0}, '57': {'dP_mw': 0.0, 'dQ_mvar': 0.0}, '55': {'dP_mw': 0.0, 'dQ_mvar': 0.0}, '61': {'dP_mw': 0.0, 'dQ_mvar': 0.0}}",1.049172111275862,0.0,0.0,Uncontrolled_baseline,0.05
2,1790959770.829928,34,(1.019531943+0.007187113j),(1.038281793+0.016246463j),(1.038285183+0.016247217j),(1.038480613+0.016237111j),(1.038487394+0.01623862j),(1.038623907+0.016231561j),(1.038758295+0.016319443j),(1.046495283+0.019848268j),(1.038366341+0.016057903j),(1.022857751+0.008942279j),(1.022199736+0.008505092j),(1.004013542+0.000260819j),(1.003755452+8.7992e-05j),(1.01001508+0.002849107j),(1.010286977+0.003025092j),(1.014705537+0.004974114j),(1.014977434+0.005150098j),(1.019395994+0.007099121j),(1.019531943+0.007187113j),(1.038281793+0.016246463j),(1.038281793+0.016246463j),(1.038484003+0.016237866j),(1.038627298+0.016232316j),(1.04662628+0.019935395j),(1.022596795+0.008767866j),(1.003616483-1.955e-06j),(1.003619504+0j),(1.010151028+0.002937099j),(1.014841485+0.005062106j),(1.038278402+0.016245708j),(1.019667891+0.007275105j),(1.003619504+0j),(1.003616483-1.955e-06j),(1.003616483-1.955e-06j),(1.022590653+0.008768475j),(1.023350194+0.008940716j),(1.039361808+0.01640878j),(1.038627298+0.016232316j),(1.038281793+0.016246463j),(1.047354866+0.020111062j),(1.046620275+0.019935927j),(1.010151028+0.002937099j),(1.010151028+0.002937099j),(1.019531943+0.007187113j),(1.014841485+0.005062106j),(1.038484003+0.016237866j),(1.02257092+0.008764186j),(1.022589118+0.008768627j),(1.025882434+0.01046536j),(1.023538544+0.008983928j),(1.048960384+0.021076809j),(1.047537012+0.020154979j),(1.046604588+0.019932441j),(1.046618773+0.01993606j),(1.042694482+0.017471529j),(1.039545435+0.016452896j),(1.038256847+0.016246823j),(1.020628081+0.007576092j),(-0.039503007+4.1256e-05j),(-0.039500725+3.337e-05j),(-0.039836761+2.726e-05j),(-0.03972334+3.3135e-05j),"{'64': {'dP_mw': 0.0, 'dQ_mvar': 0.0}, '57': {'dP_mw': 0.0, 'dQ_mvar': 0.0}, '55': {'dP_mw': 0.0, 'dQ_mvar': 0.0}, '61': {'dP_mw': 0.0, 'dQ_mvar': 0.0}}",1.049172111275862,0.0,0.0,Uncontrolled_baseline,0.1
3,1790959770.8801258,34,(1.019531943+0.007187113j),(1.038281793+0.016246463j),(1.038285183+0.016247217j),(1.038480613+0.016237111j),(1.038487394+0.01623862j),(1.038623907+0.016231561j),(1.038758295+0.016319443j),(1.046495283+0.019848268j),(1.038366341+0.016057903j),(1.022857751+0.008942279j),(1.022199736+0.008505092j),(1.004013542+0.000260819j),(1.003755452+8.7992e-05j),(1.01001508+0.002849107j),(1.010286977+0.003025092j),(1.014705537+0.004974114j),(1.014977434+0.005150098j),(1.019395994+0.007099121j),(1.019531943+0.007187113j),(1.038281793+0.016246463j),(1.038281793+0.016246463j),(1.038484003+0.016237866j),(1.038627298+0.016232316j),(1.04662628+0.019935395j),(1.022596795+0.008767866j),(1.003616483-1.955e-06j),(1.003619504+0j),(1.010151028+0.002937099j),(1.014841485+0.005062106j),(1.038278402+0.016245708j),(1.019667891+0.007275105j),(1.003619504+0j),(1.003616483-1.955e-06j),(1.003616483-1.955e-06j),(1.022590653+0.008768475j),(1.023350194+0.008940716j),(1.039361808+0.01640878j),(1.038627298+0.016232316j),(1.038281793+0.016246463j),(1.047354866+0.020111062j),(1.046620275+0.019935927j),(1.010151028+0.002937099j),(1.010151028+0.002937099j),(1.019531943+0.007187113j),(1.014841485+0.005062106j),(1.038484003+0.016237866j),(1.02257092+0.008764186j),(1.022589118+0.008768627j),(1.025882434+0.01046536j),(1.023538544+0.008983928j),(1.048960384+0.021076809j),(1.047537012+0.020154979j),(1.046604588+0.019932441j),(1.046618773+0.01993606j),(1.042694482+0.017471529j),(1.039545435+0.016452896j),(1.038256847+0.016246823j),(1.020628081+0.007576092j),(-0.039503007+4.1256e-05j),(-0.039500725+3.337e-05j),(-0.039836761+2.726e-05j),(-0.03972334+3.3135e-05j),"{'64': {'dP_mw': 0.0, 'dQ_mvar': 0.0}, '57': {'dP_mw': 0.0, 'dQ_mvar': 0.0}, '55': {'dP_mw': 0.0, 'dQ_mvar': 0.0}, '61': {'dP_mw': 0.0, 'dQ_mvar': 0.0}}",1.049172111275862,0.0,0.0,Uncontrolled_baseline,0.15
4,1790959770.930331,34,(1.019531943+0.007187113j),(1.038281793+0.016246463j),(1.038285183+0.016247217j),(1.038480613+0.016237111j),(1.038487394+0.01623862j),(1.038623907+0.016231561j),(1.038758295+0.016319443j),(1.046495283+0.019848268j),(1.038366341+0.016057903j),(1.022857751+0.008942279j),(1.022199736+0.008505092j),(1.004013542+0.000260819j),(1.003755452+8.7992e-05j),(1.01001508+0.002849107j),(1.010286977+0.003025092j),(1.014705537+0.004974114j),(1.014977434+0.005150098j),(1.019395994+0.007099121j),(1.019531943+0.007187113j),(1.038281793+0.016246463j),(1.038281793+0.016246463j),(1.038484003+0.016237866j),(1.038627298+0.016232316j),(1.04662628+0.019935395j),(1.022596795+0.008767866j),(1.003616483-1.955e-06j),(1.003619504+0j),(1.010151028+0.002937099j),(1.014841485+0.005062106j),(1.038278402+0.016245708j),(1.019667891+0.007275105j),(1.003619504+0j),(1.003616483-1.955e-06j),(1.003616483-1.955e-06j),(1.022590653+0.008768475j),(1.023350194+0.008940716j),(1.039361808+0.01640878j),(1.038627298+0.016232316j),(1.038281793+0.016246463j),(1.047354866+0.020111062j),(1.046620275+0.019935927j),(1.010151028+0.002937099j),(1.010151028+0.002937099j),(1.019531943+0.007187113j),(1.014841485+0.005062106j),(1.038484003+0.016237866j),(1.02257092+0.008764186j),(1.022589118+0.008768627j),(1.025882434+0.01046536j),(1.023538544+0.008983928j),(1.048960384+0.021076809j),(1.047537012+0.020154979j),(1.046604588+0.019932441j),(1.046618773+0.01993606j),(1.042694482+0.017471529j),(1.039545435+0.016452896j),(1.038256847+0.016246823j),(1.020628081+0.007576092j),(-0.039503007+4.1256e-05j),(-0.039500725+3.337e-05j),(-0.039836761+2.726e-05j),(-0.03972334+3.3135e-05j),"{'64': {'dP_mw': 0.0, 'dQ_mvar': 0.0}, '57': {'dP_mw': 0.0, 'dQ_mvar': 0.0}, '55': {'dP_mw': 0.0, 'dQ_mvar': 0.0}, '61': {'dP_mw': 0.0, 'dQ_mvar': 0.0}}",1.049172111275862,0.0,0.0,Uncontrolled_baseline,0.2
5,1790959770.9804206,34,(1.019531943+0.007187113j),(1.038281793+0.016246463j),(1.038285183+0.016247217j),(1.038480613+0.016237111j),(1.038487394+0.01623862j),(1.038623907+0.016231561j),(1.038758295+0.016319443j),(1.046495283+0.019848268j),(1.038366341+0.016057903j),(1.022857751+0.008942279j),(1.022199736+0.008505092j),(1.004013542+0.000260819j),(1.003755452+8.7992e-05j),(1.01001508+0.002849107j),(1.010286977+0.003025092j),(1.014705537+0.004974114j),(1.014977434+0.005150098j),(1.019395994+0.007099121j),(1.019531943+0.007187113j),(1.038281793+0.016246463j),(1.038281793+0.016246463j),(1.038484003+0.016237866j),(1.038627298+0.016232316j),(1.04662628+0.019935395j),(1.022596795+0.008767866j),(1.003616483-1.955e-06j),(1.003619504+0j),(1.010151028+0.002937099j),(1.014841485+0.005062106j),(1.038278402+0.016245708j),(1.019667891+0.007275105j),(1.003619504+0j),(1.003616483-1.955e-06j),(1.003616483-1.955e-06j),(1.022590653+0.008768475j),(1.023350194+0.008940716j),(1.039361808+0.01640878j),(1.038627298+0.016232316j),(1.038281793+0.016246463j),(1.047354866+0.020111062j),(1.046620275+0.019935927j),(1.010151028+0.002937099j),(1.010151028+0.002937099j),(1.019531943+0.007187113j),(1.014841485+0.005062106j),(1.038484003+0.016237866j),(1.02257092+0.008764186j),(1.022589118+0.008768627j),(1.025882434+0.01046536j),(1.023538544+0.008983928j),(1.048960384+0.021076809j),(1.047537012+0.020154979j),(1.046604588+0.019932441j),(1.046618773+0.01993606j),(1.042694482+0.017471529j),(1.039545435+0.016452896j),(1.038256847+0.016246823j),(1.020628081+0.007576092j),(-0.039503007+4.1256e-05j),(-0.039500725+3.337e-05j),(-0.039836761+2.726e-05j),(-0.03972334+3.3135e-05j),"{'64': {'dP_mw': 0.0, 'dQ_mvar': 0.0}, '57': {'dP_mw': 0.0, 'dQ_mvar': 0.0}, '55': {'dP_mw': 0.0, 'dQ_mvar': 0.0}, '61': {'dP_mw': 0.0, 'dQ_mvar': 0.0}}",1.049172111275862,0.0,0.0,Uncontrolled_baseline,0.25
6,1790959771.0281436,34,(1.019531943+0.007187113j),(1.038281793+0.016246463j),(1.038285183+0.016247217j),(1.038480613+0.016237111j),(1.038487394+0.01623862j),(1.038623907+0.016231561j),(1.038758295+0.016319443j),(1.046495283+0.019848268j),(1.038366341+0.016057903j),(1.022857751+0.008942279j),(1.022199736+0.008505092j),(1.004013542+0.000260819j),(1.003755452+8.7992e-05j),(1.01001508+0.002849107j),(1.010286977+0.003025092j),(1.014705537+0.004974114j),(1.014977434+0.005150098j),(1.019395994+0.007099121j),(1.019531943+0.007187113j),(1.038281793+0.016246463j),(1.038281793+0.016246463j),(1.038484003+0.016237866j),(1.038627298+0.016232316j),(1.04662628+0.019935395j),(1.022596795+0.008767866j),(1.003616483-1.955e-06j),(1.003619504+0j),(1.010151028+0.002937099j),(1.014841485+0.005062106j),(1.038278402+0.016245708j),(1.019667891+0.007275105j),(1.003619504+0j),(1.003616483-1.955e-06j),(1.003616483-1.955e-06j),(1.022590653+0.008768475j),(1.023350194+0.008940716j),(1.039361808+0.01640878j),(1.038627298+0.016232316j),(1.038281793+0.016246463j),(1.047354866+0.020111062j),(1.046620275+0.019935927j),(1.010151028+0.002937099j),(1.010151028+0.002937099j),(1.019531943+0.007187113j),(1.014841485+0.005062106j),(1.038484003+0.016237866j),(1.02257092+0.008764186j),(1.022589118+0.008768627j),(1.025882434+0.01046536j),(1.023538544+0.008983928j),(1.048960384+0.021076809j),(1.047537012+0.020154979j),(1.046604588+0.019932441j),(1.046618773+0.01993606j),(1.042694482+0.017471529j),(1.039545435+0.016452896j),(1.038256847+0.016246823j),(1.020628081+0.007576092j),(-0.039503007+4.1256e-05j),(-0.039500725+3.337e-05j),(-0.039836761+2.726e-05j),(-0.03972334+3.3135e-05j),"{'64': {'dP_mw': 0.0, 'dQ_mvar': 0.0}, '57': {'dP_mw': 0.0, 'dQ_mvar': 0.0}, '55': {'dP_mw': 0.0, 'dQ_mvar': 0.0}, '61': {'dP_mw': 0.0, 'dQ_mvar': 0.0}}",1.049172111275862,0.0,0.0,Uncontrolled_baseline,0.3
7,1790959771.0807931,34,(1.019531943+0.007187113j),(1.038281793+0.016246463j),(1.038285183+0.016247217j),(1.038480613+0.016237111j),(1.038487394+0.01623862j),(1.038623907+0.016231561j),(1.038758295+0.016319443j),(1.046495283+0.019848268j),(1.038366341+0.016057903j),(1.022857751+0.008942279j),(1.022199736+0.008505092j),(1.004013542+0.000260819j),(1.003755452+8.7992e-05j),(1.01001508+0.002849107j),(1.010286977+0.003025092j),(1.014705537+0.004974114j),(1.014977434+0.005150098j),(1.019395994+0.007099121j),(1.019531943+0.007187113j),(1.038281793+0.016246463j),(1.038281793+0.016246463j),(1.038484003+0.016237866j),(1.038627298+0.016232316j),(1.04662628+0.019935395j),(1.022596795+0.008767866j),(1.003616483-1.955e-06j),(1.003619504+0j),(1.010151028+0.002937099j),(1.014841485+0.005062106j),(1.038278402+0.016245708j),(1.019667891+0.007275105j),(1.003619504+0j),(1.003616483-1.955e-06j),(1.003616483-1.955e-06j),(1.022590653+0.008768475j),(1.023350194+0.008940716j),(1.039361808+0.01640878j),(1.038627298+0.016232316j),(1.038281793+0.016246463j),(1.047354866+0.020111062j),(1.046620275+0.019935927j),(1.010151028+0.002937099j),(1.010151028+0.002937099j),(1.019531943+0.007187113j),(1.014841485+0.005062106j),(1.038484003+0.016237866j),(1.02257092+0.008764186j),(1.022589118+0.008768627j),(1.025882434+0.01046536j),(1.023538544+0.008983928j),(1.048960384+0.021076809j),(1.047537012+0.020154979j),(1.046604588+0.019932441j),(1.046618773+0.01993606j),(1.042694482+0.017471529j),(1.039545435+0.016452896j),(1.038256847+0.016246823j),(1.020628081+0.007576092j),(-0.039503007+4.1256e-05j),(-0.039500725+3.337e-05j),(-0.039836761+2.726e-05j),(-0.03972334+3.3135e-05j),"{'64': {'dP_mw': 0.0, 'dQ_mvar': 0.0}, '57': {'dP_mw': 0.0, 'dQ_mvar': 0.0}, '55': {'dP_mw': 0.0, 'dQ_mvar': 0.0}, '61': {'dP_mw': 0.0, 'dQ_mvar': 0.0}}",1.049172111275862,0.0,0.0,Uncontrolled_baseline,0.35
8,1790959771.131916,34,(1.019531943+0.007187113j),(1.038281793+0.016246463j),(1.038285183+0.016247217j),(1.038480613+0.016237111j),(1.038487394+0.01623862j),(1.038623907+0.016231561j),(1.038758295+0.016319443j),(1.046495283+0.019848268j),(1.038366341+0.016057903j),(1.022857751+0.008942279j),(1.022199736+0.008505092j),(1.004013542+0.000260819j),(1.003755452+8.7992e-05j),(1.01001508+0.002849107j),(1.010286977+0.003025092j),(1.014705537+0.004974114j),(1.014977434+0.005150098j),(1.019395994+0.007099121j),(1.019531943+0.007187113j),(1.038281793+0.016246463j),(1.038281793+0.016246463j),(1.038484003+0.016237866j),(1.038627298+0.016232316j),(1.04662628+0.019935395j),(1.022596795+0.008767866j),(1.003616483-1.955e-06j),(1.003619504+0j),(1.010151028+0.002937099j),(1.014841485+0.005062106j),(1.038278402+0.016245708j),(1.019667891+0.007275105j),(1.003619504+0j),(1.003616483-1.955e-06j),(1.003616483-1.955e-06j),(1.022590653+0.008768475j),(1.023350194+0.008940716j),(1.039361808+0.01640878j),(1.038627298+0.016232316j),(1.038281793+0.016246463j),(1.047354866+0.020111062j),(1.046620275+0.019935927j),(1.010151028+0.002937099j),(1.010151028+0.002937099j),(1.019531943+0.007187113j),(1.014841485+0.005062106j),(1.038484003+0.016237866j),(1.02257092+0.008764186j),(1.022589118+0.008768627j),(1.025882434+0.01046536j),(1.023538544+0.008983928j),(1.048960384+0.021076809j),(1.047537012+0.020154979j),(1.046604588+0.019932441j),(1.046618773+0.01993606j),(1.042694482+0.017471529j),(1.039545435+0.016452896j),(1.038256847+0.016246823j),(1.020628081+0.007576092j),(-0.039503007+4.1256e-05j),(-0.039500725+3.337e-05j),(-0.039836761+2.726e-05j),(-0.03972334+3.3135e-05j),"{'64': {'dP_mw': 0.0, 'dQ_mvar': 0.0}, '57': {'dP_mw': 0.0, 'dQ_mvar': 0.0}, '55': {'dP_mw': 0.0, 'dQ_mvar': 0.0}, '61': {'dP_mw': 0.0, 'dQ_mvar': 0.0}}",1.049172111275862,0.0,0.0,Uncontrolled_baseline,0.4
9,1790959771.1805668,35,(1.019531943+0.007187113j),(1.038281793+0.016246463j),(1.038285183+0.016247217j),(1.038480613+0.016237111j),(1.038487394+0.01623862j),(1.038623907+0.016231561j),(1.038758295+0.016319443j),(1.046495283+0.019848268j),(1.038366341+0.016057903j),(1.022857751+0.008942279j),(1.022199736+0.008505092j),(1.004013542+0.000260819j),(1.003755452+8.7992e-05j),(1.01001508+0.002849107j),(1.010286977+0.003025092j),(1.014705537+0.004974114j),(1.014977434+0.005150098j),(1.019395994+0.007099121j),(1.019531943+0.007187113j),(1.038281793+0.016246463j),(1.038281793+0.016246463j),(1.038484003+0.016237866j),(1.038627298+0.016232316j),(1.04662628+0.019935395j),(1.022596795+0.008767866j),(1.003616483-1.955e-06j),(1.003619504+0j),(1.010151028+0.002937099j),(1.014841485+0.005062106j),(1.038278402+0.016245708j),(1.019667891+0.007275105j),(1.003619504+0j),(1.003616483-1.955e-06j),(1.003616483-1.955e-06j),(1.022590653+0.008768475j),(1.023350194+0.008940716j),(1.039361808+0.01640878j),(1.038627298+0.016232316j),(1.038281793+0.016246463j),(1.047354866+0.020111062j),(1.046620275+0.019935927j),(1.010151028+0.002937099j),(1.010151028+0.002937099j),(1.019531943+0.007187113j),(1.014841485+0.005062106j),(1.038484003+0.016237866j),(1.02257092+0.008764186j),(1.022589118+0.008768627j),(1.025882434+0.01046536j),(1.023538544+0.008983928j),(1.048960384+0.021076809j),(1.047537012+0.020154979j),(1.046604588+0.019932441j),(1.046618773+0.01993606j),(1.042694482+0.017471529j),(1.039545435+0.016452896j),(1.038256847+0.016246823j),(1.020628081+0.007576092j),(-0.039503007+4.1256e-05j),(-0.039500725+3.337e-05j),(-0.039836761+2.726e-05j),(-0.03972334+3.3135e-05j),"{'64': {'dP_mw': 0.0, 'dQ_mvar': 0.0}, '57': {'dP_mw': 0.0, 'dQ_mvar': 0.0}, '55': {'dP_mw': 0.0, 'dQ_mvar': 0.0}, '61': {'dP_mw': 0.0, 'dQ_mvar': 0.0}}",1.049172111275862,0.0,0.0,Uncontrolled_baseline,0.45
10,1790959771.2306612,35,(1.019531943+0.007187113j),(1.038281793+0.016246463j),(1.038285183+0.016247217j),(1.038480613+0.016237111j),(1.038487394+0.01623862j),(1.038623907+0.016231561j),(1.038758295+0.016319443j),(1.046495283+0.019848268j),(1.038366341+0.016057903j),(1.022857751+0.008942279j),(1.022199736+0.008505092j),(1.004013542+0.000260819j),(1.003755452+8.7992e-05j),(1.01001508+0.002849107j),(1.010286977+0.003025092j),(1.014705537+0.004974114j),(1.014977434+0.005150098j),(1.019395994+0.007099121j),(1.019531943+0.007187113j),(1.038281793+0.016246463j),(1.038281793+0.016246463j),(1.038484003+0.016237866j),(1.038627298+0.016232316j),(1.04662628+0.019935395j),(1.022596795+0.008767866j),(1.003616483-1.955e-06j),(1.003619504+0j),(1.010151028+0.002937099j),(1.014841485+0.005062106j),(1.038278402+0.016245708j),(1.019667891+0.007275105j),(1.003619504+0j),(1.003616483-1.955e-06j),(1.003616483-1.955e-06j),(1.022590653+0.008768475j),(1.023350194+0.008940716j),(1.039361808+0.01640878j),(1.038627298+0.016232316j),(1.038281793+0.016246463j),(1.047354866+0.020111062j),(1.046620275+0.019935927j),(1.010151028+0.002937099j),(1.010151028+0.002937099j),(1.019531943+0.007187113j),(1.014841485+0.005062106j),(1.038484003+0.016237866j),(1.02257092+0.008764186j),(1.022589118+0.008768627j),(1.025882434+0.01046536j),(1.023538544+0.008983928j),(1.048960384+0.021076809j),(1.047537012+0.020154979j),(1.046604588+0.019932441j),(1.046618773+0.01993606j),(1.042694482+0.017471529j),(1.039545435+0.016452896j),(1.038256847+0.016246823j),(1.020628081+0.007576092j),(-0.039503007+4.1256e-05j),(-0.039500725+3.337e-05j),(-0.039836761+2.726e-05j),(-0.03972334+3.3135e-05j),"{'64': {'dP_mw': 0.0, 'dQ_mvar': 0.0}, '57': {'dP_mw': 0.0, 'dQ_mvar': 0.0}, '55': {'dP_mw': 0.0, 'dQ_mvar': 0.0}, '61': {'dP_mw': 0.0, 'dQ_mvar': 0.0}}",1.049172111275862,0.0,0.0,Uncontrolled_baseline,0.5
11,1790959771.2825534,35,(1.019531943+0.007187113j),(1.038281793+0.016246463j),(1.038285183+0.016247217j),(1.038480613+0.016237111j),(1.038487394+0.01623862j),(1.038623907+0.016231561j),(1.038758295+0.016319443j),(1.046495283+0.019848268j),(1.038366341+0.016057903j),(1.022857751+0.008942279j),(1.022199736+0.008505092j),(1.004013542+0.000260819j),(1.003755452+8.7992e-05j),(1.01001508+0.002849107j),(1.010286977+0.003025092j),(1.014705537+0.004974114j),(1.014977434+0.005150098j),(1.019395994+0.007099121j),(1.019531943+0.007187113j),(1.038281793+0.016246463j),(1.038281793+0.016246463j),(1.038484003+0.016237866j),(1.038627298+0.016232316j),(1.04662628+0.019935395j),(1.022596795+0.008767866j),(1.003616483-1.955e-06j),(1.003619504+0j),(1.010151028+0.002937099j),(1.014841485+0.005062106j),(1.038278402+0.016245708j),(1.019667891+0.007275105j),(1.003619504+0j),(1.003616483-1.955e-06j),(1.003616483-1.955e-06j),(1.022590653+0.008768475j),(1.023350194+0.008940716j),(1.039361808+0.01640878j),(1.038627298+0.016232316j),(1.038281793+0.016246463j),(1.047354866+0.020111062j),(1.046620275+0.019935927j),(1.010151028+0.002937099j),(1.010151028+0.002937099j),(1.019531943+0.007187113j),(1.014841485+0.005062106j),(1.038484003+0.016237866j),(1.02257092+0.008764186j),(1.022589118+0.008768627j),(1.025882434+0.01046536j),(1.023538544+0.008983928j),(1.048960384+0.021076809j),(1.047537012+0.020154979j),(1.046604588+0.019932441j),(1.046618773+0.01993606j),(1.042694482+0.017471529j),(1.039545435+0.016452896j),(1.038256847+0.016246823j),(1.020628081+0.007576092j),(-0.039503007+4.1256e-05j),(-0.039500725+3.337e-05j),(-0.039836761+2.726e-05j),(-0.03972334+3.3135e-05j),"{'64': {'dP_mw': 0.0, 'dQ_mvar': 0.0}, '57': {'dP_mw': 0.0, 'dQ_mvar': 0.0}, '55': {'dP_mw': 0.0, 'dQ_mvar': 0.0}, '61': {'dP_mw': 0.0, 'dQ_mvar': 0.0}}",1.049172111275862,0.0,0.0,Uncontrolled_baseline,0.55
12,1790959771.3308172,35,(1.019531943+0.007187113j),(1.038281793+0.016246463j),(1.038285183+0.016247217j),(1.038480613+0.016237111j),(1.038487394+0.01623862j),(1.038623907+0.016231561j),(1.038758295+0.016319443j),(1.046495283+0.019848268j),(1.038366341+0.016057903j),(1.022857751+0.008942279j),(1.022199736+0.008505092j),(1.004013542+0.000260819j),(1.003755452+8.7992e-05j),(1.01001508+0.002849107j),(1.010286977+0.003025092j),(1.014705537+0.004974114j),(1.014977434+0.005150098j),(1.019395994+0.007099121j),(1.019531943+0.007187113j),(1.038281793+0.016246463j),(1.038281793+0.016246463j),(1.038484003+0.016237866j),(1.038627298+0.016232316j),(1.04662628+0.019935395j),(1.022596795+0.008767866j),(1.003616483-1.955e-06j),(1.003619504+0j),(1.010151028+0.002937099j),(1.014841485+0.005062106j),(1.038278402+0.016245708j),(1.019667891+0.007275105j),(1.003619504+0j),(1.003616483-1.955e-06j),(1.003616483-1.955e-06j),(1.022590653+0.008768475j),(1.023350194+0.008940716j),(1.039361808+0.01640878j),(1.038627298+0.016232316j),(1.038281793+0.016246463j),(1.047354866+0.020111062j),(1.046620275+0.019935927j),(1.010151028+0.002937099j),(1.010151028+0.002937099j),(1.019531943+0.007187113j),(1.014841485+0.005062106j),(1.038484003+0.016237866j),(1.02257092+0.008764186j),(1.022589118+0.008768627j),(1.025882434+0.01046536j),(1.023538544+0.008983928j),(1.048960384+0.021076809j),(1.047537012+0.020154979j),(1.046604588+0.019932441j),(1.046618773+0.01993606j),(1.042694482+0.017471529j),(1.039545435+0.016452896j),(1.038256847+0.016246823j),(1.020628081+0.007576092j),(-0.039503007+4.1256e-05j),(-0.039500725+3.337e-05j),(-0.039836761+2.726e-05j),(-0.03972334+3.3135e-05j),"{'64': {'dP_mw': 0.0, 'dQ_mvar': 0.0}, '57': {'dP_mw': 0.0, 'dQ_mvar': 0.0}, '55': {'dP_mw': 0.0, 'dQ_mvar': 0.0}, '61': {'dP_mw': 0.0, 'dQ_mvar': 0.0}}",1.049172111275862,0.0,0.0,Uncontrolled_baseline,0.6
13,1790959771.38285,35,(1.019531943+0.007187113j),(1.038281793+0.016246463j),(1.038285183+0.016247217j),(1.038480613+0.016237111j),(1.038487394+0.01623862j),(1.038623907+0.016231561j),(1.038758295+0.016319443j),(1.046495283+0.019848268j),(1.038366341+0.016057903j),(1.022857751+0.008942279j),(1.022199736+0.008505092j),(1.004013542+0.000260819j),(1.003755452+8.7992e-05j),(1.01001508+0.002849107j),(1.010286977+0.003025092j),(1.014705537+0.004974114j),(1.014977434+0.005150098j),(1.019395994+0.007099121j),(1.019531943+0.007187113j),(1.038281793+0.016246463j),(1.038281793+0.016246463j),(1.038484003+0.016237866j),(1.038627298+0.016232316j),(1.04662628+0.019935395j),(1.022596795+0.008767866j),(1.003616483-1.955e-06j),(1.003619504+0j),(1.010151028+0.002937099j),(1.014841485+0.005062106j),(1.038278402+0.016245708j),(1.019667891+0.007275105j),(1.003619504+0j),(1.003616483-1.955e-06j),(1.003616483-1.955e-06j),(1.022590653+0.008768475j),(1.023350194+0.008940716j),(1.039361808+0.01640878j),(1.038627298+0.016232316j),(1.038281793+0.016246463j),(1.047354866+0.020111062j),(1.046620275+0.019935927j),(1.010151028+0.002937099j),(1.010151028+0.002937099j),(1.019531943+0.007187113j),(1.014841485+0.005062106j),(1.038484003+0.016237866j),(1.02257092+0.008764186j),(1.022589118+0.008768627j),(1.025882434+0.01046536j),(1.023538544+0.008983928j),(1.048960384+0.021076809j),(1.047537012+0.020154979j),(1.046604588+0.019932441j),(1.046618773+0.01993606j),(1.042694482+0.017471529j),(1.039545435+0.016452896j),(1.038256847+0.016246823j),(1.020628081+0.007576092j),(-0.039503007+4.1256e-05j),(-0.039500725+3.337e-05j),(-0.039836761+2.726e-05j),(-0.03972334+3.3135e-05j),"{'64': {'dP_mw': 0.0, 'dQ_mvar': 0.0}, '57': {'dP_mw': 0.0, 'dQ_mvar': 0.0}, '55': {'dP_mw': 0.0, 'dQ_mvar': 0.0}, '61': {'dP_mw': 0.0, 'dQ_mvar': 0.0}}",1.049172111275862,0.0,0.0,Uncontrolled_baseline,0.65
14,1790959771.4318593,35,(1.019531943+0.007187113j),(1.038281793+0.016246463j),(1.038285183+0.016247217j),(1.038480613+0.016237111j),(1.038487394+0.01623862j),(1.038623907+0.016231561j),(1.038758295+0.016319443j),(1.046495283+0.019848268j),(1.038366341+0.016057903j),(1.022857751+0.008942279j),(1.022199736+0.008505092j),(1.004013542+0.000260819j),(1.003755452+8.7992e-05j),(1.01001508+0.002849107j),(1.010286977+0.003025092j),(1.014705537+0.004974114j),(1.014977434+0.005150098j),(1.019395994+0.007099121j),(1.019531943+0.007187113j),(1.038281793+0.016246463j),(1.038281793+0.016246463j),(1.038484003+0.016237866j),(1.038627298+0.016232316j),(1.04662628+0.019935395j),(1.022596795+0.008767866j),(1.003616483-1.955e-06j),(1.003619504+0j),(1.010151028+0.002937099j),(1.014841485+0.005062106j),(1.038278402+0.016245708j),(1.019667891+0.007275105j),(1.003619504+0j),(1.003616483-1.955e-06j),(1.003616483-1.955e-06j),(1.022590653+0.008768475j),(1.023350194+0.008940716j),(1.039361808+0.01640878j),(1.038627298+0.016232316j),(1.038281793+0.016246463j),(1.047354866+0.020111062j),(1.046620275+0.019935927j),(1.010151028+0.002937099j),(1.010151028+0.002937099j),(1.019531943+0.007187113j),(1.014841485+0.005062106j),(1.038484003+0.016237866j),(1.02257092+0.008764186j),(1.022589118+0.008768627j),(1.025882434+0.01046536j),(1.023538544+0.008983928j),(1.048960384+0.021076809j),(1.047537012+0.020154979j),(1.046604588+0.019932441j),(1.046618773+0.01993606j),(1.042694482+0.017471529j),(1.039545435+0.016452896j),(1.038256847+0.016246823j),(1.020628081+0.007576092j),(-0.039503007+4.1256e-05j),(-0.039500725+3.337e-05j),(-0.039836761+2.726e-05j),(-0.03972334+3.3135e-05j),"{'64': {'dP_mw': 0.0, 'dQ_mvar': 0.0}, '57': {'dP_mw': 0.0, 'dQ_mvar': 0.0}, '55': {'dP_mw': 0.0, 'dQ_mvar': 0.0}, '61': {'dP_mw': 0.0, 'dQ_mvar': 0.0}}",1.049172111275862,0.0,0.0,Uncontrolled_baseline,0.7
15,1790959771.4826312,35,(1.019531943+0.007187113j),(1.038281793+0.016246463j),(1.038285183+0.016247217j),(1.038480613+0.016237111j),(1.038487394+0.01623862j),(1.038623907+0.016231561j),(1.038758295+0.016319443j),(1.046495283+0.019848268j),(1.038366341+0.016057903j),(1.022857751+0.008942279j),(1.022199736+0.008505092j),(1.004013542+0.000260819j),(1.003755452+8.7992e-05j),(1.01001508+0.002849107j),(1.010286977+0.003025092j),(1.014705537+0.004974114j),(1.014977434+0.005150098j),(1.019395994+0.007099121j),(1.019531943+0.007187113j),(1.038281793+0.016246463j),(1.038281793+0.016246463j),(1.038484003+0.016237866j),(1.038627298+0.016232316j),(1.04662628+0.019935395j),(1.022596795+0.008767866j),(1.003616483-1.955e-06j),(1.003619504+0j),(1.010151028+0.002937099j),(1.014841485+0.005062106j),(1.038278402+0.016245708j),(1.019667891+0.007275105j),(1.003619504+0j),(1.003616483-1.955e-06j),(1.003616483-1.955e-06j),(1.022590653+0.008768475j),(1.023350194+0.008940716j),(1.039361808+0.01640878j),(1.038627298+0.016232316j),(1.038281793+0.016246463j),(1.047354866+0.020111062j),(1.046620275+0.019935927j),(1.010151028+0.002937099j),(1.010151028+0.002937099j),(1.019531943+0.007187113j),(1.014841485+0.005062106j),(1.038484003+0.016237866j),(1.02257092+0.008764186j),(1.022589118+0.008768627j),(1.025882434+0.01046536j),(1.023538544+0.008983928j),(1.048960384+0.021076809j),(1.047537012+0.020154979j),(1.046604588+0.019932441j),(1.046618773+0.01993606j),(1.042694482+0.017471529j),(1.039545435+0.016452896j),(1.038256847+0.016246823j),(1.020628081+0.007576092j),(-0.039503007+4.1256e-05j),(-0.039500725+3.337e-05j),(-0.039836761+2.726e-05j),(-0.03972334+3.3135e-05j),"{'64': {'dP_mw': 0.0, 'dQ_mvar': 0.0}, '57': {'dP_mw': 0.0, 'dQ_mvar': 0.0}, '55': {'dP_mw': 0.0, 'dQ_mvar': 0.0}, '61': {'dP_mw': 0.0, 'dQ_mvar': 0.0}}",1.049172111275862,0.0,0.0,Uncontrolled_baseline,0.75
16,1790959771.5326905,35,(1.019531943+0.007187113j),(1.038281793+0.016246463j),(1.038285183+0.016247217j),(1.038480613+0.016237111j),(1.038487394+0.01623862j),(1.038623907+0.016231561j),(1.038758295+0.016319443j),(1.046495283+0.019848268j),(1.038366341+0.016057903j),(1.022857751+0.008942279j),(1.022199736+0.008505092j),(1.004013542+0.000260819j),(1.003755452+8.7992e-05j),(1.01001508+0.002849107j),(1.010286977+0.003025092j),(1.014705537+0.004974114j),(1.014977434+0.005150098j),(1.019395994+0.007099121j),(1.019531943+0.007187113j),(1.038281793+0.016246463j),(1.038281793+0.016246463j),(1.038484003+0.016237866j),(1.038627298+0.016232316j),(1.04662628+0.019935395j),(1.022596795+0.008767866j),(1.003616483-1.955e-06j),(1.003619504+0j),(1.010151028+0.002937099j),(1.014841485+0.005062106j),(1.038278402+0.016245708j),(1.019667891+0.007275105j),(1.003619504+0j),(1.003616483-1.955e-06j),(1.003616483-1.955e-06j),(1.022590653+0.008768475j),(1.023350194+0.008940716j),(1.039361808+0.01640878j),(1.038627298+0.016232316j),(1.038281793+0.016246463j),(1.047354866+0.020111062j),(1.046620275+0.019935927j),(1.010151028+0.002937099j),(1.010151028+0.002937099j),(1.019531943+0.007187113j),(1.014841485+0.005062106j),(1.038484003+0.016237866j),(1.02257092+0.008764186j),(1.022589118+0.008768627j),(1.025882434+0.01046536j),(1.023538544+0.008983928j),(1.048960384+0.021076809j),(1.047537012+0.020154979j),(1.046604588+0.019932441j),(1.046618773+0.01993606j),(1.042694482+0.017471529j),(1.039545435+0.016452896j),(1.038256847+0.016246823j),(1.020628081+0.007576092j),(-0.039503007+4.1256e-05j),(-0.039500725+3.337e-05j),(-0.039836761+2.726e-05j),(-0.03972334+3.3135e-05j),"{'64': {'dP_mw': 0.0, 'dQ_mvar': 0.0}, '57': {'dP_mw': 0.0, 'dQ_mvar': 0.0}, '55': {'dP_mw': 0.0, 'dQ_mvar': 0.0}, '61': {'dP_mw': 0.0, 'dQ_mvar': 0.0}}",1.049172111275862,0.0,0.0,Uncontrolled_baseline,0.8
17,1790959771.5826697,35,(1.019531943+0.007187113j),(1.038281793+0.016246463j),(1.038285183+0.016247217j),(1.038480613+0.016237111j),(1.038487394+0.01623862j),(1.038623907+0.016231561j),(1.038758295+0.016319443j),(1.046495283+0.019848268j),(1.038366341+0.016057903j),(1.022857751+0.008942279j),(1.022199736+0.008505092j),(1.004013542+0.000260819j),(1.003755452+8.7992e-05j),(1.01001508+0.002849107j),(1.010286977+0.003025092j),(1.014705537+0.004974114j),(1.014977434+0.005150098j),(1.019395994+0.007099121j),(1.019531943+0.007187113j),(1.038281793+0.016246463j),(1.038281793+0.016246463j),(1.038484003+0.016237866j),(1.038627298+0.016232316j),(1.04662628+0.019935395j),(1.022596795+0.008767866j),(1.003616483-1.955e-06j),(1.003619504+0j),(1.010151028+0.002937099j),(1.014841485+0.005062106j),(1.038278402+0.016245708j),(1.019667891+0.007275105j),(1.003619504+0j),(1.003616483-1.955e-06j),(1.003616483-1.955e-06j),(1.022590653+0.008768475j),(1.023350194+0.008940716j),(1.039361808+0.01640878j),(1.038627298+0.016232316j),(1.038281793+0.016246463j),(1.047354866+0.020111062j),(1.046620275+0.019935927j),(1.010151028+0.002937099j),(1.010151028+0.002937099j),(1.019531943+0.007187113j),(1.014841485+0.005062106j),(1.038484003+0.016237866j),(1.02257092+0.008764186j),(1.022589118+0.008768627j),(1.025882434+0.01046536j),(1.023538544+0.008983928j),(1.048960384+0.021076809j),(1.047537012+0.020154979j),(1.046604588+0.019932441j),(1.046618773+0.01993606j),(1.042694482+0.017471529j),(1.039545435+0.016452896j),(1.038256847+0.016246823j),(1.020628081+0.007576092j),(-0.039503007+4.1256e-05j),(-0.039500725+3.337e-05j),(-0.039836761+2.726e-05j),(-0.03972334+3.3135e-05j),"{'64': {'dP_mw': 0.0, 'dQ_mvar': 0.0}, '57': {'dP_mw': 0.0, 'dQ_mvar': 0.0}, '55': {'dP_mw': 0.0, 'dQ_mvar': 0.0}, '61': {'dP_mw': 0.0, 'dQ_mvar': 0.0}}",1.049172111275862,0.0,0.0,Uncontrolled_baseline,0.85
18,1790959771.6331027,35,(1.019531943+0.007187113j),(1.038281793+0.016246463j),(1.038285183+0.016247217j),(1.038480613+0.016237111j),(1.038487394+0.01623862j),(1.038623907+0.016231561j),(1.038758295+0.016319443j),(1.046495283+0.019848268j),(1.038366341+0.016057903j),(1.022857751+0.008942279j),(1.022199736+0.008505092j),(1.004013542+0.000260819j),(1.003755452+8.7992e-05j),(1.01001508+0.002849107j),(1.010286977+0.003025092j),(1.014705537+0.004974114j),(1.014977434+0.005150098j),(1.019395994+0.007099121j),(1.019531943+0.007187113j),(1.038281793+0.016246463j),(1.038281793+0.016246463j),(1.038484003+0.016237866j),(1.038627298+0.016232316j),(1.04662628+0.019935395j),(1.022596795+0.008767866j),(1.003616483-1.955e-06j),(1.003619504+0j),(1.010151028+0.002937099j),(1.014841485+0.005062106j),(1.038278402+0.016245708j),(1.019667891+0.007275105j),(1.003619504+0j),(1.003616483-1.955e-06j),(1.003616483-1.955e-06j),(1.022590653+0.008768475j),(1.023350194+0.008940716j),(1.039361808+0.01640878j),(1.038627298+0.016232316j),(1.038281793+0.016246463j),(1.047354866+0.020111062j),(1.046620275+0.019935927j),(1.010151028+0.002937099j),(1.010151028+0.002937099j),(1.019531943+0.007187113j),(1.014841485+0.005062106j),(1.038484003+0.016237866j),(1.02257092+0.008764186j),(1.022589118+0.008768627j),(1.025882434+0.01046536j),(1.023538544+0.008983928j),(1.048960384+0.021076809j),(1.047537012+0.020154979j),(1.046604588+0.019932441j),(1.046618773+0.01993606j),(1.042694482+0.017471529j),(1.039545435+0.016452896j),(1.038256847+0.016246823j),(1.020628081+0.007576092j),(-0.039503007+4.1256e-05j),(-0.039500725+3.337e-05j),(-0.039836761+2.726e-05j),(-0.03972334+3.3135e-05j),"{'64': {'dP_mw': 0.0, 'dQ_mvar': 0.0}, '57': {'dP_mw': 0.0, 'dQ_mvar': 0.0}, '55': {'dP_mw': 0.0, 'dQ_mvar': 0.0}, '61': {'dP_mw': 0.0, 'dQ_mvar': 0.0}}",1.049172111275862,0.0,0.0,Uncontrolled_baseline,0.9
19,1790959771.6834052,35,(1.019531943+0.007187113j),(1.038281793+0.016246463j),(1.038285183+0.016247217j),(1.038480613+0.016237111j),(1.038487394+0.01623862j),(1.038623907+0.016231561j),(1.038758295+0.016319443j),(1.046495283+0.019848268j),(1.038366341+0.016057903j),(1.022857751+0.008942279j),(1.022199736+0.008505092j),(1.004013542+0.000260819j),(1.003755452+8.7992e-05j),(1.01001508+0.002849107j),(1.010286977+0.003025092j),(1.014705537+0.004974114j),(1.014977434+0.005150098j),(1.019395994+0.007099121j),(1.019531943+0.007187113j),(1.038281793+0.016246463j),(1.038281793+0.016246463j),(1.038484003+0.016237866j),(1.038627298+0.016232316j),(1.04662628+0.019935395j),(1.022596795+0.008767866j),(1.003616483-1.955e-06j),(1.003619504+0j),(1.010151028+0.002937099j),(1.014841485+0.005062106j),(1.038278402+0.016245708j),(1.019667891+0.007275105j),(1.003619504+0j),(1.003616483-1.955e-06j),(1.003616483-1.955e-06j),(1.022590653+0.008768475j),(1.023350194+0.008940716j),(1.039361808+0.01640878j),(1.038627298+0.016232316j),(1.038281793+0.016246463j),(1.047354866+0.020111062j),(1.046620275+0.019935927j),(1.010151028+0.002937099j),(1.010151028+0.002937099j),(1.019531943+0.007187113j),(1.014841485+0.005062106j),(1.038484003+0.016237866j),(1.02257092+0.008764186j),(1.022589118+0.008768627j),(1.025882434+0.01046536j),(1.023538544+0.008983928j),(1.048960384+0.021076809j),(1.047537012+0.020154979j),(1.046604588+0.019932441j),(1.046618773+0.01993606j),(1.042694482+0.017471529j),(1.039545435+0.016452896j),(1.038256847+0.016246823j),(1.020628081+0.007576092j),(-0.039503007+4.1256e-05j),(-0.039500725+3.337e-05j),(-0.039836761+2.726e-05j),(-0.03972334+3.3135e-05j),"{'64': {'dP_mw': 0.0, 'dQ_mvar': 0.0}, '57': {'dP_mw': 0.0, 'dQ_mvar': 0.0}, '55': {'dP_mw': 0.0, 'dQ_mvar': 0.0}, '61': {'dP_mw': 0.0, 'dQ_mvar': 0.0}}",1.049172111275862,0.0,0.0,Uncontrolled_baseline,0.95
20,1790959771.734549,35,(1.019531943+0.007187113j),(1.038281793+0.016246463j),(1.038285183+0.016247217j),(1.038480613+0.016237111j),(1.038487394+0.01623862j),(1.038623907+0.016231561j),(1.038758295+0.016319443j),(1.046495283+0.019848268j),(1.038366341+0.016057903j),(1.022857751+0.008942279j),(1.022199736+0.008505092j),(1.004013542+0.000260819j),(1.003755452+8.7992e-05j),(1.01001508+0.002849107j),(1.010286977+0.003025092j),(1.014705537+0.004974114j),(1.014977434+0.005150098j),(1.019395994+0.007099121j),(1.019531943+0.007187113j),(1.038281793+0.016246463j),(1.038281793+0.016246463j),(1.038484003+0.016237866j),(1.038627298+0.016232316j),(1.04662628+0.019935395j),(1.022596795+0.008767866j),(1.003616483-1.955e-06j),(1.003619504+0j),(1.010151028+0.002937099j),(1.014841485+0.005062106j),(1.038278402+0.016245708j),(1.019667891+0.007275105j),(1.003619504+0j),(1.003616483-1.955e-06j),(1.003616483-1.955e-06j),(1.022590653+0.008768475j),(1.023350194+0.008940716j),(1.039361808+0.01640878j),(1.038627298+0.016232316j),(1.038281793+0.016246463j),(1.047354866+0.020111062j),(1.046620275+0.019935927j),(1.010151028+0.002937099j),(1.010151028+0.002937099j),(1.019531943+0.007187113j),(1.014841485+0.005062106j),(1.038484003+0.016237866j),(1.02257092+0.008764186j),(1.022589118+0.008768627j),(1.025882434+0.01046536j),(1.023538544+0.008983928j),(1.048960384+0.021076809j),(1.047537012+0.020154979j),(1.046604588+0.019932441j),(1.046618773+0.01993606j),(1.042694482+0.017471529j),(1.039545435+0.016452896j),(1.038256847+0.016246823j),(1.020628081+0.007576092j),(-0.039503007+4.1256e-05j),(-0.039500725+3.337e-05j),(-0.039836761+2.726e-05j),(-0.03972334+3.3135e-05j),"{'64': {'dP_mw': 0.0, 'dQ_mvar': 0.0}, '57': {'dP_mw': 0.0, 'dQ_mvar': 0.0}, '55': {'dP_mw': 0.0, 'dQ_mvar': 0.0}, '61': {'dP_mw': -0.05, 'dQ_mvar': -0.05}}",1.049172111275862,-0.05,-0.05,Uncontrolled_baseline,1.0
21,1790959771.7834392,35,(1.019531943+0.007187113j),(1.038281793+0.016246463j),(1.038285183+0.016247217j),(1.038480613+0.016237111j),(1.038487394+0.01623862j),(1.038623907+0.016231561j),(1.038758295+0.016319443j),(1.046495283+0.019848268j),(1.038366341+0.016057903j),(1.022857751+0.008942279j),(1.022199736+0.008505092j),(1.004013542+0.000260819j),(1.003755452+8.7992e-05j),(1.01001508+0.002849107j),(1.010286977+0.003025092j),(1.014705537+0.004974114j),(1.014977434+0.005150098j),(1.019395994+0.007099121j),(1.019531943+0.007187113j),(1.038281793+0.016246463j),(1.038281793+0.016246463j),(1.038484003+0.016237866j),(1.038627298+0.016232316j),(1.04662628+0.019935395j),(1.022596795+0.008767866j),(1.003616483-1.955e-06j),(1.003619504+0j),(1.010151028+0.002937099j),(1.014841485+0.005062106j),(1.038278402+0.016245708j),(1.019667891+0.007275105j),(1.003619504+0j),(1.003616483-1.955e-06j),(1.003616483-1.955e-06j),(1.022590653+0.008768475j),(1.023350194+0.008940716j),(1.039361808+0.01640878j),(1.038627298+0.016232316j),(1.038281793+0.016246463j),(1.047354866+0.020111062j),(1.046620275+0.019935927j),(1.010151028+0.002937099j),(1.010151028+0.002937099j),(1.019531943+0.007187113j),(1.014841485+0.005062106j),(1.038484003+0.016237866j),(1.02257092+0.008764186j),(1.022589118+0.008768627j),(1.025882434+0.01046536j),(1.023538544+0.008983928j),(1.048960384+0.021076809j),(1.047537012+0.020154979j),(1.046604588+0.019932441j),(1.046618773+0.01993606j),(1.042694482+0.017471529j),(1.039545435+0.016452896j),(1.038256847+0.016246823j),(1.020628081+0.007576092j),(-0.039503007+4.1256e-05j),(-0.039500725+3.337e-05j),(-0.039836761+2.726e-05j),(-0.03972334+3.3135e-05j),"{'64': {'dP_mw': 0.0, 'dQ_mvar': 0.0}, '57': {'dP_mw': 0.0, 'dQ_mvar': 0.0}, '55': {'dP_mw': 0.0, 'dQ_mvar': 0.0}, '61': {'dP_mw': -0.05, 'dQ_mvar': -0.05}}",1.049172111275862,-0.05,-0.05,Uncontrolled_baseline,1.05
22,1790959771.8321412,35,(1.029449001+0.007115755j),(1.073123164+0.005278876j),(1.073126452+0.005279571j),(1.073315442+0.005267764j),(1.073322018+0.005269154j),(1.073454033+0.005260906j),(1.073585083+0.005344562j),(1.081113707+0.008678733j),(1.072934606+0.005156726j),(1.043974256+0.004026857j),(1.042795+0.003731151j),(1.014342033+0.000188896j),(1.01382314+8.7127e-05j),(1.020022994+0.002820807j),(1.020292303+0.002995061j),(1.024668671+0.004924718j),(1.024937979+0.005098972j),(1.029314347+0.007028628j),(1.029449001+0.007115755j),(1.073123164+0.005278876j),(1.073123164+0.005278876j),(1.07331873+0.005268459j),(1.073457322+0.005261601j),(1.081241468+0.008761695j),(1.04345154+0.003921982j),(1.013685493-1.936e-06j),(1.013688486+0j),(1.020157649+0.002907934j),(1.024803325+0.005011845j),(1.073119875+0.005278181j),(1.029583655+0.007202882j),(1.013688486+0j),(1.013685493-1.936e-06j),(1.013685493-1.936e-06j),(1.043445524+0.003922608j),(1.044190816+0.004087799j),(1.075263736+0.004720505j),(1.073457322+0.005261601j),(1.073123164+0.005278876j),(1.081948762+0.008924012j),(1.08123566+0.008762273j),(1.020157649+0.002907934j),(1.020157649+0.002907934j),(1.029449001+0.007115755j),(1.024803325+0.005011845j),(1.07331873+0.005268459j),(1.043426165+0.003918498j),(1.04344402+0.003922764j),(1.046680096+0.005570076j),(1.044375635+0.004129253j),(1.083513528+0.009841943j),(1.082125585+0.008964591j),(1.081220437+0.008759064j),(1.081234208+0.008762418j),(1.083788875+0.002830932j),(1.07571534+0.004585231j),(1.073099031+0.005279483j),(1.03053466+0.007500839j),(-0.039503007+4.1256e-05j),(-0.039500725+3.337e-05j),(-0.039836761+2.726e-05j),(-0.08972334-0.049966865j),"{'64': {'dP_mw': 0.0, 'dQ_mvar': 0.0}, '57': {'dP_mw': 0.0, 'dQ_mvar': 0.0}, '55': {'dP_mw': 0.0, 'dQ_mvar': 0.0}, '61': {'dP_mw': -0.05, 'dQ_mvar': -0.05}}",1.0837925722894368,-0.05,-0.05,Uncontrolled_baseline,1.1
23,1790959771.8836026,35,(1.029449001+0.007115755j),(1.073123164+0.005278876j),(1.073126452+0.005279571j),(1.073315442+0.005267764j),(1.073322018+0.005269154j),(1.073454033+0.005260906j),(1.073585083+0.005344562j),(1.081113707+0.008678733j),(1.072934606+0.005156726j),(1.043974256+0.004026857j),(1.042795+0.003731151j),(1.014342033+0.000188896j),(1.01382314+8.7127e-05j),(1.020022994+0.002820807j),(1.020292303+0.002995061j),(1.024668671+0.004924718j),(1.024937979+0.005098972j),(1.029314347+0.007028628j),(1.029449001+0.007115755j),(1.073123164+0.005278876j),(1.073123164+0.005278876j),(1.07331873+0.005268459j),(1.073457322+0.005261601j),(1.081241468+0.008761695j),(1.04345154+0.003921982j),(1.013685493-1.936e-06j),(1.013688486+0j),(1.020157649+0.002907934j),(1.024803325+0.005011845j),(1.073119875+0.005278181j),(1.029583655+0.007202882j),(1.013688486+0j),(1.013685493-1.936e-06j),(1.013685493-1.936e-06j),(1.043445524+0.003922608j),(1.044190816+0.004087799j),(1.075263736+0.004720505j),(1.073457322+0.005261601j),(1.073123164+0.005278876j),(1.081948762+0.008924012j),(1.08123566+0.008762273j),(1.020157649+0.002907934j),(1.020157649+0.002907934j),(1.029449001+0.007115755j),(1.024803325+0.005011845j),(1.07331873+0.005268459j),(1.043426165+0.003918498j),(1.04344402+0.003922764j),(1.046680096+0.005570076j),(1.044375635+0.004129253j),(1.083513528+0.009841943j),(1.082125585+0.008964591j),(1.081220437+0.008759064j),(1.081234208+0.008762418j),(1.083788875+0.002830932j),(1.07571534+0.004585231j),(1.073099031+0.005279483j),(1.03053466+0.007500839j),(-0.039503007+4.1256e-05j),(-0.039500725+3.337e-05j),(-0.039836761+2.726e-05j),(-0.08972334-0.049966865j),"{'64': {'dP_mw': 0.0, 'dQ_mvar': 0.0}, '57': {'dP_mw': 0.0, 'dQ_mvar': 0.0}, '55': {'dP_mw': 0.0, 'dQ_mvar': 0.0}, '61': {'dP_mw': -0.05, 'dQ_mvar': -0.05}}",1.0837925722894368,-0.05,-0.05,Uncontrolled_baseline,1.15
24,1790959771.9338539,35,(1.029449001+0.007115755j),(1.073123164+0.005278876j),(1.073126452+0.005279571j),(1.073315442+0.005267764j),(1.073322018+0.005269154j),(1.073454033+0.005260906j),(1.073585083+0.005344562j),(1.081113707+0.008678733j),(1.072934606+0.005156726j),(1.043974256+0.004026857j),(1.042795+0.003731151j),(1.014342033+0.000188896j),(1.01382314+8.7127e-05j),(1.020022994+0.002820807j),(1.020292303+0.002995061j),(1.024668671+0.004924718j),(1.024937979+0.005098972j),(1.029314347+0.007028628j),(1.029449001+0.007115755j),(1.073123164+0.005278876j),(1.073123164+0.005278876j),(1.07331873+0.005268459j),(1.073457322+0.005261601j),(1.081241468+0.008761695j),(1.04345154+0.003921982j),(1.013685493-1.936e-06j),(1.013688486+0j),(1.020157649+0.002907934j),(1.024803325+0.005011845j),(1.073119875+0.005278181j),(1.029583655+0.007202882j),(1.013688486+0j),(1.013685493-1.936e-06j),(1.013685493-1.936e-06j),(1.043445524+0.003922608j),(1.044190816+0.004087799j),(1.075263736+0.004720505j),(1.073457322+0.005261601j),(1.073123164+0.005278876j),(1.081948762+0.008924012j),(1.08123566+0.008762273j),(1.020157649+0.002907934j),(1.020157649+0.002907934j),(1.029449001+0.007115755j),(1.024803325+0.005011845j),(1.07331873+0.005268459j),(1.043426165+0.003918498j),(1.04344402+0.003922764j),(1.046680096+0.005570076j),(1.044375635+0.004129253j),(1.083513528+0.009841943j),(1.082125585+0.008964591j),(1.081220437+0.008759064j),(1.081234208+0.008762418j),(1.083788875+0.002830932j),(1.07571534+0.004585231j),(1.073099031+0.005279483j),(1.03053466+0.007500839j),(-0.039503007+4.1256e-05j),(-0.039500725+3.337e-05j),(-0.039836761+2.726e-05j),(-0.08972334-0.049966865j),"{'64': {'dP_mw': 0.0, 'dQ_mvar': 0.0}, '57': {'dP_mw': 0.0, 'dQ_mvar': 0.0}, '55': {'dP_mw': 0.0, 'dQ_mvar': 0.0}, '61': {'dP_mw': -0.05, 'dQ_mvar': -0.05}}",1.0837925722894368,-0.05,-0.05,Uncontrolled_baseline,1.2
25,1790959771.9821212,35,(1.029449001+0.007115755j),(1.073123164+0.005278876j),(1.073126452+0.005279571j),(1.073315442+0.005267764j),(1.073322018+0.005269154j),(1.073454033+0.005260906j),(1.073585083+0.005344562j),(1.081113707+0.008678733j),(1.072934606+0.005156726j),(1.043974256+0.004026857j),(1.042795+0.003731151j),(1.014342033+0.000188896j),(1.01382314+8.7127e-05j),(1.020022994+0.002820807j),(1.020292303+0.002995061j),(1.024668671+0.004924718j),(1.024937979+0.005098972j),(1.029314347+0.007028628j),(1.029449001+0.007115755j),(1.073123164+0.005278876j),(1.073123164+0.005278876j),(1.07331873+0.005268459j),(1.073457322+0.005261601j),(1.081241468+0.008761695j),(1.04345154+0.003921982j),(1.013685493-1.936e-06j),(1.013688486+0j),(1.020157649+0.002907934j),(1.024803325+0.005011845j),(1.073119875+0.005278181j),(1.029583655+0.007202882j),(1.013688486+0j),(1.013685493-1.936e-06j),(1.013685493-1.936e-06j),(1.043445524+0.003922608j),(1.044190816+0.004087799j),(1.075263736+0.004720505j),(1.073457322+0.005261601j),(1.073123164+0.005278876j),(1.081948762+0.008924012j),(1.08123566+0.008762273j),(1.020157649+0.002907934j),(1.020157649+0.002907934j),(1.029449001+0.007115755j),(1.024803325+0.005011845j),(1.07331873+0.005268459j),(1.043426165+0.003918498j),(1.04344402+0.003922764j),(1.046680096+0.005570076j),(1.044375635+0.004129253j),(1.083513528+0.009841943j),(1.082125585+0.008964591j),(1.081220437+0.008759064j),(1.081234208+0.008762418j),(1.083788875+0.002830932j),(1.07571534+0.004585231j),(1.073099031+0.005279483j),(1.03053466+0.007500839j),(-0.039503007+4.1256e-05j),(-0.039500725+3.337e-05j),(-0.039836761+2.726e-05j),(-0.08972334-0.049966865j),"{'64': {'dP_mw': 0.0, 'dQ_mvar': 0.0}, '57': {'dP_mw': 0.0, 'dQ_mvar': 0.0}, '55': {'dP_mw': 0.0, 'dQ_mvar': 0.0}, '61': {'dP_mw': -0.05, 'dQ_mvar': -0.05}}",1.0837925722894368,-0.05,-0.05,Uncontrolled_baseline,1.25
26,1790959772.0339773,35,(1.029449001+0.007115755j),(1.073123164+0.005278876j),(1.073126452+0.005279571j),(1.073315442+0.005267764j),(1.073322018+0.005269154j),(1.073454033+0.005260906j),(1.073585083+0.005344562j),(1.081113707+0.008678733j),(1.072934606+0.005156726j),(1.043974256+0.004026857j),(1.042795+0.003731151j),(1.014342033+0.000188896j),(1.01382314+8.7127e-05j),(1.020022994+0.002820807j),(1.020292303+0.002995061j),(1.024668671+0.004924718j),(1.024937979+0.005098972j),(1.029314347+0.007028628j),(1.029449001+0.007115755j),(1.073123164+0.005278876j),(1.073123164+0.005278876j),(1.07331873+0.005268459j),(1.073457322+0.005261601j),(1.081241468+0.008761695j),(1.04345154+0.003921982j),(1.013685493-1.936e-06j),(1.013688486+0j),(1.020157649+0.002907934j),(1.024803325+0.005011845j),(1.073119875+0.005278181j),(1.029583655+0.007202882j),(1.013688486+0j),(1.013685493-1.936e-06j),(1.013685493-1.936e-06j),(1.043445524+0.003922608j),(1.044190816+0.004087799j),(1.075263736+0.004720505j),(1.073457322+0.005261601j),(1.073123164+0.005278876j),(1.081948762+0.008924012j),(1.08123566+0.008762273j),(1.020157649+0.002907934j),(1.020157649+0.002907934j),(1.029449001+0.007115755j),(1.024803325+0.005011845j),(1.07331873+0.005268459j),(1.043426165+0.003918498j),(1.04344402+0.003922764j),(1.046680096+0.005570076j),(1.044375635+0.004129253j),(1.083513528+0.009841943j),(1.082125585+0.008964591j),(1.081220437+0.008759064j),(1.081234208+0.008762418j),(1.083788875+0.002830932j),(1.07571534+0.004585231j),(1.073099031+0.005279483j),(1.03053466+0.007500839j),(-0.039503007+4.1256e-05j),(-0.039500725+3.337e-05j),(-0.039836761+2.726e-05j),(-0.08972334-0.049966865j),"{'64': {'dP_mw': 0.0, 'dQ_mvar': 0.0}, '57': {'dP_mw': 0.0, 'dQ_mvar': 0.0}, '55': {'dP_mw': 0.0, 'dQ_mvar': 0.0}, '61': {'dP_mw': -0.05, 'dQ_mvar': -0.05}}",1.0837925722894368,-0.05,-0.05,Uncontrolled_baseline,1.3
27,1790959772.0847945,35,(1.029449001+0.007115755j),(1.073123164+0.005278876j),(1.073126452+0.005279571j),(1.073315442+0.005267764j),(1.073322018+0.005269154j),(1.073454033+0.005260906j),(1.073585083+0.005344562j),(1.081113707+0.008678733j),(1.072934606+0.005156726j),(1.043974256+0.004026857j),(1.042795+0.003731151j),(1.014342033+0.000188896j),(1.01382314+8.7127e-05j),(1.020022994+0.002820807j),(1.020292303+0.002995061j),(1.024668671+0.004924718j),(1.024937979+0.005098972j),(1.029314347+0.007028628j),(1.029449001+0.007115755j),(1.073123164+0.005278876j),(1.073123164+0.005278876j),(1.07331873+0.005268459j),(1.073457322+0.005261601j),(1.081241468+0.008761695j),(1.04345154+0.003921982j),(1.013685493-1.936e-06j),(1.013688486+0j),(1.020157649+0.002907934j),(1.024803325+0.005011845j),(1.073119875+0.005278181j),(1.029583655+0.007202882j),(1.013688486+0j),(1.013685493-1.936e-06j),(1.013685493-1.936e-06j),(1.043445524+0.003922608j),(1.044190816+0.004087799j),(1.075263736+0.004720505j),(1.073457322+0.005261601j),(1.073123164+0.005278876j),(1.081948762+0.008924012j),(1.08123566+0.008762273j),(1.020157649+0.002907934j),(1.020157649+0.002907934j),(1.029449001+0.007115755j),(1.024803325+0.005011845j),(1.07331873+0.005268459j),(1.043426165+0.003918498j),(1.04344402+0.003922764j),(1.046680096+0.005570076j),(1.044375635+0.004129253j),(1.083513528+0.009841943j),(1.082125585+0.008964591j),(1.081220437+0.008759064j),(1.081234208+0.008762418j),(1.083788875+0.002830932j),(1.07571534+0.004585231j),(1.073099031+0.005279483j),(1.03053466+0.007500839j),(-0.039503007+4.1256e-05j),(-0.039500725+3.337e-05j),(-0.039836761+2.726e-05j),(-0.08972334-0.049966865j),"{'64': {'dP_mw': 0.0, 'dQ_mvar': 0.0}, '57': {'dP_mw': 0.0, 'dQ_mvar': 0.0}, '55': {'dP_mw': 0.0, 'dQ_mvar': 0.0}, '61': {'dP_mw': -0.05, 'dQ_mvar': -0.05}}",1.0837925722894368,-0.05,-0.05,Uncontrolled_baseline,1.35
28,1790959772.13482,35,(1.029449001+0.007115755j),(1.073123164+0.005278876j),(1.073126452+0.005279571j),(1.073315442+0.005267764j),(1.073322018+0.005269154j),(1.073454033+0.005260906j),(1.073585083+0.005344562j),(1.081113707+0.008678733j),(1.072934606+0.005156726j),(1.043974256+0.004026857j),(1.042795+0.003731151j),(1.014342033+0.000188896j),(1.01382314+8.7127e-05j),(1.020022994+0.002820807j),(1.020292303+0.002995061j),(1.024668671+0.004924718j),(1.024937979+0.005098972j),(1.029314347+0.007028628j),(1.029449001+0.007115755j),(1.073123164+0.005278876j),(1.073123164+0.005278876j),(1.07331873+0.005268459j),(1.073457322+0.005261601j),(1.081241468+0.008761695j),(1.04345154+0.003921982j),(1.013685493-1.936e-06j),(1.013688486+0j),(1.020157649+0.002907934j),(1.024803325+0.005011845j),(1.073119875+0.005278181j),(1.029583655+0.007202882j),(1.013688486+0j),(1.013685493-1.936e-06j),(1.013685493-1.936e-06j),(1.043445524+0.003922608j),(1.044190816+0.004087799j),(1.075263736+0.004720505j),(1.073457322+0.005261601j),(1.073123164+0.005278876j),(1.081948762+0.008924012j),(1.08123566+0.008762273j),(1.020157649+0.002907934j),(1.020157649+0.002907934j),(1.029449001+0.007115755j),(1.024803325+0.005011845j),(1.07331873+0.005268459j),(1.043426165+0.003918498j),(1.04344402+0.003922764j),(1.046680096+0.005570076j),(1.044375635+0.004129253j),(1.083513528+0.009841943j),(1.082125585+0.008964591j),(1.081220437+0.008759064j),(1.081234208+0.008762418j),(1.083788875+0.002830932j),(1.07571534+0.004585231j),(1.073099031+0.005279483j),(1.03053466+0.007500839j),(-0.039503007+4.1256e-05j),(-0.039500725+3.337e-05j),(-0.039836761+2.726e-05j),(-0.08972334-0.049966865j),"{'64': {'dP_mw': 0.0, 'dQ_mvar': 0.0}, '57': {'dP_mw': 0.0, 'dQ_mvar': 0.0}, '55': {'dP_mw': 0.0, 'dQ_mvar': 0.0}, '61': {'dP_mw': -0.05, 'dQ_mvar': -0.05}}",1.0837925722894368,-0.05,-0.05,Uncontrolled_baseline,1.4
29,1790959772.1832297,36,(1.029449001+0.007115755j),(1.073123164+0.005278876j),(1.073126452+0.005279571j),(1.073315442+0.005267764j),(1.073322018+0.005269154j),(1.073454033+0.005260906j),(1.073585083+0.005344562j),(1.081113707+0.008678733j),(1.072934606+0.005156726j),(1.043974256+0.004026857j),(1.042795+0.003731151j),(1.014342033+0.000188896j),(1.01382314+8.7127e-05j),(1.020022994+0.002820807j),(1.020292303+0.002995061j),(1.024668671+0.004924718j),(1.024937979+0.005098972j),(1.029314347+0.007028628j),(1.029449001+0.007115755j),(1.073123164+0.005278876j),(1.073123164+0.005278876j),(1.07331873+0.005268459j),(1.073457322+0.005261601j),(1.081241468+0.008761695j),(1.04345154+0.003921982j),(1.013685493-1.936e-06j),(1.013688486+0j),(1.020157649+0.002907934j),(1.024803325+0.005011845j),(1.073119875+0.005278181j),(1.029583655+0.007202882j),(1.013688486+0j),(1.013685493-1.936e-06j),(1.013685493-1.936e-06j),(1.043445524+0.003922608j),(1.044190816+0.004087799j),(1.075263736+0.004720505j),(1.073457322+0.005261601j),(1.073123164+0.005278876j),(1.081948762+0.008924012j),(1.08123566+0.008762273j),(1.020157649+0.002907934j),(1.020157649+0.002907934j),(1.029449001+0.007115755j),(1.024803325+0.005011845j),(1.07331873+0.005268459j),(1.043426165+0.003918498j),(1.04344402+0.003922764j),(1.046680096+0.005570076j),(1.044375635+0.004129253j),(1.083513528+0.009841943j),(1.082125585+0.008964591j),(1.081220437+0.008759064j),(1.081234208+0.008762418j),(1.083788875+0.002830932j),(1.07571534+0.004585231j),(1.073099031+0.005279483j),(1.03053466+0.007500839j),(-0.039503007+4.1256e-05j),(-0.039500725+3.337e-05j),(-0.039836761+2.726e-05j),(-0.08972334-0.049966865j),"{'64': {'dP_mw': 0.0, 'dQ_mvar': 0.0}, '57': {'dP_mw': 0.0, 'dQ_mvar': 0.0}, '55': {'dP_mw': 0.0, 'dQ_mvar': 0.0}, '61': {'dP_mw': -0.05, 'dQ_mvar': -0.05}}",1.0837925722894368,-0.05,-0.05,Uncontrolled_baseline,1.45
30,1790959772.234595,36,(1.029449001+0.007115755j),(1.073123164+0.005278876j),(1.073126452+0.005279571j),(1.073315442+0.005267764j),(1.073322018+0.005269154j),(1.073454033+0.005260906j),(1.073585083+0.005344562j),(1.081113707+0.008678733j),(1.072934606+0.005156726j),(1.043974256+0.004026857j),(1.042795+0.003731151j),(1.014342033+0.000188896j),(1.01382314+8.7127e-05j),(1.020022994+0.002820807j),(1.020292303+0.002995061j),(1.024668671+0.004924718j),(1.024937979+0.005098972j),(1.029314347+0.007028628j),(1.029449001+0.007115755j),(1.073123164+0.005278876j),(1.073123164+0.005278876j),(1.07331873+0.005268459j),(1.073457322+0.005261601j),(1.081241468+0.008761695j),(1.04345154+0.003921982j),(1.013685493-1.936e-06j),(1.013688486+0j),(1.020157649+0.002907934j),(1.024803325+0.005011845j),(1.073119875+0.005278181j),(1.029583655+0.007202882j),(1.013688486+0j),(1.013685493-1.936e-06j),(1.013685493-1.936e-06j),(1.043445524+0.003922608j),(1.044190816+0.004087799j),(1.075263736+0.004720505j),(1.073457322+0.005261601j),(1.073123164+0.005278876j),(1.081948762+0.008924012j),(1.08123566+0.008762273j),(1.020157649+0.002907934j),(1.020157649+0.002907934j),(1.029449001+0.007115755j),(1.024803325+0.005011845j),(1.07331873+0.005268459j),(1.043426165+0.003918498j),(1.04344402+0.003922764j),(1.046680096+0.005570076j),(1.044375635+0.004129253j),(1.083513528+0.009841943j),(1.082125585+0.008964591j),(1.081220437+0.008759064j),(1.081234208+0.008762418j),(1.083788875+0.002830932j),(1.07571534+0.004585231j),(1.073099031+0.005279483j),(1.03053466+0.007500839j),(-0.039503007+4.1256e-05j),(-0.039500725+3.337e-05j),(-0.039836761+2.726e-05j),(-0.08972334-0.049966865j),"{'64': {'dP_mw': 0.0, 'dQ_mvar': 0.0}, '57': {'dP_mw': 0.0, 'dQ_mvar': 0.0}, '55': {'dP_mw': 0.0, 'dQ_mvar': 0.0}, '61': {'dP_mw': -0.05, 'dQ_mvar': -0.05}}",1.0837925722894368,-0.05,-0.05,Uncontrolled_baseline,1.5
31,1790959772.2852724,36,(1.029449001+0.007115755j),(1.073123164+0.005278876j),(1.073126452+0.005279571j),(1.073315442+0.005267764j),(1.073322018+0.005269154j),(1.073454033+0.005260906j),(1.073585083+0.005344562j),(1.081113707+0.008678733j),(1.072934606+0.005156726j),(1.043974256+0.004026857j),(1.042795+0.003731151j),(1.014342033+0.000188896j),(1.01382314+8.7127e-05j),(1.020022994+0.002820807j),(1.020292303+0.002995061j),(1.024668671+0.004924718j),(1.024937979+0.005098972j),(1.029314347+0.007028628j),(1.029449001+0.007115755j),(1.073123164+0.005278876j),(1.073123164+0.005278876j),(1.07331873+0.005268459j),(1.073457322+0.005261601j),(1.081241468+0.008761695j),(1.04345154+0.003921982j),(1.013685493-1.936e-06j),(1.013688486+0j),(1.020157649+0.002907934j),(1.024803325+0.005011845j),(1.073119875+0.005278181j),(1.029583655+0.007202882j),(1.013688486+0j),(1.013685493-1.936e-06j),(1.013685493-1.936e-06j),(1.043445524+0.003922608j),(1.044190816+0.004087799j),(1.075263736+0.004720505j),(1.073457322+0.005261601j),(1.073123164+0.005278876j),(1.081948762+0.008924012j),(1.08123566+0.008762273j),(1.020157649+0.002907934j),(1.020157649+0.002907934j),(1.029449001+0.007115755j),(1.024803325+0.005011845j),(1.07331873+0.005268459j),(1.043426165+0.003918498j),(1.04344402+0.003922764j),(1.046680096+0.005570076j),(1.044375635+0.004129253j),(1.083513528+0.009841943j),(1.082125585+0.008964591j),(1.081220437+0.008759064j),(1.081234208+0.008762418j),(1.083788875+0.002830932j),(1.07571534+0.004585231j),(1.073099031+0.005279483j),(1.03053466+0.007500839j),(-0.039503007+4.1256e-05j),(-0.039500725+3.337e-05j),(-0.039836761+2.726e-05j),(-0.08972334-0.049966865j),"{'64': {'dP_mw': 0.0, 'dQ_mvar': 0.0}, '57': {'dP_mw': 0.0, 'dQ_mvar': 0.0}, '55': {'dP_mw': 0.0, 'dQ_mvar': 0.0}, '61': {'dP_mw': -0.05, 'dQ_mvar': -0.05}}",1.0837925722894368,-0.05,-0.05,Uncontrolled_baseline,1.55
32,1790959772.3349779,36,(1.029449001+0.007115755j),(1.073123164+0.005278876j),(1.073126452+0.005279571j),(1.073315442+0.005267764j),(1.073322018+0.005269154j),(1.073454033+0.005260906j),(1.073585083+0.005344562j),(1.081113707+0.008678733j),(1.072934606+0.005156726j),(1.043974256+0.004026857j),(1.042795+0.003731151j),(1.014342033+0.000188896j),(1.01382314+8.7127e-05j),(1.020022994+0.002820807j),(1.020292303+0.002995061j),(1.024668671+0.004924718j),(1.024937979+0.005098972j),(1.029314347+0.007028628j),(1.029449001+0.007115755j),(1.073123164+0.005278876j),(1.073123164+0.005278876j),(1.07331873+0.005268459j),(1.073457322+0.005261601j),(1.081241468+0.008761695j),(1.04345154+0.003921982j),(1.013685493-1.936e-06j),(1.013688486+0j),(1.020157649+0.002907934j),(1.024803325+0.005011845j),(1.073119875+0.005278181j),(1.029583655+0.007202882j),(1.013688486+0j),(1.013685493-1.936e-06j),(1.013685493-1.936e-06j),(1.043445524+0.003922608j),(1.044190816+0.004087799j),(1.075263736+0.004720505j),(1.073457322+0.005261601j),(1.073123164+0.005278876j),(1.081948762+0.008924012j),(1.08123566+0.008762273j),(1.020157649+0.002907934j),(1.020157649+0.002907934j),(1.029449001+0.007115755j),(1.024803325+0.005011845j),(1.07331873+0.005268459j),(1.043426165+0.003918498j),(1.04344402+0.003922764j),(1.046680096+0.005570076j),(1.044375635+0.004129253j),(1.083513528+0.009841943j),(1.082125585+0.008964591j),(1.081220437+0.008759064j),(1.081234208+0.008762418j),(1.083788875+0.002830932j),(1.07571534+0.004585231j),(1.073099031+0.005279483j),(1.03053466+0.007500839j),(-0.039503007+4.1256e-05j),(-0.039500725+3.337e-05j),(-0.039836761+2.726e-05j),(-0.08972334-0.049966865j),"{'64': {'dP_mw': 0.0, 'dQ_mvar': 0.0}, '57': {'dP_mw': 0.0, 'dQ_mvar': 0.0}, '55': {'dP_mw': 0.0, 'dQ_mvar': 0.0}, '61': {'dP_mw': -0.05, 'dQ_mvar': -0.05}}",1.0837925722894368,-0.05,-0.05,Uncontrolled_baseline,1.6
33,1790959772.3851295,36,(1.029449001+0.007115755j),(1.073123164+0.005278876j),(1.073126452+0.005279571j),(1.073315442+0.005267764j),(1.073322018+0.005269154j),(1.073454033+0.005260906j),(1.073585083+0.005344562j),(1.081113707+0.008678733j),(1.072934606+0.005156726j),(1.043974256+0.004026857j),(1.042795+0.003731151j),(1.014342033+0.000188896j),(1.01382314+8.7127e-05j),(1.020022994+0.002820807j),(1.020292303+0.002995061j),(1.024668671+0.004924718j),(1.024937979+0.005098972j),(1.029314347+0.007028628j),(1.029449001+0.007115755j),(1.073123164+0.005278876j),(1.073123164+0.005278876j),(1.07331873+0.005268459j),(1.073457322+0.005261601j),(1.081241468+0.008761695j),(1.04345154+0.003921982j),(1.013685493-1.936e-06j),(1.013688486+0j),(1.020157649+0.002907934j),(1.024803325+0.005011845j),(1.073119875+0.005278181j),(1.029583655+0.007202882j),(1.013688486+0j),(1.013685493-1.936e-06j),(1.013685493-1.936e-06j),(1.043445524+0.003922608j),(1.044190816+0.004087799j),(1.075263736+0.004720505j),(1.073457322+0.005261601j),(1.073123164+0.005278876j),(1.081948762+0.008924012j),(1.08123566+0.008762273j),(1.020157649+0.002907934j),(1.020157649+0.002907934j),(1.029449001+0.007115755j),(1.024803325+0.005011845j),(1.07331873+0.005268459j),(1.043426165+0.003918498j),(1.04344402+0.003922764j),(1.046680096+0.005570076j),(1.044375635+0.004129253j),(1.083513528+0.009841943j),(1.082125585+0.008964591j),(1.081220437+0.008759064j),(1.081234208+0.008762418j),(1.083788875+0.002830932j),(1.07571534+0.004585231j),(1.073099031+0.005279483j),(1.03053466+0.007500839j),(-0.039503007+4.1256e-05j),(-0.039500725+3.337e-05j),(-0.039836761+2.726e-05j),(-0.08972334-0.049966865j),"{'64': {'dP_mw': 0.0, 'dQ_mvar': 0.0}, '57': {'dP_mw': 0.0, 'dQ_mvar': 0.0}, '55': {'dP_mw': 0.0, 'dQ_mvar': 0.0}, '61': {'dP_mw': -0.05, 'dQ_mvar': -0.05}}",1.0837925722894368,-0.05,-0.05,Uncontrolled_baseline,1.65
34,1790959772.4353113,36,(1.029449001+0.007115755j),(1.073123164+0.005278876j),(1.073126452+0.005279571j),(1.073315442+0.005267764j),(1.073322018+0.005269154j),(1.073454033+0.005260906j),(1.073585083+0.005344562j),(1.081113707+0.008678733j),(1.072934606+0.005156726j),(1.043974256+0.004026857j),(1.042795+0.003731151j),(1.014342033+0.000188896j),(1.01382314+8.7127e-05j),(1.020022994+0.002820807j),(1.020292303+0.002995061j),(1.024668671+0.004924718j),(1.024937979+0.005098972j),(1.029314347+0.007028628j),(1.029449001+0.007115755j),(1.073123164+0.005278876j),(1.073123164+0.005278876j),(1.07331873+0.005268459j),(1.073457322+0.005261601j),(1.081241468+0.008761695j),(1.04345154+0.003921982j),(1.013685493-1.936e-06j),(1.013688486+0j),(1.020157649+0.002907934j),(1.024803325+0.005011845j),(1.073119875+0.005278181j),(1.029583655+0.007202882j),(1.013688486+0j),(1.013685493-1.936e-06j),(1.013685493-1.936e-06j),(1.043445524+0.003922608j),(1.044190816+0.004087799j),(1.075263736+0.004720505j),(1.073457322+0.005261601j),(1.073123164+0.005278876j),(1.081948762+0.008924012j),(1.08123566+0.008762273j),(1.020157649+0.002907934j),(1.020157649+0.002907934j),(1.029449001+0.007115755j),(1.024803325+0.005011845j),(1.07331873+0.005268459j),(1.043426165+0.003918498j),(1.04344402+0.003922764j),(1.046680096+0.005570076j),(1.044375635+0.004129253j),(1.083513528+0.009841943j),(1.082125585+0.008964591j),(1.081220437+0.008759064j),(1.081234208+0.008762418j),(1.083788875+0.002830932j),(1.07571534+0.004585231j),(1.073099031+0.005279483j),(1.03053466+0.007500839j),(-0.039503007+4.1256e-05j),(-0.039500725+3.337e-05j),(-0.039836761+2.726e-05j),(-0.08972334-0.049966865j),"{'64': {'dP_mw': 0.0, 'dQ_mvar': 0.0}, '57': {'dP_mw': 0.0, 'dQ_mvar': 0.0}, '55': {'dP_mw': 0.0, 'dQ_mvar': 0.0}, '61': {'dP_mw': -0.05, 'dQ_mvar': -0.05}}",1.0837925722894368,-0.05,-0.05,Uncontrolled_baseline,1.7
35,1790959772.4855065,36,(1.029449001+0.007115755j),(1.073123164+0.005278876j),(1.073126452+0.005279571j),(1.073315442+0.005267764j),(1.073322018+0.005269154j),(1.073454033+0.005260906j),(1.073585083+0.005344562j),(1.081113707+0.008678733j),(1.072934606+0.005156726j),(1.043974256+0.004026857j),(1.042795+0.003731151j),(1.014342033+0.000188896j),(1.01382314+8.7127e-05j),(1.020022994+0.002820807j),(1.020292303+0.002995061j),(1.024668671+0.004924718j),(1.024937979+0.005098972j),(1.029314347+0.007028628j),(1.029449001+0.007115755j),(1.073123164+0.005278876j),(1.073123164+0.005278876j),(1.07331873+0.005268459j),(1.073457322+0.005261601j),(1.081241468+0.008761695j),(1.04345154+0.003921982j),(1.013685493-1.936e-06j),(1.013688486+0j),(1.020157649+0.002907934j),(1.024803325+0.005011845j),(1.073119875+0.005278181j),(1.029583655+0.007202882j),(1.013688486+0j),(1.013685493-1.936e-06j),(1.013685493-1.936e-06j),(1.043445524+0.003922608j),(1.044190816+0.004087799j),(1.075263736+0.004720505j),(1.073457322+0.005261601j),(1.073123164+0.005278876j),(1.081948762+0.008924012j),(1.08123566+0.008762273j),(1.020157649+0.002907934j),(1.020157649+0.002907934j),(1.029449001+0.007115755j),(1.024803325+0.005011845j),(1.07331873+0.005268459j),(1.043426165+0.003918498j),(1.04344402+0.003922764j),(1.046680096+0.005570076j),(1.044375635+0.004129253j),(1.083513528+0.009841943j),(1.082125585+0.008964591j),(1.081220437+0.008759064j),(1.081234208+0.008762418j),(1.083788875+0.002830932j),(1.07571534+0.004585231j),(1.073099031+0.005279483j),(1.03053466+0.007500839j),(-0.039503007+4.1256e-05j),(-0.039500725+3.337e-05j),(-0.039836761+2.726e-05j),(-0.08972334-0.049966865j),"{'64': {'dP_mw': 0.0, 'dQ_mvar': 0.0}, '57': {'dP_mw': 0.0, 'dQ_mvar': 0.0}, '55': {'dP_mw': 0.0, 'dQ_mvar': 0.0}, '61': {'dP_mw': -0.05, 'dQ_mvar': -0.05}}",1.0837925722894368,-0.05,-0.05,Uncontrolled_baseline,1.75
36,1790959772.5362663,36,(1.029449001+0.007115755j),(1.073123164+0.005278876j),(1.073126452+0.005279571j),(1.073315442+0.005267764j),(1.073322018+0.005269154j),(1.073454033+0.005260906j),(1.073585083+0.005344562j),(1.081113707+0.008678733j),(1.072934606+0.005156726j),(1.043974256+0.004026857j),(1.042795+0.003731151j),(1.014342033+0.000188896j),(1.01382314+8.7127e-05j),(1.020022994+0.002820807j),(1.020292303+0.002995061j),(1.024668671+0.004924718j),(1.024937979+0.005098972j),(1.029314347+0.007028628j),(1.029449001+0.007115755j),(1.073123164+0.005278876j),(1.073123164+0.005278876j),(1.07331873+0.005268459j),(1.073457322+0.005261601j),(1.081241468+0.008761695j),(1.04345154+0.003921982j),(1.013685493-1.936e-06j),(1.013688486+0j),(1.020157649+0.002907934j),(1.024803325+0.005011845j),(1.073119875+0.005278181j),(1.029583655+0.007202882j),(1.013688486+0j),(1.013685493-1.936e-06j),(1.013685493-1.936e-06j),(1.043445524+0.003922608j),(1.044190816+0.004087799j),(1.075263736+0.004720505j),(1.073457322+0.005261601j),(1.073123164+0.005278876j),(1.081948762+0.008924012j),(1.08123566+0.008762273j),(1.020157649+0.002907934j),(1.020157649+0.002907934j),(1.029449001+0.007115755j),(1.024803325+0.005011845j),(1.07331873+0.005268459j),(1.043426165+0.003918498j),(1.04344402+0.003922764j),(1.046680096+0.005570076j),(1.044375635+0.004129253j),(1.083513528+0.009841943j),(1.082125585+0.008964591j),(1.081220437+0.008759064j),(1.081234208+0.008762418j),(1.083788875+0.002830932j),(1.07571534+0.004585231j),(1.073099031+0.005279483j),(1.03053466+0.007500839j),(-0.039503007+4.1256e-05j),(-0.039500725+3.337e-05j),(-0.039836761+2.726e-05j),(-0.08972334-0.049966865j),"{'64': {'dP_mw': 0.0, 'dQ_mvar': 0.0}, '57': {'dP_mw': 0.0, 'dQ_mvar': 0.0}, '55': {'dP_mw': 0.0, 'dQ_mvar': 0.0}, '61': {'dP_mw': -0.05, 'dQ_mvar': -0.05}}",1.0837925722894368,-0.05,-0.05,Uncontrolled_baseline,1.8
37,1790959772.5856936,36,(1.029449001+0.007115755j),(1.073123164+0.005278876j),(1.073126452+0.005279571j),(1.073315442+0.005267764j),(1.073322018+0.005269154j),(1.073454033+0.005260906j),(1.073585083+0.005344562j),(1.081113707+0.008678733j),(1.072934606+0.005156726j),(1.043974256+0.004026857j),(1.042795+0.003731151j),(1.014342033+0.000188896j),(1.01382314+8.7127e-05j),(1.020022994+0.002820807j),(1.020292303+0.002995061j),(1.024668671+0.004924718j),(1.024937979+0.005098972j),(1.029314347+0.007028628j),(1.029449001+0.007115755j),(1.073123164+0.005278876j),(1.073123164+0.005278876j),(1.07331873+0.005268459j),(1.073457322+0.005261601j),(1.081241468+0.008761695j),(1.04345154+0.003921982j),(1.013685493-1.936e-06j),(1.013688486+0j),(1.020157649+0.002907934j),(1.024803325+0.005011845j),(1.073119875+0.005278181j),(1.029583655+0.007202882j),(1.013688486+0j),(1.013685493-1.936e-06j),(1.013685493-1.936e-06j),(1.043445524+0.003922608j),(1.044190816+0.004087799j),(1.075263736+0.004720505j),(1.073457322+0.005261601j),(1.073123164+0.005278876j),(1.081948762+0.008924012j),(1.08123566+0.008762273j),(1.020157649+0.002907934j),(1.020157649+0.002907934j),(1.029449001+0.007115755j),(1.024803325+0.005011845j),(1.07331873+0.005268459j),(1.043426165+0.003918498j),(1.04344402+0.003922764j),(1.046680096+0.005570076j),(1.044375635+0.004129253j),(1.083513528+0.009841943j),(1.082125585+0.008964591j),(1.081220437+0.008759064j),(1.081234208+0.008762418j),(1.083788875+0.002830932j),(1.07571534+0.004585231j),(1.073099031+0.005279483j),(1.03053466+0.007500839j),(-0.039503007+4.1256e-05j),(-0.039500725+3.337e-05j),(-0.039836761+2.726e-05j),(-0.08972334-0.049966865j),"{'64': {'dP_mw': 0.0, 'dQ_mvar': 0.0}, '57': {'dP_mw': 0.0, 'dQ_mvar': 0.0}, '55': {'dP_mw': 0.0, 'dQ_mvar': 0.0}, '61': {'dP_mw': -0.05, 'dQ_mvar': -0.05}}",1.0837925722894368,-0.05,-0.05,Uncontrolled_baseline,1.85
38,1790959772.6365893,36,(1.029449001+0.007115755j),(1.073123164+0.005278876j),(1.073126452+0.005279571j),(1.073315442+0.005267764j),(1.073322018+0.005269154j),(1.073454033+0.005260906j),(1.073585083+0.005344562j),(1.081113707+0.008678733j),(1.072934606+0.005156726j),(1.043974256+0.004026857j),(1.042795+0.003731151j),(1.014342033+0.000188896j),(1.01382314+8.7127e-05j),(1.020022994+0.002820807j),(1.020292303+0.002995061j),(1.024668671+0.004924718j),(1.024937979+0.005098972j),(1.029314347+0.007028628j),(1.029449001+0.007115755j),(1.073123164+0.005278876j),(1.073123164+0.005278876j),(1.07331873+0.005268459j),(1.073457322+0.005261601j),(1.081241468+0.008761695j),(1.04345154+0.003921982j),(1.013685493-1.936e-06j),(1.013688486+0j),(1.020157649+0.002907934j),(1.024803325+0.005011845j),(1.073119875+0.005278181j),(1.029583655+0.007202882j),(1.013688486+0j),(1.013685493-1.936e-06j),(1.013685493-1.936e-06j),(1.043445524+0.003922608j),(1.044190816+0.004087799j),(1.075263736+0.004720505j),(1.073457322+0.005261601j),(1.073123164+0.005278876j),(1.081948762+0.008924012j),(1.08123566+0.008762273j),(1.020157649+0.002907934j),(1.020157649+0.002907934j),(1.029449001+0.007115755j),(1.024803325+0.005011845j),(1.07331873+0.005268459j),(1.043426165+0.003918498j),(1.04344402+0.003922764j),(1.046680096+0.005570076j),(1.044375635+0.004129253j),(1.083513528+0.009841943j),(1.082125585+0.008964591j),(1.081220437+0.008759064j),(1.081234208+0.008762418j),(1.083788875+0.002830932j),(1.07571534+0.004585231j),(1.073099031+0.005279483j),(1.03053466+0.007500839j),(-0.039503007+4.1256e-05j),(-0.039500725+3.337e-05j),(-0.039836761+2.726e-05j),(-0.08972334-0.049966865j),"{'64': {'dP_mw': 0.0, 'dQ_mvar': 0.0}, '57': {'dP_mw': 0.0, 'dQ_mvar': 0.0}, '55': {'dP_mw': 0.0, 'dQ_mvar': 0.0}, '61': {'dP_mw': -0.05, 'dQ_mvar': -0.05}}",1.0837925722894368,-0.05,-0.05,Uncontrolled_baseline,1.9
39,1790959772.6866267,36,(1.029449001+0.007115755j),(1.073123164+0.005278876j),(1.073126452+0.005279571j),(1.073315442+0.005267764j),(1.073322018+0.005269154j),(1.073454033+0.005260906j),(1.073585083+0.005344562j),(1.081113707+0.008678733j),(1.072934606+0.005156726j),(1.043974256+0.004026857j),(1.042795+0.003731151j),(1.014342033+0.000188896j),(1.01382314+8.7127e-05j),(1.020022994+0.002820807j),(1.020292303+0.002995061j),(1.024668671+0.004924718j),(1.024937979+0.005098972j),(1.029314347+0.007028628j),(1.029449001+0.007115755j),(1.073123164+0.005278876j),(1.073123164+0.005278876j),(1.07331873+0.005268459j),(1.073457322+0.005261601j),(1.081241468+0.008761695j),(1.04345154+0.003921982j),(1.013685493-1.936e-06j),(1.013688486+0j),(1.020157649+0.002907934j),(1.024803325+0.005011845j),(1.073119875+0.005278181j),(1.029583655+0.007202882j),(1.013688486+0j),(1.013685493-1.936e-06j),(1.013685493-1.936e-06j),(1.043445524+0.003922608j),(1.044190816+0.004087799j),(1.075263736+0.004720505j),(1.073457322+0.005261601j),(1.073123164+0.005278876j),(1.081948762+0.008924012j),(1.08123566+0.008762273j),(1.020157649+0.002907934j),(1.020157649+0.002907934j),(1.029449001+0.007115755j),(1.024803325+0.005011845j),(1.07331873+0.005268459j),(1.043426165+0.003918498j),(1.04344402+0.003922764j),(1.046680096+0.005570076j),(1.044375635+0.004129253j),(1.083513528+0.009841943j),(1.082125585+0.008964591j),(1.081220437+0.008759064j),(1.081234208+0.008762418j),(1.083788875+0.002830932j),(1.07571534+0.004585231j),(1.073099031+0.005279483j),(1.03053466+0.007500839j),(-0.039503007+4.1256e-05j),(-0.039500725+3.337e-05j),(-0.039836761+2.726e-05j),(-0.08972334-0.049966865j),"{'64': {'dP_mw': 0.0, 'dQ_mvar': 0.0}, '57': {'dP_mw': 0.0, 'dQ_mvar': 0.0}, '55': {'dP_mw': 0.0, 'dQ_mvar': 0.0}, '61': {'dP_mw': -0.05, 'dQ_mvar': -0.05}}",1.0837925722894368,-0.05,-0.05,Uncontrolled_baseline,1.95
40,1790959772.73721,36,(1.029449001+0.007115755j),(1.073123164+0.005278876j),(1.073126452+0.005279571j),(1.073315442+0.005267764j),(1.073322018+0.005269154j),(1.073454033+0.005260906j),(1.073585083+0.005344562j),(1.081113707+0.008678733j),(1.072934606+0.005156726j),(1.043974256+0.004026857j),(1.042795+0.003731151j),(1.014342033+0.000188896j),(1.01382314+8.7127e-05j),(1.020022994+0.002820807j),(1.020292303+0.002995061j),(1.024668671+0.004924718j),(1.024937979+0.005098972j),(1.029314347+0.007028628j),(1.029449001+0.007115755j),(1.073123164+0.005278876j),(1.073123164+0.005278876j),(1.07331873+0.005268459j),(1.073457322+0.005261601j),(1.081241468+0.008761695j),(1.04345154+0.003921982j),(1.013685493-1.936e-06j),(1.013688486+0j),(1.020157649+0.002907934j),(1.024803325+0.005011845j),(1.073119875+0.005278181j),(1.029583655+0.007202882j),(1.013688486+0j),(1.013685493-1.936e-06j),(1.013685493-1.936e-06j),(1.043445524+0.003922608j),(1.044190816+0.004087799j),(1.075263736+0.004720505j),(1.073457322+0.005261601j),(1.073123164+0.005278876j),(1.081948762+0.008924012j),(1.08123566+0.008762273j),(1.020157649+0.002907934j),(1.020157649+0.002907934j),(1.029449001+0.007115755j),(1.024803325+0.005011845j),(1.07331873+0.005268459j),(1.043426165+0.003918498j),(1.04344402+0.003922764j),(1.046680096+0.005570076j),(1.044375635+0.004129253j),(1.083513528+0.009841943j),(1.082125585+0.008964591j),(1.081220437+0.008759064j),(1.081234208+0.008762418j),(1.083788875+0.002830932j),(1.07571534+0.004585231j),(1.073099031+0.005279483j),(1.03053466+0.007500839j),(-0.039503007+4.1256e-05j),(-0.039500725+3.337e-05j),(-0.039836761+2.726e-05j),(-0.08972334-0.049966865j),"{'64': {'dP_mw': 0.0, 'dQ_mvar': 0.0}, '57': {'dP_mw': 0.0, 'dQ_mvar': 0.0}, '55': {'dP_mw': 0.0, 'dQ_mvar': 0.0}, '61': {'dP_mw': -0.05, 'dQ_mvar': -0.05}}",1.0837925722894368,-0.05,-0.05,Uncontrolled_baseline,2.0
41,1790959772.7871943,36,(1.029449001+0.007115755j),(1.073123164+0.005278876j),(1.073126452+0.005279571j),(1.073315442+0.005267764j),(1.073322018+0.005269154j),(1.073454033+0.005260906j),(1.073585083+0.005344562j),(1.081113707+0.008678733j),(1.072934606+0.005156726j),(1.043974256+0.004026857j),(1.042795+0.003731151j),(1.014342033+0.000188896j),(1.01382314+8.7127e-05j),(1.020022994+0.002820807j),(1.020292303+0.002995061j),(1.024668671+0.004924718j),(1.024937979+0.005098972j),(1.029314347+0.007028628j),(1.029449001+0.007115755j),(1.073123164+0.005278876j),(1.073123164+0.005278876j),(1.07331873+0.005268459j),(1.073457322+0.005261601j),(1.081241468+0.008761695j),(1.04345154+0.003921982j),(1.013685493-1.936e-06j),(1.013688486+0j),(1.020157649+0.002907934j),(1.024803325+0.005011845j),(1.073119875+0.005278181j),(1.029583655+0.007202882j),(1.013688486+0j),(1.013685493-1.936e-06j),(1.013685493-1.936e-06j),(1.043445524+0.003922608j),(1.044190816+0.004087799j),(1.075263736+0.004720505j),(1.073457322+0.005261601j),(1.073123164+0.005278876j),(1.081948762+0.008924012j),(1.08123566+0.008762273j),(1.020157649+0.002907934j),(1.020157649+0.002907934j),(1.029449001+0.007115755j),(1.024803325+0.005011845j),(1.07331873+0.005268459j),(1.043426165+0.003918498j),(1.04344402+0.003922764j),(1.046680096+0.005570076j),(1.044375635+0.004129253j),(1.083513528+0.009841943j),(1.082125585+0.008964591j),(1.081220437+0.008759064j),(1.081234208+0.008762418j),(1.083788875+0.002830932j),(1.07571534+0.004585231j),(1.073099031+0.005279483j),(1.03053466+0.007500839j),(-0.039503007+4.1256e-05j),(-0.039500725+3.337e-05j),(-0.039836761+2.726e-05j),(-0.08972334-0.049966865j),"{'64': {'dP_mw': 0.0, 'dQ_mvar': 0.0}, '57': {'dP_mw': 0.0, 'dQ_mvar': 0.0}, '55': {'dP_mw': 0.0, 'dQ_mvar': 0.0}, '61': {'dP_mw': -0.05, 'dQ_mvar': -0.05}}",1.0837925722894368,-0.05,-0.05,Uncontrolled_baseline,2.05
42,1790959772.8358119,36,(1.029449001+0.007115755j),(1.073123164+0.005278876j),(1.073126452+0.005279571j),(1.073315442+0.005267764j),(1.073322018+0.005269154j),(1.073454033+0.005260906j),(1.073585083+0.005344562j),(1.081113707+0.008678733j),(1.072934606+0.005156726j),(1.043974256+0.004026857j),(1.042795+0.003731151j),(1.014342033+0.000188896j),(1.01382314+8.7127e-05j),(1.020022994+0.002820807j),(1.020292303+0.002995061j),(1.024668671+0.004924718j),(1.024937979+0.005098972j),(1.029314347+0.007028628j),(1.029449001+0.007115755j),(1.073123164+0.005278876j),(1.073123164+0.005278876j),(1.07331873+0.005268459j),(1.073457322+0.005261601j),(1.081241468+0.008761695j),(1.04345154+0.003921982j),(1.013685493-1.936e-06j),(1.013688486+0j),(1.020157649+0.002907934j),(1.024803325+0.005011845j),(1.073119875+0.005278181j),(1.029583655+0.007202882j),(1.013688486+0j),(1.013685493-1.936e-06j),(1.013685493-1.936e-06j),(1.043445524+0.003922608j),(1.044190816+0.004087799j),(1.075263736+0.004720505j),(1.073457322+0.005261601j),(1.073123164+0.005278876j),(1.081948762+0.008924012j),(1.08123566+0.008762273j),(1.020157649+0.002907934j),(1.020157649+0.002907934j),(1.029449001+0.007115755j),(1.024803325+0.005011845j),(1.07331873+0.005268459j),(1.043426165+0.003918498j),(1.04344402+0.003922764j),(1.046680096+0.005570076j),(1.044375635+0.004129253j),(1.083513528+0.009841943j),(1.082125585+0.008964591j),(1.081220437+0.008759064j),(1.081234208+0.008762418j),(1.083788875+0.002830932j),(1.07571534+0.004585231j),(1.073099031+0.005279483j),(1.03053466+0.007500839j),(-0.039503007+4.1256e-05j),(-0.039500725+3.337e-05j),(-0.039836761+2.726e-05j),(-0.08972334-0.049966865j),"{'64': {'dP_mw': 0.0, 'dQ_mvar': 0.0}, '57': {'dP_mw': 0.0, 'dQ_mvar': 0.0}, '55': {'dP_mw': 0.0, 'dQ_mvar': 0.0}, '61': {'dP_mw': -0.05, 'dQ_mvar': -0.05}}",1.0837925722894368,-0.05,-0.05,Uncontrolled_baseline,2.1
43,1790959772.887684,36,(1.029449001+0.007115755j),(1.073123164+0.005278876j),(1.073126452+0.005279571j),(1.073315442+0.005267764j),(1.073322018+0.005269154j),(1.073454033+0.005260906j),(1.073585083+0.005344562j),(1.081113707+0.008678733j),(1.072934606+0.005156726j),(1.043974256+0.004026857j),(1.042795+0.003731151j),(1.014342033+0.000188896j),(1.01382314+8.7127e-05j),(1.020022994+0.002820807j),(1.020292303+0.002995061j),(1.024668671+0.004924718j),(1.024937979+0.005098972j),(1.029314347+0.007028628j),(1.029449001+0.007115755j),(1.073123164+0.005278876j),(1.073123164+0.005278876j),(1.07331873+0.005268459j),(1.073457322+0.005261601j),(1.081241468+0.008761695j),(1.04345154+0.003921982j),(1.013685493-1.936e-06j),(1.013688486+0j),(1.020157649+0.002907934j),(1.024803325+0.005011845j),(1.073119875+0.005278181j),(1.029583655+0.007202882j),(1.013688486+0j),(1.013685493-1.936e-06j),(1.013685493-1.936e-06j),(1.043445524+0.003922608j),(1.044190816+0.004087799j),(1.075263736+0.004720505j),(1.073457322+0.005261601j),(1.073123164+0.005278876j),(1.081948762+0.008924012j),(1.08123566+0.008762273j),(1.020157649+0.002907934j),(1.020157649+0.002907934j),(1.029449001+0.007115755j),(1.024803325+0.005011845j),(1.07331873+0.005268459j),(1.043426165+0.003918498j),(1.04344402+0.003922764j),(1.046680096+0.005570076j),(1.044375635+0.004129253j),(1.083513528+0.009841943j),(1.082125585+0.008964591j),(1.081220437+0.008759064j),(1.081234208+0.008762418j),(1.083788875+0.002830932j),(1.07571534+0.004585231j),(1.073099031+0.005279483j),(1.03053466+0.007500839j),(-0.039503007+4.1256e-05j),(-0.039500725+3.337e-05j),(-0.039836761+2.726e-05j),(-0.08972334-0.049966865j),"{'64': {'dP_mw': 0.0, 'dQ_mvar': 0.0}, '57': {'dP_mw': 0.0, 'dQ_mvar': 0.0}, '55': {'dP_mw': 0.0, 'dQ_mvar': 0.0}, '61': {'dP_mw': -0.05, 'dQ_mvar': -0.05}}",1.0837925722894368,-0.05,-0.05,Uncontrolled_baseline,2.15
44,1790959772.9374332,36,(1.029449001+0.007115755j),(1.073123164+0.005278876j),(1.073126452+0.005279571j),(1.073315442+0.005267764j),(1.073322018+0.005269154j),(1.073454033+0.005260906j),(1.073585083+0.005344562j),(1.081113707+0.008678733j),(1.072934606+0.005156726j),(1.043974256+0.004026857j),(1.042795+0.003731151j),(1.014342033+0.000188896j),(1.01382314+8.7127e-05j),(1.020022994+0.002820807j),(1.020292303+0.002995061j),(1.024668671+0.004924718j),(1.024937979+0.005098972j),(1.029314347+0.007028628j),(1.029449001+0.007115755j),(1.073123164+0.005278876j),(1.073123164+0.005278876j),(1.07331873+0.005268459j),(1.073457322+0.005261601j),(1.081241468+0.008761695j),(1.04345154+0.003921982j),(1.013685493-1.936e-06j),(1.013688486+0j),(1.020157649+0.002907934j),(1.024803325+0.005011845j),(1.073119875+0.005278181j),(1.029583655+0.007202882j),(1.013688486+0j),(1.013685493-1.936e-06j),(1.013685493-1.936e-06j),(1.043445524+0.003922608j),(1.044190816+0.004087799j),(1.075263736+0.004720505j),(1.073457322+0.005261601j),(1.073123164+0.005278876j),(1.081948762+0.008924012j),(1.08123566+0.008762273j),(1.020157649+0.002907934j),(1.020157649+0.002907934j),(1.029449001+0.007115755j),(1.024803325+0.005011845j),(1.07331873+0.005268459j),(1.043426165+0.003918498j),(1.04344402+0.003922764j),(1.046680096+0.005570076j),(1.044375635+0.004129253j),(1.083513528+0.009841943j),(1.082125585+0.008964591j),(1.081220437+0.008759064j),(1.081234208+0.008762418j),(1.083788875+0.002830932j),(1.07571534+0.004585231j),(1.073099031+0.005279483j),(1.03053466+0.007500839j),(-0.039503007+4.1256e-05j),(-0.039500725+3.337e-05j),(-0.039836761+2.726e-05j),(-0.08972334-0.049966865j),"{'64': {'dP_mw': 0.0, 'dQ_mvar': 0.0}, '57': {'dP_mw': 0.0, 'dQ_mvar': 0.0}, '55': {'dP_mw': 0.0, 'dQ_mvar': 0.0}, '61': {'dP_mw': -0.05, 'dQ_mvar': -0.05}}",1.0837925722894368,-0.05,-0.05,Uncontrolled_baseline,2.2
45,1790959772.9877646,36,(1.029449001+0.007115755j),(1.073123164+0.005278876j),(1.073126452+0.005279571j),(1.073315442+0.005267764j),(1.073322018+0.005269154j),(1.073454033+0.005260906j),(1.073585083+0.005344562j),(1.081113707+0.008678733j),(1.072934606+0.005156726j),(1.043974256+0.004026857j),(1.042795+0.003731151j),(1.014342033+0.000188896j),(1.01382314+8.7127e-05j),(1.020022994+0.002820807j),(1.020292303+0.002995061j),(1.024668671+0.004924718j),(1.024937979+0.005098972j),(1.029314347+0.007028628j),(1.029449001+0.007115755j),(1.073123164+0.005278876j),(1.073123164+0.005278876j),(1.07331873+0.005268459j),(1.073457322+0.005261601j),(1.081241468+0.008761695j),(1.04345154+0.003921982j),(1.013685493-1.936e-06j),(1.013688486+0j),(1.020157649+0.002907934j),(1.024803325+0.005011845j),(1.073119875+0.005278181j),(1.029583655+0.007202882j),(1.013688486+0j),(1.013685493-1.936e-06j),(1.013685493-1.936e-06j),(1.043445524+0.003922608j),(1.044190816+0.004087799j),(1.075263736+0.004720505j),(1.073457322+0.005261601j),(1.073123164+0.005278876j),(1.081948762+0.008924012j),(1.08123566+0.008762273j),(1.020157649+0.002907934j),(1.020157649+0.002907934j),(1.029449001+0.007115755j),(1.024803325+0.005011845j),(1.07331873+0.005268459j),(1.043426165+0.003918498j),(1.04344402+0.003922764j),(1.046680096+0.005570076j),(1.044375635+0.004129253j),(1.083513528+0.009841943j),(1.082125585+0.008964591j),(1.081220437+0.008759064j),(1.081234208+0.008762418j),(1.083788875+0.002830932j),(1.07571534+0.004585231j),(1.073099031+0.005279483j),(1.03053466+0.007500839j),(-0.039503007+4.1256e-05j),(-0.039500725+3.337e-05j),(-0.039836761+2.726e-05j),(-0.08972334-0.049966865j),"{'64': {'dP_mw': 0.0, 'dQ_mvar': 0.0}, '57': {'dP_mw': 0.0, 'dQ_mvar': 0.0}, '55': {'dP_mw': 0.0, 'dQ_mvar': 0.0}, '61': {'dP_mw': -0.05, 'dQ_mvar': -0.05}}",1.0837925722894368,-0.05,-0.05,Uncontrolled_baseline,2.25
46,1790959773.0368478,36,(1.029449001+0.007115755j),(1.073123164+0.005278876j),(1.073126452+0.005279571j),(1.073315442+0.005267764j),(1.073322018+0.005269154j),(1.073454033+0.005260906j),(1.073585083+0.005344562j),(1.081113707+0.008678733j),(1.072934606+0.005156726j),(1.043974256+0.004026857j),(1.042795+0.003731151j),(1.014342033+0.000188896j),(1.01382314+8.7127e-05j),(1.020022994+0.002820807j),(1.020292303+0.002995061j),(1.024668671+0.004924718j),(1.024937979+0.005098972j),(1.029314347+0.007028628j),(1.029449001+0.007115755j),(1.073123164+0.005278876j),(1.073123164+0.005278876j),(1.07331873+0.005268459j),(1.073457322+0.005261601j),(1.081241468+0.008761695j),(1.04345154+0.003921982j),(1.013685493-1.936e-06j),(1.013688486+0j),(1.020157649+0.002907934j),(1.024803325+0.005011845j),(1.073119875+0.005278181j),(1.029583655+0.007202882j),(1.013688486+0j),(1.013685493-1.936e-06j),(1.013685493-1.936e-06j),(1.043445524+0.003922608j),(1.044190816+0.004087799j),(1.075263736+0.004720505j),(1.073457322+0.005261601j),(1.073123164+0.005278876j),(1.081948762+0.008924012j),(1.08123566+0.008762273j),(1.020157649+0.002907934j),(1.020157649+0.002907934j),(1.029449001+0.007115755j),(1.024803325+0.005011845j),(1.07331873+0.005268459j),(1.043426165+0.003918498j),(1.04344402+0.003922764j),(1.046680096+0.005570076j),(1.044375635+0.004129253j),(1.083513528+0.009841943j),(1.082125585+0.008964591j),(1.081220437+0.008759064j),(1.081234208+0.008762418j),(1.083788875+0.002830932j),(1.07571534+0.004585231j),(1.073099031+0.005279483j),(1.03053466+0.007500839j),(-0.039503007+4.1256e-05j),(-0.039500725+3.337e-05j),(-0.039836761+2.726e-05j),(-0.08972334-0.049966865j),"{'64': {'dP_mw': 0.0, 'dQ_mvar': 0.0}, '57': {'dP_mw': 0.0, 'dQ_mvar': 0.0}, '55': {'dP_mw': 0.0, 'dQ_mvar': 0.0}, '61': {'dP_mw': -0.05, 'dQ_mvar': -0.05}}",1.0837925722894368,-0.05,-0.05,Uncontrolled_baseline,2.3
47,1790959773.0872133,36,(1.029449001+0.007115755j),(1.073123164+0.005278876j),(1.073126452+0.005279571j),(1.073315442+0.005267764j),(1.073322018+0.005269154j),(1.073454033+0.005260906j),(1.073585083+0.005344562j),(1.081113707+0.008678733j),(1.072934606+0.005156726j),(1.043974256+0.004026857j),(1.042795+0.003731151j),(1.014342033+0.000188896j),(1.01382314+8.7127e-05j),(1.020022994+0.002820807j),(1.020292303+0.002995061j),(1.024668671+0.004924718j),(1.024937979+0.005098972j),(1.029314347+0.007028628j),(1.029449001+0.007115755j),(1.073123164+0.005278876j),(1.073123164+0.005278876j),(1.07331873+0.005268459j),(1.073457322+0.005261601j),(1.081241468+0.008761695j),(1.04345154+0.003921982j),(1.013685493-1.936e-06j),(1.013688486+0j),(1.020157649+0.002907934j),(1.024803325+0.005011845j),(1.073119875+0.005278181j),(1.029583655+0.007202882j),(1.013688486+0j),(1.013685493-1.936e-06j),(1.013685493-1.936e-06j),(1.043445524+0.003922608j),(1.044190816+0.004087799j),(1.075263736+0.004720505j),(1.073457322+0.005261601j),(1.073123164+0.005278876j),(1.081948762+0.008924012j),(1.08123566+0.008762273j),(1.020157649+0.002907934j),(1.020157649+0.002907934j),(1.029449001+0.007115755j),(1.024803325+0.005011845j),(1.07331873+0.005268459j),(1.043426165+0.003918498j),(1.04344402+0.003922764j),(1.046680096+0.005570076j),(1.044375635+0.004129253j),(1.083513528+0.009841943j),(1.082125585+0.008964591j),(1.081220437+0.008759064j),(1.081234208+0.008762418j),(1.083788875+0.002830932j),(1.07571534+0.004585231j),(1.073099031+0.005279483j),(1.03053466+0.007500839j),(-0.039503007+4.1256e-05j),(-0.039500725+3.337e-05j),(-0.039836761+2.726e-05j),(-0.08972334-0.049966865j),"{'64': {'dP_mw': 0.0, 'dQ_mvar': 0.0}, '57': {'dP_mw': 0.0, 'dQ_mvar': 0.0}, '55': {'dP_mw': 0.0, 'dQ_mvar': 0.0}, '61': {'dP_mw': -0.05, 'dQ_mvar': -0.05}}",1.0837925722894368,-0.05,-0.05,Uncontrolled_baseline,2.35
48,1790959773.1383286,36,(1.029449001+0.007115755j),(1.073123164+0.005278876j),(1.073126452+0.005279571j),(1.073315442+0.005267764j),(1.073322018+0.005269154j),(1.073454033+0.005260906j),(1.073585083+0.005344562j),(1.081113707+0.008678733j),(1.072934606+0.005156726j),(1.043974256+0.004026857j),(1.042795+0.003731151j),(1.014342033+0.000188896j),(1.01382314+8.7127e-05j),(1.020022994+0.002820807j),(1.020292303+0.002995061j),(1.024668671+0.004924718j),(1.024937979+0.005098972j),(1.029314347+0.007028628j),(1.029449001+0.007115755j),(1.073123164+0.005278876j),(1.073123164+0.005278876j),(1.07331873+0.005268459j),(1.073457322+0.005261601j),(1.081241468+0.008761695j),(1.04345154+0.003921982j),(1.013685493-1.936e-06j),(1.013688486+0j),(1.020157649+0.002907934j),(1.024803325+0.005011845j),(1.073119875+0.005278181j),(1.029583655+0.007202882j),(1.013688486+0j),(1.013685493-1.936e-06j),(1.013685493-1.936e-06j),(1.043445524+0.003922608j),(1.044190816+0.004087799j),(1.075263736+0.004720505j),(1.073457322+0.005261601j),(1.073123164+0.005278876j),(1.081948762+0.008924012j),(1.08123566+0.008762273j),(1.020157649+0.002907934j),(1.020157649+0.002907934j),(1.029449001+0.007115755j),(1.024803325+0.005011845j),(1.07331873+0.005268459j),(1.043426165+0.003918498j),(1.04344402+0.003922764j),(1.046680096+0.005570076j),(1.044375635+0.004129253j),(1.083513528+0.009841943j),(1.082125585+0.008964591j),(1.081220437+0.008759064j),(1.081234208+0.008762418j),(1.083788875+0.002830932j),(1.07571534+0.004585231j),(1.073099031+0.005279483j),(1.03053466+0.007500839j),(-0.039503007+4.1256e-05j),(-0.039500725+3.337e-05j),(-0.039836761+2.726e-05j),(-0.08972334-0.049966865j),"{'64': {'dP_mw': 0.0, 'dQ_mvar': 0.0}, '57': {'dP_mw': 0.0, 'dQ_mvar': 0.0}, '55': {'dP_mw': 0.0, 'dQ_mvar': 0.0}, '61': {'dP_mw': -0.05, 'dQ_mvar': -0.05}}",1.0837925722894368,-0.05,-0.05,Uncontrolled_baseline,2.4
49,1790959773.189713,37,(1.029449001+0.007115755j),(1.073123164+0.005278876j),(1.073126452+0.005279571j),(1.073315442+0.005267764j),(1.073322018+0.005269154j),(1.073454033+0.005260906j),(1.073585083+0.005344562j),(1.081113707+0.008678733j),(1.072934606+0.005156726j),(1.043974256+0.004026857j),(1.042795+0.003731151j),(1.014342033+0.000188896j),(1.01382314+8.7127e-05j),(1.020022994+0.002820807j),(1.020292303+0.002995061j),(1.024668671+0.004924718j),(1.024937979+0.005098972j),(1.029314347+0.007028628j),(1.029449001+0.007115755j),(1.073123164+0.005278876j),(1.073123164+0.005278876j),(1.07331873+0.005268459j),(1.073457322+0.005261601j),(1.081241468+0.008761695j),(1.04345154+0.003921982j),(1.013685493-1.936e-06j),(1.013688486+0j),(1.020157649+0.002907934j),(1.024803325+0.005011845j),(1.073119875+0.005278181j),(1.029583655+0.007202882j),(1.013688486+0j),(1.013685493-1.936e-06j),(1.013685493-1.936e-06j),(1.043445524+0.003922608j),(1.044190816+0.004087799j),(1.075263736+0.004720505j),(1.073457322+0.005261601j),(1.073123164+0.005278876j),(1.081948762+0.008924012j),(1.08123566+0.008762273j),(1.020157649+0.002907934j),(1.020157649+0.002907934j),(1.029449001+0.007115755j),(1.024803325+0.005011845j),(1.07331873+0.005268459j),(1.043426165+0.003918498j),(1.04344402+0.003922764j),(1.046680096+0.005570076j),(1.044375635+0.004129253j),(1.083513528+0.009841943j),(1.082125585+0.008964591j),(1.081220437+0.008759064j),(1.081234208+0.008762418j),(1.083788875+0.002830932j),(1.07571534+0.004585231j),(1.073099031+0.005279483j),(1.03053466+0.007500839j),(-0.039503007+4.1256e-05j),(-0.039500725+3.337e-05j),(-0.039836761+2.726e-05j),(-0.08972334-0.049966865j),"{'64': {'dP_mw': 0.0, 'dQ_mvar': 0.0}, '57': {'dP_mw': 0.0, 'dQ_mvar': 0.0}, '55': {'dP_mw': 0.0, 'dQ_mvar': 0.0}, '61': {'dP_mw': -0.05, 'dQ_mvar': -0.05}}",1.0837925722894368,-0.05,-0.05,Uncontrolled_baseline,2.45
50,1790959773.2377152,37,(1.029449001+0.007115755j),(1.073123164+0.005278876j),(1.073126452+0.005279571j),(1.073315442+0.005267764j),(1.073322018+0.005269154j),(1.073454033+0.005260906j),(1.073585083+0.005344562j),(1.081113707+0.008678733j),(1.072934606+0.005156726j),(1.043974256+0.004026857j),(1.042795+0.003731151j),(1.014342033+0.000188896j),(1.01382314+8.7127e-05j),(1.020022994+0.002820807j),(1.020292303+0.002995061j),(1.024668671+0.004924718j),(1.024937979+0.005098972j),(1.029314347+0.007028628j),(1.029449001+0.007115755j),(1.073123164+0.005278876j),(1.073123164+0.005278876j),(1.07331873+0.005268459j),(1.073457322+0.005261601j),(1.081241468+0.008761695j),(1.04345154+0.003921982j),(1.013685493-1.936e-06j),(1.013688486+0j),(1.020157649+0.002907934j),(1.024803325+0.005011845j),(1.073119875+0.005278181j),(1.029583655+0.007202882j),(1.013688486+0j),(1.013685493-1.936e-06j),(1.013685493-1.936e-06j),(1.043445524+0.003922608j),(1.044190816+0.004087799j),(1.075263736+0.004720505j),(1.073457322+0.005261601j),(1.073123164+0.005278876j),(1.081948762+0.008924012j),(1.08123566+0.008762273j),(1.020157649+0.002907934j),(1.020157649+0.002907934j),(1.029449001+0.007115755j),(1.024803325+0.005011845j),(1.07331873+0.005268459j),(1.043426165+0.003918498j),(1.04344402+0.003922764j),(1.046680096+0.005570076j),(1.044375635+0.004129253j),(1.083513528+0.009841943j),(1.082125585+0.008964591j),(1.081220437+0.008759064j),(1.081234208+0.008762418j),(1.083788875+0.002830932j),(1.07571534+0.004585231j),(1.073099031+0.005279483j),(1.03053466+0.007500839j),(-0.039503007+4.1256e-05j),(-0.039500725+3.337e-05j),(-0.039836761+2.726e-05j),(-0.08972334-0.049966865j),"{'64': {'dP_mw': 0.0, 'dQ_mvar': 0.0}, '57': {'dP_mw': 0.0, 'dQ_mvar': 0.0}, '55': {'dP_mw': 0.0, 'dQ_mvar': 0.0}, '61': {'dP_mw': -0.05, 'dQ_mvar': -0.05}}",1.0837925722894368,-0.05,-0.05,Uncontrolled_baseline,2.5
51,1790959773.2899303,37,(1.029449001+0.007115755j),(1.073123164+0.005278876j),(1.073126452+0.005279571j),(1.073315442+0.005267764j),(1.073322018+0.005269154j),(1.073454033+0.005260906j),(1.073585083+0.005344562j),(1.081113707+0.008678733j),(1.072934606+0.005156726j),(1.043974256+0.004026857j),(1.042795+0.003731151j),(1.014342033+0.000188896j),(1.01382314+8.7127e-05j),(1.020022994+0.002820807j),(1.020292303+0.002995061j),(1.024668671+0.004924718j),(1.024937979+0.005098972j),(1.029314347+0.007028628j),(1.029449001+0.007115755j),(1.073123164+0.005278876j),(1.073123164+0.005278876j),(1.07331873+0.005268459j),(1.073457322+0.005261601j),(1.081241468+0.008761695j),(1.04345154+0.003921982j),(1.013685493-1.936e-06j),(1.013688486+0j),(1.020157649+0.002907934j),(1.024803325+0.005011845j),(1.073119875+0.005278181j),(1.029583655+0.007202882j),(1.013688486+0j),(1.013685493-1.936e-06j),(1.013685493-1.936e-06j),(1.043445524+0.003922608j),(1.044190816+0.004087799j),(1.075263736+0.004720505j),(1.073457322+0.005261601j),(1.073123164+0.005278876j),(1.081948762+0.008924012j),(1.08123566+0.008762273j),(1.020157649+0.002907934j),(1.020157649+0.002907934j),(1.029449001+0.007115755j),(1.024803325+0.005011845j),(1.07331873+0.005268459j),(1.043426165+0.003918498j),(1.04344402+0.003922764j),(1.046680096+0.005570076j),(1.044375635+0.004129253j),(1.083513528+0.009841943j),(1.082125585+0.008964591j),(1.081220437+0.008759064j),(1.081234208+0.008762418j),(1.083788875+0.002830932j),(1.07571534+0.004585231j),(1.073099031+0.005279483j),(1.03053466+0.007500839j),(-0.039503007+4.1256e-05j),(-0.039500725+3.337e-05j),(-0.039836761+2.726e-05j),(-0.08972334-0.049966865j),"{'64': {'dP_mw': 0.0, 'dQ_mvar': 0.0}, '57': {'dP_mw': 0.0, 'dQ_mvar': 0.0}, '55': {'dP_mw': 0.0, 'dQ_mvar': 0.0}, '61': {'dP_mw': -0.05, 'dQ_mvar': -0.05}}",1.0837925722894368,-0.05,-0.05,Uncontrolled_baseline,2.55
52,1790959773.3378375,37,(1.029449001+0.007115755j),(1.073123164+0.005278876j),(1.073126452+0.005279571j),(1.073315442+0.005267764j),(1.073322018+0.005269154j),(1.073454033+0.005260906j),(1.073585083+0.005344562j),(1.081113707+0.008678733j),(1.072934606+0.005156726j),(1.043974256+0.004026857j),(1.042795+0.003731151j),(1.014342033+0.000188896j),(1.01382314+8.7127e-05j),(1.020022994+0.002820807j),(1.020292303+0.002995061j),(1.024668671+0.004924718j),(1.024937979+0.005098972j),(1.029314347+0.007028628j),(1.029449001+0.007115755j),(1.073123164+0.005278876j),(1.073123164+0.005278876j),(1.07331873+0.005268459j),(1.073457322+0.005261601j),(1.081241468+0.008761695j),(1.04345154+0.003921982j),(1.013685493-1.936e-06j),(1.013688486+0j),(1.020157649+0.002907934j),(1.024803325+0.005011845j),(1.073119875+0.005278181j),(1.029583655+0.007202882j),(1.013688486+0j),(1.013685493-1.936e-06j),(1.013685493-1.936e-06j),(1.043445524+0.003922608j),(1.044190816+0.004087799j),(1.075263736+0.004720505j),(1.073457322+0.005261601j),(1.073123164+0.005278876j),(1.081948762+0.008924012j),(1.08123566+0.008762273j),(1.020157649+0.002907934j),(1.020157649+0.002907934j),(1.029449001+0.007115755j),(1.024803325+0.005011845j),(1.07331873+0.005268459j),(1.043426165+0.003918498j),(1.04344402+0.003922764j),(1.046680096+0.005570076j),(1.044375635+0.004129253j),(1.083513528+0.009841943j),(1.082125585+0.008964591j),(1.081220437+0.008759064j),(1.081234208+0.008762418j),(1.083788875+0.002830932j),(1.07571534+0.004585231j),(1.073099031+0.005279483j),(1.03053466+0.007500839j),(-0.039503007+4.1256e-05j),(-0.039500725+3.337e-05j),(-0.039836761+2.726e-05j),(-0.08972334-0.049966865j),"{'64': {'dP_mw': 0.0, 'dQ_mvar': 0.0}, '57': {'dP_mw': 0.0, 'dQ_mvar': 0.0}, '55': {'dP_mw': 0.0, 'dQ_mvar': 0.0}, '61': {'dP_mw': -0.05, 'dQ_mvar': -0.05}}",1.0837925722894368,-0.05,-0.05,Uncontrolled_baseline,2.6
53,1790959773.3892245,37,(1.029449001+0.007115755j),(1.073123164+0.005278876j),(1.073126452+0.005279571j),(1.073315442+0.005267764j),(1.073322018+0.005269154j),(1.073454033+0.005260906j),(1.073585083+0.005344562j),(1.081113707+0.008678733j),(1.072934606+0.005156726j),(1.043974256+0.004026857j),(1.042795+0.003731151j),(1.014342033+0.000188896j),(1.01382314+8.7127e-05j),(1.020022994+0.002820807j),(1.020292303+0.002995061j),(1.024668671+0.004924718j),(1.024937979+0.005098972j),(1.029314347+0.007028628j),(1.029449001+0.007115755j),(1.073123164+0.005278876j),(1.073123164+0.005278876j),(1.07331873+0.005268459j),(1.073457322+0.005261601j),(1.081241468+0.008761695j),(1.04345154+0.003921982j),(1.013685493-1.936e-06j),(1.013688486+0j),(1.020157649+0.002907934j),(1.024803325+0.005011845j),(1.073119875+0.005278181j),(1.029583655+0.007202882j),(1.013688486+0j),(1.013685493-1.936e-06j),(1.013685493-1.936e-06j),(1.043445524+0.003922608j),(1.044190816+0.004087799j),(1.075263736+0.004720505j),(1.073457322+0.005261601j),(1.073123164+0.005278876j),(1.081948762+0.008924012j),(1.08123566+0.008762273j),(1.020157649+0.002907934j),(1.020157649+0.002907934j),(1.029449001+0.007115755j),(1.024803325+0.005011845j),(1.07331873+0.005268459j),(1.043426165+0.003918498j),(1.04344402+0.003922764j),(1.046680096+0.005570076j),(1.044375635+0.004129253j),(1.083513528+0.009841943j),(1.082125585+0.008964591j),(1.081220437+0.008759064j),(1.081234208+0.008762418j),(1.083788875+0.002830932j),(1.07571534+0.004585231j),(1.073099031+0.005279483j),(1.03053466+0.007500839j),(-0.039503007+4.1256e-05j),(-0.039500725+3.337e-05j),(-0.039836761+2.726e-05j),(-0.08972334-0.049966865j),"{'64': {'dP_mw': 0.0, 'dQ_mvar': 0.0}, '57': {'dP_mw': 0.0, 'dQ_mvar': 0.0}, '55': {'dP_mw': 0.0, 'dQ_mvar': 0.0}, '61': {'dP_mw': -0.05, 'dQ_mvar': -0.05}}",1.0837925722894368,-0.05,-0.05,Uncontrolled_baseline,2.65
54,1790959773.445758,37,(1.029449001+0.007115755j),(1.073123164+0.005278876j),(1.073126452+0.005279571j),(1.073315442+0.005267764j),(1.073322018+0.005269154j),(1.073454033+0.005260906j),(1.073585083+0.005344562j),(1.081113707+0.008678733j),(1.072934606+0.005156726j),(1.043974256+0.004026857j),(1.042795+0.003731151j),(1.014342033+0.000188896j),(1.01382314+8.7127e-05j),(1.020022994+0.002820807j),(1.020292303+0.002995061j),(1.024668671+0.004924718j),(1.024937979+0.005098972j),(1.029314347+0.007028628j),(1.029449001+0.007115755j),(1.073123164+0.005278876j),(1.073123164+0.005278876j),(1.07331873+0.005268459j),(1.073457322+0.005261601j),(1.081241468+0.008761695j),(1.04345154+0.003921982j),(1.013685493-1.936e-06j),(1.013688486+0j),(1.020157649+0.002907934j),(1.024803325+0.005011845j),(1.073119875+0.005278181j),(1.029583655+0.007202882j),(1.013688486+0j),(1.013685493-1.936e-06j),(1.013685493-1.936e-06j),(1.043445524+0.003922608j),(1.044190816+0.004087799j),(1.075263736+0.004720505j),(1.073457322+0.005261601j),(1.073123164+0.005278876j),(1.081948762+0.008924012j),(1.08123566+0.008762273j),(1.020157649+0.002907934j),(1.020157649+0.002907934j),(1.029449001+0.007115755j),(1.024803325+0.005011845j),(1.07331873+0.005268459j),(1.043426165+0.003918498j),(1.04344402+0.003922764j),(1.046680096+0.005570076j),(1.044375635+0.004129253j),(1.083513528+0.009841943j),(1.082125585+0.008964591j),(1.081220437+0.008759064j),(1.081234208+0.008762418j),(1.083788875+0.002830932j),(1.07571534+0.004585231j),(1.073099031+0.005279483j),(1.03053466+0.007500839j),(-0.039503007+4.1256e-05j),(-0.039500725+3.337e-05j),(-0.039836761+2.726e-05j),(-0.08972334-0.049966865j),"{'64': {'dP_mw': 0.0, 'dQ_mvar': 0.0}, '57': {'dP_mw': 0.0, 'dQ_mvar': 0.0}, '55': {'dP_mw': 0.0, 'dQ_mvar': 0.0}, '61': {'dP_mw': -0.05, 'dQ_mvar': -0.05}}",1.0837925722894368,-0.05,-0.05,Uncontrolled_baseline,2.7
55,1790959773.4896338,37,(1.029449001+0.007115755j),(1.073123164+0.005278876j),(1.073126452+0.005279571j),(1.073315442+0.005267764j),(1.073322018+0.005269154j),(1.073454033+0.005260906j),(1.073585083+0.005344562j),(1.081113707+0.008678733j),(1.072934606+0.005156726j),(1.043974256+0.004026857j),(1.042795+0.003731151j),(1.014342033+0.000188896j),(1.01382314+8.7127e-05j),(1.020022994+0.002820807j),(1.020292303+0.002995061j),(1.024668671+0.004924718j),(1.024937979+0.005098972j),(1.029314347+0.007028628j),(1.029449001+0.007115755j),(1.073123164+0.005278876j),(1.073123164+0.005278876j),(1.07331873+0.005268459j),(1.073457322+0.005261601j),(1.081241468+0.008761695j),(1.04345154+0.003921982j),(1.013685493-1.936e-06j),(1.013688486+0j),(1.020157649+0.002907934j),(1.024803325+0.005011845j),(1.073119875+0.005278181j),(1.029583655+0.007202882j),(1.013688486+0j),(1.013685493-1.936e-06j),(1.013685493-1.936e-06j),(1.043445524+0.003922608j),(1.044190816+0.004087799j),(1.075263736+0.004720505j),(1.073457322+0.005261601j),(1.073123164+0.005278876j),(1.081948762+0.008924012j),(1.08123566+0.008762273j),(1.020157649+0.002907934j),(1.020157649+0.002907934j),(1.029449001+0.007115755j),(1.024803325+0.005011845j),(1.07331873+0.005268459j),(1.043426165+0.003918498j),(1.04344402+0.003922764j),(1.046680096+0.005570076j),(1.044375635+0.004129253j),(1.083513528+0.009841943j),(1.082125585+0.008964591j),(1.081220437+0.008759064j),(1.081234208+0.008762418j),(1.083788875+0.002830932j),(1.07571534+0.004585231j),(1.073099031+0.005279483j),(1.03053466+0.007500839j),(-0.039503007+4.1256e-05j),(-0.039500725+3.337e-05j),(-0.039836761+2.726e-05j),(-0.08972334-0.049966865j),"{'64': {'dP_mw': 0.0, 'dQ_mvar': 0.0}, '57': {'dP_mw': 0.0, 'dQ_mvar': 0.0}, '55': {'dP_mw': 0.0, 'dQ_mvar': 0.0}, '61': {'dP_mw': -0.05, 'dQ_mvar': -0.05}}",1.0837925722894368,-0.05,-0.05,Uncontrolled_baseline,2.75
56,1790959773.541549,37,(1.029449001+0.007115755j),(1.073123164+0.005278876j),(1.073126452+0.005279571j),(1.073315442+0.005267764j),(1.073322018+0.005269154j),(1.073454033+0.005260906j),(1.073585083+0.005344562j),(1.081113707+0.008678733j),(1.072934606+0.005156726j),(1.043974256+0.004026857j),(1.042795+0.003731151j),(1.014342033+0.000188896j),(1.01382314+8.7127e-05j),(1.020022994+0.002820807j),(1.020292303+0.002995061j),(1.024668671+0.004924718j),(1.024937979+0.005098972j),(1.029314347+0.007028628j),(1.029449001+0.007115755j),(1.073123164+0.005278876j),(1.073123164+0.005278876j),(1.07331873+0.005268459j),(1.073457322+0.005261601j),(1.081241468+0.008761695j),(1.04345154+0.003921982j),(1.013685493-1.936e-06j),(1.013688486+0j),(1.020157649+0.002907934j),(1.024803325+0.005011845j),(1.073119875+0.005278181j),(1.029583655+0.007202882j),(1.013688486+0j),(1.013685493-1.936e-06j),(1.013685493-1.936e-06j),(1.043445524+0.003922608j),(1.044190816+0.004087799j),(1.075263736+0.004720505j),(1.073457322+0.005261601j),(1.073123164+0.005278876j),(1.081948762+0.008924012j),(1.08123566+0.008762273j),(1.020157649+0.002907934j),(1.020157649+0.002907934j),(1.029449001+0.007115755j),(1.024803325+0.005011845j),(1.07331873+0.005268459j),(1.043426165+0.003918498j),(1.04344402+0.003922764j),(1.046680096+0.005570076j),(1.044375635+0.004129253j),(1.083513528+0.009841943j),(1.082125585+0.008964591j),(1.081220437+0.008759064j),(1.081234208+0.008762418j),(1.083788875+0.002830932j),(1.07571534+0.004585231j),(1.073099031+0.005279483j),(1.03053466+0.007500839j),(-0.039503007+4.1256e-05j),(-0.039500725+3.337e-05j),(-0.039836761+2.726e-05j),(-0.08972334-0.049966865j),"{'64': {'dP_mw': 0.0, 'dQ_mvar': 0.0}, '57': {'dP_mw': 0.0, 'dQ_mvar': 0.0}, '55': {'dP_mw': 0.0, 'dQ_mvar': 0.0}, '61': {'dP_mw': -0.05, 'dQ_mvar': -0.05}}",1.0837925722894368,-0.05,-0.05,Uncontrolled_baseline,2.8
57,1790959773.5908082,37,(1.029449001+0.007115755j),(1.073123164+0.005278876j),(1.073126452+0.005279571j),(1.073315442+0.005267764j),(1.073322018+0.005269154j),(1.073454033+0.005260906j),(1.073585083+0.005344562j),(1.081113707+0.008678733j),(1.072934606+0.005156726j),(1.043974256+0.004026857j),(1.042795+0.003731151j),(1.014342033+0.000188896j),(1.01382314+8.7127e-05j),(1.020022994+0.002820807j),(1.020292303+0.002995061j),(1.024668671+0.004924718j),(1.024937979+0.005098972j),(1.029314347+0.007028628j),(1.029449001+0.007115755j),(1.073123164+0.005278876j),(1.073123164+0.005278876j),(1.07331873+0.005268459j),(1.073457322+0.005261601j),(1.081241468+0.008761695j),(1.04345154+0.003921982j),(1.013685493-1.936e-06j),(1.013688486+0j),(1.020157649+0.002907934j),(1.024803325+0.005011845j),(1.073119875+0.005278181j),(1.029583655+0.007202882j),(1.013688486+0j),(1.013685493-1.936e-06j),(1.013685493-1.936e-06j),(1.043445524+0.003922608j),(1.044190816+0.004087799j),(1.075263736+0.004720505j),(1.073457322+0.005261601j),(1.073123164+0.005278876j),(1.081948762+0.008924012j),(1.08123566+0.008762273j),(1.020157649+0.002907934j),(1.020157649+0.002907934j),(1.029449001+0.007115755j),(1.024803325+0.005011845j),(1.07331873+0.005268459j),(1.043426165+0.003918498j),(1.04344402+0.003922764j),(1.046680096+0.005570076j),(1.044375635+0.004129253j),(1.083513528+0.009841943j),(1.082125585+0.008964591j),(1.081220437+0.008759064j),(1.081234208+0.008762418j),(1.083788875+0.002830932j),(1.07571534+0.004585231j),(1.073099031+0.005279483j),(1.03053466+0.007500839j),(-0.039503007+4.1256e-05j),(-0.039500725+3.337e-05j),(-0.039836761+2.726e-05j),(-0.08972334-0.049966865j),"{'64': {'dP_mw': 0.0, 'dQ_mvar': 0.0}, '57': {'dP_mw': 0.0, 'dQ_mvar': 0.0}, '55': {'dP_mw': 0.0, 'dQ_mvar': 0.0}, '61': {'dP_mw': -0.05, 'dQ_mvar': -0.05}}",1.0837925722894368,-0.05,-0.05,Uncontrolled_baseline,2.85
58,1790959773.6408827,37,(1.029449001+0.007115755j),(1.073123164+0.005278876j),(1.073126452+0.005279571j),(1.073315442+0.005267764j),(1.073322018+0.005269154j),(1.073454033+0.005260906j),(1.073585083+0.005344562j),(1.081113707+0.008678733j),(1.072934606+0.005156726j),(1.043974256+0.004026857j),(1.042795+0.003731151j),(1.014342033+0.000188896j),(1.01382314+8.7127e-05j),(1.020022994+0.002820807j),(1.020292303+0.002995061j),(1.024668671+0.004924718j),(1.024937979+0.005098972j),(1.029314347+0.007028628j),(1.029449001+0.007115755j),(1.073123164+0.005278876j),(1.073123164+0.005278876j),(1.07331873+0.005268459j),(1.073457322+0.005261601j),(1.081241468+0.008761695j),(1.04345154+0.003921982j),(1.013685493-1.936e-06j),(1.013688486+0j),(1.020157649+0.002907934j),(1.024803325+0.005011845j),(1.073119875+0.005278181j),(1.029583655+0.007202882j),(1.013688486+0j),(1.013685493-1.936e-06j),(1.013685493-1.936e-06j),(1.043445524+0.003922608j),(1.044190816+0.004087799j),(1.075263736+0.004720505j),(1.073457322+0.005261601j),(1.073123164+0.005278876j),(1.081948762+0.008924012j),(1.08123566+0.008762273j),(1.020157649+0.002907934j),(1.020157649+0.002907934j),(1.029449001+0.007115755j),(1.024803325+0.005011845j),(1.07331873+0.005268459j),(1.043426165+0.003918498j),(1.04344402+0.003922764j),(1.046680096+0.005570076j),(1.044375635+0.004129253j),(1.083513528+0.009841943j),(1.082125585+0.008964591j),(1.081220437+0.008759064j),(1.081234208+0.008762418j),(1.083788875+0.002830932j),(1.07571534+0.004585231j),(1.073099031+0.005279483j),(1.03053466+0.007500839j),(-0.039503007+4.1256e-05j),(-0.039500725+3.337e-05j),(-0.039836761+2.726e-05j),(-0.08972334-0.049966865j),"{'64': {'dP_mw': 0.0, 'dQ_mvar': 0.0}, '57': {'dP_mw': 0.0, 'dQ_mvar': 0.0}, '55': {'dP_mw': 0.0, 'dQ_mvar': 0.0}, '61': {'dP_mw': -0.05, 'dQ_mvar': -0.05}}",1.0837925722894368,-0.05,-0.05,Uncontrolled_baseline,2.9
59,1790959773.6929197,37,(1.029449001+0.007115755j),(1.073123164+0.005278876j),(1.073126452+0.005279571j),(1.073315442+0.005267764j),(1.073322018+0.005269154j),(1.073454033+0.005260906j),(1.073585083+0.005344562j),(1.081113707+0.008678733j),(1.072934606+0.005156726j),(1.043974256+0.004026857j),(1.042795+0.003731151j),(1.014342033+0.000188896j),(1.01382314+8.7127e-05j),(1.020022994+0.002820807j),(1.020292303+0.002995061j),(1.024668671+0.004924718j),(1.024937979+0.005098972j),(1.029314347+0.007028628j),(1.029449001+0.007115755j),(1.073123164+0.005278876j),(1.073123164+0.005278876j),(1.07331873+0.005268459j),(1.073457322+0.005261601j),(1.081241468+0.008761695j),(1.04345154+0.003921982j),(1.013685493-1.936e-06j),(1.013688486+0j),(1.020157649+0.002907934j),(1.024803325+0.005011845j),(1.073119875+0.005278181j),(1.029583655+0.007202882j),(1.013688486+0j),(1.013685493-1.936e-06j),(1.013685493-1.936e-06j),(1.043445524+0.003922608j),(1.044190816+0.004087799j),(1.075263736+0.004720505j),(1.073457322+0.005261601j),(1.073123164+0.005278876j),(1.081948762+0.008924012j),(1.08123566+0.008762273j),(1.020157649+0.002907934j),(1.020157649+0.002907934j),(1.029449001+0.007115755j),(1.024803325+0.005011845j),(1.07331873+0.005268459j),(1.043426165+0.003918498j),(1.04344402+0.003922764j),(1.046680096+0.005570076j),(1.044375635+0.004129253j),(1.083513528+0.009841943j),(1.082125585+0.008964591j),(1.081220437+0.008759064j),(1.081234208+0.008762418j),(1.083788875+0.002830932j),(1.07571534+0.004585231j),(1.073099031+0.005279483j),(1.03053466+0.007500839j),(-0.039503007+4.1256e-05j),(-0.039500725+3.337e-05j),(-0.039836761+2.726e-05j),(-0.08972334-0.049966865j),"{'64': {'dP_mw': 0.0, 'dQ_mvar': 0.0}, '57': {'dP_mw': 0.0, 'dQ_mvar': 0.0}, '55': {'dP_mw': 0.0, 'dQ_mvar': 0.0}, '61': {'dP_mw': -0.05, 'dQ_mvar': -0.05}}",1.0837925722894368,-0.05,-0.05,Uncontrolled_baseline,2.95
60,1790959773.7465565,37,(1.029449001+0.007115755j),(1.073123164+0.005278876j),(1.073126452+0.005279571j),(1.073315442+0.005267764j),(1.073322018+0.005269154j),(1.073454033+0.005260906j),(1.073585083+0.005344562j),(1.081113707+0.008678733j),(1.072934606+0.005156726j),(1.043974256+0.004026857j),(1.042795+0.003731151j),(1.014342033+0.000188896j),(1.01382314+8.7127e-05j),(1.020022994+0.002820807j),(1.020292303+0.002995061j),(1.024668671+0.004924718j),(1.024937979+0.005098972j),(1.029314347+0.007028628j),(1.029449001+0.007115755j),(1.073123164+0.005278876j),(1.073123164+0.005278876j),(1.07331873+0.005268459j),(1.073457322+0.005261601j),(1.081241468+0.008761695j),(1.04345154+0.003921982j),(1.013685493-1.936e-06j),(1.013688486+0j),(1.020157649+0.002907934j),(1.024803325+0.005011845j),(1.073119875+0.005278181j),(1.029583655+0.007202882j),(1.013688486+0j),(1.013685493-1.936e-06j),(1.013685493-1.936e-06j),(1.043445524+0.003922608j),(1.044190816+0.004087799j),(1.075263736+0.004720505j),(1.073457322+0.005261601j),(1.073123164+0.005278876j),(1.081948762+0.008924012j),(1.08123566+0.008762273j),(1.020157649+0.002907934j),(1.020157649+0.002907934j),(1.029449001+0.007115755j),(1.024803325+0.005011845j),(1.07331873+0.005268459j),(1.043426165+0.003918498j),(1.04344402+0.003922764j),(1.046680096+0.005570076j),(1.044375635+0.004129253j),(1.083513528+0.009841943j),(1.082125585+0.008964591j),(1.081220437+0.008759064j),(1.081234208+0.008762418j),(1.083788875+0.002830932j),(1.07571534+0.004585231j),(1.073099031+0.005279483j),(1.03053466+0.007500839j),(-0.039503007+4.1256e-05j),(-0.039500725+3.337e-05j),(-0.039836761+2.726e-05j),(-0.08972334-0.049966865j),"{'64': {'dP_mw': 0.0, 'dQ_mvar': 0.0}, '57': {'dP_mw': 0.0, 'dQ_mvar': 0.0}, '55': {'dP_mw': 0.0, 'dQ_mvar': 0.0}, '61': {'dP_mw': 0.0, 'dQ_mvar': 0.0}}",1.0837925722894368,0.0,0.0,Uncontrolled_baseline,3.0
61,1790959773.791429,37,(1.029449001+0.007115755j),(1.073123164+0.005278876j),(1.073126452+0.005279571j),(1.073315442+0.005267764j),(1.073322018+0.005269154j),(1.073454033+0.005260906j),(1.073585083+0.005344562j),(1.081113707+0.008678733j),(1.072934606+0.005156726j),(1.043974256+0.004026857j),(1.042795+0.003731151j),(1.014342033+0.000188896j),(1.01382314+8.7127e-05j),(1.020022994+0.002820807j),(1.020292303+0.002995061j),(1.024668671+0.004924718j),(1.024937979+0.005098972j),(1.029314347+0.007028628j),(1.029449001+0.007115755j),(1.073123164+0.005278876j),(1.073123164+0.005278876j),(1.07331873+0.005268459j),(1.073457322+0.005261601j),(1.081241468+0.008761695j),(1.04345154+0.003921982j),(1.013685493-1.936e-06j),(1.013688486+0j),(1.020157649+0.002907934j),(1.024803325+0.005011845j),(1.073119875+0.005278181j),(1.029583655+0.007202882j),(1.013688486+0j),(1.013685493-1.936e-06j),(1.013685493-1.936e-06j),(1.043445524+0.003922608j),(1.044190816+0.004087799j),(1.075263736+0.004720505j),(1.073457322+0.005261601j),(1.073123164+0.005278876j),(1.081948762+0.008924012j),(1.08123566+0.008762273j),(1.020157649+0.002907934j),(1.020157649+0.002907934j),(1.029449001+0.007115755j),(1.024803325+0.005011845j),(1.07331873+0.005268459j),(1.043426165+0.003918498j),(1.04344402+0.003922764j),(1.046680096+0.005570076j),(1.044375635+0.004129253j),(1.083513528+0.009841943j),(1.082125585+0.008964591j),(1.081220437+0.008759064j),(1.081234208+0.008762418j),(1.083788875+0.002830932j),(1.07571534+0.004585231j),(1.073099031+0.005279483j),(1.03053466+0.007500839j),(-0.039503007+4.1256e-05j),(-0.039500725+3.337e-05j),(-0.039836761+2.726e-05j),(-0.08972334-0.049966865j),"{'64': {'dP_mw': 0.0, 'dQ_mvar': 0.0}, '57': {'dP_mw': 0.0, 'dQ_mvar': 0.0}, '55': {'dP_mw': 0.0, 'dQ_mvar': 0.0}, '61': {'dP_mw': 0.0, 'dQ_mvar': 0.0}}",1.0837925722894368,0.0,0.0,Uncontrolled_baseline,3.05
62,1790959773.839476,37,(1.019531943+0.007187113j),(1.038281793+0.016246463j),(1.038285183+0.016247217j),(1.038480613+0.016237111j),(1.038487394+0.01623862j),(1.038623907+0.016231561j),(1.038758295+0.016319443j),(1.046495283+0.019848268j),(1.038366341+0.016057903j),(1.022857751+0.008942279j),(1.022199736+0.008505092j),(1.004013542+0.000260819j),(1.003755452+8.7992e-05j),(1.01001508+0.002849107j),(1.010286977+0.003025092j),(1.014705537+0.004974114j),(1.014977434+0.005150098j),(1.019395994+0.007099121j),(1.019531943+0.007187113j),(1.038281793+0.016246463j),(1.038281793+0.016246463j),(1.038484003+0.016237866j),(1.038627298+0.016232316j),(1.04662628+0.019935395j),(1.022596795+0.008767866j),(1.003616483-1.955e-06j),(1.003619504+0j),(1.010151028+0.002937099j),(1.014841485+0.005062106j),(1.038278402+0.016245708j),(1.019667891+0.007275105j),(1.003619504+0j),(1.003616483-1.955e-06j),(1.003616483-1.955e-06j),(1.022590653+0.008768475j),(1.023350194+0.008940716j),(1.039361808+0.01640878j),(1.038627298+0.016232316j),(1.038281793+0.016246463j),(1.047354866+0.020111062j),(1.046620275+0.019935927j),(1.010151028+0.002937099j),(1.010151028+0.002937099j),(1.019531943+0.007187113j),(1.014841485+0.005062106j),(1.038484003+0.016237866j),(1.02257092+0.008764186j),(1.022589118+0.008768627j),(1.025882434+0.01046536j),(1.023538544+0.008983928j),(1.048960384+0.021076809j),(1.047537012+0.020154979j),(1.046604588+0.019932441j),(1.046618773+0.01993606j),(1.042694482+0.017471529j),(1.039545435+0.016452896j),(1.038256847+0.016246823j),(1.020628081+0.007576092j),(-0.039503007+4.1256e-05j),(-0.039500725+3.337e-05j),(-0.039836761+2.726e-05j),(-0.03972334+3.3135e-05j),"{'64': {'dP_mw': 0.0, 'dQ_mvar': 0.0}, '57': {'dP_mw': 0.0, 'dQ_mvar': 0.0}, '55': {'dP_mw': 0.0, 'dQ_mvar': 0.0}, '61': {'dP_mw': 0.0, 'dQ_mvar': 0.0}}",1.049172111275862,0.0,0.0,Uncontrolled_baseline,3.1
63,1790959773.8917875,37,(1.019531943+0.007187113j),(1.038281793+0.016246463j),(1.038285183+0.016247217j),(1.038480613+0.016237111j),(1.038487394+0.01623862j),(1.038623907+0.016231561j),(1.038758295+0.016319443j),(1.046495283+0.019848268j),(1.038366341+0.016057903j),(1.022857751+0.008942279j),(1.022199736+0.008505092j),(1.004013542+0.000260819j),(1.003755452+8.7992e-05j),(1.01001508+0.002849107j),(1.010286977+0.003025092j),(1.014705537+0.004974114j),(1.014977434+0.005150098j),(1.019395994+0.007099121j),(1.019531943+0.007187113j),(1.038281793+0.016246463j),(1.038281793+0.016246463j),(1.038484003+0.016237866j),(1.038627298+0.016232316j),(1.04662628+0.019935395j),(1.022596795+0.008767866j),(1.003616483-1.955e-06j),(1.003619504+0j),(1.010151028+0.002937099j),(1.014841485+0.005062106j),(1.038278402+0.016245708j),(1.019667891+0.007275105j),(1.003619504+0j),(1.003616483-1.955e-06j),(1.003616483-1.955e-06j),(1.022590653+0.008768475j),(1.023350194+0.008940716j),(1.039361808+0.01640878j),(1.038627298+0.016232316j),(1.038281793+0.016246463j),(1.047354866+0.020111062j),(1.046620275+0.019935927j),(1.010151028+0.002937099j),(1.010151028+0.002937099j),(1.019531943+0.007187113j),(1.014841485+0.005062106j),(1.038484003+0.016237866j),(1.02257092+0.008764186j),(1.022589118+0.008768627j),(1.025882434+0.01046536j),(1.023538544+0.008983928j),(1.048960384+0.021076809j),(1.047537012+0.020154979j),(1.046604588+0.019932441j),(1.046618773+0.01993606j),(1.042694482+0.017471529j),(1.039545435+0.016452896j),(1.038256847+0.016246823j),(1.020628081+0.007576092j),(-0.039503007+4.1256e-05j),(-0.039500725+3.337e-05j),(-0.039836761+2.726e-05j),(-0.03972334+3.3135e-05j),"{'64': {'dP_mw': 0.0, 'dQ_mvar': 0.0}, '57': {'dP_mw': 0.0, 'dQ_mvar': 0.0}, '55': {'dP_mw': 0.0, 'dQ_mvar': 0.0}, '61': {'dP_mw': 0.0, 'dQ_mvar': 0.0}}",1.049172111275862,0.0,0.0,Uncontrolled_baseline,3.15
64,1790959773.940449,37,(1.019531943+0.007187113j),(1.038281793+0.016246463j),(1.038285183+0.016247217j),(1.038480613+0.016237111j),(1.038487394+0.01623862j),(1.038623907+0.016231561j),(1.038758295+0.016319443j),(1.046495283+0.019848268j),(1.038366341+0.016057903j),(1.022857751+0.008942279j),(1.022199736+0.008505092j),(1.004013542+0.000260819j),(1.003755452+8.7992e-05j),(1.01001508+0.002849107j),(1.010286977+0.003025092j),(1.014705537+0.004974114j),(1.014977434+0.005150098j),(1.019395994+0.007099121j),(1.019531943+0.007187113j),(1.038281793+0.016246463j),(1.038281793+0.016246463j),(1.038484003+0.016237866j),(1.038627298+0.016232316j),(1.04662628+0.019935395j),(1.022596795+0.008767866j),(1.003616483-1.955e-06j),(1.003619504+0j),(1.010151028+0.002937099j),(1.014841485+0.005062106j),(1.038278402+0.016245708j),(1.019667891+0.007275105j),(1.003619504+0j),(1.003616483-1.955e-06j),(1.003616483-1.955e-06j),(1.022590653+0.008768475j),(1.023350194+0.008940716j),(1.039361808+0.01640878j),(1.038627298+0.016232316j),(1.038281793+0.016246463j),(1.047354866+0.020111062j),(1.046620275+0.019935927j),(1.010151028+0.002937099j),(1.010151028+0.002937099j),(1.019531943+0.007187113j),(1.014841485+0.005062106j),(1.038484003+0.016237866j),(1.02257092+0.008764186j),(1.022589118+0.008768627j),(1.025882434+0.01046536j),(1.023538544+0.008983928j),(1.048960384+0.021076809j),(1.047537012+0.020154979j),(1.046604588+0.019932441j),(1.046618773+0.01993606j),(1.042694482+0.017471529j),(1.039545435+0.016452896j),(1.038256847+0.016246823j),(1.020628081+0.007576092j),(-0.039503007+4.1256e-05j),(-0.039500725+3.337e-05j),(-0.039836761+2.726e-05j),(-0.03972334+3.3135e-05j),"{'64': {'dP_mw': 0.0, 'dQ_mvar': 0.0}, '57': {'dP_mw': 0.0, 'dQ_mvar': 0.0}, '55': {'dP_mw': 0.0, 'dQ_mvar': 0.0}, '61': {'dP_mw': 0.0, 'dQ_mvar': 0.0}}",1.049172111275862,0.0,0.0,Uncontrolled_baseline,3.2
65,1790959773.99072,37,(1.019531943+0.007187113j),(1.038281793+0.016246463j),(1.038285183+0.016247217j),(1.038480613+0.016237111j),(1.038487394+0.01623862j),(1.038623907+0.016231561j),(1.038758295+0.016319443j),(1.046495283+0.019848268j),(1.038366341+0.016057903j),(1.022857751+0.008942279j),(1.022199736+0.008505092j),(1.004013542+0.000260819j),(1.003755452+8.7992e-05j),(1.01001508+0.002849107j),(1.010286977+0.003025092j),(1.014705537+0.004974114j),(1.014977434+0.005150098j),(1.019395994+0.007099121j),(1.019531943+0.007187113j),(1.038281793+0.016246463j),(1.038281793+0.016246463j),(1.038484003+0.016237866j),(1.038627298+0.016232316j),(1.04662628+0.019935395j),(1.022596795+0.008767866j),(1.003616483-1.955e-06j),(1.003619504+0j),(1.010151028+0.002937099j),(1.014841485+0.005062106j),(1.038278402+0.016245708j),(1.019667891+0.007275105j),(1.003619504+0j),(1.003616483-1.955e-06j),(1.003616483-1.955e-06j),(1.022590653+0.008768475j),(1.023350194+0.008940716j),(1.039361808+0.01640878j),(1.038627298+0.016232316j),(1.038281793+0.016246463j),(1.047354866+0.020111062j),(1.046620275+0.019935927j),(1.010151028+0.002937099j),(1.010151028+0.002937099j),(1.019531943+0.007187113j),(1.014841485+0.005062106j),(1.038484003+0.016237866j),(1.02257092+0.008764186j),(1.022589118+0.008768627j),(1.025882434+0.01046536j),(1.023538544+0.008983928j),(1.048960384+0.021076809j),(1.047537012+0.020154979j),(1.046604588+0.019932441j),(1.046618773+0.01993606j),(1.042694482+0.017471529j),(1.039545435+0.016452896j),(1.038256847+0.016246823j),(1.020628081+0.007576092j),(-0.039503007+4.1256e-05j),(-0.039500725+3.337e-05j),(-0.039836761+2.726e-05j),(-0.03972334+3.3135e-05j),"{'64': {'dP_mw': 0.0, 'dQ_mvar': 0.0}, '57': {'dP_mw': 0.0, 'dQ_mvar': 0.0}, '55': {'dP_mw': 0.0, 'dQ_mvar': 0.0}, '61': {'dP_mw': 0.0, 'dQ_mvar': 0.0}}",1.049172111275862,0.0,0.0,Uncontrolled_baseline,3.25
66,1790959774.0400198,37,(1.019531943+0.007187113j),(1.038281793+0.016246463j),(1.038285183+0.016247217j),(1.038480613+0.016237111j),(1.038487394+0.01623862j),(1.038623907+0.016231561j),(1.038758295+0.016319443j),(1.046495283+0.019848268j),(1.038366341+0.016057903j),(1.022857751+0.008942279j),(1.022199736+0.008505092j),(1.004013542+0.000260819j),(1.003755452+8.7992e-05j),(1.01001508+0.002849107j),(1.010286977+0.003025092j),(1.014705537+0.004974114j),(1.014977434+0.005150098j),(1.019395994+0.007099121j),(1.019531943+0.007187113j),(1.038281793+0.016246463j),(1.038281793+0.016246463j),(1.038484003+0.016237866j),(1.038627298+0.016232316j),(1.04662628+0.019935395j),(1.022596795+0.008767866j),(1.003616483-1.955e-06j),(1.003619504+0j),(1.010151028+0.002937099j),(1.014841485+0.005062106j),(1.038278402+0.016245708j),(1.019667891+0.007275105j),(1.003619504+0j),(1.003616483-1.955e-06j),(1.003616483-1.955e-06j),(1.022590653+0.008768475j),(1.023350194+0.008940716j),(1.039361808+0.01640878j),(1.038627298+0.016232316j),(1.038281793+0.016246463j),(1.047354866+0.020111062j),(1.046620275+0.019935927j),(1.010151028+0.002937099j),(1.010151028+0.002937099j),(1.019531943+0.007187113j),(1.014841485+0.005062106j),(1.038484003+0.016237866j),(1.02257092+0.008764186j),(1.022589118+0.008768627j),(1.025882434+0.01046536j),(1.023538544+0.008983928j),(1.048960384+0.021076809j),(1.047537012+0.020154979j),(1.046604588+0.019932441j),(1.046618773+0.01993606j),(1.042694482+0.017471529j),(1.039545435+0.016452896j),(1.038256847+0.016246823j),(1.020628081+0.007576092j),(-0.039503007+4.1256e-05j),(-0.039500725+3.337e-05j),(-0.039836761+2.726e-05j),(-0.03972334+3.3135e-05j),"{'64': {'dP_mw': 0.0, 'dQ_mvar': 0.0}, '57': {'dP_mw': 0.0, 'dQ_mvar': 0.0}, '55': {'dP_mw': 0.0, 'dQ_mvar': 0.0}, '61': {'dP_mw': 0.0, 'dQ_mvar': 0.0}}",1.049172111275862,0.0,0.0,Uncontrolled_baseline,3.3
67,1790959774.091452,37,(1.019531943+0.007187113j),(1.038281793+0.016246463j),(1.038285183+0.016247217j),(1.038480613+0.016237111j),(1.038487394+0.01623862j),(1.038623907+0.016231561j),(1.038758295+0.016319443j),(1.046495283+0.019848268j),(1.038366341+0.016057903j),(1.022857751+0.008942279j),(1.022199736+0.008505092j),(1.004013542+0.000260819j),(1.003755452+8.7992e-05j),(1.01001508+0.002849107j),(1.010286977+0.003025092j),(1.014705537+0.004974114j),(1.014977434+0.005150098j),(1.019395994+0.007099121j),(1.019531943+0.007187113j),(1.038281793+0.016246463j),(1.038281793+0.016246463j),(1.038484003+0.016237866j),(1.038627298+0.016232316j),(1.04662628+0.019935395j),(1.022596795+0.008767866j),(1.003616483-1.955e-06j),(1.003619504+0j),(1.010151028+0.002937099j),(1.014841485+0.005062106j),(1.038278402+0.016245708j),(1.019667891+0.007275105j),(1.003619504+0j),(1.003616483-1.955e-06j),(1.003616483-1.955e-06j),(1.022590653+0.008768475j),(1.023350194+0.008940716j),(1.039361808+0.01640878j),(1.038627298+0.016232316j),(1.038281793+0.016246463j),(1.047354866+0.020111062j),(1.046620275+0.019935927j),(1.010151028+0.002937099j),(1.010151028+0.002937099j),(1.019531943+0.007187113j),(1.014841485+0.005062106j),(1.038484003+0.016237866j),(1.02257092+0.008764186j),(1.022589118+0.008768627j),(1.025882434+0.01046536j),(1.023538544+0.008983928j),(1.048960384+0.021076809j),(1.047537012+0.020154979j),(1.046604588+0.019932441j),(1.046618773+0.01993606j),(1.042694482+0.017471529j),(1.039545435+0.016452896j),(1.038256847+0.016246823j),(1.020628081+0.007576092j),(-0.039503007+4.1256e-05j),(-0.039500725+3.337e-05j),(-0.039836761+2.726e-05j),(-0.03972334+3.3135e-05j),"{'64': {'dP_mw': 0.0, 'dQ_mvar': 0.0}, '57': {'dP_mw': 0.0, 'dQ_mvar': 0.0}, '55': {'dP_mw': 0.0, 'dQ_mvar': 0.0}, '61': {'dP_mw': 0.0, 'dQ_mvar': 0.0}}",1.049172111275862,0.0,0.0,Uncontrolled_baseline,3.35
68,1790959774.1425183,37,(1.019531943+0.007187113j),(1.038281793+0.016246463j),(1.038285183+0.016247217j),(1.038480613+0.016237111j),(1.038487394+0.01623862j),(1.038623907+0.016231561j),(1.038758295+0.016319443j),(1.046495283+0.019848268j),(1.038366341+0.016057903j),(1.022857751+0.008942279j),(1.022199736+0.008505092j),(1.004013542+0.000260819j),(1.003755452+8.7992e-05j),(1.01001508+0.002849107j),(1.010286977+0.003025092j),(1.014705537+0.004974114j),(1.014977434+0.005150098j),(1.019395994+0.007099121j),(1.019531943+0.007187113j),(1.038281793+0.016246463j),(1.038281793+0.016246463j),(1.038484003+0.016237866j),(1.038627298+0.016232316j),(1.04662628+0.019935395j),(1.022596795+0.008767866j),(1.003616483-1.955e-06j),(1.003619504+0j),(1.010151028+0.002937099j),(1.014841485+0.005062106j),(1.038278402+0.016245708j),(1.019667891+0.007275105j),(1.003619504+0j),(1.003616483-1.955e-06j),(1.003616483-1.955e-06j),(1.022590653+0.008768475j),(1.023350194+0.008940716j),(1.039361808+0.01640878j),(1.038627298+0.016232316j),(1.038281793+0.016246463j),(1.047354866+0.020111062j),(1.046620275+0.019935927j),(1.010151028+0.002937099j),(1.010151028+0.002937099j),(1.019531943+0.007187113j),(1.014841485+0.005062106j),(1.038484003+0.016237866j),(1.02257092+0.008764186j),(1.022589118+0.008768627j),(1.025882434+0.01046536j),(1.023538544+0.008983928j),(1.048960384+0.021076809j),(1.047537012+0.020154979j),(1.046604588+0.019932441j),(1.046618773+0.01993606j),(1.042694482+0.017471529j),(1.039545435+0.016452896j),(1.038256847+0.016246823j),(1.020628081+0.007576092j),(-0.039503007+4.1256e-05j),(-0.039500725+3.337e-05j),(-0.039836761+2.726e-05j),(-0.03972334+3.3135e-05j),"{'64': {'dP_mw': 0.0, 'dQ_mvar': 0.0}, '57': {'dP_mw': 0.0, 'dQ_mvar': 0.0}, '55': {'dP_mw': 0.0, 'dQ_mvar': 0.0}, '61': {'dP_mw': 0.0, 'dQ_mvar': 0.0}}",1.049172111275862,0.0,0.0,Uncontrolled_baseline,3.4
69,1790959774.1932685,38,(1.019531943+0.007187113j),(1.038281793+0.016246463j),(1.038285183+0.016247217j),(1.038480613+0.016237111j),(1.038487394+0.01623862j),(1.038623907+0.016231561j),(1.038758295+0.016319443j),(1.046495283+0.019848268j),(1.038366341+0.016057903j),(1.022857751+0.008942279j),(1.022199736+0.008505092j),(1.004013542+0.000260819j),(1.003755452+8.7992e-05j),(1.01001508+0.002849107j),(1.010286977+0.003025092j),(1.014705537+0.004974114j),(1.014977434+0.005150098j),(1.019395994+0.007099121j),(1.019531943+0.007187113j),(1.038281793+0.016246463j),(1.038281793+0.016246463j),(1.038484003+0.016237866j),(1.038627298+0.016232316j),(1.04662628+0.019935395j),(1.022596795+0.008767866j),(1.003616483-1.955e-06j),(1.003619504+0j),(1.010151028+0.002937099j),(1.014841485+0.005062106j),(1.038278402+0.016245708j),(1.019667891+0.007275105j),(1.003619504+0j),(1.003616483-1.955e-06j),(1.003616483-1.955e-06j),(1.022590653+0.008768475j),(1.023350194+0.008940716j),(1.039361808+0.01640878j),(1.038627298+0.016232316j),(1.038281793+0.016246463j),(1.047354866+0.020111062j),(1.046620275+0.019935927j),(1.010151028+0.002937099j),(1.010151028+0.002937099j),(1.019531943+0.007187113j),(1.014841485+0.005062106j),(1.038484003+0.016237866j),(1.02257092+0.008764186j),(1.022589118+0.008768627j),(1.025882434+0.01046536j),(1.023538544+0.008983928j),(1.048960384+0.021076809j),(1.047537012+0.020154979j),(1.046604588+0.019932441j),(1.046618773+0.01993606j),(1.042694482+0.017471529j),(1.039545435+0.016452896j),(1.038256847+0.016246823j),(1.020628081+0.007576092j),(-0.039503007+4.1256e-05j),(-0.039500725+3.337e-05j),(-0.039836761+2.726e-05j),(-0.03972334+3.3135e-05j),"{'64': {'dP_mw': 0.0, 'dQ_mvar': 0.0}, '57': {'dP_mw': 0.0, 'dQ_mvar': 0.0}, '55': {'dP_mw': 0.0, 'dQ_mvar': 0.0}, '61': {'dP_mw': 0.0, 'dQ_mvar': 0.0}}",1.049172111275862,0.0,0.0,Uncontrolled_baseline,3.45
70,1790959774.2425582,38,(1.019531943+0.007187113j),(1.038281793+0.016246463j),(1.038285183+0.016247217j),(1.038480613+0.016237111j),(1.038487394+0.01623862j),(1.038623907+0.016231561j),(1.038758295+0.016319443j),(1.046495283+0.019848268j),(1.038366341+0.016057903j),(1.022857751+0.008942279j),(1.022199736+0.008505092j),(1.004013542+0.000260819j),(1.003755452+8.7992e-05j),(1.01001508+0.002849107j),(1.010286977+0.003025092j),(1.014705537+0.004974114j),(1.014977434+0.005150098j),(1.019395994+0.007099121j),(1.019531943+0.007187113j),(1.038281793+0.016246463j),(1.038281793+0.016246463j),(1.038484003+0.016237866j),(1.038627298+0.016232316j),(1.04662628+0.019935395j),(1.022596795+0.008767866j),(1.003616483-1.955e-06j),(1.003619504+0j),(1.010151028+0.002937099j),(1.014841485+0.005062106j),(1.038278402+0.016245708j),(1.019667891+0.007275105j),(1.003619504+0j),(1.003616483-1.955e-06j),(1.003616483-1.955e-06j),(1.022590653+0.008768475j),(1.023350194+0.008940716j),(1.039361808+0.01640878j),(1.038627298+0.016232316j),(1.038281793+0.016246463j),(1.047354866+0.020111062j),(1.046620275+0.019935927j),(1.010151028+0.002937099j),(1.010151028+0.002937099j),(1.019531943+0.007187113j),(1.014841485+0.005062106j),(1.038484003+0.016237866j),(1.02257092+0.008764186j),(1.022589118+0.008768627j),(1.025882434+0.01046536j),(1.023538544+0.008983928j),(1.048960384+0.021076809j),(1.047537012+0.020154979j),(1.046604588+0.019932441j),(1.046618773+0.01993606j),(1.042694482+0.017471529j),(1.039545435+0.016452896j),(1.038256847+0.016246823j),(1.020628081+0.007576092j),(-0.039503007+4.1256e-05j),(-0.039500725+3.337e-05j),(-0.039836761+2.726e-05j),(-0.03972334+3.3135e-05j),"{'64': {'dP_mw': 0.0, 'dQ_mvar': 0.0}, '57': {'dP_mw': 0.0, 'dQ_mvar': 0.0}, '55': {'dP_mw': 0.0, 'dQ_mvar': 0.0}, '61': {'dP_mw': 0.0, 'dQ_mvar': 0.0}}",1.049172111275862,0.0,0.0,Uncontrolled_baseline,3.5
71,1790959774.292681,38,(1.019531943+0.007187113j),(1.038281793+0.016246463j),(1.038285183+0.016247217j),(1.038480613+0.016237111j),(1.038487394+0.01623862j),(1.038623907+0.016231561j),(1.038758295+0.016319443j),(1.046495283+0.019848268j),(1.038366341+0.016057903j),(1.022857751+0.008942279j),(1.022199736+0.008505092j),(1.004013542+0.000260819j),(1.003755452+8.7992e-05j),(1.01001508+0.002849107j),(1.010286977+0.003025092j),(1.014705537+0.004974114j),(1.014977434+0.005150098j),(1.019395994+0.007099121j),(1.019531943+0.007187113j),(1.038281793+0.016246463j),(1.038281793+0.016246463j),(1.038484003+0.016237866j),(1.038627298+0.016232316j),(1.04662628+0.019935395j),(1.022596795+0.008767866j),(1.003616483-1.955e-06j),(1.003619504+0j),(1.010151028+0.002937099j),(1.014841485+0.005062106j),(1.038278402+0.016245708j),(1.019667891+0.007275105j),(1.003619504+0j),(1.003616483-1.955e-06j),(1.003616483-1.955e-06j),(1.022590653+0.008768475j),(1.023350194+0.008940716j),(1.039361808+0.01640878j),(1.038627298+0.016232316j),(1.038281793+0.016246463j),(1.047354866+0.020111062j),(1.046620275+0.019935927j),(1.010151028+0.002937099j),(1.010151028+0.002937099j),(1.019531943+0.007187113j),(1.014841485+0.005062106j),(1.038484003+0.016237866j),(1.02257092+0.008764186j),(1.022589118+0.008768627j),(1.025882434+0.01046536j),(1.023538544+0.008983928j),(1.048960384+0.021076809j),(1.047537012+0.020154979j),(1.046604588+0.019932441j),(1.046618773+0.01993606j),(1.042694482+0.017471529j),(1.039545435+0.016452896j),(1.038256847+0.016246823j),(1.020628081+0.007576092j),(-0.039503007+4.1256e-05j),(-0.039500725+3.337e-05j),(-0.039836761+2.726e-05j),(-0.03972334+3.3135e-05j),"{'64': {'dP_mw': 0.0, 'dQ_mvar': 0.0}, '57': {'dP_mw': 0.0, 'dQ_mvar': 0.0}, '55': {'dP_mw': 0.0, 'dQ_mvar': 0.0}, '61': {'dP_mw': 0.0, 'dQ_mvar': 0.0}}",1.049172111275862,0.0,0.0,Uncontrolled_baseline,3.55
72,1790959774.3435397,38,(1.019531943+0.007187113j),(1.038281793+0.016246463j),(1.038285183+0.016247217j),(1.038480613+0.016237111j),(1.038487394+0.01623862j),(1.038623907+0.016231561j),(1.038758295+0.016319443j),(1.046495283+0.019848268j),(1.038366341+0.016057903j),(1.022857751+0.008942279j),(1.022199736+0.008505092j),(1.004013542+0.000260819j),(1.003755452+8.7992e-05j),(1.01001508+0.002849107j),(1.010286977+0.003025092j),(1.014705537+0.004974114j),(1.014977434+0.005150098j),(1.019395994+0.007099121j),(1.019531943+0.007187113j),(1.038281793+0.016246463j),(1.038281793+0.016246463j),(1.038484003+0.016237866j),(1.038627298+0.016232316j),(1.04662628+0.019935395j),(1.022596795+0.008767866j),(1.003616483-1.955e-06j),(1.003619504+0j),(1.010151028+0.002937099j),(1.014841485+0.005062106j),(1.038278402+0.016245708j),(1.019667891+0.007275105j),(1.003619504+0j),(1.003616483-1.955e-06j),(1.003616483-1.955e-06j),(1.022590653+0.008768475j),(1.023350194+0.008940716j),(1.039361808+0.01640878j),(1.038627298+0.016232316j),(1.038281793+0.016246463j),(1.047354866+0.020111062j),(1.046620275+0.019935927j),(1.010151028+0.002937099j),(1.010151028+0.002937099j),(1.019531943+0.007187113j),(1.014841485+0.005062106j),(1.038484003+0.016237866j),(1.02257092+0.008764186j),(1.022589118+0.008768627j),(1.025882434+0.01046536j),(1.023538544+0.008983928j),(1.048960384+0.021076809j),(1.047537012+0.020154979j),(1.046604588+0.019932441j),(1.046618773+0.01993606j),(1.042694482+0.017471529j),(1.039545435+0.016452896j),(1.038256847+0.016246823j),(1.020628081+0.007576092j),(-0.039503007+4.1256e-05j),(-0.039500725+3.337e-05j),(-0.039836761+2.726e-05j),(-0.03972334+3.3135e-05j),"{'64': {'dP_mw': 0.0, 'dQ_mvar': 0.0}, '57': {'dP_mw': 0.0, 'dQ_mvar': 0.0}, '55': {'dP_mw': 0.0, 'dQ_mvar': 0.0}, '61': {'dP_mw': 0.0, 'dQ_mvar': 0.0}}",1.049172111275862,0.0,0.0,Uncontrolled_baseline,3.6
73,1790959774.3949032,38,(1.019531943+0.007187113j),(1.038281793+0.016246463j),(1.038285183+0.016247217j),(1.038480613+0.016237111j),(1.038487394+0.01623862j),(1.038623907+0.016231561j),(1.038758295+0.016319443j),(1.046495283+0.019848268j),(1.038366341+0.016057903j),(1.022857751+0.008942279j),(1.022199736+0.008505092j),(1.004013542+0.000260819j),(1.003755452+8.7992e-05j),(1.01001508+0.002849107j),(1.010286977+0.003025092j),(1.014705537+0.004974114j),(1.014977434+0.005150098j),(1.019395994+0.007099121j),(1.019531943+0.007187113j),(1.038281793+0.016246463j),(1.038281793+0.016246463j),(1.038484003+0.016237866j),(1.038627298+0.016232316j),(1.04662628+0.019935395j),(1.022596795+0.008767866j),(1.003616483-1.955e-06j),(1.003619504+0j),(1.010151028+0.002937099j),(1.014841485+0.005062106j),(1.038278402+0.016245708j),(1.019667891+0.007275105j),(1.003619504+0j),(1.003616483-1.955e-06j),(1.003616483-1.955e-06j),(1.022590653+0.008768475j),(1.023350194+0.008940716j),(1.039361808+0.01640878j),(1.038627298+0.016232316j),(1.038281793+0.016246463j),(1.047354866+0.020111062j),(1.046620275+0.019935927j),(1.010151028+0.002937099j),(1.010151028+0.002937099j),(1.019531943+0.007187113j),(1.014841485+0.005062106j),(1.038484003+0.016237866j),(1.02257092+0.008764186j),(1.022589118+0.008768627j),(1.025882434+0.01046536j),(1.023538544+0.008983928j),(1.048960384+0.021076809j),(1.047537012+0.020154979j),(1.046604588+0.019932441j),(1.046618773+0.01993606j),(1.042694482+0.017471529j),(1.039545435+0.016452896j),(1.038256847+0.016246823j),(1.020628081+0.007576092j),(-0.039503007+4.1256e-05j),(-0.039500725+3.337e-05j),(-0.039836761+2.726e-05j),(-0.03972334+3.3135e-05j),"{'64': {'dP_mw': 0.0, 'dQ_mvar': 0.0}, '57': {'dP_mw': 0.0, 'dQ_mvar': 0.0}, '55': {'dP_mw': 0.0, 'dQ_mvar': 0.0}, '61': {'dP_mw': 0.0, 'dQ_mvar': 0.0}}",1.049172111275862,0.0,0.0,Uncontrolled_baseline,3.65
74,1790959774.4446933,38,(1.019531943+0.007187113j),(1.038281793+0.016246463j),(1.038285183+0.016247217j),(1.038480613+0.016237111j),(1.038487394+0.01623862j),(1.038623907+0.016231561j),(1.038758295+0.016319443j),(1.046495283+0.019848268j),(1.038366341+0.016057903j),(1.022857751+0.008942279j),(1.022199736+0.008505092j),(1.004013542+0.000260819j),(1.003755452+8.7992e-05j),(1.01001508+0.002849107j),(1.010286977+0.003025092j),(1.014705537+0.004974114j),(1.014977434+0.005150098j),(1.019395994+0.007099121j),(1.019531943+0.007187113j),(1.038281793+0.016246463j),(1.038281793+0.016246463j),(1.038484003+0.016237866j),(1.038627298+0.016232316j),(1.04662628+0.019935395j),(1.022596795+0.008767866j),(1.003616483-1.955e-06j),(1.003619504+0j),(1.010151028+0.002937099j),(1.014841485+0.005062106j),(1.038278402+0.016245708j),(1.019667891+0.007275105j),(1.003619504+0j),(1.003616483-1.955e-06j),(1.003616483-1.955e-06j),(1.022590653+0.008768475j),(1.023350194+0.008940716j),(1.039361808+0.01640878j),(1.038627298+0.016232316j),(1.038281793+0.016246463j),(1.047354866+0.020111062j),(1.046620275+0.019935927j),(1.010151028+0.002937099j),(1.010151028+0.002937099j),(1.019531943+0.007187113j),(1.014841485+0.005062106j),(1.038484003+0.016237866j),(1.02257092+0.008764186j),(1.022589118+0.008768627j),(1.025882434+0.01046536j),(1.023538544+0.008983928j),(1.048960384+0.021076809j),(1.047537012+0.020154979j),(1.046604588+0.019932441j),(1.046618773+0.01993606j),(1.042694482+0.017471529j),(1.039545435+0.016452896j),(1.038256847+0.016246823j),(1.020628081+0.007576092j),(-0.039503007+4.1256e-05j),(-0.039500725+3.337e-05j),(-0.039836761+2.726e-05j),(-0.03972334+3.3135e-05j),"{'64': {'dP_mw': 0.0, 'dQ_mvar': 0.0}, '57': {'dP_mw': 0.0, 'dQ_mvar': 0.0}, '55': {'dP_mw': 0.0, 'dQ_mvar': 0.0}, '61': {'dP_mw': 0.0, 'dQ_mvar': 0.0}}",1.049172111275862,0.0,0.0,Uncontrolled_baseline,3.7
75,1790959774.4941063,38,(1.019531943+0.007187113j),(1.038281793+0.016246463j),(1.038285183+0.016247217j),(1.038480613+0.016237111j),(1.038487394+0.01623862j),(1.038623907+0.016231561j),(1.038758295+0.016319443j),(1.046495283+0.019848268j),(1.038366341+0.016057903j),(1.022857751+0.008942279j),(1.022199736+0.008505092j),(1.004013542+0.000260819j),(1.003755452+8.7992e-05j),(1.01001508+0.002849107j),(1.010286977+0.003025092j),(1.014705537+0.004974114j),(1.014977434+0.005150098j),(1.019395994+0.007099121j),(1.019531943+0.007187113j),(1.038281793+0.016246463j),(1.038281793+0.016246463j),(1.038484003+0.016237866j),(1.038627298+0.016232316j),(1.04662628+0.019935395j),(1.022596795+0.008767866j),(1.003616483-1.955e-06j),(1.003619504+0j),(1.010151028+0.002937099j),(1.014841485+0.005062106j),(1.038278402+0.016245708j),(1.019667891+0.007275105j),(1.003619504+0j),(1.003616483-1.955e-06j),(1.003616483-1.955e-06j),(1.022590653+0.008768475j),(1.023350194+0.008940716j),(1.039361808+0.01640878j),(1.038627298+0.016232316j),(1.038281793+0.016246463j),(1.047354866+0.020111062j),(1.046620275+0.019935927j),(1.010151028+0.002937099j),(1.010151028+0.002937099j),(1.019531943+0.007187113j),(1.014841485+0.005062106j),(1.038484003+0.016237866j),(1.02257092+0.008764186j),(1.022589118+0.008768627j),(1.025882434+0.01046536j),(1.023538544+0.008983928j),(1.048960384+0.021076809j),(1.047537012+0.020154979j),(1.046604588+0.019932441j),(1.046618773+0.01993606j),(1.042694482+0.017471529j),(1.039545435+0.016452896j),(1.038256847+0.016246823j),(1.020628081+0.007576092j),(-0.039503007+4.1256e-05j),(-0.039500725+3.337e-05j),(-0.039836761+2.726e-05j),(-0.03972334+3.3135e-05j),"{'64': {'dP_mw': 0.0, 'dQ_mvar': 0.0}, '57': {'dP_mw': 0.0, 'dQ_mvar': 0.0}, '55': {'dP_mw': 0.0, 'dQ_mvar': 0.0}, '61': {'dP_mw': 0.0, 'dQ_mvar': 0.0}}",1.049172111275862,0.0,0.0,Uncontrolled_baseline,3.75
76,1790959774.54353,38,(1.019531943+0.007187113j),(1.038281793+0.016246463j),(1.038285183+0.016247217j),(1.038480613+0.016237111j),(1.038487394+0.01623862j),(1.038623907+0.016231561j),(1.038758295+0.016319443j),(1.046495283+0.019848268j),(1.038366341+0.016057903j),(1.022857751+0.008942279j),(1.022199736+0.008505092j),(1.004013542+0.000260819j),(1.003755452+8.7992e-05j),(1.01001508+0.002849107j),(1.010286977+0.003025092j),(1.014705537+0.004974114j),(1.014977434+0.005150098j),(1.019395994+0.007099121j),(1.019531943+0.007187113j),(1.038281793+0.016246463j),(1.038281793+0.016246463j),(1.038484003+0.016237866j),(1.038627298+0.016232316j),(1.04662628+0.019935395j),(1.022596795+0.008767866j),(1.003616483-1.955e-06j),(1.003619504+0j),(1.010151028+0.002937099j),(1.014841485+0.005062106j),(1.038278402+0.016245708j),(1.019667891+0.007275105j),(1.003619504+0j),(1.003616483-1.955e-06j),(1.003616483-1.955e-06j),(1.022590653+0.008768475j),(1.023350194+0.008940716j),(1.039361808+0.01640878j),(1.038627298+0.016232316j),(1.038281793+0.016246463j),(1.047354866+0.020111062j),(1.046620275+0.019935927j),(1.010151028+0.002937099j),(1.010151028+0.002937099j),(1.019531943+0.007187113j),(1.014841485+0.005062106j),(1.038484003+0.016237866j),(1.02257092+0.008764186j),(1.022589118+0.008768627j),(1.025882434+0.01046536j),(1.023538544+0.008983928j),(1.048960384+0.021076809j),(1.047537012+0.020154979j),(1.046604588+0.019932441j),(1.046618773+0.01993606j),(1.042694482+0.017471529j),(1.039545435+0.016452896j),(1.038256847+0.016246823j),(1.020628081+0.007576092j),(-0.039503007+4.1256e-05j),(-0.039500725+3.337e-05j),(-0.039836761+2.726e-05j),(-0.03972334+3.3135e-05j),"{'64': {'dP_mw': 0.0, 'dQ_mvar': 0.0}, '57': {'dP_mw': 0.0, 'dQ_mvar': 0.0}, '55': {'dP_mw': 0.0, 'dQ_mvar': 0.0}, '61': {'dP_mw': 0.0, 'dQ_mvar': 0.0}}",1.049172111275862,0.0,0.0,Uncontrolled_baseline,3.8
77,1790959774.594651,38,(1.019531943+0.007187113j),(1.038281793+0.016246463j),(1.038285183+0.016247217j),(1.038480613+0.016237111j),(1.038487394+0.01623862j),(1.038623907+0.016231561j),(1.038758295+0.016319443j),(1.046495283+0.019848268j),(1.038366341+0.016057903j),(1.022857751+0.008942279j),(1.022199736+0.008505092j),(1.004013542+0.000260819j),(1.003755452+8.7992e-05j),(1.01001508+0.002849107j),(1.010286977+0.003025092j),(1.014705537+0.004974114j),(1.014977434+0.005150098j),(1.019395994+0.007099121j),(1.019531943+0.007187113j),(1.038281793+0.016246463j),(1.038281793+0.016246463j),(1.038484003+0.016237866j),(1.038627298+0.016232316j),(1.04662628+0.019935395j),(1.022596795+0.008767866j),(1.003616483-1.955e-06j),(1.003619504+0j),(1.010151028+0.002937099j),(1.014841485+0.005062106j),(1.038278402+0.016245708j),(1.019667891+0.007275105j),(1.003619504+0j),(1.003616483-1.955e-06j),(1.003616483-1.955e-06j),(1.022590653+0.008768475j),(1.023350194+0.008940716j),(1.039361808+0.01640878j),(1.038627298+0.016232316j),(1.038281793+0.016246463j),(1.047354866+0.020111062j),(1.046620275+0.019935927j),(1.010151028+0.002937099j),(1.010151028+0.002937099j),(1.019531943+0.007187113j),(1.014841485+0.005062106j),(1.038484003+0.016237866j),(1.02257092+0.008764186j),(1.022589118+0.008768627j),(1.025882434+0.01046536j),(1.023538544+0.008983928j),(1.048960384+0.021076809j),(1.047537012+0.020154979j),(1.046604588+0.019932441j),(1.046618773+0.01993606j),(1.042694482+0.017471529j),(1.039545435+0.016452896j),(1.038256847+0.016246823j),(1.020628081+0.007576092j),(-0.039503007+4.1256e-05j),(-0.039500725+3.337e-05j),(-0.039836761+2.726e-05j),(-0.03972334+3.3135e-05j),"{'64': {'dP_mw': 0.0, 'dQ_mvar': 0.0}, '57': {'dP_mw': 0.0, 'dQ_mvar': 0.0}, '55': {'dP_mw': 0.0, 'dQ_mvar': 0.0}, '61': {'dP_mw': 0.0, 'dQ_mvar': 0.0}}",1.049172111275862,0.0,0.0,Uncontrolled_baseline,3.85
78,1790959774.6445417,38,(1.019531943+0.007187113j),(1.038281793+0.016246463j),(1.038285183+0.016247217j),(1.038480613+0.016237111j),(1.038487394+0.01623862j),(1.038623907+0.016231561j),(1.038758295+0.016319443j),(1.046495283+0.019848268j),(1.038366341+0.016057903j),(1.022857751+0.008942279j),(1.022199736+0.008505092j),(1.004013542+0.000260819j),(1.003755452+8.7992e-05j),(1.01001508+0.002849107j),(1.010286977+0.003025092j),(1.014705537+0.004974114j),(1.014977434+0.005150098j),(1.019395994+0.007099121j),(1.019531943+0.007187113j),(1.038281793+0.016246463j),(1.038281793+0.016246463j),(1.038484003+0.016237866j),(1.038627298+0.016232316j),(1.04662628+0.019935395j),(1.022596795+0.008767866j),(1.003616483-1.955e-06j),(1.003619504+0j),(1.010151028+0.002937099j),(1.014841485+0.005062106j),(1.038278402+0.016245708j),(1.019667891+0.007275105j),(1.003619504+0j),(1.003616483-1.955e-06j),(1.003616483-1.955e-06j),(1.022590653+0.008768475j),(1.023350194+0.008940716j),(1.039361808+0.01640878j),(1.038627298+0.016232316j),(1.038281793+0.016246463j),(1.047354866+0.020111062j),(1.046620275+0.019935927j),(1.010151028+0.002937099j),(1.010151028+0.002937099j),(1.019531943+0.007187113j),(1.014841485+0.005062106j),(1.038484003+0.016237866j),(1.02257092+0.008764186j),(1.022589118+0.008768627j),(1.025882434+0.01046536j),(1.023538544+0.008983928j),(1.048960384+0.021076809j),(1.047537012+0.020154979j),(1.046604588+0.019932441j),(1.046618773+0.01993606j),(1.042694482+0.017471529j),(1.039545435+0.016452896j),(1.038256847+0.016246823j),(1.020628081+0.007576092j),(-0.039503007+4.1256e-05j),(-0.039500725+3.337e-05j),(-0.039836761+2.726e-05j),(-0.03972334+3.3135e-05j),"{'64': {'dP_mw': 0.0, 'dQ_mvar': 0.0}, '57': {'dP_mw': 0.0, 'dQ_mvar': 0.0}, '55': {'dP_mw': 0.0, 'dQ_mvar': 0.0}, '61': {'dP_mw': 0.0, 'dQ_mvar': 0.0}}",1.049172111275862,0.0,0.0,Uncontrolled_baseline,3.9
79,1790959774.6958938,38,(1.019531943+0.007187113j),(1.038281793+0.016246463j),(1.038285183+0.016247217j),(1.038480613+0.016237111j),(1.038487394+0.01623862j),(1.038623907+0.016231561j),(1.038758295+0.016319443j),(1.046495283+0.019848268j),(1.038366341+0.016057903j),(1.022857751+0.008942279j),(1.022199736+0.008505092j),(1.004013542+0.000260819j),(1.003755452+8.7992e-05j),(1.01001508+0.002849107j),(1.010286977+0.003025092j),(1.014705537+0.004974114j),(1.014977434+0.005150098j),(1.019395994+0.007099121j),(1.019531943+0.007187113j),(1.038281793+0.016246463j),(1.038281793+0.016246463j),(1.038484003+0.016237866j),(1.038627298+0.016232316j),(1.04662628+0.019935395j),(1.022596795+0.008767866j),(1.003616483-1.955e-06j),(1.003619504+0j),(1.010151028+0.002937099j),(1.014841485+0.005062106j),(1.038278402+0.016245708j),(1.019667891+0.007275105j),(1.003619504+0j),(1.003616483-1.955e-06j),(1.003616483-1.955e-06j),(1.022590653+0.008768475j),(1.023350194+0.008940716j),(1.039361808+0.01640878j),(1.038627298+0.016232316j),(1.038281793+0.016246463j),(1.047354866+0.020111062j),(1.046620275+0.019935927j),(1.010151028+0.002937099j),(1.010151028+0.002937099j),(1.019531943+0.007187113j),(1.014841485+0.005062106j),(1.038484003+0.016237866j),(1.02257092+0.008764186j),(1.022589118+0.008768627j),(1.025882434+0.01046536j),(1.023538544+0.008983928j),(1.048960384+0.021076809j),(1.047537012+0.020154979j),(1.046604588+0.019932441j),(1.046618773+0.01993606j),(1.042694482+0.017471529j),(1.039545435+0.016452896j),(1.038256847+0.016246823j),(1.020628081+0.007576092j),(-0.039503007+4.1256e-05j),(-0.039500725+3.337e-05j),(-0.039836761+2.726e-05j),(-0.03972334+3.3135e-05j),"{'64': {'dP_mw': 0.0, 'dQ_mvar': 0.0}, '57': {'dP_mw': 0.0, 'dQ_mvar': 0.0}, '55': {'dP_mw': 0.0, 'dQ_mvar': 0.0}, '61': {'dP_mw': 0.0, 'dQ_mvar': 0.0}}",1.049172111275862,0.0,0.0,Uncontrolled_baseline,3.95
80,1790959774.7476344,38,(1.019531943+0.007187113j),(1.038281793+0.016246463j),(1.038285183+0.016247217j),(1.038480613+0.016237111j),(1.038487394+0.01623862j),(1.038623907+0.016231561j),(1.038758295+0.016319443j),(1.046495283+0.019848268j),(1.038366341+0.016057903j),(1.022857751+0.008942279j),(1.022199736+0.008505092j),(1.004013542+0.000260819j),(1.003755452+8.7992e-05j),(1.01001508+0.002849107j),(1.010286977+0.003025092j),(1.014705537+0.004974114j),(1.014977434+0.005150098j),(1.019395994+0.007099121j),(1.019531943+0.007187113j),(1.038281793+0.016246463j),(1.038281793+0.016246463j),(1.038484003+0.016237866j),(1.038627298+0.016232316j),(1.04662628+0.019935395j),(1.022596795+0.008767866j),(1.003616483-1.955e-06j),(1.003619504+0j),(1.010151028+0.002937099j),(1.014841485+0.005062106j),(1.038278402+0.016245708j),(1.019667891+0.007275105j),(1.003619504+0j),(1.003616483-1.955e-06j),(1.003616483-1.955e-06j),(1.022590653+0.008768475j),(1.023350194+0.008940716j),(1.039361808+0.01640878j),(1.038627298+0.016232316j),(1.038281793+0.016246463j),(1.047354866+0.020111062j),(1.046620275+0.019935927j),(1.010151028+0.002937099j),(1.010151028+0.002937099j),(1.019531943+0.007187113j),(1.014841485+0.005062106j),(1.038484003+0.016237866j),(1.02257092+0.008764186j),(1.022589118+0.008768627j),(1.025882434+0.01046536j),(1.023538544+0.008983928j),(1.048960384+0.021076809j),(1.047537012+0.020154979j),(1.046604588+0.019932441j),(1.046618773+0.01993606j),(1.042694482+0.017471529j),(1.039545435+0.016452896j),(1.038256847+0.016246823j),(1.020628081+0.007576092j),(-0.039503007+4.1256e-05j),(-0.039500725+3.337e-05j),(-0.039836761+2.726e-05j),(-0.03972334+3.3135e-05j),"{'64': {'dP_mw': 0.0, 'dQ_mvar': 0.0}, '57': {'dP_mw': 0.0, 'dQ_mvar': 0.0}, '55': {'dP_mw': 0.0, 'dQ_mvar': 0.0}, '61': {'dP_mw': 0.0, 'dQ_mvar': 0.0}}",1.049172111275862,0.0,0.0,Uncontrolled_baseline,4.0
81,1790959774.794869,38,(1.019531943+0.007187113j),(1.038281793+0.016246463j),(1.038285183+0.016247217j),(1.038480613+0.016237111j),(1.038487394+0.01623862j),(1.038623907+0.016231561j),(1.038758295+0.016319443j),(1.046495283+0.019848268j),(1.038366341+0.016057903j),(1.022857751+0.008942279j),(1.022199736+0.008505092j),(1.004013542+0.000260819j),(1.003755452+8.7992e-05j),(1.01001508+0.002849107j),(1.010286977+0.003025092j),(1.014705537+0.004974114j),(1.014977434+0.005150098j),(1.019395994+0.007099121j),(1.019531943+0.007187113j),(1.038281793+0.016246463j),(1.038281793+0.016246463j),(1.038484003+0.016237866j),(1.038627298+0.016232316j),(1.04662628+0.019935395j),(1.022596795+0.008767866j),(1.003616483-1.955e-06j),(1.003619504+0j),(1.010151028+0.002937099j),(1.014841485+0.005062106j),(1.038278402+0.016245708j),(1.019667891+0.007275105j),(1.003619504+0j),(1.003616483-1.955e-06j),(1.003616483-1.955e-06j),(1.022590653+0.008768475j),(1.023350194+0.008940716j),(1.039361808+0.01640878j),(1.038627298+0.016232316j),(1.038281793+0.016246463j),(1.047354866+0.020111062j),(1.046620275+0.019935927j),(1.010151028+0.002937099j),(1.010151028+0.002937099j),(1.019531943+0.007187113j),(1.014841485+0.005062106j),(1.038484003+0.016237866j),(1.02257092+0.008764186j),(1.022589118+0.008768627j),(1.025882434+0.01046536j),(1.023538544+0.008983928j),(1.048960384+0.021076809j),(1.047537012+0.020154979j),(1.046604588+0.019932441j),(1.046618773+0.01993606j),(1.042694482+0.017471529j),(1.039545435+0.016452896j),(1.038256847+0.016246823j),(1.020628081+0.007576092j),(-0.039503007+4.1256e-05j),(-0.039500725+3.337e-05j),(-0.039836761+2.726e-05j),(-0.03972334+3.3135e-05j),"{'64': {'dP_mw': 0.0, 'dQ_mvar': 0.0}, '57': {'dP_mw': 0.0, 'dQ_mvar': 0.0}, '55': {'dP_mw': 0.0, 'dQ_mvar': 0.0}, '61': {'dP_mw': 0.0, 'dQ_mvar': 0.0}}",1.049172111275862,0.0,0.0,Uncontrolled_baseline,4.05
82,1790959774.8473794,38,(1.019531943+0.007187113j),(1.038281793+0.016246463j),(1.038285183+0.016247217j),(1.038480613+0.016237111j),(1.038487394+0.01623862j),(1.038623907+0.016231561j),(1.038758295+0.016319443j),(1.046495283+0.019848268j),(1.038366341+0.016057903j),(1.022857751+0.008942279j),(1.022199736+0.008505092j),(1.004013542+0.000260819j),(1.003755452+8.7992e-05j),(1.01001508+0.002849107j),(1.010286977+0.003025092j),(1.014705537+0.004974114j),(1.014977434+0.005150098j),(1.019395994+0.007099121j),(1.019531943+0.007187113j),(1.038281793+0.016246463j),(1.038281793+0.016246463j),(1.038484003+0.016237866j),(1.038627298+0.016232316j),(1.04662628+0.019935395j),(1.022596795+0.008767866j),(1.003616483-1.955e-06j),(1.003619504+0j),(1.010151028+0.002937099j),(1.014841485+0.005062106j),(1.038278402+0.016245708j),(1.019667891+0.007275105j),(1.003619504+0j),(1.003616483-1.955e-06j),(1.003616483-1.955e-06j),(1.022590653+0.008768475j),(1.023350194+0.008940716j),(1.039361808+0.01640878j),(1.038627298+0.016232316j),(1.038281793+0.016246463j),(1.047354866+0.020111062j),(1.046620275+0.019935927j),(1.010151028+0.002937099j),(1.010151028+0.002937099j),(1.019531943+0.007187113j),(1.014841485+0.005062106j),(1.038484003+0.016237866j),(1.02257092+0.008764186j),(1.022589118+0.008768627j),(1.025882434+0.01046536j),(1.023538544+0.008983928j),(1.048960384+0.021076809j),(1.047537012+0.020154979j),(1.046604588+0.019932441j),(1.046618773+0.01993606j),(1.042694482+0.017471529j),(1.039545435+0.016452896j),(1.038256847+0.016246823j),(1.020628081+0.007576092j),(-0.039503007+4.1256e-05j),(-0.039500725+3.337e-05j),(-0.039836761+2.726e-05j),(-0.03972334+3.3135e-05j),"{'64': {'dP_mw': 0.0, 'dQ_mvar': 0.0}, '57': {'dP_mw': 0.0, 'dQ_mvar': 0.0}, '55': {'dP_mw': 0.0, 'dQ_mvar': 0.0}, '61': {'dP_mw': 0.0, 'dQ_mvar': 0.0}}",1.049172111275862,0.0,0.0,Uncontrolled_baseline,4.1
83,1790959774.8971999,38,(1.019531943+0.007187113j),(1.038281793+0.016246463j),(1.038285183+0.016247217j),(1.038480613+0.016237111j),(1.038487394+0.01623862j),(1.038623907+0.016231561j),(1.038758295+0.016319443j),(1.046495283+0.019848268j),(1.038366341+0.016057903j),(1.022857751+0.008942279j),(1.022199736+0.008505092j),(1.004013542+0.000260819j),(1.003755452+8.7992e-05j),(1.01001508+0.002849107j),(1.010286977+0.003025092j),(1.014705537+0.004974114j),(1.014977434+0.005150098j),(1.019395994+0.007099121j),(1.019531943+0.007187113j),(1.038281793+0.016246463j),(1.038281793+0.016246463j),(1.038484003+0.016237866j),(1.038627298+0.016232316j),(1.04662628+0.019935395j),(1.022596795+0.008767866j),(1.003616483-1.955e-06j),(1.003619504+0j),(1.010151028+0.002937099j),(1.014841485+0.005062106j),(1.038278402+0.016245708j),(1.019667891+0.007275105j),(1.003619504+0j),(1.003616483-1.955e-06j),(1.003616483-1.955e-06j),(1.022590653+0.008768475j),(1.023350194+0.008940716j),(1.039361808+0.01640878j),(1.038627298+0.016232316j),(1.038281793+0.016246463j),(1.047354866+0.020111062j),(1.046620275+0.019935927j),(1.010151028+0.002937099j),(1.010151028+0.002937099j),(1.019531943+0.007187113j),(1.014841485+0.005062106j),(1.038484003+0.016237866j),(1.02257092+0.008764186j),(1.022589118+0.008768627j),(1.025882434+0.01046536j),(1.023538544+0.008983928j),(1.048960384+0.021076809j),(1.047537012+0.020154979j),(1.046604588+0.019932441j),(1.046618773+0.01993606j),(1.042694482+0.017471529j),(1.039545435+0.016452896j),(1.038256847+0.016246823j),(1.020628081+0.007576092j),(-0.039503007+4.1256e-05j),(-0.039500725+3.337e-05j),(-0.039836761+2.726e-05j),(-0.03972334+3.3135e-05j),"{'64': {'dP_mw': 0.0, 'dQ_mvar': 0.0}, '57': {'dP_mw': 0.0, 'dQ_mvar': 0.0}, '55': {'dP_mw': 0.0, 'dQ_mvar': 0.0}, '61': {'dP_mw': 0.0, 'dQ_mvar': 0.0}}",1.049172111275862,0.0,0.0,Uncontrolled_baseline,4.15
84,1790959774.9479055,38,(1.019531943+0.007187113j),(1.038281793+0.016246463j),(1.038285183+0.016247217j),(1.038480613+0.016237111j),(1.038487394+0.01623862j),(1.038623907+0.016231561j),(1.038758295+0.016319443j),(1.046495283+0.019848268j),(1.038366341+0.016057903j),(1.022857751+0.008942279j),(1.022199736+0.008505092j),(1.004013542+0.000260819j),(1.003755452+8.7992e-05j),(1.01001508+0.002849107j),(1.010286977+0.003025092j),(1.014705537+0.004974114j),(1.014977434+0.005150098j),(1.019395994+0.007099121j),(1.019531943+0.007187113j),(1.038281793+0.016246463j),(1.038281793+0.016246463j),(1.038484003+0.016237866j),(1.038627298+0.016232316j),(1.04662628+0.019935395j),(1.022596795+0.008767866j),(1.003616483-1.955e-06j),(1.003619504+0j),(1.010151028+0.002937099j),(1.014841485+0.005062106j),(1.038278402+0.016245708j),(1.019667891+0.007275105j),(1.003619504+0j),(1.003616483-1.955e-06j),(1.003616483-1.955e-06j),(1.022590653+0.008768475j),(1.023350194+0.008940716j),(1.039361808+0.01640878j),(1.038627298+0.016232316j),(1.038281793+0.016246463j),(1.047354866+0.020111062j),(1.046620275+0.019935927j),(1.010151028+0.002937099j),(1.010151028+0.002937099j),(1.019531943+0.007187113j),(1.014841485+0.005062106j),(1.038484003+0.016237866j),(1.02257092+0.008764186j),(1.022589118+0.008768627j),(1.025882434+0.01046536j),(1.023538544+0.008983928j),(1.048960384+0.021076809j),(1.047537012+0.020154979j),(1.046604588+0.019932441j),(1.046618773+0.01993606j),(1.042694482+0.017471529j),(1.039545435+0.016452896j),(1.038256847+0.016246823j),(1.020628081+0.007576092j),(-0.039503007+4.1256e-05j),(-0.039500725+3.337e-05j),(-0.039836761+2.726e-05j),(-0.03972334+3.3135e-05j),"{'64': {'dP_mw': 0.0, 'dQ_mvar': 0.0}, '57': {'dP_mw': 0.0, 'dQ_mvar': 0.0}, '55': {'dP_mw': 0.0, 'dQ_mvar': 0.0}, '61': {'dP_mw': 0.0, 'dQ_mvar': 0.0}}",1.049172111275862,0.0,0.0,Uncontrolled_baseline,4.2
85,1790959774.99977,38,(1.019531943+0.007187113j),(1.038281793+0.016246463j),(1.038285183+0.016247217j),(1.038480613+0.016237111j),(1.038487394+0.01623862j),(1.038623907+0.016231561j),(1.038758295+0.016319443j),(1.046495283+0.019848268j),(1.038366341+0.016057903j),(1.022857751+0.008942279j),(1.022199736+0.008505092j),(1.004013542+0.000260819j),(1.003755452+8.7992e-05j),(1.01001508+0.002849107j),(1.010286977+0.003025092j),(1.014705537+0.004974114j),(1.014977434+0.005150098j),(1.019395994+0.007099121j),(1.019531943+0.007187113j),(1.038281793+0.016246463j),(1.038281793+0.016246463j),(1.038484003+0.016237866j),(1.038627298+0.016232316j),(1.04662628+0.019935395j),(1.022596795+0.008767866j),(1.003616483-1.955e-06j),(1.003619504+0j),(1.010151028+0.002937099j),(1.014841485+0.005062106j),(1.038278402+0.016245708j),(1.019667891+0.007275105j),(1.003619504+0j),(1.003616483-1.955e-06j),(1.003616483-1.955e-06j),(1.022590653+0.008768475j),(1.023350194+0.008940716j),(1.039361808+0.01640878j),(1.038627298+0.016232316j),(1.038281793+0.016246463j),(1.047354866+0.020111062j),(1.046620275+0.019935927j),(1.010151028+0.002937099j),(1.010151028+0.002937099j),(1.019531943+0.007187113j),(1.014841485+0.005062106j),(1.038484003+0.016237866j),(1.02257092+0.008764186j),(1.022589118+0.008768627j),(1.025882434+0.01046536j),(1.023538544+0.008983928j),(1.048960384+0.021076809j),(1.047537012+0.020154979j),(1.046604588+0.019932441j),(1.046618773+0.01993606j),(1.042694482+0.017471529j),(1.039545435+0.016452896j),(1.038256847+0.016246823j),(1.020628081+0.007576092j),(-0.039503007+4.1256e-05j),(-0.039500725+3.337e-05j),(-0.039836761+2.726e-05j),(-0.03972334+3.3135e-05j),"{'64': {'dP_mw': 0.0, 'dQ_mvar': 0.0}, '57': {'dP_mw': 0.0, 'dQ_mvar': 0.0}, '55': {'dP_mw': 0.0, 'dQ_mvar': 0.0}, '61': {'dP_mw': 0.0, 'dQ_mvar': 0.0}}",1.049172111275862,0.0,0.0,Uncontrolled_baseline,4.25
86,1790959775.0446608,38,(1.019531943+0.007187113j),(1.038281793+0.016246463j),(1.038285183+0.016247217j),(1.038480613+0.016237111j),(1.038487394+0.01623862j),(1.038623907+0.016231561j),(1.038758295+0.016319443j),(1.046495283+0.019848268j),(1.038366341+0.016057903j),(1.022857751+0.008942279j),(1.022199736+0.008505092j),(1.004013542+0.000260819j),(1.003755452+8.7992e-05j),(1.01001508+0.002849107j),(1.010286977+0.003025092j),(1.014705537+0.004974114j),(1.014977434+0.005150098j),(1.019395994+0.007099121j),(1.019531943+0.007187113j),(1.038281793+0.016246463j),(1.038281793+0.016246463j),(1.038484003+0.016237866j),(1.038627298+0.016232316j),(1.04662628+0.019935395j),(1.022596795+0.008767866j),(1.003616483-1.955e-06j),(1.003619504+0j),(1.010151028+0.002937099j),(1.014841485+0.005062106j),(1.038278402+0.016245708j),(1.019667891+0.007275105j),(1.003619504+0j),(1.003616483-1.955e-06j),(1.003616483-1.955e-06j),(1.022590653+0.008768475j),(1.023350194+0.008940716j),(1.039361808+0.01640878j),(1.038627298+0.016232316j),(1.038281793+0.016246463j),(1.047354866+0.020111062j),(1.046620275+0.019935927j),(1.010151028+0.002937099j),(1.010151028+0.002937099j),(1.019531943+0.007187113j),(1.014841485+0.005062106j),(1.038484003+0.016237866j),(1.02257092+0.008764186j),(1.022589118+0.008768627j),(1.025882434+0.01046536j),(1.023538544+0.008983928j),(1.048960384+0.021076809j),(1.047537012+0.020154979j),(1.046604588+0.019932441j),(1.046618773+0.01993606j),(1.042694482+0.017471529j),(1.039545435+0.016452896j),(1.038256847+0.016246823j),(1.020628081+0.007576092j),(-0.039503007+4.1256e-05j),(-0.039500725+3.337e-05j),(-0.039836761+2.726e-05j),(-0.03972334+3.3135e-05j),"{'64': {'dP_mw': 0.0, 'dQ_mvar': 0.0}, '57': {'dP_mw': 0.0, 'dQ_mvar': 0.0}, '55': {'dP_mw': 0.0, 'dQ_mvar': 0.0}, '61': {'dP_mw': 0.0, 'dQ_mvar': 0.0}}",1.049172111275862,0.0,0.0,Uncontrolled_baseline,4.3
87,1790959775.0968034,38,(1.019531943+0.007187113j),(1.038281793+0.016246463j),(1.038285183+0.016247217j),(1.038480613+0.016237111j),(1.038487394+0.01623862j),(1.038623907+0.016231561j),(1.038758295+0.016319443j),(1.046495283+0.019848268j),(1.038366341+0.016057903j),(1.022857751+0.008942279j),(1.022199736+0.008505092j),(1.004013542+0.000260819j),(1.003755452+8.7992e-05j),(1.01001508+0.002849107j),(1.010286977+0.003025092j),(1.014705537+0.004974114j),(1.014977434+0.005150098j),(1.019395994+0.007099121j),(1.019531943+0.007187113j),(1.038281793+0.016246463j),(1.038281793+0.016246463j),(1.038484003+0.016237866j),(1.038627298+0.016232316j),(1.04662628+0.019935395j),(1.022596795+0.008767866j),(1.003616483-1.955e-06j),(1.003619504+0j),(1.010151028+0.002937099j),(1.014841485+0.005062106j),(1.038278402+0.016245708j),(1.019667891+0.007275105j),(1.003619504+0j),(1.003616483-1.955e-06j),(1.003616483-1.955e-06j),(1.022590653+0.008768475j),(1.023350194+0.008940716j),(1.039361808+0.01640878j),(1.038627298+0.016232316j),(1.038281793+0.016246463j),(1.047354866+0.020111062j),(1.046620275+0.019935927j),(1.010151028+0.002937099j),(1.010151028+0.002937099j),(1.019531943+0.007187113j),(1.014841485+0.005062106j),(1.038484003+0.016237866j),(1.02257092+0.008764186j),(1.022589118+0.008768627j),(1.025882434+0.01046536j),(1.023538544+0.008983928j),(1.048960384+0.021076809j),(1.047537012+0.020154979j),(1.046604588+0.019932441j),(1.046618773+0.01993606j),(1.042694482+0.017471529j),(1.039545435+0.016452896j),(1.038256847+0.016246823j),(1.020628081+0.007576092j),(-0.039503007+4.1256e-05j),(-0.039500725+3.337e-05j),(-0.039836761+2.726e-05j),(-0.03972334+3.3135e-05j),"{'64': {'dP_mw': 0.0, 'dQ_mvar': 0.0}, '57': {'dP_mw': 0.0, 'dQ_mvar': 0.0}, '55': {'dP_mw': 0.0, 'dQ_mvar': 0.0}, '61': {'dP_mw': 0.0, 'dQ_mvar': 0.0}}",1.049172111275862,0.0,0.0,Uncontrolled_baseline,4.35
88,1790959775.1471066,38,(1.019531943+0.007187113j),(1.038281793+0.016246463j),(1.038285183+0.016247217j),(1.038480613+0.016237111j),(1.038487394+0.01623862j),(1.038623907+0.016231561j),(1.038758295+0.016319443j),(1.046495283+0.019848268j),(1.038366341+0.016057903j),(1.022857751+0.008942279j),(1.022199736+0.008505092j),(1.004013542+0.000260819j),(1.003755452+8.7992e-05j),(1.01001508+0.002849107j),(1.010286977+0.003025092j),(1.014705537+0.004974114j),(1.014977434+0.005150098j),(1.019395994+0.007099121j),(1.019531943+0.007187113j),(1.038281793+0.016246463j),(1.038281793+0.016246463j),(1.038484003+0.016237866j),(1.038627298+0.016232316j),(1.04662628+0.019935395j),(1.022596795+0.008767866j),(1.003616483-1.955e-06j),(1.003619504+0j),(1.010151028+0.002937099j),(1.014841485+0.005062106j),(1.038278402+0.016245708j),(1.019667891+0.007275105j),(1.003619504+0j),(1.003616483-1.955e-06j),(1.003616483-1.955e-06j),(1.022590653+0.008768475j),(1.023350194+0.008940716j),(1.039361808+0.01640878j),(1.038627298+0.016232316j),(1.038281793+0.016246463j),(1.047354866+0.020111062j),(1.046620275+0.019935927j),(1.010151028+0.002937099j),(1.010151028+0.002937099j),(1.019531943+0.007187113j),(1.014841485+0.005062106j),(1.038484003+0.016237866j),(1.02257092+0.008764186j),(1.022589118+0.008768627j),(1.025882434+0.01046536j),(1.023538544+0.008983928j),(1.048960384+0.021076809j),(1.047537012+0.020154979j),(1.046604588+0.019932441j),(1.046618773+0.01993606j),(1.042694482+0.017471529j),(1.039545435+0.016452896j),(1.038256847+0.016246823j),(1.020628081+0.007576092j),(-0.039503007+4.1256e-05j),(-0.039500725+3.337e-05j),(-0.039836761+2.726e-05j),(-0.03972334+3.3135e-05j),"{'64': {'dP_mw': 0.0, 'dQ_mvar': 0.0}, '57': {'dP_mw': 0.0, 'dQ_mvar': 0.0}, '55': {'dP_mw': 0.0, 'dQ_mvar': 0.0}, '61': {'dP_mw': 0.0, 'dQ_mvar': 0.0}}",1.049172111275862,0.0,0.0,Uncontrolled_baseline,4.4
89,1790959775.1977236,39,(1.019531943+0.007187113j),(1.038281793+0.016246463j),(1.038285183+0.016247217j),(1.038480613+0.016237111j),(1.038487394+0.01623862j),(1.038623907+0.016231561j),(1.038758295+0.016319443j),(1.046495283+0.019848268j),(1.038366341+0.016057903j),(1.022857751+0.008942279j),(1.022199736+0.008505092j),(1.004013542+0.000260819j),(1.003755452+8.7992e-05j),(1.01001508+0.002849107j),(1.010286977+0.003025092j),(1.014705537+0.004974114j),(1.014977434+0.005150098j),(1.019395994+0.007099121j),(1.019531943+0.007187113j),(1.038281793+0.016246463j),(1.038281793+0.016246463j),(1.038484003+0.016237866j),(1.038627298+0.016232316j),(1.04662628+0.019935395j),(1.022596795+0.008767866j),(1.003616483-1.955e-06j),(1.003619504+0j),(1.010151028+0.002937099j),(1.014841485+0.005062106j),(1.038278402+0.016245708j),(1.019667891+0.007275105j),(1.003619504+0j),(1.003616483-1.955e-06j),(1.003616483-1.955e-06j),(1.022590653+0.008768475j),(1.023350194+0.008940716j),(1.039361808+0.01640878j),(1.038627298+0.016232316j),(1.038281793+0.016246463j),(1.047354866+0.020111062j),(1.046620275+0.019935927j),(1.010151028+0.002937099j),(1.010151028+0.002937099j),(1.019531943+0.007187113j),(1.014841485+0.005062106j),(1.038484003+0.016237866j),(1.02257092+0.008764186j),(1.022589118+0.008768627j),(1.025882434+0.01046536j),(1.023538544+0.008983928j),(1.048960384+0.021076809j),(1.047537012+0.020154979j),(1.046604588+0.019932441j),(1.046618773+0.01993606j),(1.042694482+0.017471529j),(1.039545435+0.016452896j),(1.038256847+0.016246823j),(1.020628081+0.007576092j),(-0.039503007+4.1256e-05j),(-0.039500725+3.337e-05j),(-0.039836761+2.726e-05j),(-0.03972334+3.3135e-05j),"{'64': {'dP_mw': 0.0, 'dQ_mvar': 0.0}, '57': {'dP_mw': 0.0, 'dQ_mvar': 0.0}, '55': {'dP_mw': 0.0, 'dQ_mvar': 0.0}, '61': {'dP_mw': 0.0, 'dQ_mvar': 0.0}}",1.049172111275862,0.0,0.0,Uncontrolled_baseline,4.45
90,1790959775.2468598,39,(1.019531943+0.007187113j),(1.038281793+0.016246463j),(1.038285183+0.016247217j),(1.038480613+0.016237111j),(1.038487394+0.01623862j),(1.038623907+0.016231561j),(1.038758295+0.016319443j),(1.046495283+0.019848268j),(1.038366341+0.016057903j),(1.022857751+0.008942279j),(1.022199736+0.008505092j),(1.004013542+0.000260819j),(1.003755452+8.7992e-05j),(1.01001508+0.002849107j),(1.010286977+0.003025092j),(1.014705537+0.004974114j),(1.014977434+0.005150098j),(1.019395994+0.007099121j),(1.019531943+0.007187113j),(1.038281793+0.016246463j),(1.038281793+0.016246463j),(1.038484003+0.016237866j),(1.038627298+0.016232316j),(1.04662628+0.019935395j),(1.022596795+0.008767866j),(1.003616483-1.955e-06j),(1.003619504+0j),(1.010151028+0.002937099j),(1.014841485+0.005062106j),(1.038278402+0.016245708j),(1.019667891+0.007275105j),(1.003619504+0j),(1.003616483-1.955e-06j),(1.003616483-1.955e-06j),(1.022590653+0.008768475j),(1.023350194+0.008940716j),(1.039361808+0.01640878j),(1.038627298+0.016232316j),(1.038281793+0.016246463j),(1.047354866+0.020111062j),(1.046620275+0.019935927j),(1.010151028+0.002937099j),(1.010151028+0.002937099j),(1.019531943+0.007187113j),(1.014841485+0.005062106j),(1.038484003+0.016237866j),(1.02257092+0.008764186j),(1.022589118+0.008768627j),(1.025882434+0.01046536j),(1.023538544+0.008983928j),(1.048960384+0.021076809j),(1.047537012+0.020154979j),(1.046604588+0.019932441j),(1.046618773+0.01993606j),(1.042694482+0.017471529j),(1.039545435+0.016452896j),(1.038256847+0.016246823j),(1.020628081+0.007576092j),(-0.039503007+4.1256e-05j),(-0.039500725+3.337e-05j),(-0.039836761+2.726e-05j),(-0.03972334+3.3135e-05j),"{'64': {'dP_mw': 0.0, 'dQ_mvar': 0.0}, '57': {'dP_mw': 0.0, 'dQ_mvar': 0.0}, '55': {'dP_mw': 0.0, 'dQ_mvar': 0.0}, '61': {'dP_mw': 0.0, 'dQ_mvar': 0.0}}",1.049172111275862,0.0,0.0,Uncontrolled_baseline,4.5
91,1790959775.299524,39,(1.019531943+0.007187113j),(1.038281793+0.016246463j),(1.038285183+0.016247217j),(1.038480613+0.016237111j),(1.038487394+0.01623862j),(1.038623907+0.016231561j),(1.038758295+0.016319443j),(1.046495283+0.019848268j),(1.038366341+0.016057903j),(1.022857751+0.008942279j),(1.022199736+0.008505092j),(1.004013542+0.000260819j),(1.003755452+8.7992e-05j),(1.01001508+0.002849107j),(1.010286977+0.003025092j),(1.014705537+0.004974114j),(1.014977434+0.005150098j),(1.019395994+0.007099121j),(1.019531943+0.007187113j),(1.038281793+0.016246463j),(1.038281793+0.016246463j),(1.038484003+0.016237866j),(1.038627298+0.016232316j),(1.04662628+0.019935395j),(1.022596795+0.008767866j),(1.003616483-1.955e-06j),(1.003619504+0j),(1.010151028+0.002937099j),(1.014841485+0.005062106j),(1.038278402+0.016245708j),(1.019667891+0.007275105j),(1.003619504+0j),(1.003616483-1.955e-06j),(1.003616483-1.955e-06j),(1.022590653+0.008768475j),(1.023350194+0.008940716j),(1.039361808+0.01640878j),(1.038627298+0.016232316j),(1.038281793+0.016246463j),(1.047354866+0.020111062j),(1.046620275+0.019935927j),(1.010151028+0.002937099j),(1.010151028+0.002937099j),(1.019531943+0.007187113j),(1.014841485+0.005062106j),(1.038484003+0.016237866j),(1.02257092+0.008764186j),(1.022589118+0.008768627j),(1.025882434+0.01046536j),(1.023538544+0.008983928j),(1.048960384+0.021076809j),(1.047537012+0.020154979j),(1.046604588+0.019932441j),(1.046618773+0.01993606j),(1.042694482+0.017471529j),(1.039545435+0.016452896j),(1.038256847+0.016246823j),(1.020628081+0.007576092j),(-0.039503007+4.1256e-05j),(-0.039500725+3.337e-05j),(-0.039836761+2.726e-05j),(-0.03972334+3.3135e-05j),"{'64': {'dP_mw': 0.0, 'dQ_mvar': 0.0}, '57': {'dP_mw': 0.0, 'dQ_mvar': 0.0}, '55': {'dP_mw': 0.0, 'dQ_mvar': 0.0}, '61': {'dP_mw': 0.0, 'dQ_mvar': 0.0}}",1.049172111275862,0.0,0.0,Uncontrolled_baseline,4.55
92,1790959775.3483725,39,(1.019531943+0.007187113j),(1.038281793+0.016246463j),(1.038285183+0.016247217j),(1.038480613+0.016237111j),(1.038487394+0.01623862j),(1.038623907+0.016231561j),(1.038758295+0.016319443j),(1.046495283+0.019848268j),(1.038366341+0.016057903j),(1.022857751+0.008942279j),(1.022199736+0.008505092j),(1.004013542+0.000260819j),(1.003755452+8.7992e-05j),(1.01001508+0.002849107j),(1.010286977+0.003025092j),(1.014705537+0.004974114j),(1.014977434+0.005150098j),(1.019395994+0.007099121j),(1.019531943+0.007187113j),(1.038281793+0.016246463j),(1.038281793+0.016246463j),(1.038484003+0.016237866j),(1.038627298+0.016232316j),(1.04662628+0.019935395j),(1.022596795+0.008767866j),(1.003616483-1.955e-06j),(1.003619504+0j),(1.010151028+0.002937099j),(1.014841485+0.005062106j),(1.038278402+0.016245708j),(1.019667891+0.007275105j),(1.003619504+0j),(1.003616483-1.955e-06j),(1.003616483-1.955e-06j),(1.022590653+0.008768475j),(1.023350194+0.008940716j),(1.039361808+0.01640878j),(1.038627298+0.016232316j),(1.038281793+0.016246463j),(1.047354866+0.020111062j),(1.046620275+0.019935927j),(1.010151028+0.002937099j),(1.010151028+0.002937099j),(1.019531943+0.007187113j),(1.014841485+0.005062106j),(1.038484003+0.016237866j),(1.02257092+0.008764186j),(1.022589118+0.008768627j),(1.025882434+0.01046536j),(1.023538544+0.008983928j),(1.048960384+0.021076809j),(1.047537012+0.020154979j),(1.046604588+0.019932441j),(1.046618773+0.01993606j),(1.042694482+0.017471529j),(1.039545435+0.016452896j),(1.038256847+0.016246823j),(1.020628081+0.007576092j),(-0.039503007+4.1256e-05j),(-0.039500725+3.337e-05j),(-0.039836761+2.726e-05j),(-0.03972334+3.3135e-05j),"{'64': {'dP_mw': 0.0, 'dQ_mvar': 0.0}, '57': {'dP_mw': 0.0, 'dQ_mvar': 0.0}, '55': {'dP_mw': 0.0, 'dQ_mvar': 0.0}, '61': {'dP_mw': 0.0, 'dQ_mvar': 0.0}}",1.049172111275862,0.0,0.0,Uncontrolled_baseline,4.6
93,1790959775.4002633,39,(1.019531943+0.007187113j),(1.038281793+0.016246463j),(1.038285183+0.016247217j),(1.038480613+0.016237111j),(1.038487394+0.01623862j),(1.038623907+0.016231561j),(1.038758295+0.016319443j),(1.046495283+0.019848268j),(1.038366341+0.016057903j),(1.022857751+0.008942279j),(1.022199736+0.008505092j),(1.004013542+0.000260819j),(1.003755452+8.7992e-05j),(1.01001508+0.002849107j),(1.010286977+0.003025092j),(1.014705537+0.004974114j),(1.014977434+0.005150098j),(1.019395994+0.007099121j),(1.019531943+0.007187113j),(1.038281793+0.016246463j),(1.038281793+0.016246463j),(1.038484003+0.016237866j),(1.038627298+0.016232316j),(1.04662628+0.019935395j),(1.022596795+0.008767866j),(1.003616483-1.955e-06j),(1.003619504+0j),(1.010151028+0.002937099j),(1.014841485+0.005062106j),(1.038278402+0.016245708j),(1.019667891+0.007275105j),(1.003619504+0j),(1.003616483-1.955e-06j),(1.003616483-1.955e-06j),(1.022590653+0.008768475j),(1.023350194+0.008940716j),(1.039361808+0.01640878j),(1.038627298+0.016232316j),(1.038281793+0.016246463j),(1.047354866+0.020111062j),(1.046620275+0.019935927j),(1.010151028+0.002937099j),(1.010151028+0.002937099j),(1.019531943+0.007187113j),(1.014841485+0.005062106j),(1.038484003+0.016237866j),(1.02257092+0.008764186j),(1.022589118+0.008768627j),(1.025882434+0.01046536j),(1.023538544+0.008983928j),(1.048960384+0.021076809j),(1.047537012+0.020154979j),(1.046604588+0.019932441j),(1.046618773+0.01993606j),(1.042694482+0.017471529j),(1.039545435+0.016452896j),(1.038256847+0.016246823j),(1.020628081+0.007576092j),(-0.039503007+4.1256e-05j),(-0.039500725+3.337e-05j),(-0.039836761+2.726e-05j),(-0.03972334+3.3135e-05j),"{'64': {'dP_mw': 0.0, 'dQ_mvar': 0.0}, '57': {'dP_mw': 0.0, 'dQ_mvar': 0.0}, '55': {'dP_mw': 0.0, 'dQ_mvar': 0.0}, '61': {'dP_mw': 0.0, 'dQ_mvar': 0.0}}",1.049172111275862,0.0,0.0,Uncontrolled_baseline,4.65
94,1790959775.449819,39,(1.019531943+0.007187113j),(1.038281793+0.016246463j),(1.038285183+0.016247217j),(1.038480613+0.016237111j),(1.038487394+0.01623862j),(1.038623907+0.016231561j),(1.038758295+0.016319443j),(1.046495283+0.019848268j),(1.038366341+0.016057903j),(1.022857751+0.008942279j),(1.022199736+0.008505092j),(1.004013542+0.000260819j),(1.003755452+8.7992e-05j),(1.01001508+0.002849107j),(1.010286977+0.003025092j),(1.014705537+0.004974114j),(1.014977434+0.005150098j),(1.019395994+0.007099121j),(1.019531943+0.007187113j),(1.038281793+0.016246463j),(1.038281793+0.016246463j),(1.038484003+0.016237866j),(1.038627298+0.016232316j),(1.04662628+0.019935395j),(1.022596795+0.008767866j),(1.003616483-1.955e-06j),(1.003619504+0j),(1.010151028+0.002937099j),(1.014841485+0.005062106j),(1.038278402+0.016245708j),(1.019667891+0.007275105j),(1.003619504+0j),(1.003616483-1.955e-06j),(1.003616483-1.955e-06j),(1.022590653+0.008768475j),(1.023350194+0.008940716j),(1.039361808+0.01640878j),(1.038627298+0.016232316j),(1.038281793+0.016246463j),(1.047354866+0.020111062j),(1.046620275+0.019935927j),(1.010151028+0.002937099j),(1.010151028+0.002937099j),(1.019531943+0.007187113j),(1.014841485+0.005062106j),(1.038484003+0.016237866j),(1.02257092+0.008764186j),(1.022589118+0.008768627j),(1.025882434+0.01046536j),(1.023538544+0.008983928j),(1.048960384+0.021076809j),(1.047537012+0.020154979j),(1.046604588+0.019932441j),(1.046618773+0.01993606j),(1.042694482+0.017471529j),(1.039545435+0.016452896j),(1.038256847+0.016246823j),(1.020628081+0.007576092j),(-0.039503007+4.1256e-05j),(-0.039500725+3.337e-05j),(-0.039836761+2.726e-05j),(-0.03972334+3.3135e-05j),"{'64': {'dP_mw': 0.0, 'dQ_mvar': 0.0}, '57': {'dP_mw': 0.0, 'dQ_mvar': 0.0}, '55': {'dP_mw': 0.0, 'dQ_mvar': 0.0}, '61': {'dP_mw': 0.0, 'dQ_mvar': 0.0}}",1.049172111275862,0.0,0.0,Uncontrolled_baseline,4.7
95,1790959775.5006235,39,(1.019531943+0.007187113j),(1.038281793+0.016246463j),(1.038285183+0.016247217j),(1.038480613+0.016237111j),(1.038487394+0.01623862j),(1.038623907+0.016231561j),(1.038758295+0.016319443j),(1.046495283+0.019848268j),(1.038366341+0.016057903j),(1.022857751+0.008942279j),(1.022199736+0.008505092j),(1.004013542+0.000260819j),(1.003755452+8.7992e-05j),(1.01001508+0.002849107j),(1.010286977+0.003025092j),(1.014705537+0.004974114j),(1.014977434+0.005150098j),(1.019395994+0.007099121j),(1.019531943+0.007187113j),(1.038281793+0.016246463j),(1.038281793+0.016246463j),(1.038484003+0.016237866j),(1.038627298+0.016232316j),(1.04662628+0.019935395j),(1.022596795+0.008767866j),(1.003616483-1.955e-06j),(1.003619504+0j),(1.010151028+0.002937099j),(1.014841485+0.005062106j),(1.038278402+0.016245708j),(1.019667891+0.007275105j),(1.003619504+0j),(1.003616483-1.955e-06j),(1.003616483-1.955e-06j),(1.022590653+0.008768475j),(1.023350194+0.008940716j),(1.039361808+0.01640878j),(1.038627298+0.016232316j),(1.038281793+0.016246463j),(1.047354866+0.020111062j),(1.046620275+0.019935927j),(1.010151028+0.002937099j),(1.010151028+0.002937099j),(1.019531943+0.007187113j),(1.014841485+0.005062106j),(1.038484003+0.016237866j),(1.02257092+0.008764186j),(1.022589118+0.008768627j),(1.025882434+0.01046536j),(1.023538544+0.008983928j),(1.048960384+0.021076809j),(1.047537012+0.020154979j),(1.046604588+0.019932441j),(1.046618773+0.01993606j),(1.042694482+0.017471529j),(1.039545435+0.016452896j),(1.038256847+0.016246823j),(1.020628081+0.007576092j),(-0.039503007+4.1256e-05j),(-0.039500725+3.337e-05j),(-0.039836761+2.726e-05j),(-0.03972334+3.3135e-05j),"{'64': {'dP_mw': 0.0, 'dQ_mvar': 0.0}, '57': {'dP_mw': 0.0, 'dQ_mvar': 0.0}, '55': {'dP_mw': 0.0, 'dQ_mvar': 0.0}, '61': {'dP_mw': 0.0, 'dQ_mvar': 0.0}}",1.049172111275862,0.0,0.0,Uncontrolled_baseline,4.75
96,1790959775.5506637,39,(1.019531943+0.007187113j),(1.038281793+0.016246463j),(1.038285183+0.016247217j),(1.038480613+0.016237111j),(1.038487394+0.01623862j),(1.038623907+0.016231561j),(1.038758295+0.016319443j),(1.046495283+0.019848268j),(1.038366341+0.016057903j),(1.022857751+0.008942279j),(1.022199736+0.008505092j),(1.004013542+0.000260819j),(1.003755452+8.7992e-05j),(1.01001508+0.002849107j),(1.010286977+0.003025092j),(1.014705537+0.004974114j),(1.014977434+0.005150098j),(1.019395994+0.007099121j),(1.019531943+0.007187113j),(1.038281793+0.016246463j),(1.038281793+0.016246463j),(1.038484003+0.016237866j),(1.038627298+0.016232316j),(1.04662628+0.019935395j),(1.022596795+0.008767866j),(1.003616483-1.955e-06j),(1.003619504+0j),(1.010151028+0.002937099j),(1.014841485+0.005062106j),(1.038278402+0.016245708j),(1.019667891+0.007275105j),(1.003619504+0j),(1.003616483-1.955e-06j),(1.003616483-1.955e-06j),(1.022590653+0.008768475j),(1.023350194+0.008940716j),(1.039361808+0.01640878j),(1.038627298+0.016232316j),(1.038281793+0.016246463j),(1.047354866+0.020111062j),(1.046620275+0.019935927j),(1.010151028+0.002937099j),(1.010151028+0.002937099j),(1.019531943+0.007187113j),(1.014841485+0.005062106j),(1.038484003+0.016237866j),(1.02257092+0.008764186j),(1.022589118+0.008768627j),(1.025882434+0.01046536j),(1.023538544+0.008983928j),(1.048960384+0.021076809j),(1.047537012+0.020154979j),(1.046604588+0.019932441j),(1.046618773+0.01993606j),(1.042694482+0.017471529j),(1.039545435+0.016452896j),(1.038256847+0.016246823j),(1.020628081+0.007576092j),(-0.039503007+4.1256e-05j),(-0.039500725+3.337e-05j),(-0.039836761+2.726e-05j),(-0.03972334+3.3135e-05j),"{'64': {'dP_mw': 0.0, 'dQ_mvar': 0.0}, '57': {'dP_mw': 0.0, 'dQ_mvar': 0.0}, '55': {'dP_mw': 0.0, 'dQ_mvar': 0.0}, '61': {'dP_mw': 0.0, 'dQ_mvar': 0.0}}",1.049172111275862,0.0,0.0,Uncontrolled_baseline,4.8
97,1790959775.5978155,39,(1.019531943+0.007187113j),(1.038281793+0.016246463j),(1.038285183+0.016247217j),(1.038480613+0.016237111j),(1.038487394+0.01623862j),(1.038623907+0.016231561j),(1.038758295+0.016319443j),(1.046495283+0.019848268j),(1.038366341+0.016057903j),(1.022857751+0.008942279j),(1.022199736+0.008505092j),(1.004013542+0.000260819j),(1.003755452+8.7992e-05j),(1.01001508+0.002849107j),(1.010286977+0.003025092j),(1.014705537+0.004974114j),(1.014977434+0.005150098j),(1.019395994+0.007099121j),(1.019531943+0.007187113j),(1.038281793+0.016246463j),(1.038281793+0.016246463j),(1.038484003+0.016237866j),(1.038627298+0.016232316j),(1.04662628+0.019935395j),(1.022596795+0.008767866j),(1.003616483-1.955e-06j),(1.003619504+0j),(1.010151028+0.002937099j),(1.014841485+0.005062106j),(1.038278402+0.016245708j),(1.019667891+0.007275105j),(1.003619504+0j),(1.003616483-1.955e-06j),(1.003616483-1.955e-06j),(1.022590653+0.008768475j),(1.023350194+0.008940716j),(1.039361808+0.01640878j),(1.038627298+0.016232316j),(1.038281793+0.016246463j),(1.047354866+0.020111062j),(1.046620275+0.019935927j),(1.010151028+0.002937099j),(1.010151028+0.002937099j),(1.019531943+0.007187113j),(1.014841485+0.005062106j),(1.038484003+0.016237866j),(1.02257092+0.008764186j),(1.022589118+0.008768627j),(1.025882434+0.01046536j),(1.023538544+0.008983928j),(1.048960384+0.021076809j),(1.047537012+0.020154979j),(1.046604588+0.019932441j),(1.046618773+0.01993606j),(1.042694482+0.017471529j),(1.039545435+0.016452896j),(1.038256847+0.016246823j),(1.020628081+0.007576092j),(-0.039503007+4.1256e-05j),(-0.039500725+3.337e-05j),(-0.039836761+2.726e-05j),(-0.03972334+3.3135e-05j),"{'64': {'dP_mw': 0.0, 'dQ_mvar': 0.0}, '57': {'dP_mw': 0.0, 'dQ_mvar': 0.0}, '55': {'dP_mw': 0.0, 'dQ_mvar': 0.0}, '61': {'dP_mw': 0.0, 'dQ_mvar': 0.0}}",1.049172111275862,0.0,0.0,Uncontrolled_baseline,4.85
98,1790959775.649176,39,(1.019531943+0.007187113j),(1.038281793+0.016246463j),(1.038285183+0.016247217j),(1.038480613+0.016237111j),(1.038487394+0.01623862j),(1.038623907+0.016231561j),(1.038758295+0.016319443j),(1.046495283+0.019848268j),(1.038366341+0.016057903j),(1.022857751+0.008942279j),(1.022199736+0.008505092j),(1.004013542+0.000260819j),(1.003755452+8.7992e-05j),(1.01001508+0.002849107j),(1.010286977+0.003025092j),(1.014705537+0.004974114j),(1.014977434+0.005150098j),(1.019395994+0.007099121j),(1.019531943+0.007187113j),(1.038281793+0.016246463j),(1.038281793+0.016246463j),(1.038484003+0.016237866j),(1.038627298+0.016232316j),(1.04662628+0.019935395j),(1.022596795+0.008767866j),(1.003616483-1.955e-06j),(1.003619504+0j),(1.010151028+0.002937099j),(1.014841485+0.005062106j),(1.038278402+0.016245708j),(1.019667891+0.007275105j),(1.003619504+0j),(1.003616483-1.955e-06j),(1.003616483-1.955e-06j),(1.022590653+0.008768475j),(1.023350194+0.008940716j),(1.039361808+0.01640878j),(1.038627298+0.016232316j),(1.038281793+0.016246463j),(1.047354866+0.020111062j),(1.046620275+0.019935927j),(1.010151028+0.002937099j),(1.010151028+0.002937099j),(1.019531943+0.007187113j),(1.014841485+0.005062106j),(1.038484003+0.016237866j),(1.02257092+0.008764186j),(1.022589118+0.008768627j),(1.025882434+0.01046536j),(1.023538544+0.008983928j),(1.048960384+0.021076809j),(1.047537012+0.020154979j),(1.046604588+0.019932441j),(1.046618773+0.01993606j),(1.042694482+0.017471529j),(1.039545435+0.016452896j),(1.038256847+0.016246823j),(1.020628081+0.007576092j),(-0.039503007+4.1256e-05j),(-0.039500725+3.337e-05j),(-0.039836761+2.726e-05j),(-0.03972334+3.3135e-05j),"{'64': {'dP_mw': 0.0, 'dQ_mvar': 0.0}, '57': {'dP_mw': 0.0, 'dQ_mvar': 0.0}, '55': {'dP_mw': 0.0, 'dQ_mvar': 0.0}, '61': {'dP_mw': 0.0, 'dQ_mvar': 0.0}}",1.049172111275862,0.0,0.0,Uncontrolled_baseline,4.9
99,1790959775.699566,39,(1.019531943+0.007187113j),(1.038281793+0.016246463j),(1.038285183+0.016247217j),(1.038480613+0.016237111j),(1.038487394+0.01623862j),(1.038623907+0.016231561j),(1.038758295+0.016319443j),(1.046495283+0.019848268j),(1.038366341+0.016057903j),(1.022857751+0.008942279j),(1.022199736+0.008505092j),(1.004013542+0.000260819j),(1.003755452+8.7992e-05j),(1.01001508+0.002849107j),(1.010286977+0.003025092j),(1.014705537+0.004974114j),(1.014977434+0.005150098j),(1.019395994+0.007099121j),(1.019531943+0.007187113j),(1.038281793+0.016246463j),(1.038281793+0.016246463j),(1.038484003+0.016237866j),(1.038627298+0.016232316j),(1.04662628+0.019935395j),(1.022596795+0.008767866j),(1.003616483-1.955e-06j),(1.003619504+0j),(1.010151028+0.002937099j),(1.014841485+0.005062106j),(1.038278402+0.016245708j),(1.019667891+0.007275105j),(1.003619504+0j),(1.003616483-1.955e-06j),(1.003616483-1.955e-06j),(1.022590653+0.008768475j),(1.023350194+0.008940716j),(1.039361808+0.01640878j),(1.038627298+0.016232316j),(1.038281793+0.016246463j),(1.047354866+0.020111062j),(1.046620275+0.019935927j),(1.010151028+0.002937099j),(1.010151028+0.002937099j),(1.019531943+0.007187113j),(1.014841485+0.005062106j),(1.038484003+0.016237866j),(1.02257092+0.008764186j),(1.022589118+0.008768627j),(1.025882434+0.01046536j),(1.023538544+0.008983928j),(1.048960384+0.021076809j),(1.047537012+0.020154979j),(1.046604588+0.019932441j),(1.046618773+0.01993606j),(1.042694482+0.017471529j),(1.039545435+0.016452896j),(1.038256847+0.016246823j),(1.020628081+0.007576092j),(-0.039503007+4.1256e-05j),(-0.039500725+3.337e-05j),(-0.039836761+2.726e-05j),(-0.03972334+3.3135e-05j),"{'64': {'dP_mw': 0.0, 'dQ_mvar': 0.0}, '57': {'dP_mw': 0.0, 'dQ_mvar': 0.0}, '55': {'dP_mw': 0.0, 'dQ_mvar': 0.0}, '61': {'dP_mw': 0.0, 'dQ_mvar': 0.0}}",1.049172111275862,0.0,0.0,Uncontrolled_baseline,4.95
100,1790959775.7498593,39,(1.019531943+0.007187113j),(1.038281793+0.016246463j),(1.038285183+0.016247217j),(1.038480613+0.016237111j),(1.038487394+0.01623862j),(1.038623907+0.016231561j),(1.038758295+0.016319443j),(1.046495283+0.019848268j),(1.038366341+0.016057903j),(1.022857751+0.008942279j),(1.022199736+0.008505092j),(1.004013542+0.000260819j),(1.003755452+8.7992e-05j),(1.01001508+0.002849107j),(1.010286977+0.003025092j),(1.014705537+0.004974114j),(1.014977434+0.005150098j),(1.019395994+0.007099121j),(1.019531943+0.007187113j),(1.038281793+0.016246463j),(1.038281793+0.016246463j),(1.038484003+0.016237866j),(1.038627298+0.016232316j),(1.04662628+0.019935395j),(1.022596795+0.008767866j),(1.003616483-1.955e-06j),(1.003619504+0j),(1.010151028+0.002937099j),(1.014841485+0.005062106j),(1.038278402+0.016245708j),(1.019667891+0.007275105j),(1.003619504+0j),(1.003616483-1.955e-06j),(1.003616483-1.955e-06j),(1.022590653+0.008768475j),(1.023350194+0.008940716j),(1.039361808+0.01640878j),(1.038627298+0.016232316j),(1.038281793+0.016246463j),(1.047354866+0.020111062j),(1.046620275+0.019935927j),(1.010151028+0.002937099j),(1.010151028+0.002937099j),(1.019531943+0.007187113j),(1.014841485+0.005062106j),(1.038484003+0.016237866j),(1.02257092+0.008764186j),(1.022589118+0.008768627j),(1.025882434+0.01046536j),(1.023538544+0.008983928j),(1.048960384+0.021076809j),(1.047537012+0.020154979j),(1.046604588+0.019932441j),(1.046618773+0.01993606j),(1.042694482+0.017471529j),(1.039545435+0.016452896j),(1.038256847+0.016246823j),(1.020628081+0.007576092j),(-0.039503007+4.1256e-05j),(-0.039500725+3.337e-05j),(-0.039836761+2.726e-05j),(-0.03972334+3.3135e-05j),"{'64': {'dP_mw': 0.0, 'dQ_mvar': 0.0}, '57': {'dP_mw': 0.0, 'dQ_mvar': 0.0}, '55': {'dP_mw': 0.0, 'dQ_mvar': 0.0}, '61': {'dP_mw': 0.0, 'dQ_mvar': 0.0}}",1.049172111275862,0.0,0.0,Uncontrolled_baseline,5.0
0,1790959776.2101693,40,(1.024694112+0.010033505j),(1.028554113+0.011553958j),(1.028645913+0.011621318j),(1.031711782+0.012740206j),(1.031806037+0.012807582j),(1.033947636+0.013589158j),(1.034126551+0.013710041j),(1.041906315+0.017235723j),(1.03377594+0.013481231j),(1.020811235+0.007763426j),(1.020237122+0.007391812j),(1.003998126+0.000227314j),(1.00382554+0.000120858j),(1.012089702+0.003966762j),(1.012447165+0.004208478j),(1.018280691+0.006923233j),(1.018638154+0.00716495j),(1.024471679+0.009879705j),(1.024650411+0.010000564j),(1.028597814+0.011586899j),(1.028598786+0.011587631j),(1.031758909+0.012773894j),(1.033994764+0.013622846j),(1.042038103+0.017322918j),(1.020592412+0.007621811j),(1.003642837-2.686e-06j),(1.003646808+0j),(1.012268433+0.00408762j),(1.018459422+0.007044092j),(1.02859536+0.011586884j),(1.024785441+0.010088481j),(1.003646808+0j),(1.003642837-2.686e-06j),(1.003642837-2.686e-06j),(1.020586259+0.007622428j),(1.021347478+0.00779417j),(1.034732995+0.013798297j),(1.033994764+0.013622846j),(1.028598786+0.011587631j),(1.042770338+0.017497596j),(1.042032072+0.017323467j),(1.012268433+0.00408762j),(1.012268433+0.00408762j),(1.024650411+0.010000564j),(1.018459422+0.007044092j),(1.031758909+0.012773894j),(1.020566482+0.007618153j),(1.020584721+0.007622582j),(1.02388636+0.009319012j),(1.021536245+0.007837259j),(1.044385298+0.018463724j),(1.042953396+0.017541266j),(1.042016308+0.017320004j),(1.042030565+0.017323604j),(1.038083199+0.014857627j),(1.034917553+0.01384216j),(1.028573606+0.011588104j),(1.02574001+0.010390546j),(-0.039503007+4.1256e-05j),(-0.039500725+3.337e-05j),(-0.039836761+2.726e-05j),(-0.03972334+3.3135e-05j),"{'64': {'dP_mw': 0.0, 'dQ_mvar': 0.0}, '57': {'dP_mw': 0.0, 'dQ_mvar': 0.0}, '55': {'dP_mw': 0.0, 'dQ_mvar': 0.0}, '61': {'dP_mw': 0.0, 'dQ_mvar': 0.0}}",1.0445484956585294,0.0,0.0,Uncontrolled_breaker_closed,5.0
1,1790959776.260627,40,(1.024694112+0.010033505j),(1.028554113+0.011553958j),(1.028645913+0.011621318j),(1.031711782+0.012740206j),(1.031806037+0.012807582j),(1.033947636+0.013589158j),(1.034126551+0.013710041j),(1.041906315+0.017235723j),(1.03377594+0.013481231j),(1.020811235+0.007763426j),(1.020237122+0.007391812j),(1.003998126+0.000227314j),(1.00382554+0.000120858j),(1.012089702+0.003966762j),(1.012447165+0.004208478j),(1.018280691+0.006923233j),(1.018638154+0.00716495j),(1.024471679+0.009879705j),(1.024650411+0.010000564j),(1.028597814+0.011586899j),(1.028598786+0.011587631j),(1.031758909+0.012773894j),(1.033994764+0.013622846j),(1.042038103+0.017322918j),(1.020592412+0.007621811j),(1.003642837-2.686e-06j),(1.003646808+0j),(1.012268433+0.00408762j),(1.018459422+0.007044092j),(1.02859536+0.011586884j),(1.024785441+0.010088481j),(1.003646808+0j),(1.003642837-2.686e-06j),(1.003642837-2.686e-06j),(1.020586259+0.007622428j),(1.021347478+0.00779417j),(1.034732995+0.013798297j),(1.033994764+0.013622846j),(1.028598786+0.011587631j),(1.042770338+0.017497596j),(1.042032072+0.017323467j),(1.012268433+0.00408762j),(1.012268433+0.00408762j),(1.024650411+0.010000564j),(1.018459422+0.007044092j),(1.031758909+0.012773894j),(1.020566482+0.007618153j),(1.020584721+0.007622582j),(1.02388636+0.009319012j),(1.021536245+0.007837259j),(1.044385298+0.018463724j),(1.042953396+0.017541266j),(1.042016308+0.017320004j),(1.042030565+0.017323604j),(1.038083199+0.014857627j),(1.034917553+0.01384216j),(1.028573606+0.011588104j),(1.02574001+0.010390546j),(-0.039503007+4.1256e-05j),(-0.039500725+3.337e-05j),(-0.039836761+2.726e-05j),(-0.03972334+3.3135e-05j),"{'64': {'dP_mw': 0.0, 'dQ_mvar': 0.0}, '57': {'dP_mw': 0.0, 'dQ_mvar': 0.0}, '55': {'dP_mw': 0.0, 'dQ_mvar': 0.0}, '61': {'dP_mw': 0.0, 'dQ_mvar': 0.0}}",1.0445484956585294,0.0,0.0,Uncontrolled_breaker_closed,5.05
2,1790959776.311502,40,(1.024694112+0.010033505j),(1.028554113+0.011553958j),(1.028645913+0.011621318j),(1.031711782+0.012740206j),(1.031806037+0.012807582j),(1.033947636+0.013589158j),(1.034126551+0.013710041j),(1.041906315+0.017235723j),(1.03377594+0.013481231j),(1.020811235+0.007763426j),(1.020237122+0.007391812j),(1.003998126+0.000227314j),(1.00382554+0.000120858j),(1.012089702+0.003966762j),(1.012447165+0.004208478j),(1.018280691+0.006923233j),(1.018638154+0.00716495j),(1.024471679+0.009879705j),(1.024650411+0.010000564j),(1.028597814+0.011586899j),(1.028598786+0.011587631j),(1.031758909+0.012773894j),(1.033994764+0.013622846j),(1.042038103+0.017322918j),(1.020592412+0.007621811j),(1.003642837-2.686e-06j),(1.003646808+0j),(1.012268433+0.00408762j),(1.018459422+0.007044092j),(1.02859536+0.011586884j),(1.024785441+0.010088481j),(1.003646808+0j),(1.003642837-2.686e-06j),(1.003642837-2.686e-06j),(1.020586259+0.007622428j),(1.021347478+0.00779417j),(1.034732995+0.013798297j),(1.033994764+0.013622846j),(1.028598786+0.011587631j),(1.042770338+0.017497596j),(1.042032072+0.017323467j),(1.012268433+0.00408762j),(1.012268433+0.00408762j),(1.024650411+0.010000564j),(1.018459422+0.007044092j),(1.031758909+0.012773894j),(1.020566482+0.007618153j),(1.020584721+0.007622582j),(1.02388636+0.009319012j),(1.021536245+0.007837259j),(1.044385298+0.018463724j),(1.042953396+0.017541266j),(1.042016308+0.017320004j),(1.042030565+0.017323604j),(1.038083199+0.014857627j),(1.034917553+0.01384216j),(1.028573606+0.011588104j),(1.02574001+0.010390546j),(-0.039503007+4.1256e-05j),(-0.039500725+3.337e-05j),(-0.039836761+2.726e-05j),(-0.03972334+3.3135e-05j),"{'64': {'dP_mw': 0.0, 'dQ_mvar': 0.0}, '57': {'dP_mw': 0.0, 'dQ_mvar': 0.0}, '55': {'dP_mw': 0.0, 'dQ_mvar': 0.0}, '61': {'dP_mw': 0.0, 'dQ_mvar': 0.0}}",1.0445484956585294,0.0,0.0,Uncontrolled_breaker_closed,5.1
3,1790959776.362308,40,(1.024694112+0.010033505j),(1.028554113+0.011553958j),(1.028645913+0.011621318j),(1.031711782+0.012740206j),(1.031806037+0.012807582j),(1.033947636+0.013589158j),(1.034126551+0.013710041j),(1.041906315+0.017235723j),(1.03377594+0.013481231j),(1.020811235+0.007763426j),(1.020237122+0.007391812j),(1.003998126+0.000227314j),(1.00382554+0.000120858j),(1.012089702+0.003966762j),(1.012447165+0.004208478j),(1.018280691+0.006923233j),(1.018638154+0.00716495j),(1.024471679+0.009879705j),(1.024650411+0.010000564j),(1.028597814+0.011586899j),(1.028598786+0.011587631j),(1.031758909+0.012773894j),(1.033994764+0.013622846j),(1.042038103+0.017322918j),(1.020592412+0.007621811j),(1.003642837-2.686e-06j),(1.003646808+0j),(1.012268433+0.00408762j),(1.018459422+0.007044092j),(1.02859536+0.011586884j),(1.024785441+0.010088481j),(1.003646808+0j),(1.003642837-2.686e-06j),(1.003642837-2.686e-06j),(1.020586259+0.007622428j),(1.021347478+0.00779417j),(1.034732995+0.013798297j),(1.033994764+0.013622846j),(1.028598786+0.011587631j),(1.042770338+0.017497596j),(1.042032072+0.017323467j),(1.012268433+0.00408762j),(1.012268433+0.00408762j),(1.024650411+0.010000564j),(1.018459422+0.007044092j),(1.031758909+0.012773894j),(1.020566482+0.007618153j),(1.020584721+0.007622582j),(1.02388636+0.009319012j),(1.021536245+0.007837259j),(1.044385298+0.018463724j),(1.042953396+0.017541266j),(1.042016308+0.017320004j),(1.042030565+0.017323604j),(1.038083199+0.014857627j),(1.034917553+0.01384216j),(1.028573606+0.011588104j),(1.02574001+0.010390546j),(-0.039503007+4.1256e-05j),(-0.039500725+3.337e-05j),(-0.039836761+2.726e-05j),(-0.03972334+3.3135e-05j),"{'64': {'dP_mw': 0.0, 'dQ_mvar': 0.0}, '57': {'dP_mw': 0.0, 'dQ_mvar': 0.0}, '55': {'dP_mw': 0.0, 'dQ_mvar': 0.0}, '61': {'dP_mw': 0.0, 'dQ_mvar': 0.0}}",1.0445484956585294,0.0,0.0,Uncontrolled_breaker_closed,5.15
4,1790959776.4106429,40,(1.024694112+0.010033505j),(1.028554113+0.011553958j),(1.028645913+0.011621318j),(1.031711782+0.012740206j),(1.031806037+0.012807582j),(1.033947636+0.013589158j),(1.034126551+0.013710041j),(1.041906315+0.017235723j),(1.03377594+0.013481231j),(1.020811235+0.007763426j),(1.020237122+0.007391812j),(1.003998126+0.000227314j),(1.00382554+0.000120858j),(1.012089702+0.003966762j),(1.012447165+0.004208478j),(1.018280691+0.006923233j),(1.018638154+0.00716495j),(1.024471679+0.009879705j),(1.024650411+0.010000564j),(1.028597814+0.011586899j),(1.028598786+0.011587631j),(1.031758909+0.012773894j),(1.033994764+0.013622846j),(1.042038103+0.017322918j),(1.020592412+0.007621811j),(1.003642837-2.686e-06j),(1.003646808+0j),(1.012268433+0.00408762j),(1.018459422+0.007044092j),(1.02859536+0.011586884j),(1.024785441+0.010088481j),(1.003646808+0j),(1.003642837-2.686e-06j),(1.003642837-2.686e-06j),(1.020586259+0.007622428j),(1.021347478+0.00779417j),(1.034732995+0.013798297j),(1.033994764+0.013622846j),(1.028598786+0.011587631j),(1.042770338+0.017497596j),(1.042032072+0.017323467j),(1.012268433+0.00408762j),(1.012268433+0.00408762j),(1.024650411+0.010000564j),(1.018459422+0.007044092j),(1.031758909+0.012773894j),(1.020566482+0.007618153j),(1.020584721+0.007622582j),(1.02388636+0.009319012j),(1.021536245+0.007837259j),(1.044385298+0.018463724j),(1.042953396+0.017541266j),(1.042016308+0.017320004j),(1.042030565+0.017323604j),(1.038083199+0.014857627j),(1.034917553+0.01384216j),(1.028573606+0.011588104j),(1.02574001+0.010390546j),(-0.039503007+4.1256e-05j),(-0.039500725+3.337e-05j),(-0.039836761+2.726e-05j),(-0.03972334+3.3135e-05j),"{'64': {'dP_mw': 0.0, 'dQ_mvar': 0.0}, '57': {'dP_mw': 0.0, 'dQ_mvar': 0.0}, '55': {'dP_mw': 0.0, 'dQ_mvar': 0.0}, '61': {'dP_mw': 0.0, 'dQ_mvar': 0.0}}",1.0445484956585294,0.0,0.0,Uncontrolled_breaker_closed,5.2
5,1790959776.461406,40,(1.024694112+0.010033505j),(1.028554113+0.011553958j),(1.028645913+0.011621318j),(1.031711782+0.012740206j),(1.031806037+0.012807582j),(1.033947636+0.013589158j),(1.034126551+0.013710041j),(1.041906315+0.017235723j),(1.03377594+0.013481231j),(1.020811235+0.007763426j),(1.020237122+0.007391812j),(1.003998126+0.000227314j),(1.00382554+0.000120858j),(1.012089702+0.003966762j),(1.012447165+0.004208478j),(1.018280691+0.006923233j),(1.018638154+0.00716495j),(1.024471679+0.009879705j),(1.024650411+0.010000564j),(1.028597814+0.011586899j),(1.028598786+0.011587631j),(1.031758909+0.012773894j),(1.033994764+0.013622846j),(1.042038103+0.017322918j),(1.020592412+0.007621811j),(1.003642837-2.686e-06j),(1.003646808+0j),(1.012268433+0.00408762j),(1.018459422+0.007044092j),(1.02859536+0.011586884j),(1.024785441+0.010088481j),(1.003646808+0j),(1.003642837-2.686e-06j),(1.003642837-2.686e-06j),(1.020586259+0.007622428j),(1.021347478+0.00779417j),(1.034732995+0.013798297j),(1.033994764+0.013622846j),(1.028598786+0.011587631j),(1.042770338+0.017497596j),(1.042032072+0.017323467j),(1.012268433+0.00408762j),(1.012268433+0.00408762j),(1.024650411+0.010000564j),(1.018459422+0.007044092j),(1.031758909+0.012773894j),(1.020566482+0.007618153j),(1.020584721+0.007622582j),(1.02388636+0.009319012j),(1.021536245+0.007837259j),(1.044385298+0.018463724j),(1.042953396+0.017541266j),(1.042016308+0.017320004j),(1.042030565+0.017323604j),(1.038083199+0.014857627j),(1.034917553+0.01384216j),(1.028573606+0.011588104j),(1.02574001+0.010390546j),(-0.039503007+4.1256e-05j),(-0.039500725+3.337e-05j),(-0.039836761+2.726e-05j),(-0.03972334+3.3135e-05j),"{'64': {'dP_mw': 0.0, 'dQ_mvar': 0.0}, '57': {'dP_mw': 0.0, 'dQ_mvar': 0.0}, '55': {'dP_mw': 0.0, 'dQ_mvar': 0.0}, '61': {'dP_mw': 0.0, 'dQ_mvar': 0.0}}",1.0445484956585294,0.0,0.0,Uncontrolled_breaker_closed,5.25
6,1790959776.5107458,40,(1.024694112+0.010033505j),(1.028554113+0.011553958j),(1.028645913+0.011621318j),(1.031711782+0.012740206j),(1.031806037+0.012807582j),(1.033947636+0.013589158j),(1.034126551+0.013710041j),(1.041906315+0.017235723j),(1.03377594+0.013481231j),(1.020811235+0.007763426j),(1.020237122+0.007391812j),(1.003998126+0.000227314j),(1.00382554+0.000120858j),(1.012089702+0.003966762j),(1.012447165+0.004208478j),(1.018280691+0.006923233j),(1.018638154+0.00716495j),(1.024471679+0.009879705j),(1.024650411+0.010000564j),(1.028597814+0.011586899j),(1.028598786+0.011587631j),(1.031758909+0.012773894j),(1.033994764+0.013622846j),(1.042038103+0.017322918j),(1.020592412+0.007621811j),(1.003642837-2.686e-06j),(1.003646808+0j),(1.012268433+0.00408762j),(1.018459422+0.007044092j),(1.02859536+0.011586884j),(1.024785441+0.010088481j),(1.003646808+0j),(1.003642837-2.686e-06j),(1.003642837-2.686e-06j),(1.020586259+0.007622428j),(1.021347478+0.00779417j),(1.034732995+0.013798297j),(1.033994764+0.013622846j),(1.028598786+0.011587631j),(1.042770338+0.017497596j),(1.042032072+0.017323467j),(1.012268433+0.00408762j),(1.012268433+0.00408762j),(1.024650411+0.010000564j),(1.018459422+0.007044092j),(1.031758909+0.012773894j),(1.020566482+0.007618153j),(1.020584721+0.007622582j),(1.02388636+0.009319012j),(1.021536245+0.007837259j),(1.044385298+0.018463724j),(1.042953396+0.017541266j),(1.042016308+0.017320004j),(1.042030565+0.017323604j),(1.038083199+0.014857627j),(1.034917553+0.01384216j),(1.028573606+0.011588104j),(1.02574001+0.010390546j),(-0.039503007+4.1256e-05j),(-0.039500725+3.337e-05j),(-0.039836761+2.726e-05j),(-0.03972334+3.3135e-05j),"{'64': {'dP_mw': 0.0, 'dQ_mvar': 0.0}, '57': {'dP_mw': 0.0, 'dQ_mvar': 0.0}, '55': {'dP_mw': 0.0, 'dQ_mvar': 0.0}, '61': {'dP_mw': 0.0, 'dQ_mvar': 0.0}}",1.0445484956585294,0.0,0.0,Uncontrolled_breaker_closed,5.3
7,1790959776.5621808,40,(1.024694112+0.010033505j),(1.028554113+0.011553958j),(1.028645913+0.011621318j),(1.031711782+0.012740206j),(1.031806037+0.012807582j),(1.033947636+0.013589158j),(1.034126551+0.013710041j),(1.041906315+0.017235723j),(1.03377594+0.013481231j),(1.020811235+0.007763426j),(1.020237122+0.007391812j),(1.003998126+0.000227314j),(1.00382554+0.000120858j),(1.012089702+0.003966762j),(1.012447165+0.004208478j),(1.018280691+0.006923233j),(1.018638154+0.00716495j),(1.024471679+0.009879705j),(1.024650411+0.010000564j),(1.028597814+0.011586899j),(1.028598786+0.011587631j),(1.031758909+0.012773894j),(1.033994764+0.013622846j),(1.042038103+0.017322918j),(1.020592412+0.007621811j),(1.003642837-2.686e-06j),(1.003646808+0j),(1.012268433+0.00408762j),(1.018459422+0.007044092j),(1.02859536+0.011586884j),(1.024785441+0.010088481j),(1.003646808+0j),(1.003642837-2.686e-06j),(1.003642837-2.686e-06j),(1.020586259+0.007622428j),(1.021347478+0.00779417j),(1.034732995+0.013798297j),(1.033994764+0.013622846j),(1.028598786+0.011587631j),(1.042770338+0.017497596j),(1.042032072+0.017323467j),(1.012268433+0.00408762j),(1.012268433+0.00408762j),(1.024650411+0.010000564j),(1.018459422+0.007044092j),(1.031758909+0.012773894j),(1.020566482+0.007618153j),(1.020584721+0.007622582j),(1.02388636+0.009319012j),(1.021536245+0.007837259j),(1.044385298+0.018463724j),(1.042953396+0.017541266j),(1.042016308+0.017320004j),(1.042030565+0.017323604j),(1.038083199+0.014857627j),(1.034917553+0.01384216j),(1.028573606+0.011588104j),(1.02574001+0.010390546j),(-0.039503007+4.1256e-05j),(-0.039500725+3.337e-05j),(-0.039836761+2.726e-05j),(-0.03972334+3.3135e-05j),"{'64': {'dP_mw': 0.0, 'dQ_mvar': 0.0}, '57': {'dP_mw': 0.0, 'dQ_mvar': 0.0}, '55': {'dP_mw': 0.0, 'dQ_mvar': 0.0}, '61': {'dP_mw': 0.0, 'dQ_mvar': 0.0}}",1.0445484956585294,0.0,0.0,Uncontrolled_breaker_closed,5.35
8,1790959776.6109283,40,(1.024694112+0.010033505j),(1.028554113+0.011553958j),(1.028645913+0.011621318j),(1.031711782+0.012740206j),(1.031806037+0.012807582j),(1.033947636+0.013589158j),(1.034126551+0.013710041j),(1.041906315+0.017235723j),(1.03377594+0.013481231j),(1.020811235+0.007763426j),(1.020237122+0.007391812j),(1.003998126+0.000227314j),(1.00382554+0.000120858j),(1.012089702+0.003966762j),(1.012447165+0.004208478j),(1.018280691+0.006923233j),(1.018638154+0.00716495j),(1.024471679+0.009879705j),(1.024650411+0.010000564j),(1.028597814+0.011586899j),(1.028598786+0.011587631j),(1.031758909+0.012773894j),(1.033994764+0.013622846j),(1.042038103+0.017322918j),(1.020592412+0.007621811j),(1.003642837-2.686e-06j),(1.003646808+0j),(1.012268433+0.00408762j),(1.018459422+0.007044092j),(1.02859536+0.011586884j),(1.024785441+0.010088481j),(1.003646808+0j),(1.003642837-2.686e-06j),(1.003642837-2.686e-06j),(1.020586259+0.007622428j),(1.021347478+0.00779417j),(1.034732995+0.013798297j),(1.033994764+0.013622846j),(1.028598786+0.011587631j),(1.042770338+0.017497596j),(1.042032072+0.017323467j),(1.012268433+0.00408762j),(1.012268433+0.00408762j),(1.024650411+0.010000564j),(1.018459422+0.007044092j),(1.031758909+0.012773894j),(1.020566482+0.007618153j),(1.020584721+0.007622582j),(1.02388636+0.009319012j),(1.021536245+0.007837259j),(1.044385298+0.018463724j),(1.042953396+0.017541266j),(1.042016308+0.017320004j),(1.042030565+0.017323604j),(1.038083199+0.014857627j),(1.034917553+0.01384216j),(1.028573606+0.011588104j),(1.02574001+0.010390546j),(-0.039503007+4.1256e-05j),(-0.039500725+3.337e-05j),(-0.039836761+2.726e-05j),(-0.03972334+3.3135e-05j),"{'64': {'dP_mw': 0.0, 'dQ_mvar': 0.0}, '57': {'dP_mw': 0.0, 'dQ_mvar': 0.0}, '55': {'dP_mw': 0.0, 'dQ_mvar': 0.0}, '61': {'dP_mw': 0.0, 'dQ_mvar': 0.0}}",1.0445484956585294,0.0,0.0,Uncontrolled_breaker_closed,5.4
9,1790959776.6625516,40,(1.024694112+0.010033505j),(1.028554113+0.011553958j),(1.028645913+0.011621318j),(1.031711782+0.012740206j),(1.031806037+0.012807582j),(1.033947636+0.013589158j),(1.034126551+0.013710041j),(1.041906315+0.017235723j),(1.03377594+0.013481231j),(1.020811235+0.007763426j),(1.020237122+0.007391812j),(1.003998126+0.000227314j),(1.00382554+0.000120858j),(1.012089702+0.003966762j),(1.012447165+0.004208478j),(1.018280691+0.006923233j),(1.018638154+0.00716495j),(1.024471679+0.009879705j),(1.024650411+0.010000564j),(1.028597814+0.011586899j),(1.028598786+0.011587631j),(1.031758909+0.012773894j),(1.033994764+0.013622846j),(1.042038103+0.017322918j),(1.020592412+0.007621811j),(1.003642837-2.686e-06j),(1.003646808+0j),(1.012268433+0.00408762j),(1.018459422+0.007044092j),(1.02859536+0.011586884j),(1.024785441+0.010088481j),(1.003646808+0j),(1.003642837-2.686e-06j),(1.003642837-2.686e-06j),(1.020586259+0.007622428j),(1.021347478+0.00779417j),(1.034732995+0.013798297j),(1.033994764+0.013622846j),(1.028598786+0.011587631j),(1.042770338+0.017497596j),(1.042032072+0.017323467j),(1.012268433+0.00408762j),(1.012268433+0.00408762j),(1.024650411+0.010000564j),(1.018459422+0.007044092j),(1.031758909+0.012773894j),(1.020566482+0.007618153j),(1.020584721+0.007622582j),(1.02388636+0.009319012j),(1.021536245+0.007837259j),(1.044385298+0.018463724j),(1.042953396+0.017541266j),(1.042016308+0.017320004j),(1.042030565+0.017323604j),(1.038083199+0.014857627j),(1.034917553+0.01384216j),(1.028573606+0.011588104j),(1.02574001+0.010390546j),(-0.039503007+4.1256e-05j),(-0.039500725+3.337e-05j),(-0.039836761+2.726e-05j),(-0.03972334+3.3135e-05j),"{'64': {'dP_mw': 0.0, 'dQ_mvar': 0.0}, '57': {'dP_mw': 0.0, 'dQ_mvar': 0.0}, '55': {'dP_mw': 0.0, 'dQ_mvar': 0.0}, '61': {'dP_mw': 0.0, 'dQ_mvar': 0.0}}",1.0445484956585294,0.0,0.0,Uncontrolled_breaker_closed,5.45
10,1790959776.7120485,40,(1.024694112+0.010033505j),(1.028554113+0.011553958j),(1.028645913+0.011621318j),(1.031711782+0.012740206j),(1.031806037+0.012807582j),(1.033947636+0.013589158j),(1.034126551+0.013710041j),(1.041906315+0.017235723j),(1.03377594+0.013481231j),(1.020811235+0.007763426j),(1.020237122+0.007391812j),(1.003998126+0.000227314j),(1.00382554+0.000120858j),(1.012089702+0.003966762j),(1.012447165+0.004208478j),(1.018280691+0.006923233j),(1.018638154+0.00716495j),(1.024471679+0.009879705j),(1.024650411+0.010000564j),(1.028597814+0.011586899j),(1.028598786+0.011587631j),(1.031758909+0.012773894j),(1.033994764+0.013622846j),(1.042038103+0.017322918j),(1.020592412+0.007621811j),(1.003642837-2.686e-06j),(1.003646808+0j),(1.012268433+0.00408762j),(1.018459422+0.007044092j),(1.02859536+0.011586884j),(1.024785441+0.010088481j),(1.003646808+0j),(1.003642837-2.686e-06j),(1.003642837-2.686e-06j),(1.020586259+0.007622428j),(1.021347478+0.00779417j),(1.034732995+0.013798297j),(1.033994764+0.013622846j),(1.028598786+0.011587631j),(1.042770338+0.017497596j),(1.042032072+0.017323467j),(1.012268433+0.00408762j),(1.012268433+0.00408762j),(1.024650411+0.010000564j),(1.018459422+0.007044092j),(1.031758909+0.012773894j),(1.020566482+0.007618153j),(1.020584721+0.007622582j),(1.02388636+0.009319012j),(1.021536245+0.007837259j),(1.044385298+0.018463724j),(1.042953396+0.017541266j),(1.042016308+0.017320004j),(1.042030565+0.017323604j),(1.038083199+0.014857627j),(1.034917553+0.01384216j),(1.028573606+0.011588104j),(1.02574001+0.010390546j),(-0.039503007+4.1256e-05j),(-0.039500725+3.337e-05j),(-0.039836761+2.726e-05j),(-0.03972334+3.3135e-05j),"{'64': {'dP_mw': 0.0, 'dQ_mvar': 0.0}, '57': {'dP_mw': 0.0, 'dQ_mvar': 0.0}, '55': {'dP_mw': 0.0, 'dQ_mvar': 0.0}, '61': {'dP_mw': 0.0, 'dQ_mvar': 0.0}}",1.0445484956585294,0.0,0.0,Uncontrolled_breaker_closed,5.5
11,1790959776.762536,40,(1.024694112+0.010033505j),(1.028554113+0.011553958j),(1.028645913+0.011621318j),(1.031711782+0.012740206j),(1.031806037+0.012807582j),(1.033947636+0.013589158j),(1.034126551+0.013710041j),(1.041906315+0.017235723j),(1.03377594+0.013481231j),(1.020811235+0.007763426j),(1.020237122+0.007391812j),(1.003998126+0.000227314j),(1.00382554+0.000120858j),(1.012089702+0.003966762j),(1.012447165+0.004208478j),(1.018280691+0.006923233j),(1.018638154+0.00716495j),(1.024471679+0.009879705j),(1.024650411+0.010000564j),(1.028597814+0.011586899j),(1.028598786+0.011587631j),(1.031758909+0.012773894j),(1.033994764+0.013622846j),(1.042038103+0.017322918j),(1.020592412+0.007621811j),(1.003642837-2.686e-06j),(1.003646808+0j),(1.012268433+0.00408762j),(1.018459422+0.007044092j),(1.02859536+0.011586884j),(1.024785441+0.010088481j),(1.003646808+0j),(1.003642837-2.686e-06j),(1.003642837-2.686e-06j),(1.020586259+0.007622428j),(1.021347478+0.00779417j),(1.034732995+0.013798297j),(1.033994764+0.013622846j),(1.028598786+0.011587631j),(1.042770338+0.017497596j),(1.042032072+0.017323467j),(1.012268433+0.00408762j),(1.012268433+0.00408762j),(1.024650411+0.010000564j),(1.018459422+0.007044092j),(1.031758909+0.012773894j),(1.020566482+0.007618153j),(1.020584721+0.007622582j),(1.02388636+0.009319012j),(1.021536245+0.007837259j),(1.044385298+0.018463724j),(1.042953396+0.017541266j),(1.042016308+0.017320004j),(1.042030565+0.017323604j),(1.038083199+0.014857627j),(1.034917553+0.01384216j),(1.028573606+0.011588104j),(1.02574001+0.010390546j),(-0.039503007+4.1256e-05j),(-0.039500725+3.337e-05j),(-0.039836761+2.726e-05j),(-0.03972334+3.3135e-05j),"{'64': {'dP_mw': 0.0, 'dQ_mvar': 0.0}, '57': {'dP_mw': 0.0, 'dQ_mvar': 0.0}, '55': {'dP_mw': 0.0, 'dQ_mvar': 0.0}, '61': {'dP_mw': 0.0, 'dQ_mvar': 0.0}}",1.0445484956585294,0.0,0.0,Uncontrolled_breaker_closed,5.55
12,1790959776.8119285,40,(1.024694112+0.010033505j),(1.028554113+0.011553958j),(1.028645913+0.011621318j),(1.031711782+0.012740206j),(1.031806037+0.012807582j),(1.033947636+0.013589158j),(1.034126551+0.013710041j),(1.041906315+0.017235723j),(1.03377594+0.013481231j),(1.020811235+0.007763426j),(1.020237122+0.007391812j),(1.003998126+0.000227314j),(1.00382554+0.000120858j),(1.012089702+0.003966762j),(1.012447165+0.004208478j),(1.018280691+0.006923233j),(1.018638154+0.00716495j),(1.024471679+0.009879705j),(1.024650411+0.010000564j),(1.028597814+0.011586899j),(1.028598786+0.011587631j),(1.031758909+0.012773894j),(1.033994764+0.013622846j),(1.042038103+0.017322918j),(1.020592412+0.007621811j),(1.003642837-2.686e-06j),(1.003646808+0j),(1.012268433+0.00408762j),(1.018459422+0.007044092j),(1.02859536+0.011586884j),(1.024785441+0.010088481j),(1.003646808+0j),(1.003642837-2.686e-06j),(1.003642837-2.686e-06j),(1.020586259+0.007622428j),(1.021347478+0.00779417j),(1.034732995+0.013798297j),(1.033994764+0.013622846j),(1.028598786+0.011587631j),(1.042770338+0.017497596j),(1.042032072+0.017323467j),(1.012268433+0.00408762j),(1.012268433+0.00408762j),(1.024650411+0.010000564j),(1.018459422+0.007044092j),(1.031758909+0.012773894j),(1.020566482+0.007618153j),(1.020584721+0.007622582j),(1.02388636+0.009319012j),(1.021536245+0.007837259j),(1.044385298+0.018463724j),(1.042953396+0.017541266j),(1.042016308+0.017320004j),(1.042030565+0.017323604j),(1.038083199+0.014857627j),(1.034917553+0.01384216j),(1.028573606+0.011588104j),(1.02574001+0.010390546j),(-0.039503007+4.1256e-05j),(-0.039500725+3.337e-05j),(-0.039836761+2.726e-05j),(-0.03972334+3.3135e-05j),"{'64': {'dP_mw': 0.0, 'dQ_mvar': 0.0}, '57': {'dP_mw': 0.0, 'dQ_mvar': 0.0}, '55': {'dP_mw': 0.0, 'dQ_mvar': 0.0}, '61': {'dP_mw': 0.0, 'dQ_mvar': 0.0}}",1.0445484956585294,0.0,0.0,Uncontrolled_breaker_closed,5.6
13,1790959776.8632708,40,(1.024694112+0.010033505j),(1.028554113+0.011553958j),(1.028645913+0.011621318j),(1.031711782+0.012740206j),(1.031806037+0.012807582j),(1.033947636+0.013589158j),(1.034126551+0.013710041j),(1.041906315+0.017235723j),(1.03377594+0.013481231j),(1.020811235+0.007763426j),(1.020237122+0.007391812j),(1.003998126+0.000227314j),(1.00382554+0.000120858j),(1.012089702+0.003966762j),(1.012447165+0.004208478j),(1.018280691+0.006923233j),(1.018638154+0.00716495j),(1.024471679+0.009879705j),(1.024650411+0.010000564j),(1.028597814+0.011586899j),(1.028598786+0.011587631j),(1.031758909+0.012773894j),(1.033994764+0.013622846j),(1.042038103+0.017322918j),(1.020592412+0.007621811j),(1.003642837-2.686e-06j),(1.003646808+0j),(1.012268433+0.00408762j),(1.018459422+0.007044092j),(1.02859536+0.011586884j),(1.024785441+0.010088481j),(1.003646808+0j),(1.003642837-2.686e-06j),(1.003642837-2.686e-06j),(1.020586259+0.007622428j),(1.021347478+0.00779417j),(1.034732995+0.013798297j),(1.033994764+0.013622846j),(1.028598786+0.011587631j),(1.042770338+0.017497596j),(1.042032072+0.017323467j),(1.012268433+0.00408762j),(1.012268433+0.00408762j),(1.024650411+0.010000564j),(1.018459422+0.007044092j),(1.031758909+0.012773894j),(1.020566482+0.007618153j),(1.020584721+0.007622582j),(1.02388636+0.009319012j),(1.021536245+0.007837259j),(1.044385298+0.018463724j),(1.042953396+0.017541266j),(1.042016308+0.017320004j),(1.042030565+0.017323604j),(1.038083199+0.014857627j),(1.034917553+0.01384216j),(1.028573606+0.011588104j),(1.02574001+0.010390546j),(-0.039503007+4.1256e-05j),(-0.039500725+3.337e-05j),(-0.039836761+2.726e-05j),(-0.03972334+3.3135e-05j),"{'64': {'dP_mw': 0.0, 'dQ_mvar': 0.0}, '57': {'dP_mw': 0.0, 'dQ_mvar': 0.0}, '55': {'dP_mw': 0.0, 'dQ_mvar': 0.0}, '61': {'dP_mw': 0.0, 'dQ_mvar': 0.0}}",1.0445484956585294,0.0,0.0,Uncontrolled_breaker_closed,5.65
14,1790959776.9129422,40,(1.024694112+0.010033505j),(1.028554113+0.011553958j),(1.028645913+0.011621318j),(1.031711782+0.012740206j),(1.031806037+0.012807582j),(1.033947636+0.013589158j),(1.034126551+0.013710041j),(1.041906315+0.017235723j),(1.03377594+0.013481231j),(1.020811235+0.007763426j),(1.020237122+0.007391812j),(1.003998126+0.000227314j),(1.00382554+0.000120858j),(1.012089702+0.003966762j),(1.012447165+0.004208478j),(1.018280691+0.006923233j),(1.018638154+0.00716495j),(1.024471679+0.009879705j),(1.024650411+0.010000564j),(1.028597814+0.011586899j),(1.028598786+0.011587631j),(1.031758909+0.012773894j),(1.033994764+0.013622846j),(1.042038103+0.017322918j),(1.020592412+0.007621811j),(1.003642837-2.686e-06j),(1.003646808+0j),(1.012268433+0.00408762j),(1.018459422+0.007044092j),(1.02859536+0.011586884j),(1.024785441+0.010088481j),(1.003646808+0j),(1.003642837-2.686e-06j),(1.003642837-2.686e-06j),(1.020586259+0.007622428j),(1.021347478+0.00779417j),(1.034732995+0.013798297j),(1.033994764+0.013622846j),(1.028598786+0.011587631j),(1.042770338+0.017497596j),(1.042032072+0.017323467j),(1.012268433+0.00408762j),(1.012268433+0.00408762j),(1.024650411+0.010000564j),(1.018459422+0.007044092j),(1.031758909+0.012773894j),(1.020566482+0.007618153j),(1.020584721+0.007622582j),(1.02388636+0.009319012j),(1.021536245+0.007837259j),(1.044385298+0.018463724j),(1.042953396+0.017541266j),(1.042016308+0.017320004j),(1.042030565+0.017323604j),(1.038083199+0.014857627j),(1.034917553+0.01384216j),(1.028573606+0.011588104j),(1.02574001+0.010390546j),(-0.039503007+4.1256e-05j),(-0.039500725+3.337e-05j),(-0.039836761+2.726e-05j),(-0.03972334+3.3135e-05j),"{'64': {'dP_mw': 0.0, 'dQ_mvar': 0.0}, '57': {'dP_mw': 0.0, 'dQ_mvar': 0.0}, '55': {'dP_mw': 0.0, 'dQ_mvar': 0.0}, '61': {'dP_mw': 0.0, 'dQ_mvar': 0.0}}",1.0445484956585294,0.0,0.0,Uncontrolled_breaker_closed,5.7
15,1790959776.9633584,40,(1.024694112+0.010033505j),(1.028554113+0.011553958j),(1.028645913+0.011621318j),(1.031711782+0.012740206j),(1.031806037+0.012807582j),(1.033947636+0.013589158j),(1.034126551+0.013710041j),(1.041906315+0.017235723j),(1.03377594+0.013481231j),(1.020811235+0.007763426j),(1.020237122+0.007391812j),(1.003998126+0.000227314j),(1.00382554+0.000120858j),(1.012089702+0.003966762j),(1.012447165+0.004208478j),(1.018280691+0.006923233j),(1.018638154+0.00716495j),(1.024471679+0.009879705j),(1.024650411+0.010000564j),(1.028597814+0.011586899j),(1.028598786+0.011587631j),(1.031758909+0.012773894j),(1.033994764+0.013622846j),(1.042038103+0.017322918j),(1.020592412+0.007621811j),(1.003642837-2.686e-06j),(1.003646808+0j),(1.012268433+0.00408762j),(1.018459422+0.007044092j),(1.02859536+0.011586884j),(1.024785441+0.010088481j),(1.003646808+0j),(1.003642837-2.686e-06j),(1.003642837-2.686e-06j),(1.020586259+0.007622428j),(1.021347478+0.00779417j),(1.034732995+0.013798297j),(1.033994764+0.013622846j),(1.028598786+0.011587631j),(1.042770338+0.017497596j),(1.042032072+0.017323467j),(1.012268433+0.00408762j),(1.012268433+0.00408762j),(1.024650411+0.010000564j),(1.018459422+0.007044092j),(1.031758909+0.012773894j),(1.020566482+0.007618153j),(1.020584721+0.007622582j),(1.02388636+0.009319012j),(1.021536245+0.007837259j),(1.044385298+0.018463724j),(1.042953396+0.017541266j),(1.042016308+0.017320004j),(1.042030565+0.017323604j),(1.038083199+0.014857627j),(1.034917553+0.01384216j),(1.028573606+0.011588104j),(1.02574001+0.010390546j),(-0.039503007+4.1256e-05j),(-0.039500725+3.337e-05j),(-0.039836761+2.726e-05j),(-0.03972334+3.3135e-05j),"{'64': {'dP_mw': 0.0, 'dQ_mvar': 0.0}, '57': {'dP_mw': 0.0, 'dQ_mvar': 0.0}, '55': {'dP_mw': 0.0, 'dQ_mvar': 0.0}, '61': {'dP_mw': 0.0, 'dQ_mvar': 0.0}}",1.0445484956585294,0.0,0.0,Uncontrolled_breaker_closed,5.75
16,1790959777.0135546,40,(1.024694112+0.010033505j),(1.028554113+0.011553958j),(1.028645913+0.011621318j),(1.031711782+0.012740206j),(1.031806037+0.012807582j),(1.033947636+0.013589158j),(1.034126551+0.013710041j),(1.041906315+0.017235723j),(1.03377594+0.013481231j),(1.020811235+0.007763426j),(1.020237122+0.007391812j),(1.003998126+0.000227314j),(1.00382554+0.000120858j),(1.012089702+0.003966762j),(1.012447165+0.004208478j),(1.018280691+0.006923233j),(1.018638154+0.00716495j),(1.024471679+0.009879705j),(1.024650411+0.010000564j),(1.028597814+0.011586899j),(1.028598786+0.011587631j),(1.031758909+0.012773894j),(1.033994764+0.013622846j),(1.042038103+0.017322918j),(1.020592412+0.007621811j),(1.003642837-2.686e-06j),(1.003646808+0j),(1.012268433+0.00408762j),(1.018459422+0.007044092j),(1.02859536+0.011586884j),(1.024785441+0.010088481j),(1.003646808+0j),(1.003642837-2.686e-06j),(1.003642837-2.686e-06j),(1.020586259+0.007622428j),(1.021347478+0.00779417j),(1.034732995+0.013798297j),(1.033994764+0.013622846j),(1.028598786+0.011587631j),(1.042770338+0.017497596j),(1.042032072+0.017323467j),(1.012268433+0.00408762j),(1.012268433+0.00408762j),(1.024650411+0.010000564j),(1.018459422+0.007044092j),(1.031758909+0.012773894j),(1.020566482+0.007618153j),(1.020584721+0.007622582j),(1.02388636+0.009319012j),(1.021536245+0.007837259j),(1.044385298+0.018463724j),(1.042953396+0.017541266j),(1.042016308+0.017320004j),(1.042030565+0.017323604j),(1.038083199+0.014857627j),(1.034917553+0.01384216j),(1.028573606+0.011588104j),(1.02574001+0.010390546j),(-0.039503007+4.1256e-05j),(-0.039500725+3.337e-05j),(-0.039836761+2.726e-05j),(-0.03972334+3.3135e-05j),"{'64': {'dP_mw': 0.0, 'dQ_mvar': 0.0}, '57': {'dP_mw': 0.0, 'dQ_mvar': 0.0}, '55': {'dP_mw': 0.0, 'dQ_mvar': 0.0}, '61': {'dP_mw': 0.0, 'dQ_mvar': 0.0}}",1.0445484956585294,0.0,0.0,Uncontrolled_breaker_closed,5.8
17,1790959777.0630558,40,(1.024694112+0.010033505j),(1.028554113+0.011553958j),(1.028645913+0.011621318j),(1.031711782+0.012740206j),(1.031806037+0.012807582j),(1.033947636+0.013589158j),(1.034126551+0.013710041j),(1.041906315+0.017235723j),(1.03377594+0.013481231j),(1.020811235+0.007763426j),(1.020237122+0.007391812j),(1.003998126+0.000227314j),(1.00382554+0.000120858j),(1.012089702+0.003966762j),(1.012447165+0.004208478j),(1.018280691+0.006923233j),(1.018638154+0.00716495j),(1.024471679+0.009879705j),(1.024650411+0.010000564j),(1.028597814+0.011586899j),(1.028598786+0.011587631j),(1.031758909+0.012773894j),(1.033994764+0.013622846j),(1.042038103+0.017322918j),(1.020592412+0.007621811j),(1.003642837-2.686e-06j),(1.003646808+0j),(1.012268433+0.00408762j),(1.018459422+0.007044092j),(1.02859536+0.011586884j),(1.024785441+0.010088481j),(1.003646808+0j),(1.003642837-2.686e-06j),(1.003642837-2.686e-06j),(1.020586259+0.007622428j),(1.021347478+0.00779417j),(1.034732995+0.013798297j),(1.033994764+0.013622846j),(1.028598786+0.011587631j),(1.042770338+0.017497596j),(1.042032072+0.017323467j),(1.012268433+0.00408762j),(1.012268433+0.00408762j),(1.024650411+0.010000564j),(1.018459422+0.007044092j),(1.031758909+0.012773894j),(1.020566482+0.007618153j),(1.020584721+0.007622582j),(1.02388636+0.009319012j),(1.021536245+0.007837259j),(1.044385298+0.018463724j),(1.042953396+0.017541266j),(1.042016308+0.017320004j),(1.042030565+0.017323604j),(1.038083199+0.014857627j),(1.034917553+0.01384216j),(1.028573606+0.011588104j),(1.02574001+0.010390546j),(-0.039503007+4.1256e-05j),(-0.039500725+3.337e-05j),(-0.039836761+2.726e-05j),(-0.03972334+3.3135e-05j),"{'64': {'dP_mw': 0.0, 'dQ_mvar': 0.0}, '57': {'dP_mw': 0.0, 'dQ_mvar': 0.0}, '55': {'dP_mw': 0.0, 'dQ_mvar': 0.0}, '61': {'dP_mw': 0.0, 'dQ_mvar': 0.0}}",1.0445484956585294,0.0,0.0,Uncontrolled_breaker_closed,5.85
18,1790959777.1148713,40,(1.024694112+0.010033505j),(1.028554113+0.011553958j),(1.028645913+0.011621318j),(1.031711782+0.012740206j),(1.031806037+0.012807582j),(1.033947636+0.013589158j),(1.034126551+0.013710041j),(1.041906315+0.017235723j),(1.03377594+0.013481231j),(1.020811235+0.007763426j),(1.020237122+0.007391812j),(1.003998126+0.000227314j),(1.00382554+0.000120858j),(1.012089702+0.003966762j),(1.012447165+0.004208478j),(1.018280691+0.006923233j),(1.018638154+0.00716495j),(1.024471679+0.009879705j),(1.024650411+0.010000564j),(1.028597814+0.011586899j),(1.028598786+0.011587631j),(1.031758909+0.012773894j),(1.033994764+0.013622846j),(1.042038103+0.017322918j),(1.020592412+0.007621811j),(1.003642837-2.686e-06j),(1.003646808+0j),(1.012268433+0.00408762j),(1.018459422+0.007044092j),(1.02859536+0.011586884j),(1.024785441+0.010088481j),(1.003646808+0j),(1.003642837-2.686e-06j),(1.003642837-2.686e-06j),(1.020586259+0.007622428j),(1.021347478+0.00779417j),(1.034732995+0.013798297j),(1.033994764+0.013622846j),(1.028598786+0.011587631j),(1.042770338+0.017497596j),(1.042032072+0.017323467j),(1.012268433+0.00408762j),(1.012268433+0.00408762j),(1.024650411+0.010000564j),(1.018459422+0.007044092j),(1.031758909+0.012773894j),(1.020566482+0.007618153j),(1.020584721+0.007622582j),(1.02388636+0.009319012j),(1.021536245+0.007837259j),(1.044385298+0.018463724j),(1.042953396+0.017541266j),(1.042016308+0.017320004j),(1.042030565+0.017323604j),(1.038083199+0.014857627j),(1.034917553+0.01384216j),(1.028573606+0.011588104j),(1.02574001+0.010390546j),(-0.039503007+4.1256e-05j),(-0.039500725+3.337e-05j),(-0.039836761+2.726e-05j),(-0.03972334+3.3135e-05j),"{'64': {'dP_mw': 0.0, 'dQ_mvar': 0.0}, '57': {'dP_mw': 0.0, 'dQ_mvar': 0.0}, '55': {'dP_mw': 0.0, 'dQ_mvar': 0.0}, '61': {'dP_mw': 0.0, 'dQ_mvar': 0.0}}",1.0445484956585294,0.0,0.0,Uncontrolled_breaker_closed,5.9
19,1790959777.1643553,40,(1.024694112+0.010033505j),(1.028554113+0.011553958j),(1.028645913+0.011621318j),(1.031711782+0.012740206j),(1.031806037+0.012807582j),(1.033947636+0.013589158j),(1.034126551+0.013710041j),(1.041906315+0.017235723j),(1.03377594+0.013481231j),(1.020811235+0.007763426j),(1.020237122+0.007391812j),(1.003998126+0.000227314j),(1.00382554+0.000120858j),(1.012089702+0.003966762j),(1.012447165+0.004208478j),(1.018280691+0.006923233j),(1.018638154+0.00716495j),(1.024471679+0.009879705j),(1.024650411+0.010000564j),(1.028597814+0.011586899j),(1.028598786+0.011587631j),(1.031758909+0.012773894j),(1.033994764+0.013622846j),(1.042038103+0.017322918j),(1.020592412+0.007621811j),(1.003642837-2.686e-06j),(1.003646808+0j),(1.012268433+0.00408762j),(1.018459422+0.007044092j),(1.02859536+0.011586884j),(1.024785441+0.010088481j),(1.003646808+0j),(1.003642837-2.686e-06j),(1.003642837-2.686e-06j),(1.020586259+0.007622428j),(1.021347478+0.00779417j),(1.034732995+0.013798297j),(1.033994764+0.013622846j),(1.028598786+0.011587631j),(1.042770338+0.017497596j),(1.042032072+0.017323467j),(1.012268433+0.00408762j),(1.012268433+0.00408762j),(1.024650411+0.010000564j),(1.018459422+0.007044092j),(1.031758909+0.012773894j),(1.020566482+0.007618153j),(1.020584721+0.007622582j),(1.02388636+0.009319012j),(1.021536245+0.007837259j),(1.044385298+0.018463724j),(1.042953396+0.017541266j),(1.042016308+0.017320004j),(1.042030565+0.017323604j),(1.038083199+0.014857627j),(1.034917553+0.01384216j),(1.028573606+0.011588104j),(1.02574001+0.010390546j),(-0.039503007+4.1256e-05j),(-0.039500725+3.337e-05j),(-0.039836761+2.726e-05j),(-0.03972334+3.3135e-05j),"{'64': {'dP_mw': 0.0, 'dQ_mvar': 0.0}, '57': {'dP_mw': 0.0, 'dQ_mvar': 0.0}, '55': {'dP_mw': 0.0, 'dQ_mvar': 0.0}, '61': {'dP_mw': 0.0, 'dQ_mvar': 0.0}}",1.0445484956585294,0.0,0.0,Uncontrolled_breaker_closed,5.95
20,1790959777.2154732,41,(1.024694112+0.010033505j),(1.028554113+0.011553958j),(1.028645913+0.011621318j),(1.031711782+0.012740206j),(1.031806037+0.012807582j),(1.033947636+0.013589158j),(1.034126551+0.013710041j),(1.041906315+0.017235723j),(1.03377594+0.013481231j),(1.020811235+0.007763426j),(1.020237122+0.007391812j),(1.003998126+0.000227314j),(1.00382554+0.000120858j),(1.012089702+0.003966762j),(1.012447165+0.004208478j),(1.018280691+0.006923233j),(1.018638154+0.00716495j),(1.024471679+0.009879705j),(1.024650411+0.010000564j),(1.028597814+0.011586899j),(1.028598786+0.011587631j),(1.031758909+0.012773894j),(1.033994764+0.013622846j),(1.042038103+0.017322918j),(1.020592412+0.007621811j),(1.003642837-2.686e-06j),(1.003646808+0j),(1.012268433+0.00408762j),(1.018459422+0.007044092j),(1.02859536+0.011586884j),(1.024785441+0.010088481j),(1.003646808+0j),(1.003642837-2.686e-06j),(1.003642837-2.686e-06j),(1.020586259+0.007622428j),(1.021347478+0.00779417j),(1.034732995+0.013798297j),(1.033994764+0.013622846j),(1.028598786+0.011587631j),(1.042770338+0.017497596j),(1.042032072+0.017323467j),(1.012268433+0.00408762j),(1.012268433+0.00408762j),(1.024650411+0.010000564j),(1.018459422+0.007044092j),(1.031758909+0.012773894j),(1.020566482+0.007618153j),(1.020584721+0.007622582j),(1.02388636+0.009319012j),(1.021536245+0.007837259j),(1.044385298+0.018463724j),(1.042953396+0.017541266j),(1.042016308+0.017320004j),(1.042030565+0.017323604j),(1.038083199+0.014857627j),(1.034917553+0.01384216j),(1.028573606+0.011588104j),(1.02574001+0.010390546j),(-0.039503007+4.1256e-05j),(-0.039500725+3.337e-05j),(-0.039836761+2.726e-05j),(-0.03972334+3.3135e-05j),"{'64': {'dP_mw': 0.0, 'dQ_mvar': 0.0}, '57': {'dP_mw': 0.0, 'dQ_mvar': 0.0}, '55': {'dP_mw': 0.0, 'dQ_mvar': 0.0}, '61': {'dP_mw': -0.05, 'dQ_mvar': -0.05}}",1.0445484956585294,-0.05,-0.05,Uncontrolled_breaker_closed,6.0
21,1790959777.2649107,41,(1.041940719+0.007214562j),(1.050646671+0.006277189j),(1.050880495+0.006315903j),(1.057543515+0.005607424j),(1.057778164+0.005646434j),(1.062432479+0.005151541j),(1.062678848+0.00525485j),(1.070283138+0.008622993j),(1.06213583+0.005083944j),(1.039165345+0.003972039j),(1.038202971+0.003711493j),(1.014343262+0.000171114j),(1.014047376+0.000104884j),(1.025053528+0.002827565j),(1.025547579+0.003037333j),(1.033316627+0.004959226j),(1.033810679+0.005168994j),(1.041579726+0.007090887j),(1.041826752+0.00719577j),(1.050760638+0.00629598j),(1.05076317+0.006296398j),(1.057660839+0.005626929j),(1.062549804+0.005171046j),(1.070412182+0.008706797j),(1.038751371+0.003884938j),(1.013794861-2.331e-06j),(1.013800351+0j),(1.025300553+0.002932449j),(1.033563653+0.00506411j),(1.050759813+0.006295684j),(1.041959811+0.007281863j),(1.013800351+0j),(1.013794861-2.331e-06j),(1.013794861-2.331e-06j),(1.038745328+0.003885566j),(1.039493972+0.004051496j),(1.064374363+0.004624353j),(1.062549804+0.005171046j),(1.05076317+0.006296398j),(1.071126593+0.008870785j),(1.070406315+0.008707381j),(1.025300553+0.002932449j),(1.025300553+0.002932449j),(1.041826752+0.00719577j),(1.033563653+0.00506411j),(1.057660839+0.005626929j),(1.038725881+0.003881438j),(1.038743818+0.003885723j),(1.041994453+0.005540428j),(1.039679622+0.004093136j),(1.072707075+0.009798043j),(1.071305195+0.008911782j),(1.070390939+0.008704139j),(1.070404849+0.008707527j),(1.072985185+0.002715051j),(1.064830502+0.00448768j),(1.050738524+0.006296992j),(1.042899544+0.007576273j),(-0.039503007+4.1256e-05j),(-0.039500725+3.337e-05j),(-0.039836761+2.726e-05j),(-0.08972334-0.049966865j),"{'64': {'dP_mw': 0.0, 'dQ_mvar': 0.0}, '57': {'dP_mw': 0.0, 'dQ_mvar': 0.0}, '55': {'dP_mw': 0.0, 'dQ_mvar': 0.0}, '61': {'dP_mw': -0.05, 'dQ_mvar': -0.05}}",1.0729886200381702,-0.05,-0.05,Uncontrolled_breaker_closed,6.05
22,1790959777.3153129,41,(1.041940719+0.007214562j),(1.050646671+0.006277189j),(1.050880495+0.006315903j),(1.057543515+0.005607424j),(1.057778164+0.005646434j),(1.062432479+0.005151541j),(1.062678848+0.00525485j),(1.070283138+0.008622993j),(1.06213583+0.005083944j),(1.039165345+0.003972039j),(1.038202971+0.003711493j),(1.014343262+0.000171114j),(1.014047376+0.000104884j),(1.025053528+0.002827565j),(1.025547579+0.003037333j),(1.033316627+0.004959226j),(1.033810679+0.005168994j),(1.041579726+0.007090887j),(1.041826752+0.00719577j),(1.050760638+0.00629598j),(1.05076317+0.006296398j),(1.057660839+0.005626929j),(1.062549804+0.005171046j),(1.070412182+0.008706797j),(1.038751371+0.003884938j),(1.013794861-2.331e-06j),(1.013800351+0j),(1.025300553+0.002932449j),(1.033563653+0.00506411j),(1.050759813+0.006295684j),(1.041959811+0.007281863j),(1.013800351+0j),(1.013794861-2.331e-06j),(1.013794861-2.331e-06j),(1.038745328+0.003885566j),(1.039493972+0.004051496j),(1.064374363+0.004624353j),(1.062549804+0.005171046j),(1.05076317+0.006296398j),(1.071126593+0.008870785j),(1.070406315+0.008707381j),(1.025300553+0.002932449j),(1.025300553+0.002932449j),(1.041826752+0.00719577j),(1.033563653+0.00506411j),(1.057660839+0.005626929j),(1.038725881+0.003881438j),(1.038743818+0.003885723j),(1.041994453+0.005540428j),(1.039679622+0.004093136j),(1.072707075+0.009798043j),(1.071305195+0.008911782j),(1.070390939+0.008704139j),(1.070404849+0.008707527j),(1.072985185+0.002715051j),(1.064830502+0.00448768j),(1.050738524+0.006296992j),(1.042899544+0.007576273j),(-0.039503007+4.1256e-05j),(-0.039500725+3.337e-05j),(-0.039836761+2.726e-05j),(-0.08972334-0.049966865j),"{'64': {'dP_mw': 0.0, 'dQ_mvar': 0.0}, '57': {'dP_mw': 0.0, 'dQ_mvar': 0.0}, '55': {'dP_mw': 0.0, 'dQ_mvar': 0.0}, '61': {'dP_mw': -0.05, 'dQ_mvar': -0.05}}",1.0729886200381702,-0.05,-0.05,Uncontrolled_breaker_closed,6.1
23,1790959777.365547,41,(1.041940719+0.007214562j),(1.050646671+0.006277189j),(1.050880495+0.006315903j),(1.057543515+0.005607424j),(1.057778164+0.005646434j),(1.062432479+0.005151541j),(1.062678848+0.00525485j),(1.070283138+0.008622993j),(1.06213583+0.005083944j),(1.039165345+0.003972039j),(1.038202971+0.003711493j),(1.014343262+0.000171114j),(1.014047376+0.000104884j),(1.025053528+0.002827565j),(1.025547579+0.003037333j),(1.033316627+0.004959226j),(1.033810679+0.005168994j),(1.041579726+0.007090887j),(1.041826752+0.00719577j),(1.050760638+0.00629598j),(1.05076317+0.006296398j),(1.057660839+0.005626929j),(1.062549804+0.005171046j),(1.070412182+0.008706797j),(1.038751371+0.003884938j),(1.013794861-2.331e-06j),(1.013800351+0j),(1.025300553+0.002932449j),(1.033563653+0.00506411j),(1.050759813+0.006295684j),(1.041959811+0.007281863j),(1.013800351+0j),(1.013794861-2.331e-06j),(1.013794861-2.331e-06j),(1.038745328+0.003885566j),(1.039493972+0.004051496j),(1.064374363+0.004624353j),(1.062549804+0.005171046j),(1.05076317+0.006296398j),(1.071126593+0.008870785j),(1.070406315+0.008707381j),(1.025300553+0.002932449j),(1.025300553+0.002932449j),(1.041826752+0.00719577j),(1.033563653+0.00506411j),(1.057660839+0.005626929j),(1.038725881+0.003881438j),(1.038743818+0.003885723j),(1.041994453+0.005540428j),(1.039679622+0.004093136j),(1.072707075+0.009798043j),(1.071305195+0.008911782j),(1.070390939+0.008704139j),(1.070404849+0.008707527j),(1.072985185+0.002715051j),(1.064830502+0.00448768j),(1.050738524+0.006296992j),(1.042899544+0.007576273j),(-0.039503007+4.1256e-05j),(-0.039500725+3.337e-05j),(-0.039836761+2.726e-05j),(-0.08972334-0.049966865j),"{'64': {'dP_mw': 0.0, 'dQ_mvar': 0.0}, '57': {'dP_mw': 0.0, 'dQ_mvar': 0.0}, '55': {'dP_mw': 0.0, 'dQ_mvar': 0.0}, '61': {'dP_mw': -0.05, 'dQ_mvar': -0.05}}",1.0729886200381702,-0.05,-0.05,Uncontrolled_breaker_closed,6.15
24,1790959777.414452,41,(1.041940719+0.007214562j),(1.050646671+0.006277189j),(1.050880495+0.006315903j),(1.057543515+0.005607424j),(1.057778164+0.005646434j),(1.062432479+0.005151541j),(1.062678848+0.00525485j),(1.070283138+0.008622993j),(1.06213583+0.005083944j),(1.039165345+0.003972039j),(1.038202971+0.003711493j),(1.014343262+0.000171114j),(1.014047376+0.000104884j),(1.025053528+0.002827565j),(1.025547579+0.003037333j),(1.033316627+0.004959226j),(1.033810679+0.005168994j),(1.041579726+0.007090887j),(1.041826752+0.00719577j),(1.050760638+0.00629598j),(1.05076317+0.006296398j),(1.057660839+0.005626929j),(1.062549804+0.005171046j),(1.070412182+0.008706797j),(1.038751371+0.003884938j),(1.013794861-2.331e-06j),(1.013800351+0j),(1.025300553+0.002932449j),(1.033563653+0.00506411j),(1.050759813+0.006295684j),(1.041959811+0.007281863j),(1.013800351+0j),(1.013794861-2.331e-06j),(1.013794861-2.331e-06j),(1.038745328+0.003885566j),(1.039493972+0.004051496j),(1.064374363+0.004624353j),(1.062549804+0.005171046j),(1.05076317+0.006296398j),(1.071126593+0.008870785j),(1.070406315+0.008707381j),(1.025300553+0.002932449j),(1.025300553+0.002932449j),(1.041826752+0.00719577j),(1.033563653+0.00506411j),(1.057660839+0.005626929j),(1.038725881+0.003881438j),(1.038743818+0.003885723j),(1.041994453+0.005540428j),(1.039679622+0.004093136j),(1.072707075+0.009798043j),(1.071305195+0.008911782j),(1.070390939+0.008704139j),(1.070404849+0.008707527j),(1.072985185+0.002715051j),(1.064830502+0.00448768j),(1.050738524+0.006296992j),(1.042899544+0.007576273j),(-0.039503007+4.1256e-05j),(-0.039500725+3.337e-05j),(-0.039836761+2.726e-05j),(-0.08972334-0.049966865j),"{'64': {'dP_mw': 0.0, 'dQ_mvar': 0.0}, '57': {'dP_mw': 0.0, 'dQ_mvar': 0.0}, '55': {'dP_mw': 0.0, 'dQ_mvar': 0.0}, '61': {'dP_mw': -0.05, 'dQ_mvar': -0.05}}",1.0729886200381702,-0.05,-0.05,Uncontrolled_breaker_closed,6.2
25,1790959777.466468,41,(1.041940719+0.007214562j),(1.050646671+0.006277189j),(1.050880495+0.006315903j),(1.057543515+0.005607424j),(1.057778164+0.005646434j),(1.062432479+0.005151541j),(1.062678848+0.00525485j),(1.070283138+0.008622993j),(1.06213583+0.005083944j),(1.039165345+0.003972039j),(1.038202971+0.003711493j),(1.014343262+0.000171114j),(1.014047376+0.000104884j),(1.025053528+0.002827565j),(1.025547579+0.003037333j),(1.033316627+0.004959226j),(1.033810679+0.005168994j),(1.041579726+0.007090887j),(1.041826752+0.00719577j),(1.050760638+0.00629598j),(1.05076317+0.006296398j),(1.057660839+0.005626929j),(1.062549804+0.005171046j),(1.070412182+0.008706797j),(1.038751371+0.003884938j),(1.013794861-2.331e-06j),(1.013800351+0j),(1.025300553+0.002932449j),(1.033563653+0.00506411j),(1.050759813+0.006295684j),(1.041959811+0.007281863j),(1.013800351+0j),(1.013794861-2.331e-06j),(1.013794861-2.331e-06j),(1.038745328+0.003885566j),(1.039493972+0.004051496j),(1.064374363+0.004624353j),(1.062549804+0.005171046j),(1.05076317+0.006296398j),(1.071126593+0.008870785j),(1.070406315+0.008707381j),(1.025300553+0.002932449j),(1.025300553+0.002932449j),(1.041826752+0.00719577j),(1.033563653+0.00506411j),(1.057660839+0.005626929j),(1.038725881+0.003881438j),(1.038743818+0.003885723j),(1.041994453+0.005540428j),(1.039679622+0.004093136j),(1.072707075+0.009798043j),(1.071305195+0.008911782j),(1.070390939+0.008704139j),(1.070404849+0.008707527j),(1.072985185+0.002715051j),(1.064830502+0.00448768j),(1.050738524+0.006296992j),(1.042899544+0.007576273j),(-0.039503007+4.1256e-05j),(-0.039500725+3.337e-05j),(-0.039836761+2.726e-05j),(-0.08972334-0.049966865j),"{'64': {'dP_mw': 0.0, 'dQ_mvar': 0.0}, '57': {'dP_mw': 0.0, 'dQ_mvar': 0.0}, '55': {'dP_mw': 0.0, 'dQ_mvar': 0.0}, '61': {'dP_mw': -0.05, 'dQ_mvar': -0.05}}",1.0729886200381702,-0.05,-0.05,Uncontrolled_breaker_closed,6.25
26,1790959777.5151777,41,(1.041940719+0.007214562j),(1.050646671+0.006277189j),(1.050880495+0.006315903j),(1.057543515+0.005607424j),(1.057778164+0.005646434j),(1.062432479+0.005151541j),(1.062678848+0.00525485j),(1.070283138+0.008622993j),(1.06213583+0.005083944j),(1.039165345+0.003972039j),(1.038202971+0.003711493j),(1.014343262+0.000171114j),(1.014047376+0.000104884j),(1.025053528+0.002827565j),(1.025547579+0.003037333j),(1.033316627+0.004959226j),(1.033810679+0.005168994j),(1.041579726+0.007090887j),(1.041826752+0.00719577j),(1.050760638+0.00629598j),(1.05076317+0.006296398j),(1.057660839+0.005626929j),(1.062549804+0.005171046j),(1.070412182+0.008706797j),(1.038751371+0.003884938j),(1.013794861-2.331e-06j),(1.013800351+0j),(1.025300553+0.002932449j),(1.033563653+0.00506411j),(1.050759813+0.006295684j),(1.041959811+0.007281863j),(1.013800351+0j),(1.013794861-2.331e-06j),(1.013794861-2.331e-06j),(1.038745328+0.003885566j),(1.039493972+0.004051496j),(1.064374363+0.004624353j),(1.062549804+0.005171046j),(1.05076317+0.006296398j),(1.071126593+0.008870785j),(1.070406315+0.008707381j),(1.025300553+0.002932449j),(1.025300553+0.002932449j),(1.041826752+0.00719577j),(1.033563653+0.00506411j),(1.057660839+0.005626929j),(1.038725881+0.003881438j),(1.038743818+0.003885723j),(1.041994453+0.005540428j),(1.039679622+0.004093136j),(1.072707075+0.009798043j),(1.071305195+0.008911782j),(1.070390939+0.008704139j),(1.070404849+0.008707527j),(1.072985185+0.002715051j),(1.064830502+0.00448768j),(1.050738524+0.006296992j),(1.042899544+0.007576273j),(-0.039503007+4.1256e-05j),(-0.039500725+3.337e-05j),(-0.039836761+2.726e-05j),(-0.08972334-0.049966865j),"{'64': {'dP_mw': 0.0, 'dQ_mvar': 0.0}, '57': {'dP_mw': 0.0, 'dQ_mvar': 0.0}, '55': {'dP_mw': 0.0, 'dQ_mvar': 0.0}, '61': {'dP_mw': -0.05, 'dQ_mvar': -0.05}}",1.0729886200381702,-0.05,-0.05,Uncontrolled_breaker_closed,6.3
27,1790959777.566659,41,(1.041940719+0.007214562j),(1.050646671+0.006277189j),(1.050880495+0.006315903j),(1.057543515+0.005607424j),(1.057778164+0.005646434j),(1.062432479+0.005151541j),(1.062678848+0.00525485j),(1.070283138+0.008622993j),(1.06213583+0.005083944j),(1.039165345+0.003972039j),(1.038202971+0.003711493j),(1.014343262+0.000171114j),(1.014047376+0.000104884j),(1.025053528+0.002827565j),(1.025547579+0.003037333j),(1.033316627+0.004959226j),(1.033810679+0.005168994j),(1.041579726+0.007090887j),(1.041826752+0.00719577j),(1.050760638+0.00629598j),(1.05076317+0.006296398j),(1.057660839+0.005626929j),(1.062549804+0.005171046j),(1.070412182+0.008706797j),(1.038751371+0.003884938j),(1.013794861-2.331e-06j),(1.013800351+0j),(1.025300553+0.002932449j),(1.033563653+0.00506411j),(1.050759813+0.006295684j),(1.041959811+0.007281863j),(1.013800351+0j),(1.013794861-2.331e-06j),(1.013794861-2.331e-06j),(1.038745328+0.003885566j),(1.039493972+0.004051496j),(1.064374363+0.004624353j),(1.062549804+0.005171046j),(1.05076317+0.006296398j),(1.071126593+0.008870785j),(1.070406315+0.008707381j),(1.025300553+0.002932449j),(1.025300553+0.002932449j),(1.041826752+0.00719577j),(1.033563653+0.00506411j),(1.057660839+0.005626929j),(1.038725881+0.003881438j),(1.038743818+0.003885723j),(1.041994453+0.005540428j),(1.039679622+0.004093136j),(1.072707075+0.009798043j),(1.071305195+0.008911782j),(1.070390939+0.008704139j),(1.070404849+0.008707527j),(1.072985185+0.002715051j),(1.064830502+0.00448768j),(1.050738524+0.006296992j),(1.042899544+0.007576273j),(-0.039503007+4.1256e-05j),(-0.039500725+3.337e-05j),(-0.039836761+2.726e-05j),(-0.08972334-0.049966865j),"{'64': {'dP_mw': 0.0, 'dQ_mvar': 0.0}, '57': {'dP_mw': 0.0, 'dQ_mvar': 0.0}, '55': {'dP_mw': 0.0, 'dQ_mvar': 0.0}, '61': {'dP_mw': -0.05, 'dQ_mvar': -0.05}}",1.0729886200381702,-0.05,-0.05,Uncontrolled_breaker_closed,6.35
28,1790959777.615057,41,(1.041940719+0.007214562j),(1.050646671+0.006277189j),(1.050880495+0.006315903j),(1.057543515+0.005607424j),(1.057778164+0.005646434j),(1.062432479+0.005151541j),(1.062678848+0.00525485j),(1.070283138+0.008622993j),(1.06213583+0.005083944j),(1.039165345+0.003972039j),(1.038202971+0.003711493j),(1.014343262+0.000171114j),(1.014047376+0.000104884j),(1.025053528+0.002827565j),(1.025547579+0.003037333j),(1.033316627+0.004959226j),(1.033810679+0.005168994j),(1.041579726+0.007090887j),(1.041826752+0.00719577j),(1.050760638+0.00629598j),(1.05076317+0.006296398j),(1.057660839+0.005626929j),(1.062549804+0.005171046j),(1.070412182+0.008706797j),(1.038751371+0.003884938j),(1.013794861-2.331e-06j),(1.013800351+0j),(1.025300553+0.002932449j),(1.033563653+0.00506411j),(1.050759813+0.006295684j),(1.041959811+0.007281863j),(1.013800351+0j),(1.013794861-2.331e-06j),(1.013794861-2.331e-06j),(1.038745328+0.003885566j),(1.039493972+0.004051496j),(1.064374363+0.004624353j),(1.062549804+0.005171046j),(1.05076317+0.006296398j),(1.071126593+0.008870785j),(1.070406315+0.008707381j),(1.025300553+0.002932449j),(1.025300553+0.002932449j),(1.041826752+0.00719577j),(1.033563653+0.00506411j),(1.057660839+0.005626929j),(1.038725881+0.003881438j),(1.038743818+0.003885723j),(1.041994453+0.005540428j),(1.039679622+0.004093136j),(1.072707075+0.009798043j),(1.071305195+0.008911782j),(1.070390939+0.008704139j),(1.070404849+0.008707527j),(1.072985185+0.002715051j),(1.064830502+0.00448768j),(1.050738524+0.006296992j),(1.042899544+0.007576273j),(-0.039503007+4.1256e-05j),(-0.039500725+3.337e-05j),(-0.039836761+2.726e-05j),(-0.08972334-0.049966865j),"{'64': {'dP_mw': 0.0, 'dQ_mvar': 0.0}, '57': {'dP_mw': 0.0, 'dQ_mvar': 0.0}, '55': {'dP_mw': 0.0, 'dQ_mvar': 0.0}, '61': {'dP_mw': -0.05, 'dQ_mvar': -0.05}}",1.0729886200381702,-0.05,-0.05,Uncontrolled_breaker_closed,6.4
29,1790959777.6661994,41,(1.041940719+0.007214562j),(1.050646671+0.006277189j),(1.050880495+0.006315903j),(1.057543515+0.005607424j),(1.057778164+0.005646434j),(1.062432479+0.005151541j),(1.062678848+0.00525485j),(1.070283138+0.008622993j),(1.06213583+0.005083944j),(1.039165345+0.003972039j),(1.038202971+0.003711493j),(1.014343262+0.000171114j),(1.014047376+0.000104884j),(1.025053528+0.002827565j),(1.025547579+0.003037333j),(1.033316627+0.004959226j),(1.033810679+0.005168994j),(1.041579726+0.007090887j),(1.041826752+0.00719577j),(1.050760638+0.00629598j),(1.05076317+0.006296398j),(1.057660839+0.005626929j),(1.062549804+0.005171046j),(1.070412182+0.008706797j),(1.038751371+0.003884938j),(1.013794861-2.331e-06j),(1.013800351+0j),(1.025300553+0.002932449j),(1.033563653+0.00506411j),(1.050759813+0.006295684j),(1.041959811+0.007281863j),(1.013800351+0j),(1.013794861-2.331e-06j),(1.013794861-2.331e-06j),(1.038745328+0.003885566j),(1.039493972+0.004051496j),(1.064374363+0.004624353j),(1.062549804+0.005171046j),(1.05076317+0.006296398j),(1.071126593+0.008870785j),(1.070406315+0.008707381j),(1.025300553+0.002932449j),(1.025300553+0.002932449j),(1.041826752+0.00719577j),(1.033563653+0.00506411j),(1.057660839+0.005626929j),(1.038725881+0.003881438j),(1.038743818+0.003885723j),(1.041994453+0.005540428j),(1.039679622+0.004093136j),(1.072707075+0.009798043j),(1.071305195+0.008911782j),(1.070390939+0.008704139j),(1.070404849+0.008707527j),(1.072985185+0.002715051j),(1.064830502+0.00448768j),(1.050738524+0.006296992j),(1.042899544+0.007576273j),(-0.039503007+4.1256e-05j),(-0.039500725+3.337e-05j),(-0.039836761+2.726e-05j),(-0.08972334-0.049966865j),"{'64': {'dP_mw': 0.0, 'dQ_mvar': 0.0}, '57': {'dP_mw': 0.0, 'dQ_mvar': 0.0}, '55': {'dP_mw': 0.0, 'dQ_mvar': 0.0}, '61': {'dP_mw': -0.05, 'dQ_mvar': -0.05}}",1.0729886200381702,-0.05,-0.05,Uncontrolled_breaker_closed,6.45
30,1790959777.716532,41,(1.041940719+0.007214562j),(1.050646671+0.006277189j),(1.050880495+0.006315903j),(1.057543515+0.005607424j),(1.057778164+0.005646434j),(1.062432479+0.005151541j),(1.062678848+0.00525485j),(1.070283138+0.008622993j),(1.06213583+0.005083944j),(1.039165345+0.003972039j),(1.038202971+0.003711493j),(1.014343262+0.000171114j),(1.014047376+0.000104884j),(1.025053528+0.002827565j),(1.025547579+0.003037333j),(1.033316627+0.004959226j),(1.033810679+0.005168994j),(1.041579726+0.007090887j),(1.041826752+0.00719577j),(1.050760638+0.00629598j),(1.05076317+0.006296398j),(1.057660839+0.005626929j),(1.062549804+0.005171046j),(1.070412182+0.008706797j),(1.038751371+0.003884938j),(1.013794861-2.331e-06j),(1.013800351+0j),(1.025300553+0.002932449j),(1.033563653+0.00506411j),(1.050759813+0.006295684j),(1.041959811+0.007281863j),(1.013800351+0j),(1.013794861-2.331e-06j),(1.013794861-2.331e-06j),(1.038745328+0.003885566j),(1.039493972+0.004051496j),(1.064374363+0.004624353j),(1.062549804+0.005171046j),(1.05076317+0.006296398j),(1.071126593+0.008870785j),(1.070406315+0.008707381j),(1.025300553+0.002932449j),(1.025300553+0.002932449j),(1.041826752+0.00719577j),(1.033563653+0.00506411j),(1.057660839+0.005626929j),(1.038725881+0.003881438j),(1.038743818+0.003885723j),(1.041994453+0.005540428j),(1.039679622+0.004093136j),(1.072707075+0.009798043j),(1.071305195+0.008911782j),(1.070390939+0.008704139j),(1.070404849+0.008707527j),(1.072985185+0.002715051j),(1.064830502+0.00448768j),(1.050738524+0.006296992j),(1.042899544+0.007576273j),(-0.039503007+4.1256e-05j),(-0.039500725+3.337e-05j),(-0.039836761+2.726e-05j),(-0.08972334-0.049966865j),"{'64': {'dP_mw': 0.0, 'dQ_mvar': 0.0}, '57': {'dP_mw': 0.0, 'dQ_mvar': 0.0}, '55': {'dP_mw': 0.0, 'dQ_mvar': 0.0}, '61': {'dP_mw': -0.05, 'dQ_mvar': -0.05}}",1.0729886200381702,-0.05,-0.05,Uncontrolled_breaker_closed,6.5
31,1790959777.7666147,41,(1.041940719+0.007214562j),(1.050646671+0.006277189j),(1.050880495+0.006315903j),(1.057543515+0.005607424j),(1.057778164+0.005646434j),(1.062432479+0.005151541j),(1.062678848+0.00525485j),(1.070283138+0.008622993j),(1.06213583+0.005083944j),(1.039165345+0.003972039j),(1.038202971+0.003711493j),(1.014343262+0.000171114j),(1.014047376+0.000104884j),(1.025053528+0.002827565j),(1.025547579+0.003037333j),(1.033316627+0.004959226j),(1.033810679+0.005168994j),(1.041579726+0.007090887j),(1.041826752+0.00719577j),(1.050760638+0.00629598j),(1.05076317+0.006296398j),(1.057660839+0.005626929j),(1.062549804+0.005171046j),(1.070412182+0.008706797j),(1.038751371+0.003884938j),(1.013794861-2.331e-06j),(1.013800351+0j),(1.025300553+0.002932449j),(1.033563653+0.00506411j),(1.050759813+0.006295684j),(1.041959811+0.007281863j),(1.013800351+0j),(1.013794861-2.331e-06j),(1.013794861-2.331e-06j),(1.038745328+0.003885566j),(1.039493972+0.004051496j),(1.064374363+0.004624353j),(1.062549804+0.005171046j),(1.05076317+0.006296398j),(1.071126593+0.008870785j),(1.070406315+0.008707381j),(1.025300553+0.002932449j),(1.025300553+0.002932449j),(1.041826752+0.00719577j),(1.033563653+0.00506411j),(1.057660839+0.005626929j),(1.038725881+0.003881438j),(1.038743818+0.003885723j),(1.041994453+0.005540428j),(1.039679622+0.004093136j),(1.072707075+0.009798043j),(1.071305195+0.008911782j),(1.070390939+0.008704139j),(1.070404849+0.008707527j),(1.072985185+0.002715051j),(1.064830502+0.00448768j),(1.050738524+0.006296992j),(1.042899544+0.007576273j),(-0.039503007+4.1256e-05j),(-0.039500725+3.337e-05j),(-0.039836761+2.726e-05j),(-0.08972334-0.049966865j),"{'64': {'dP_mw': 0.0, 'dQ_mvar': 0.0}, '57': {'dP_mw': 0.0, 'dQ_mvar': 0.0}, '55': {'dP_mw': 0.0, 'dQ_mvar': 0.0}, '61': {'dP_mw': -0.05, 'dQ_mvar': -0.05}}",1.0729886200381702,-0.05,-0.05,Uncontrolled_breaker_closed,6.55
32,1790959777.8160002,41,(1.041940719+0.007214562j),(1.050646671+0.006277189j),(1.050880495+0.006315903j),(1.057543515+0.005607424j),(1.057778164+0.005646434j),(1.062432479+0.005151541j),(1.062678848+0.00525485j),(1.070283138+0.008622993j),(1.06213583+0.005083944j),(1.039165345+0.003972039j),(1.038202971+0.003711493j),(1.014343262+0.000171114j),(1.014047376+0.000104884j),(1.025053528+0.002827565j),(1.025547579+0.003037333j),(1.033316627+0.004959226j),(1.033810679+0.005168994j),(1.041579726+0.007090887j),(1.041826752+0.00719577j),(1.050760638+0.00629598j),(1.05076317+0.006296398j),(1.057660839+0.005626929j),(1.062549804+0.005171046j),(1.070412182+0.008706797j),(1.038751371+0.003884938j),(1.013794861-2.331e-06j),(1.013800351+0j),(1.025300553+0.002932449j),(1.033563653+0.00506411j),(1.050759813+0.006295684j),(1.041959811+0.007281863j),(1.013800351+0j),(1.013794861-2.331e-06j),(1.013794861-2.331e-06j),(1.038745328+0.003885566j),(1.039493972+0.004051496j),(1.064374363+0.004624353j),(1.062549804+0.005171046j),(1.05076317+0.006296398j),(1.071126593+0.008870785j),(1.070406315+0.008707381j),(1.025300553+0.002932449j),(1.025300553+0.002932449j),(1.041826752+0.00719577j),(1.033563653+0.00506411j),(1.057660839+0.005626929j),(1.038725881+0.003881438j),(1.038743818+0.003885723j),(1.041994453+0.005540428j),(1.039679622+0.004093136j),(1.072707075+0.009798043j),(1.071305195+0.008911782j),(1.070390939+0.008704139j),(1.070404849+0.008707527j),(1.072985185+0.002715051j),(1.064830502+0.00448768j),(1.050738524+0.006296992j),(1.042899544+0.007576273j),(-0.039503007+4.1256e-05j),(-0.039500725+3.337e-05j),(-0.039836761+2.726e-05j),(-0.08972334-0.049966865j),"{'64': {'dP_mw': 0.0, 'dQ_mvar': 0.0}, '57': {'dP_mw': 0.0, 'dQ_mvar': 0.0}, '55': {'dP_mw': 0.0, 'dQ_mvar': 0.0}, '61': {'dP_mw': -0.05, 'dQ_mvar': -0.05}}",1.0729886200381702,-0.05,-0.05,Uncontrolled_breaker_closed,6.6
33,1790959777.8653815,41,(1.041940719+0.007214562j),(1.050646671+0.006277189j),(1.050880495+0.006315903j),(1.057543515+0.005607424j),(1.057778164+0.005646434j),(1.062432479+0.005151541j),(1.062678848+0.00525485j),(1.070283138+0.008622993j),(1.06213583+0.005083944j),(1.039165345+0.003972039j),(1.038202971+0.003711493j),(1.014343262+0.000171114j),(1.014047376+0.000104884j),(1.025053528+0.002827565j),(1.025547579+0.003037333j),(1.033316627+0.004959226j),(1.033810679+0.005168994j),(1.041579726+0.007090887j),(1.041826752+0.00719577j),(1.050760638+0.00629598j),(1.05076317+0.006296398j),(1.057660839+0.005626929j),(1.062549804+0.005171046j),(1.070412182+0.008706797j),(1.038751371+0.003884938j),(1.013794861-2.331e-06j),(1.013800351+0j),(1.025300553+0.002932449j),(1.033563653+0.00506411j),(1.050759813+0.006295684j),(1.041959811+0.007281863j),(1.013800351+0j),(1.013794861-2.331e-06j),(1.013794861-2.331e-06j),(1.038745328+0.003885566j),(1.039493972+0.004051496j),(1.064374363+0.004624353j),(1.062549804+0.005171046j),(1.05076317+0.006296398j),(1.071126593+0.008870785j),(1.070406315+0.008707381j),(1.025300553+0.002932449j),(1.025300553+0.002932449j),(1.041826752+0.00719577j),(1.033563653+0.00506411j),(1.057660839+0.005626929j),(1.038725881+0.003881438j),(1.038743818+0.003885723j),(1.041994453+0.005540428j),(1.039679622+0.004093136j),(1.072707075+0.009798043j),(1.071305195+0.008911782j),(1.070390939+0.008704139j),(1.070404849+0.008707527j),(1.072985185+0.002715051j),(1.064830502+0.00448768j),(1.050738524+0.006296992j),(1.042899544+0.007576273j),(-0.039503007+4.1256e-05j),(-0.039500725+3.337e-05j),(-0.039836761+2.726e-05j),(-0.08972334-0.049966865j),"{'64': {'dP_mw': 0.0, 'dQ_mvar': 0.0}, '57': {'dP_mw': 0.0, 'dQ_mvar': 0.0}, '55': {'dP_mw': 0.0, 'dQ_mvar': 0.0}, '61': {'dP_mw': -0.05, 'dQ_mvar': -0.05}}",1.0729886200381702,-0.05,-0.05,Uncontrolled_breaker_closed,6.65
34,1790959777.9157102,41,(1.041940719+0.007214562j),(1.050646671+0.006277189j),(1.050880495+0.006315903j),(1.057543515+0.005607424j),(1.057778164+0.005646434j),(1.062432479+0.005151541j),(1.062678848+0.00525485j),(1.070283138+0.008622993j),(1.06213583+0.005083944j),(1.039165345+0.003972039j),(1.038202971+0.003711493j),(1.014343262+0.000171114j),(1.014047376+0.000104884j),(1.025053528+0.002827565j),(1.025547579+0.003037333j),(1.033316627+0.004959226j),(1.033810679+0.005168994j),(1.041579726+0.007090887j),(1.041826752+0.00719577j),(1.050760638+0.00629598j),(1.05076317+0.006296398j),(1.057660839+0.005626929j),(1.062549804+0.005171046j),(1.070412182+0.008706797j),(1.038751371+0.003884938j),(1.013794861-2.331e-06j),(1.013800351+0j),(1.025300553+0.002932449j),(1.033563653+0.00506411j),(1.050759813+0.006295684j),(1.041959811+0.007281863j),(1.013800351+0j),(1.013794861-2.331e-06j),(1.013794861-2.331e-06j),(1.038745328+0.003885566j),(1.039493972+0.004051496j),(1.064374363+0.004624353j),(1.062549804+0.005171046j),(1.05076317+0.006296398j),(1.071126593+0.008870785j),(1.070406315+0.008707381j),(1.025300553+0.002932449j),(1.025300553+0.002932449j),(1.041826752+0.00719577j),(1.033563653+0.00506411j),(1.057660839+0.005626929j),(1.038725881+0.003881438j),(1.038743818+0.003885723j),(1.041994453+0.005540428j),(1.039679622+0.004093136j),(1.072707075+0.009798043j),(1.071305195+0.008911782j),(1.070390939+0.008704139j),(1.070404849+0.008707527j),(1.072985185+0.002715051j),(1.064830502+0.00448768j),(1.050738524+0.006296992j),(1.042899544+0.007576273j),(-0.039503007+4.1256e-05j),(-0.039500725+3.337e-05j),(-0.039836761+2.726e-05j),(-0.08972334-0.049966865j),"{'64': {'dP_mw': 0.0, 'dQ_mvar': 0.0}, '57': {'dP_mw': 0.0, 'dQ_mvar': 0.0}, '55': {'dP_mw': 0.0, 'dQ_mvar': 0.0}, '61': {'dP_mw': -0.05, 'dQ_mvar': -0.05}}",1.0729886200381702,-0.05,-0.05,Uncontrolled_breaker_closed,6.7
35,1790959777.967062,41,(1.041940719+0.007214562j),(1.050646671+0.006277189j),(1.050880495+0.006315903j),(1.057543515+0.005607424j),(1.057778164+0.005646434j),(1.062432479+0.005151541j),(1.062678848+0.00525485j),(1.070283138+0.008622993j),(1.06213583+0.005083944j),(1.039165345+0.003972039j),(1.038202971+0.003711493j),(1.014343262+0.000171114j),(1.014047376+0.000104884j),(1.025053528+0.002827565j),(1.025547579+0.003037333j),(1.033316627+0.004959226j),(1.033810679+0.005168994j),(1.041579726+0.007090887j),(1.041826752+0.00719577j),(1.050760638+0.00629598j),(1.05076317+0.006296398j),(1.057660839+0.005626929j),(1.062549804+0.005171046j),(1.070412182+0.008706797j),(1.038751371+0.003884938j),(1.013794861-2.331e-06j),(1.013800351+0j),(1.025300553+0.002932449j),(1.033563653+0.00506411j),(1.050759813+0.006295684j),(1.041959811+0.007281863j),(1.013800351+0j),(1.013794861-2.331e-06j),(1.013794861-2.331e-06j),(1.038745328+0.003885566j),(1.039493972+0.004051496j),(1.064374363+0.004624353j),(1.062549804+0.005171046j),(1.05076317+0.006296398j),(1.071126593+0.008870785j),(1.070406315+0.008707381j),(1.025300553+0.002932449j),(1.025300553+0.002932449j),(1.041826752+0.00719577j),(1.033563653+0.00506411j),(1.057660839+0.005626929j),(1.038725881+0.003881438j),(1.038743818+0.003885723j),(1.041994453+0.005540428j),(1.039679622+0.004093136j),(1.072707075+0.009798043j),(1.071305195+0.008911782j),(1.070390939+0.008704139j),(1.070404849+0.008707527j),(1.072985185+0.002715051j),(1.064830502+0.00448768j),(1.050738524+0.006296992j),(1.042899544+0.007576273j),(-0.039503007+4.1256e-05j),(-0.039500725+3.337e-05j),(-0.039836761+2.726e-05j),(-0.08972334-0.049966865j),"{'64': {'dP_mw': 0.0, 'dQ_mvar': 0.0}, '57': {'dP_mw': 0.0, 'dQ_mvar': 0.0}, '55': {'dP_mw': 0.0, 'dQ_mvar': 0.0}, '61': {'dP_mw': -0.05, 'dQ_mvar': -0.05}}",1.0729886200381702,-0.05,-0.05,Uncontrolled_breaker_closed,6.75
36,1790959778.016362,41,(1.041940719+0.007214562j),(1.050646671+0.006277189j),(1.050880495+0.006315903j),(1.057543515+0.005607424j),(1.057778164+0.005646434j),(1.062432479+0.005151541j),(1.062678848+0.00525485j),(1.070283138+0.008622993j),(1.06213583+0.005083944j),(1.039165345+0.003972039j),(1.038202971+0.003711493j),(1.014343262+0.000171114j),(1.014047376+0.000104884j),(1.025053528+0.002827565j),(1.025547579+0.003037333j),(1.033316627+0.004959226j),(1.033810679+0.005168994j),(1.041579726+0.007090887j),(1.041826752+0.00719577j),(1.050760638+0.00629598j),(1.05076317+0.006296398j),(1.057660839+0.005626929j),(1.062549804+0.005171046j),(1.070412182+0.008706797j),(1.038751371+0.003884938j),(1.013794861-2.331e-06j),(1.013800351+0j),(1.025300553+0.002932449j),(1.033563653+0.00506411j),(1.050759813+0.006295684j),(1.041959811+0.007281863j),(1.013800351+0j),(1.013794861-2.331e-06j),(1.013794861-2.331e-06j),(1.038745328+0.003885566j),(1.039493972+0.004051496j),(1.064374363+0.004624353j),(1.062549804+0.005171046j),(1.05076317+0.006296398j),(1.071126593+0.008870785j),(1.070406315+0.008707381j),(1.025300553+0.002932449j),(1.025300553+0.002932449j),(1.041826752+0.00719577j),(1.033563653+0.00506411j),(1.057660839+0.005626929j),(1.038725881+0.003881438j),(1.038743818+0.003885723j),(1.041994453+0.005540428j),(1.039679622+0.004093136j),(1.072707075+0.009798043j),(1.071305195+0.008911782j),(1.070390939+0.008704139j),(1.070404849+0.008707527j),(1.072985185+0.002715051j),(1.064830502+0.00448768j),(1.050738524+0.006296992j),(1.042899544+0.007576273j),(-0.039503007+4.1256e-05j),(-0.039500725+3.337e-05j),(-0.039836761+2.726e-05j),(-0.08972334-0.049966865j),"{'64': {'dP_mw': 0.0, 'dQ_mvar': 0.0}, '57': {'dP_mw': 0.0, 'dQ_mvar': 0.0}, '55': {'dP_mw': 0.0, 'dQ_mvar': 0.0}, '61': {'dP_mw': -0.05, 'dQ_mvar': -0.05}}",1.0729886200381702,-0.05,-0.05,Uncontrolled_breaker_closed,6.8
37,1790959778.0663235,41,(1.041940719+0.007214562j),(1.050646671+0.006277189j),(1.050880495+0.006315903j),(1.057543515+0.005607424j),(1.057778164+0.005646434j),(1.062432479+0.005151541j),(1.062678848+0.00525485j),(1.070283138+0.008622993j),(1.06213583+0.005083944j),(1.039165345+0.003972039j),(1.038202971+0.003711493j),(1.014343262+0.000171114j),(1.014047376+0.000104884j),(1.025053528+0.002827565j),(1.025547579+0.003037333j),(1.033316627+0.004959226j),(1.033810679+0.005168994j),(1.041579726+0.007090887j),(1.041826752+0.00719577j),(1.050760638+0.00629598j),(1.05076317+0.006296398j),(1.057660839+0.005626929j),(1.062549804+0.005171046j),(1.070412182+0.008706797j),(1.038751371+0.003884938j),(1.013794861-2.331e-06j),(1.013800351+0j),(1.025300553+0.002932449j),(1.033563653+0.00506411j),(1.050759813+0.006295684j),(1.041959811+0.007281863j),(1.013800351+0j),(1.013794861-2.331e-06j),(1.013794861-2.331e-06j),(1.038745328+0.003885566j),(1.039493972+0.004051496j),(1.064374363+0.004624353j),(1.062549804+0.005171046j),(1.05076317+0.006296398j),(1.071126593+0.008870785j),(1.070406315+0.008707381j),(1.025300553+0.002932449j),(1.025300553+0.002932449j),(1.041826752+0.00719577j),(1.033563653+0.00506411j),(1.057660839+0.005626929j),(1.038725881+0.003881438j),(1.038743818+0.003885723j),(1.041994453+0.005540428j),(1.039679622+0.004093136j),(1.072707075+0.009798043j),(1.071305195+0.008911782j),(1.070390939+0.008704139j),(1.070404849+0.008707527j),(1.072985185+0.002715051j),(1.064830502+0.00448768j),(1.050738524+0.006296992j),(1.042899544+0.007576273j),(-0.039503007+4.1256e-05j),(-0.039500725+3.337e-05j),(-0.039836761+2.726e-05j),(-0.08972334-0.049966865j),"{'64': {'dP_mw': 0.0, 'dQ_mvar': 0.0}, '57': {'dP_mw': 0.0, 'dQ_mvar': 0.0}, '55': {'dP_mw': 0.0, 'dQ_mvar': 0.0}, '61': {'dP_mw': -0.05, 'dQ_mvar': -0.05}}",1.0729886200381702,-0.05,-0.05,Uncontrolled_breaker_closed,6.85
38,1790959778.1165426,41,(1.041940719+0.007214562j),(1.050646671+0.006277189j),(1.050880495+0.006315903j),(1.057543515+0.005607424j),(1.057778164+0.005646434j),(1.062432479+0.005151541j),(1.062678848+0.00525485j),(1.070283138+0.008622993j),(1.06213583+0.005083944j),(1.039165345+0.003972039j),(1.038202971+0.003711493j),(1.014343262+0.000171114j),(1.014047376+0.000104884j),(1.025053528+0.002827565j),(1.025547579+0.003037333j),(1.033316627+0.004959226j),(1.033810679+0.005168994j),(1.041579726+0.007090887j),(1.041826752+0.00719577j),(1.050760638+0.00629598j),(1.05076317+0.006296398j),(1.057660839+0.005626929j),(1.062549804+0.005171046j),(1.070412182+0.008706797j),(1.038751371+0.003884938j),(1.013794861-2.331e-06j),(1.013800351+0j),(1.025300553+0.002932449j),(1.033563653+0.00506411j),(1.050759813+0.006295684j),(1.041959811+0.007281863j),(1.013800351+0j),(1.013794861-2.331e-06j),(1.013794861-2.331e-06j),(1.038745328+0.003885566j),(1.039493972+0.004051496j),(1.064374363+0.004624353j),(1.062549804+0.005171046j),(1.05076317+0.006296398j),(1.071126593+0.008870785j),(1.070406315+0.008707381j),(1.025300553+0.002932449j),(1.025300553+0.002932449j),(1.041826752+0.00719577j),(1.033563653+0.00506411j),(1.057660839+0.005626929j),(1.038725881+0.003881438j),(1.038743818+0.003885723j),(1.041994453+0.005540428j),(1.039679622+0.004093136j),(1.072707075+0.009798043j),(1.071305195+0.008911782j),(1.070390939+0.008704139j),(1.070404849+0.008707527j),(1.072985185+0.002715051j),(1.064830502+0.00448768j),(1.050738524+0.006296992j),(1.042899544+0.007576273j),(-0.039503007+4.1256e-05j),(-0.039500725+3.337e-05j),(-0.039836761+2.726e-05j),(-0.08972334-0.049966865j),"{'64': {'dP_mw': 0.0, 'dQ_mvar': 0.0}, '57': {'dP_mw': 0.0, 'dQ_mvar': 0.0}, '55': {'dP_mw': 0.0, 'dQ_mvar': 0.0}, '61': {'dP_mw': -0.05, 'dQ_mvar': -0.05}}",1.0729886200381702,-0.05,-0.05,Uncontrolled_breaker_closed,6.9
39,1790959778.1675951,41,(1.041940719+0.007214562j),(1.050646671+0.006277189j),(1.050880495+0.006315903j),(1.057543515+0.005607424j),(1.057778164+0.005646434j),(1.062432479+0.005151541j),(1.062678848+0.00525485j),(1.070283138+0.008622993j),(1.06213583+0.005083944j),(1.039165345+0.003972039j),(1.038202971+0.003711493j),(1.014343262+0.000171114j),(1.014047376+0.000104884j),(1.025053528+0.002827565j),(1.025547579+0.003037333j),(1.033316627+0.004959226j),(1.033810679+0.005168994j),(1.041579726+0.007090887j),(1.041826752+0.00719577j),(1.050760638+0.00629598j),(1.05076317+0.006296398j),(1.057660839+0.005626929j),(1.062549804+0.005171046j),(1.070412182+0.008706797j),(1.038751371+0.003884938j),(1.013794861-2.331e-06j),(1.013800351+0j),(1.025300553+0.002932449j),(1.033563653+0.00506411j),(1.050759813+0.006295684j),(1.041959811+0.007281863j),(1.013800351+0j),(1.013794861-2.331e-06j),(1.013794861-2.331e-06j),(1.038745328+0.003885566j),(1.039493972+0.004051496j),(1.064374363+0.004624353j),(1.062549804+0.005171046j),(1.05076317+0.006296398j),(1.071126593+0.008870785j),(1.070406315+0.008707381j),(1.025300553+0.002932449j),(1.025300553+0.002932449j),(1.041826752+0.00719577j),(1.033563653+0.00506411j),(1.057660839+0.005626929j),(1.038725881+0.003881438j),(1.038743818+0.003885723j),(1.041994453+0.005540428j),(1.039679622+0.004093136j),(1.072707075+0.009798043j),(1.071305195+0.008911782j),(1.070390939+0.008704139j),(1.070404849+0.008707527j),(1.072985185+0.002715051j),(1.064830502+0.00448768j),(1.050738524+0.006296992j),(1.042899544+0.007576273j),(-0.039503007+4.1256e-05j),(-0.039500725+3.337e-05j),(-0.039836761+2.726e-05j),(-0.08972334-0.049966865j),"{'64': {'dP_mw': 0.0, 'dQ_mvar': 0.0}, '57': {'dP_mw': 0.0, 'dQ_mvar': 0.0}, '55': {'dP_mw': 0.0, 'dQ_mvar': 0.0}, '61': {'dP_mw': -0.05, 'dQ_mvar': -0.05}}",1.0729886200381702,-0.05,-0.05,Uncontrolled_breaker_closed,6.95
40,1790959778.2171612,42,(1.041940719+0.007214562j),(1.050646671+0.006277189j),(1.050880495+0.006315903j),(1.057543515+0.005607424j),(1.057778164+0.005646434j),(1.062432479+0.005151541j),(1.062678848+0.00525485j),(1.070283138+0.008622993j),(1.06213583+0.005083944j),(1.039165345+0.003972039j),(1.038202971+0.003711493j),(1.014343262+0.000171114j),(1.014047376+0.000104884j),(1.025053528+0.002827565j),(1.025547579+0.003037333j),(1.033316627+0.004959226j),(1.033810679+0.005168994j),(1.041579726+0.007090887j),(1.041826752+0.00719577j),(1.050760638+0.00629598j),(1.05076317+0.006296398j),(1.057660839+0.005626929j),(1.062549804+0.005171046j),(1.070412182+0.008706797j),(1.038751371+0.003884938j),(1.013794861-2.331e-06j),(1.013800351+0j),(1.025300553+0.002932449j),(1.033563653+0.00506411j),(1.050759813+0.006295684j),(1.041959811+0.007281863j),(1.013800351+0j),(1.013794861-2.331e-06j),(1.013794861-2.331e-06j),(1.038745328+0.003885566j),(1.039493972+0.004051496j),(1.064374363+0.004624353j),(1.062549804+0.005171046j),(1.05076317+0.006296398j),(1.071126593+0.008870785j),(1.070406315+0.008707381j),(1.025300553+0.002932449j),(1.025300553+0.002932449j),(1.041826752+0.00719577j),(1.033563653+0.00506411j),(1.057660839+0.005626929j),(1.038725881+0.003881438j),(1.038743818+0.003885723j),(1.041994453+0.005540428j),(1.039679622+0.004093136j),(1.072707075+0.009798043j),(1.071305195+0.008911782j),(1.070390939+0.008704139j),(1.070404849+0.008707527j),(1.072985185+0.002715051j),(1.064830502+0.00448768j),(1.050738524+0.006296992j),(1.042899544+0.007576273j),(-0.039503007+4.1256e-05j),(-0.039500725+3.337e-05j),(-0.039836761+2.726e-05j),(-0.08972334-0.049966865j),"{'64': {'dP_mw': 0.0, 'dQ_mvar': 0.0}, '57': {'dP_mw': 0.0, 'dQ_mvar': 0.0}, '55': {'dP_mw': 0.0, 'dQ_mvar': 0.0}, '61': {'dP_mw': -0.05, 'dQ_mvar': -0.05}}",1.0729886200381702,-0.05,-0.05,Uncontrolled_breaker_closed,7.0
41,1790959778.2668886,42,(1.041940719+0.007214562j),(1.050646671+0.006277189j),(1.050880495+0.006315903j),(1.057543515+0.005607424j),(1.057778164+0.005646434j),(1.062432479+0.005151541j),(1.062678848+0.00525485j),(1.070283138+0.008622993j),(1.06213583+0.005083944j),(1.039165345+0.003972039j),(1.038202971+0.003711493j),(1.014343262+0.000171114j),(1.014047376+0.000104884j),(1.025053528+0.002827565j),(1.025547579+0.003037333j),(1.033316627+0.004959226j),(1.033810679+0.005168994j),(1.041579726+0.007090887j),(1.041826752+0.00719577j),(1.050760638+0.00629598j),(1.05076317+0.006296398j),(1.057660839+0.005626929j),(1.062549804+0.005171046j),(1.070412182+0.008706797j),(1.038751371+0.003884938j),(1.013794861-2.331e-06j),(1.013800351+0j),(1.025300553+0.002932449j),(1.033563653+0.00506411j),(1.050759813+0.006295684j),(1.041959811+0.007281863j),(1.013800351+0j),(1.013794861-2.331e-06j),(1.013794861-2.331e-06j),(1.038745328+0.003885566j),(1.039493972+0.004051496j),(1.064374363+0.004624353j),(1.062549804+0.005171046j),(1.05076317+0.006296398j),(1.071126593+0.008870785j),(1.070406315+0.008707381j),(1.025300553+0.002932449j),(1.025300553+0.002932449j),(1.041826752+0.00719577j),(1.033563653+0.00506411j),(1.057660839+0.005626929j),(1.038725881+0.003881438j),(1.038743818+0.003885723j),(1.041994453+0.005540428j),(1.039679622+0.004093136j),(1.072707075+0.009798043j),(1.071305195+0.008911782j),(1.070390939+0.008704139j),(1.070404849+0.008707527j),(1.072985185+0.002715051j),(1.064830502+0.00448768j),(1.050738524+0.006296992j),(1.042899544+0.007576273j),(-0.039503007+4.1256e-05j),(-0.039500725+3.337e-05j),(-0.039836761+2.726e-05j),(-0.08972334-0.049966865j),"{'64': {'dP_mw': 0.0, 'dQ_mvar': 0.0}, '57': {'dP_mw': 0.0, 'dQ_mvar': 0.0}, '55': {'dP_mw': 0.0, 'dQ_mvar': 0.0}, '61': {'dP_mw': -0.05, 'dQ_mvar': -0.05}}",1.0729886200381702,-0.05,-0.05,Uncontrolled_breaker_closed,7.05
42,1790959778.3185408,42,(1.041940719+0.007214562j),(1.050646671+0.006277189j),(1.050880495+0.006315903j),(1.057543515+0.005607424j),(1.057778164+0.005646434j),(1.062432479+0.005151541j),(1.062678848+0.00525485j),(1.070283138+0.008622993j),(1.06213583+0.005083944j),(1.039165345+0.003972039j),(1.038202971+0.003711493j),(1.014343262+0.000171114j),(1.014047376+0.000104884j),(1.025053528+0.002827565j),(1.025547579+0.003037333j),(1.033316627+0.004959226j),(1.033810679+0.005168994j),(1.041579726+0.007090887j),(1.041826752+0.00719577j),(1.050760638+0.00629598j),(1.05076317+0.006296398j),(1.057660839+0.005626929j),(1.062549804+0.005171046j),(1.070412182+0.008706797j),(1.038751371+0.003884938j),(1.013794861-2.331e-06j),(1.013800351+0j),(1.025300553+0.002932449j),(1.033563653+0.00506411j),(1.050759813+0.006295684j),(1.041959811+0.007281863j),(1.013800351+0j),(1.013794861-2.331e-06j),(1.013794861-2.331e-06j),(1.038745328+0.003885566j),(1.039493972+0.004051496j),(1.064374363+0.004624353j),(1.062549804+0.005171046j),(1.05076317+0.006296398j),(1.071126593+0.008870785j),(1.070406315+0.008707381j),(1.025300553+0.002932449j),(1.025300553+0.002932449j),(1.041826752+0.00719577j),(1.033563653+0.00506411j),(1.057660839+0.005626929j),(1.038725881+0.003881438j),(1.038743818+0.003885723j),(1.041994453+0.005540428j),(1.039679622+0.004093136j),(1.072707075+0.009798043j),(1.071305195+0.008911782j),(1.070390939+0.008704139j),(1.070404849+0.008707527j),(1.072985185+0.002715051j),(1.064830502+0.00448768j),(1.050738524+0.006296992j),(1.042899544+0.007576273j),(-0.039503007+4.1256e-05j),(-0.039500725+3.337e-05j),(-0.039836761+2.726e-05j),(-0.08972334-0.049966865j),"{'64': {'dP_mw': 0.0, 'dQ_mvar': 0.0}, '57': {'dP_mw': 0.0, 'dQ_mvar': 0.0}, '55': {'dP_mw': 0.0, 'dQ_mvar': 0.0}, '61': {'dP_mw': -0.05, 'dQ_mvar': -0.05}}",1.0729886200381702,-0.05,-0.05,Uncontrolled_breaker_closed,7.1
43,1790959778.3672404,42,(1.041940719+0.007214562j),(1.050646671+0.006277189j),(1.050880495+0.006315903j),(1.057543515+0.005607424j),(1.057778164+0.005646434j),(1.062432479+0.005151541j),(1.062678848+0.00525485j),(1.070283138+0.008622993j),(1.06213583+0.005083944j),(1.039165345+0.003972039j),(1.038202971+0.003711493j),(1.014343262+0.000171114j),(1.014047376+0.000104884j),(1.025053528+0.002827565j),(1.025547579+0.003037333j),(1.033316627+0.004959226j),(1.033810679+0.005168994j),(1.041579726+0.007090887j),(1.041826752+0.00719577j),(1.050760638+0.00629598j),(1.05076317+0.006296398j),(1.057660839+0.005626929j),(1.062549804+0.005171046j),(1.070412182+0.008706797j),(1.038751371+0.003884938j),(1.013794861-2.331e-06j),(1.013800351+0j),(1.025300553+0.002932449j),(1.033563653+0.00506411j),(1.050759813+0.006295684j),(1.041959811+0.007281863j),(1.013800351+0j),(1.013794861-2.331e-06j),(1.013794861-2.331e-06j),(1.038745328+0.003885566j),(1.039493972+0.004051496j),(1.064374363+0.004624353j),(1.062549804+0.005171046j),(1.05076317+0.006296398j),(1.071126593+0.008870785j),(1.070406315+0.008707381j),(1.025300553+0.002932449j),(1.025300553+0.002932449j),(1.041826752+0.00719577j),(1.033563653+0.00506411j),(1.057660839+0.005626929j),(1.038725881+0.003881438j),(1.038743818+0.003885723j),(1.041994453+0.005540428j),(1.039679622+0.004093136j),(1.072707075+0.009798043j),(1.071305195+0.008911782j),(1.070390939+0.008704139j),(1.070404849+0.008707527j),(1.072985185+0.002715051j),(1.064830502+0.00448768j),(1.050738524+0.006296992j),(1.042899544+0.007576273j),(-0.039503007+4.1256e-05j),(-0.039500725+3.337e-05j),(-0.039836761+2.726e-05j),(-0.08972334-0.049966865j),"{'64': {'dP_mw': 0.0, 'dQ_mvar': 0.0}, '57': {'dP_mw': 0.0, 'dQ_mvar': 0.0}, '55': {'dP_mw': 0.0, 'dQ_mvar': 0.0}, '61': {'dP_mw': -0.05, 'dQ_mvar': -0.05}}",1.0729886200381702,-0.05,-0.05,Uncontrolled_breaker_closed,7.15
44,1790959778.418954,42,(1.041940719+0.007214562j),(1.050646671+0.006277189j),(1.050880495+0.006315903j),(1.057543515+0.005607424j),(1.057778164+0.005646434j),(1.062432479+0.005151541j),(1.062678848+0.00525485j),(1.070283138+0.008622993j),(1.06213583+0.005083944j),(1.039165345+0.003972039j),(1.038202971+0.003711493j),(1.014343262+0.000171114j),(1.014047376+0.000104884j),(1.025053528+0.002827565j),(1.025547579+0.003037333j),(1.033316627+0.004959226j),(1.033810679+0.005168994j),(1.041579726+0.007090887j),(1.041826752+0.00719577j),(1.050760638+0.00629598j),(1.05076317+0.006296398j),(1.057660839+0.005626929j),(1.062549804+0.005171046j),(1.070412182+0.008706797j),(1.038751371+0.003884938j),(1.013794861-2.331e-06j),(1.013800351+0j),(1.025300553+0.002932449j),(1.033563653+0.00506411j),(1.050759813+0.006295684j),(1.041959811+0.007281863j),(1.013800351+0j),(1.013794861-2.331e-06j),(1.013794861-2.331e-06j),(1.038745328+0.003885566j),(1.039493972+0.004051496j),(1.064374363+0.004624353j),(1.062549804+0.005171046j),(1.05076317+0.006296398j),(1.071126593+0.008870785j),(1.070406315+0.008707381j),(1.025300553+0.002932449j),(1.025300553+0.002932449j),(1.041826752+0.00719577j),(1.033563653+0.00506411j),(1.057660839+0.005626929j),(1.038725881+0.003881438j),(1.038743818+0.003885723j),(1.041994453+0.005540428j),(1.039679622+0.004093136j),(1.072707075+0.009798043j),(1.071305195+0.008911782j),(1.070390939+0.008704139j),(1.070404849+0.008707527j),(1.072985185+0.002715051j),(1.064830502+0.00448768j),(1.050738524+0.006296992j),(1.042899544+0.007576273j),(-0.039503007+4.1256e-05j),(-0.039500725+3.337e-05j),(-0.039836761+2.726e-05j),(-0.08972334-0.049966865j),"{'64': {'dP_mw': 0.0, 'dQ_mvar': 0.0}, '57': {'dP_mw': 0.0, 'dQ_mvar': 0.0}, '55': {'dP_mw': 0.0, 'dQ_mvar': 0.0}, '61': {'dP_mw': -0.05, 'dQ_mvar': -0.05}}",1.0729886200381702,-0.05,-0.05,Uncontrolled_breaker_closed,7.2
45,1790959778.4718018,42,(1.041940719+0.007214562j),(1.050646671+0.006277189j),(1.050880495+0.006315903j),(1.057543515+0.005607424j),(1.057778164+0.005646434j),(1.062432479+0.005151541j),(1.062678848+0.00525485j),(1.070283138+0.008622993j),(1.06213583+0.005083944j),(1.039165345+0.003972039j),(1.038202971+0.003711493j),(1.014343262+0.000171114j),(1.014047376+0.000104884j),(1.025053528+0.002827565j),(1.025547579+0.003037333j),(1.033316627+0.004959226j),(1.033810679+0.005168994j),(1.041579726+0.007090887j),(1.041826752+0.00719577j),(1.050760638+0.00629598j),(1.05076317+0.006296398j),(1.057660839+0.005626929j),(1.062549804+0.005171046j),(1.070412182+0.008706797j),(1.038751371+0.003884938j),(1.013794861-2.331e-06j),(1.013800351+0j),(1.025300553+0.002932449j),(1.033563653+0.00506411j),(1.050759813+0.006295684j),(1.041959811+0.007281863j),(1.013800351+0j),(1.013794861-2.331e-06j),(1.013794861-2.331e-06j),(1.038745328+0.003885566j),(1.039493972+0.004051496j),(1.064374363+0.004624353j),(1.062549804+0.005171046j),(1.05076317+0.006296398j),(1.071126593+0.008870785j),(1.070406315+0.008707381j),(1.025300553+0.002932449j),(1.025300553+0.002932449j),(1.041826752+0.00719577j),(1.033563653+0.00506411j),(1.057660839+0.005626929j),(1.038725881+0.003881438j),(1.038743818+0.003885723j),(1.041994453+0.005540428j),(1.039679622+0.004093136j),(1.072707075+0.009798043j),(1.071305195+0.008911782j),(1.070390939+0.008704139j),(1.070404849+0.008707527j),(1.072985185+0.002715051j),(1.064830502+0.00448768j),(1.050738524+0.006296992j),(1.042899544+0.007576273j),(-0.039503007+4.1256e-05j),(-0.039500725+3.337e-05j),(-0.039836761+2.726e-05j),(-0.08972334-0.049966865j),"{'64': {'dP_mw': 0.0, 'dQ_mvar': 0.0}, '57': {'dP_mw': 0.0, 'dQ_mvar': 0.0}, '55': {'dP_mw': 0.0, 'dQ_mvar': 0.0}, '61': {'dP_mw': -0.05, 'dQ_mvar': -0.05}}",1.0729886200381702,-0.05,-0.05,Uncontrolled_breaker_closed,7.25
46,1790959778.5205076,42,(1.041940719+0.007214562j),(1.050646671+0.006277189j),(1.050880495+0.006315903j),(1.057543515+0.005607424j),(1.057778164+0.005646434j),(1.062432479+0.005151541j),(1.062678848+0.00525485j),(1.070283138+0.008622993j),(1.06213583+0.005083944j),(1.039165345+0.003972039j),(1.038202971+0.003711493j),(1.014343262+0.000171114j),(1.014047376+0.000104884j),(1.025053528+0.002827565j),(1.025547579+0.003037333j),(1.033316627+0.004959226j),(1.033810679+0.005168994j),(1.041579726+0.007090887j),(1.041826752+0.00719577j),(1.050760638+0.00629598j),(1.05076317+0.006296398j),(1.057660839+0.005626929j),(1.062549804+0.005171046j),(1.070412182+0.008706797j),(1.038751371+0.003884938j),(1.013794861-2.331e-06j),(1.013800351+0j),(1.025300553+0.002932449j),(1.033563653+0.00506411j),(1.050759813+0.006295684j),(1.041959811+0.007281863j),(1.013800351+0j),(1.013794861-2.331e-06j),(1.013794861-2.331e-06j),(1.038745328+0.003885566j),(1.039493972+0.004051496j),(1.064374363+0.004624353j),(1.062549804+0.005171046j),(1.05076317+0.006296398j),(1.071126593+0.008870785j),(1.070406315+0.008707381j),(1.025300553+0.002932449j),(1.025300553+0.002932449j),(1.041826752+0.00719577j),(1.033563653+0.00506411j),(1.057660839+0.005626929j),(1.038725881+0.003881438j),(1.038743818+0.003885723j),(1.041994453+0.005540428j),(1.039679622+0.004093136j),(1.072707075+0.009798043j),(1.071305195+0.008911782j),(1.070390939+0.008704139j),(1.070404849+0.008707527j),(1.072985185+0.002715051j),(1.064830502+0.00448768j),(1.050738524+0.006296992j),(1.042899544+0.007576273j),(-0.039503007+4.1256e-05j),(-0.039500725+3.337e-05j),(-0.039836761+2.726e-05j),(-0.08972334-0.049966865j),"{'64': {'dP_mw': 0.0, 'dQ_mvar': 0.0}, '57': {'dP_mw': 0.0, 'dQ_mvar': 0.0}, '55': {'dP_mw': 0.0, 'dQ_mvar': 0.0}, '61': {'dP_mw': -0.05, 'dQ_mvar': -0.05}}",1.0729886200381702,-0.05,-0.05,Uncontrolled_breaker_closed,7.3
47,1790959778.5701492,42,(1.041940719+0.007214562j),(1.050646671+0.006277189j),(1.050880495+0.006315903j),(1.057543515+0.005607424j),(1.057778164+0.005646434j),(1.062432479+0.005151541j),(1.062678848+0.00525485j),(1.070283138+0.008622993j),(1.06213583+0.005083944j),(1.039165345+0.003972039j),(1.038202971+0.003711493j),(1.014343262+0.000171114j),(1.014047376+0.000104884j),(1.025053528+0.002827565j),(1.025547579+0.003037333j),(1.033316627+0.004959226j),(1.033810679+0.005168994j),(1.041579726+0.007090887j),(1.041826752+0.00719577j),(1.050760638+0.00629598j),(1.05076317+0.006296398j),(1.057660839+0.005626929j),(1.062549804+0.005171046j),(1.070412182+0.008706797j),(1.038751371+0.003884938j),(1.013794861-2.331e-06j),(1.013800351+0j),(1.025300553+0.002932449j),(1.033563653+0.00506411j),(1.050759813+0.006295684j),(1.041959811+0.007281863j),(1.013800351+0j),(1.013794861-2.331e-06j),(1.013794861-2.331e-06j),(1.038745328+0.003885566j),(1.039493972+0.004051496j),(1.064374363+0.004624353j),(1.062549804+0.005171046j),(1.05076317+0.006296398j),(1.071126593+0.008870785j),(1.070406315+0.008707381j),(1.025300553+0.002932449j),(1.025300553+0.002932449j),(1.041826752+0.00719577j),(1.033563653+0.00506411j),(1.057660839+0.005626929j),(1.038725881+0.003881438j),(1.038743818+0.003885723j),(1.041994453+0.005540428j),(1.039679622+0.004093136j),(1.072707075+0.009798043j),(1.071305195+0.008911782j),(1.070390939+0.008704139j),(1.070404849+0.008707527j),(1.072985185+0.002715051j),(1.064830502+0.00448768j),(1.050738524+0.006296992j),(1.042899544+0.007576273j),(-0.039503007+4.1256e-05j),(-0.039500725+3.337e-05j),(-0.039836761+2.726e-05j),(-0.08972334-0.049966865j),"{'64': {'dP_mw': 0.0, 'dQ_mvar': 0.0}, '57': {'dP_mw': 0.0, 'dQ_mvar': 0.0}, '55': {'dP_mw': 0.0, 'dQ_mvar': 0.0}, '61': {'dP_mw': -0.05, 'dQ_mvar': -0.05}}",1.0729886200381702,-0.05,-0.05,Uncontrolled_breaker_closed,7.35
48,1790959778.6195073,42,(1.041940719+0.007214562j),(1.050646671+0.006277189j),(1.050880495+0.006315903j),(1.057543515+0.005607424j),(1.057778164+0.005646434j),(1.062432479+0.005151541j),(1.062678848+0.00525485j),(1.070283138+0.008622993j),(1.06213583+0.005083944j),(1.039165345+0.003972039j),(1.038202971+0.003711493j),(1.014343262+0.000171114j),(1.014047376+0.000104884j),(1.025053528+0.002827565j),(1.025547579+0.003037333j),(1.033316627+0.004959226j),(1.033810679+0.005168994j),(1.041579726+0.007090887j),(1.041826752+0.00719577j),(1.050760638+0.00629598j),(1.05076317+0.006296398j),(1.057660839+0.005626929j),(1.062549804+0.005171046j),(1.070412182+0.008706797j),(1.038751371+0.003884938j),(1.013794861-2.331e-06j),(1.013800351+0j),(1.025300553+0.002932449j),(1.033563653+0.00506411j),(1.050759813+0.006295684j),(1.041959811+0.007281863j),(1.013800351+0j),(1.013794861-2.331e-06j),(1.013794861-2.331e-06j),(1.038745328+0.003885566j),(1.039493972+0.004051496j),(1.064374363+0.004624353j),(1.062549804+0.005171046j),(1.05076317+0.006296398j),(1.071126593+0.008870785j),(1.070406315+0.008707381j),(1.025300553+0.002932449j),(1.025300553+0.002932449j),(1.041826752+0.00719577j),(1.033563653+0.00506411j),(1.057660839+0.005626929j),(1.038725881+0.003881438j),(1.038743818+0.003885723j),(1.041994453+0.005540428j),(1.039679622+0.004093136j),(1.072707075+0.009798043j),(1.071305195+0.008911782j),(1.070390939+0.008704139j),(1.070404849+0.008707527j),(1.072985185+0.002715051j),(1.064830502+0.00448768j),(1.050738524+0.006296992j),(1.042899544+0.007576273j),(-0.039503007+4.1256e-05j),(-0.039500725+3.337e-05j),(-0.039836761+2.726e-05j),(-0.08972334-0.049966865j),"{'64': {'dP_mw': 0.0, 'dQ_mvar': 0.0}, '57': {'dP_mw': 0.0, 'dQ_mvar': 0.0}, '55': {'dP_mw': 0.0, 'dQ_mvar': 0.0}, '61': {'dP_mw': -0.05, 'dQ_mvar': -0.05}}",1.0729886200381702,-0.05,-0.05,Uncontrolled_breaker_closed,7.4
49,1790959778.669907,42,(1.041940719+0.007214562j),(1.050646671+0.006277189j),(1.050880495+0.006315903j),(1.057543515+0.005607424j),(1.057778164+0.005646434j),(1.062432479+0.005151541j),(1.062678848+0.00525485j),(1.070283138+0.008622993j),(1.06213583+0.005083944j),(1.039165345+0.003972039j),(1.038202971+0.003711493j),(1.014343262+0.000171114j),(1.014047376+0.000104884j),(1.025053528+0.002827565j),(1.025547579+0.003037333j),(1.033316627+0.004959226j),(1.033810679+0.005168994j),(1.041579726+0.007090887j),(1.041826752+0.00719577j),(1.050760638+0.00629598j),(1.05076317+0.006296398j),(1.057660839+0.005626929j),(1.062549804+0.005171046j),(1.070412182+0.008706797j),(1.038751371+0.003884938j),(1.013794861-2.331e-06j),(1.013800351+0j),(1.025300553+0.002932449j),(1.033563653+0.00506411j),(1.050759813+0.006295684j),(1.041959811+0.007281863j),(1.013800351+0j),(1.013794861-2.331e-06j),(1.013794861-2.331e-06j),(1.038745328+0.003885566j),(1.039493972+0.004051496j),(1.064374363+0.004624353j),(1.062549804+0.005171046j),(1.05076317+0.006296398j),(1.071126593+0.008870785j),(1.070406315+0.008707381j),(1.025300553+0.002932449j),(1.025300553+0.002932449j),(1.041826752+0.00719577j),(1.033563653+0.00506411j),(1.057660839+0.005626929j),(1.038725881+0.003881438j),(1.038743818+0.003885723j),(1.041994453+0.005540428j),(1.039679622+0.004093136j),(1.072707075+0.009798043j),(1.071305195+0.008911782j),(1.070390939+0.008704139j),(1.070404849+0.008707527j),(1.072985185+0.002715051j),(1.064830502+0.00448768j),(1.050738524+0.006296992j),(1.042899544+0.007576273j),(-0.039503007+4.1256e-05j),(-0.039500725+3.337e-05j),(-0.039836761+2.726e-05j),(-0.08972334-0.049966865j),"{'64': {'dP_mw': 0.0, 'dQ_mvar': 0.0}, '57': {'dP_mw': 0.0, 'dQ_mvar': 0.0}, '55': {'dP_mw': 0.0, 'dQ_mvar': 0.0}, '61': {'dP_mw': -0.05, 'dQ_mvar': -0.05}}",1.0729886200381702,-0.05,-0.05,Uncontrolled_breaker_closed,7.45
50,1790959778.719978,42,(1.041940719+0.007214562j),(1.050646671+0.006277189j),(1.050880495+0.006315903j),(1.057543515+0.005607424j),(1.057778164+0.005646434j),(1.062432479+0.005151541j),(1.062678848+0.00525485j),(1.070283138+0.008622993j),(1.06213583+0.005083944j),(1.039165345+0.003972039j),(1.038202971+0.003711493j),(1.014343262+0.000171114j),(1.014047376+0.000104884j),(1.025053528+0.002827565j),(1.025547579+0.003037333j),(1.033316627+0.004959226j),(1.033810679+0.005168994j),(1.041579726+0.007090887j),(1.041826752+0.00719577j),(1.050760638+0.00629598j),(1.05076317+0.006296398j),(1.057660839+0.005626929j),(1.062549804+0.005171046j),(1.070412182+0.008706797j),(1.038751371+0.003884938j),(1.013794861-2.331e-06j),(1.013800351+0j),(1.025300553+0.002932449j),(1.033563653+0.00506411j),(1.050759813+0.006295684j),(1.041959811+0.007281863j),(1.013800351+0j),(1.013794861-2.331e-06j),(1.013794861-2.331e-06j),(1.038745328+0.003885566j),(1.039493972+0.004051496j),(1.064374363+0.004624353j),(1.062549804+0.005171046j),(1.05076317+0.006296398j),(1.071126593+0.008870785j),(1.070406315+0.008707381j),(1.025300553+0.002932449j),(1.025300553+0.002932449j),(1.041826752+0.00719577j),(1.033563653+0.00506411j),(1.057660839+0.005626929j),(1.038725881+0.003881438j),(1.038743818+0.003885723j),(1.041994453+0.005540428j),(1.039679622+0.004093136j),(1.072707075+0.009798043j),(1.071305195+0.008911782j),(1.070390939+0.008704139j),(1.070404849+0.008707527j),(1.072985185+0.002715051j),(1.064830502+0.00448768j),(1.050738524+0.006296992j),(1.042899544+0.007576273j),(-0.039503007+4.1256e-05j),(-0.039500725+3.337e-05j),(-0.039836761+2.726e-05j),(-0.08972334-0.049966865j),"{'64': {'dP_mw': 0.0, 'dQ_mvar': 0.0}, '57': {'dP_mw': 0.0, 'dQ_mvar': 0.0}, '55': {'dP_mw': 0.0, 'dQ_mvar': 0.0}, '61': {'dP_mw': -0.05, 'dQ_mvar': -0.05}}",1.0729886200381702,-0.05,-0.05,Uncontrolled_breaker_closed,7.5
51,1790959778.770395,42,(1.041940719+0.007214562j),(1.050646671+0.006277189j),(1.050880495+0.006315903j),(1.057543515+0.005607424j),(1.057778164+0.005646434j),(1.062432479+0.005151541j),(1.062678848+0.00525485j),(1.070283138+0.008622993j),(1.06213583+0.005083944j),(1.039165345+0.003972039j),(1.038202971+0.003711493j),(1.014343262+0.000171114j),(1.014047376+0.000104884j),(1.025053528+0.002827565j),(1.025547579+0.003037333j),(1.033316627+0.004959226j),(1.033810679+0.005168994j),(1.041579726+0.007090887j),(1.041826752+0.00719577j),(1.050760638+0.00629598j),(1.05076317+0.006296398j),(1.057660839+0.005626929j),(1.062549804+0.005171046j),(1.070412182+0.008706797j),(1.038751371+0.003884938j),(1.013794861-2.331e-06j),(1.013800351+0j),(1.025300553+0.002932449j),(1.033563653+0.00506411j),(1.050759813+0.006295684j),(1.041959811+0.007281863j),(1.013800351+0j),(1.013794861-2.331e-06j),(1.013794861-2.331e-06j),(1.038745328+0.003885566j),(1.039493972+0.004051496j),(1.064374363+0.004624353j),(1.062549804+0.005171046j),(1.05076317+0.006296398j),(1.071126593+0.008870785j),(1.070406315+0.008707381j),(1.025300553+0.002932449j),(1.025300553+0.002932449j),(1.041826752+0.00719577j),(1.033563653+0.00506411j),(1.057660839+0.005626929j),(1.038725881+0.003881438j),(1.038743818+0.003885723j),(1.041994453+0.005540428j),(1.039679622+0.004093136j),(1.072707075+0.009798043j),(1.071305195+0.008911782j),(1.070390939+0.008704139j),(1.070404849+0.008707527j),(1.072985185+0.002715051j),(1.064830502+0.00448768j),(1.050738524+0.006296992j),(1.042899544+0.007576273j),(-0.039503007+4.1256e-05j),(-0.039500725+3.337e-05j),(-0.039836761+2.726e-05j),(-0.08972334-0.049966865j),"{'64': {'dP_mw': 0.0, 'dQ_mvar': 0.0}, '57': {'dP_mw': 0.0, 'dQ_mvar': 0.0}, '55': {'dP_mw': 0.0, 'dQ_mvar': 0.0}, '61': {'dP_mw': -0.05, 'dQ_mvar': -0.05}}",1.0729886200381702,-0.05,-0.05,Uncontrolled_breaker_closed,7.55
52,1790959778.8207173,42,(1.041940719+0.007214562j),(1.050646671+0.006277189j),(1.050880495+0.006315903j),(1.057543515+0.005607424j),(1.057778164+0.005646434j),(1.062432479+0.005151541j),(1.062678848+0.00525485j),(1.070283138+0.008622993j),(1.06213583+0.005083944j),(1.039165345+0.003972039j),(1.038202971+0.003711493j),(1.014343262+0.000171114j),(1.014047376+0.000104884j),(1.025053528+0.002827565j),(1.025547579+0.003037333j),(1.033316627+0.004959226j),(1.033810679+0.005168994j),(1.041579726+0.007090887j),(1.041826752+0.00719577j),(1.050760638+0.00629598j),(1.05076317+0.006296398j),(1.057660839+0.005626929j),(1.062549804+0.005171046j),(1.070412182+0.008706797j),(1.038751371+0.003884938j),(1.013794861-2.331e-06j),(1.013800351+0j),(1.025300553+0.002932449j),(1.033563653+0.00506411j),(1.050759813+0.006295684j),(1.041959811+0.007281863j),(1.013800351+0j),(1.013794861-2.331e-06j),(1.013794861-2.331e-06j),(1.038745328+0.003885566j),(1.039493972+0.004051496j),(1.064374363+0.004624353j),(1.062549804+0.005171046j),(1.05076317+0.006296398j),(1.071126593+0.008870785j),(1.070406315+0.008707381j),(1.025300553+0.002932449j),(1.025300553+0.002932449j),(1.041826752+0.00719577j),(1.033563653+0.00506411j),(1.057660839+0.005626929j),(1.038725881+0.003881438j),(1.038743818+0.003885723j),(1.041994453+0.005540428j),(1.039679622+0.004093136j),(1.072707075+0.009798043j),(1.071305195+0.008911782j),(1.070390939+0.008704139j),(1.070404849+0.008707527j),(1.072985185+0.002715051j),(1.064830502+0.00448768j),(1.050738524+0.006296992j),(1.042899544+0.007576273j),(-0.039503007+4.1256e-05j),(-0.039500725+3.337e-05j),(-0.039836761+2.726e-05j),(-0.08972334-0.049966865j),"{'64': {'dP_mw': 0.0, 'dQ_mvar': 0.0}, '57': {'dP_mw': 0.0, 'dQ_mvar': 0.0}, '55': {'dP_mw': 0.0, 'dQ_mvar': 0.0}, '61': {'dP_mw': -0.05, 'dQ_mvar': -0.05}}",1.0729886200381702,-0.05,-0.05,Uncontrolled_breaker_closed,7.6
53,1790959778.8696134,42,(1.041940719+0.007214562j),(1.050646671+0.006277189j),(1.050880495+0.006315903j),(1.057543515+0.005607424j),(1.057778164+0.005646434j),(1.062432479+0.005151541j),(1.062678848+0.00525485j),(1.070283138+0.008622993j),(1.06213583+0.005083944j),(1.039165345+0.003972039j),(1.038202971+0.003711493j),(1.014343262+0.000171114j),(1.014047376+0.000104884j),(1.025053528+0.002827565j),(1.025547579+0.003037333j),(1.033316627+0.004959226j),(1.033810679+0.005168994j),(1.041579726+0.007090887j),(1.041826752+0.00719577j),(1.050760638+0.00629598j),(1.05076317+0.006296398j),(1.057660839+0.005626929j),(1.062549804+0.005171046j),(1.070412182+0.008706797j),(1.038751371+0.003884938j),(1.013794861-2.331e-06j),(1.013800351+0j),(1.025300553+0.002932449j),(1.033563653+0.00506411j),(1.050759813+0.006295684j),(1.041959811+0.007281863j),(1.013800351+0j),(1.013794861-2.331e-06j),(1.013794861-2.331e-06j),(1.038745328+0.003885566j),(1.039493972+0.004051496j),(1.064374363+0.004624353j),(1.062549804+0.005171046j),(1.05076317+0.006296398j),(1.071126593+0.008870785j),(1.070406315+0.008707381j),(1.025300553+0.002932449j),(1.025300553+0.002932449j),(1.041826752+0.00719577j),(1.033563653+0.00506411j),(1.057660839+0.005626929j),(1.038725881+0.003881438j),(1.038743818+0.003885723j),(1.041994453+0.005540428j),(1.039679622+0.004093136j),(1.072707075+0.009798043j),(1.071305195+0.008911782j),(1.070390939+0.008704139j),(1.070404849+0.008707527j),(1.072985185+0.002715051j),(1.064830502+0.00448768j),(1.050738524+0.006296992j),(1.042899544+0.007576273j),(-0.039503007+4.1256e-05j),(-0.039500725+3.337e-05j),(-0.039836761+2.726e-05j),(-0.08972334-0.049966865j),"{'64': {'dP_mw': 0.0, 'dQ_mvar': 0.0}, '57': {'dP_mw': 0.0, 'dQ_mvar': 0.0}, '55': {'dP_mw': 0.0, 'dQ_mvar': 0.0}, '61': {'dP_mw': -0.05, 'dQ_mvar': -0.05}}",1.0729886200381702,-0.05,-0.05,Uncontrolled_breaker_closed,7.65
54,1790959778.92063,42,(1.041940719+0.007214562j),(1.050646671+0.006277189j),(1.050880495+0.006315903j),(1.057543515+0.005607424j),(1.057778164+0.005646434j),(1.062432479+0.005151541j),(1.062678848+0.00525485j),(1.070283138+0.008622993j),(1.06213583+0.005083944j),(1.039165345+0.003972039j),(1.038202971+0.003711493j),(1.014343262+0.000171114j),(1.014047376+0.000104884j),(1.025053528+0.002827565j),(1.025547579+0.003037333j),(1.033316627+0.004959226j),(1.033810679+0.005168994j),(1.041579726+0.007090887j),(1.041826752+0.00719577j),(1.050760638+0.00629598j),(1.05076317+0.006296398j),(1.057660839+0.005626929j),(1.062549804+0.005171046j),(1.070412182+0.008706797j),(1.038751371+0.003884938j),(1.013794861-2.331e-06j),(1.013800351+0j),(1.025300553+0.002932449j),(1.033563653+0.00506411j),(1.050759813+0.006295684j),(1.041959811+0.007281863j),(1.013800351+0j),(1.013794861-2.331e-06j),(1.013794861-2.331e-06j),(1.038745328+0.003885566j),(1.039493972+0.004051496j),(1.064374363+0.004624353j),(1.062549804+0.005171046j),(1.05076317+0.006296398j),(1.071126593+0.008870785j),(1.070406315+0.008707381j),(1.025300553+0.002932449j),(1.025300553+0.002932449j),(1.041826752+0.00719577j),(1.033563653+0.00506411j),(1.057660839+0.005626929j),(1.038725881+0.003881438j),(1.038743818+0.003885723j),(1.041994453+0.005540428j),(1.039679622+0.004093136j),(1.072707075+0.009798043j),(1.071305195+0.008911782j),(1.070390939+0.008704139j),(1.070404849+0.008707527j),(1.072985185+0.002715051j),(1.064830502+0.00448768j),(1.050738524+0.006296992j),(1.042899544+0.007576273j),(-0.039503007+4.1256e-05j),(-0.039500725+3.337e-05j),(-0.039836761+2.726e-05j),(-0.08972334-0.049966865j),"{'64': {'dP_mw': 0.0, 'dQ_mvar': 0.0}, '57': {'dP_mw': 0.0, 'dQ_mvar': 0.0}, '55': {'dP_mw': 0.0, 'dQ_mvar': 0.0}, '61': {'dP_mw': -0.05, 'dQ_mvar': -0.05}}",1.0729886200381702,-0.05,-0.05,Uncontrolled_breaker_closed,7.7
55,1790959778.9705954,42,(1.041940719+0.007214562j),(1.050646671+0.006277189j),(1.050880495+0.006315903j),(1.057543515+0.005607424j),(1.057778164+0.005646434j),(1.062432479+0.005151541j),(1.062678848+0.00525485j),(1.070283138+0.008622993j),(1.06213583+0.005083944j),(1.039165345+0.003972039j),(1.038202971+0.003711493j),(1.014343262+0.000171114j),(1.014047376+0.000104884j),(1.025053528+0.002827565j),(1.025547579+0.003037333j),(1.033316627+0.004959226j),(1.033810679+0.005168994j),(1.041579726+0.007090887j),(1.041826752+0.00719577j),(1.050760638+0.00629598j),(1.05076317+0.006296398j),(1.057660839+0.005626929j),(1.062549804+0.005171046j),(1.070412182+0.008706797j),(1.038751371+0.003884938j),(1.013794861-2.331e-06j),(1.013800351+0j),(1.025300553+0.002932449j),(1.033563653+0.00506411j),(1.050759813+0.006295684j),(1.041959811+0.007281863j),(1.013800351+0j),(1.013794861-2.331e-06j),(1.013794861-2.331e-06j),(1.038745328+0.003885566j),(1.039493972+0.004051496j),(1.064374363+0.004624353j),(1.062549804+0.005171046j),(1.05076317+0.006296398j),(1.071126593+0.008870785j),(1.070406315+0.008707381j),(1.025300553+0.002932449j),(1.025300553+0.002932449j),(1.041826752+0.00719577j),(1.033563653+0.00506411j),(1.057660839+0.005626929j),(1.038725881+0.003881438j),(1.038743818+0.003885723j),(1.041994453+0.005540428j),(1.039679622+0.004093136j),(1.072707075+0.009798043j),(1.071305195+0.008911782j),(1.070390939+0.008704139j),(1.070404849+0.008707527j),(1.072985185+0.002715051j),(1.064830502+0.00448768j),(1.050738524+0.006296992j),(1.042899544+0.007576273j),(-0.039503007+4.1256e-05j),(-0.039500725+3.337e-05j),(-0.039836761+2.726e-05j),(-0.08972334-0.049966865j),"{'64': {'dP_mw': 0.0, 'dQ_mvar': 0.0}, '57': {'dP_mw': 0.0, 'dQ_mvar': 0.0}, '55': {'dP_mw': 0.0, 'dQ_mvar': 0.0}, '61': {'dP_mw': -0.05, 'dQ_mvar': -0.05}}",1.0729886200381702,-0.05,-0.05,Uncontrolled_breaker_closed,7.75
56,1790959779.0210295,42,(1.041940719+0.007214562j),(1.050646671+0.006277189j),(1.050880495+0.006315903j),(1.057543515+0.005607424j),(1.057778164+0.005646434j),(1.062432479+0.005151541j),(1.062678848+0.00525485j),(1.070283138+0.008622993j),(1.06213583+0.005083944j),(1.039165345+0.003972039j),(1.038202971+0.003711493j),(1.014343262+0.000171114j),(1.014047376+0.000104884j),(1.025053528+0.002827565j),(1.025547579+0.003037333j),(1.033316627+0.004959226j),(1.033810679+0.005168994j),(1.041579726+0.007090887j),(1.041826752+0.00719577j),(1.050760638+0.00629598j),(1.05076317+0.006296398j),(1.057660839+0.005626929j),(1.062549804+0.005171046j),(1.070412182+0.008706797j),(1.038751371+0.003884938j),(1.013794861-2.331e-06j),(1.013800351+0j),(1.025300553+0.002932449j),(1.033563653+0.00506411j),(1.050759813+0.006295684j),(1.041959811+0.007281863j),(1.013800351+0j),(1.013794861-2.331e-06j),(1.013794861-2.331e-06j),(1.038745328+0.003885566j),(1.039493972+0.004051496j),(1.064374363+0.004624353j),(1.062549804+0.005171046j),(1.05076317+0.006296398j),(1.071126593+0.008870785j),(1.070406315+0.008707381j),(1.025300553+0.002932449j),(1.025300553+0.002932449j),(1.041826752+0.00719577j),(1.033563653+0.00506411j),(1.057660839+0.005626929j),(1.038725881+0.003881438j),(1.038743818+0.003885723j),(1.041994453+0.005540428j),(1.039679622+0.004093136j),(1.072707075+0.009798043j),(1.071305195+0.008911782j),(1.070390939+0.008704139j),(1.070404849+0.008707527j),(1.072985185+0.002715051j),(1.064830502+0.00448768j),(1.050738524+0.006296992j),(1.042899544+0.007576273j),(-0.039503007+4.1256e-05j),(-0.039500725+3.337e-05j),(-0.039836761+2.726e-05j),(-0.08972334-0.049966865j),"{'64': {'dP_mw': 0.0, 'dQ_mvar': 0.0}, '57': {'dP_mw': 0.0, 'dQ_mvar': 0.0}, '55': {'dP_mw': 0.0, 'dQ_mvar': 0.0}, '61': {'dP_mw': -0.05, 'dQ_mvar': -0.05}}",1.0729886200381702,-0.05,-0.05,Uncontrolled_breaker_closed,7.8
57,1790959779.070205,42,(1.041940719+0.007214562j),(1.050646671+0.006277189j),(1.050880495+0.006315903j),(1.057543515+0.005607424j),(1.057778164+0.005646434j),(1.062432479+0.005151541j),(1.062678848+0.00525485j),(1.070283138+0.008622993j),(1.06213583+0.005083944j),(1.039165345+0.003972039j),(1.038202971+0.003711493j),(1.014343262+0.000171114j),(1.014047376+0.000104884j),(1.025053528+0.002827565j),(1.025547579+0.003037333j),(1.033316627+0.004959226j),(1.033810679+0.005168994j),(1.041579726+0.007090887j),(1.041826752+0.00719577j),(1.050760638+0.00629598j),(1.05076317+0.006296398j),(1.057660839+0.005626929j),(1.062549804+0.005171046j),(1.070412182+0.008706797j),(1.038751371+0.003884938j),(1.013794861-2.331e-06j),(1.013800351+0j),(1.025300553+0.002932449j),(1.033563653+0.00506411j),(1.050759813+0.006295684j),(1.041959811+0.007281863j),(1.013800351+0j),(1.013794861-2.331e-06j),(1.013794861-2.331e-06j),(1.038745328+0.003885566j),(1.039493972+0.004051496j),(1.064374363+0.004624353j),(1.062549804+0.005171046j),(1.05076317+0.006296398j),(1.071126593+0.008870785j),(1.070406315+0.008707381j),(1.025300553+0.002932449j),(1.025300553+0.002932449j),(1.041826752+0.00719577j),(1.033563653+0.00506411j),(1.057660839+0.005626929j),(1.038725881+0.003881438j),(1.038743818+0.003885723j),(1.041994453+0.005540428j),(1.039679622+0.004093136j),(1.072707075+0.009798043j),(1.071305195+0.008911782j),(1.070390939+0.008704139j),(1.070404849+0.008707527j),(1.072985185+0.002715051j),(1.064830502+0.00448768j),(1.050738524+0.006296992j),(1.042899544+0.007576273j),(-0.039503007+4.1256e-05j),(-0.039500725+3.337e-05j),(-0.039836761+2.726e-05j),(-0.08972334-0.049966865j),"{'64': {'dP_mw': 0.0, 'dQ_mvar': 0.0}, '57': {'dP_mw': 0.0, 'dQ_mvar': 0.0}, '55': {'dP_mw': 0.0, 'dQ_mvar': 0.0}, '61': {'dP_mw': -0.05, 'dQ_mvar': -0.05}}",1.0729886200381702,-0.05,-0.05,Uncontrolled_breaker_closed,7.85
58,1790959779.1203938,42,(1.041940719+0.007214562j),(1.050646671+0.006277189j),(1.050880495+0.006315903j),(1.057543515+0.005607424j),(1.057778164+0.005646434j),(1.062432479+0.005151541j),(1.062678848+0.00525485j),(1.070283138+0.008622993j),(1.06213583+0.005083944j),(1.039165345+0.003972039j),(1.038202971+0.003711493j),(1.014343262+0.000171114j),(1.014047376+0.000104884j),(1.025053528+0.002827565j),(1.025547579+0.003037333j),(1.033316627+0.004959226j),(1.033810679+0.005168994j),(1.041579726+0.007090887j),(1.041826752+0.00719577j),(1.050760638+0.00629598j),(1.05076317+0.006296398j),(1.057660839+0.005626929j),(1.062549804+0.005171046j),(1.070412182+0.008706797j),(1.038751371+0.003884938j),(1.013794861-2.331e-06j),(1.013800351+0j),(1.025300553+0.002932449j),(1.033563653+0.00506411j),(1.050759813+0.006295684j),(1.041959811+0.007281863j),(1.013800351+0j),(1.013794861-2.331e-06j),(1.013794861-2.331e-06j),(1.038745328+0.003885566j),(1.039493972+0.004051496j),(1.064374363+0.004624353j),(1.062549804+0.005171046j),(1.05076317+0.006296398j),(1.071126593+0.008870785j),(1.070406315+0.008707381j),(1.025300553+0.002932449j),(1.025300553+0.002932449j),(1.041826752+0.00719577j),(1.033563653+0.00506411j),(1.057660839+0.005626929j),(1.038725881+0.003881438j),(1.038743818+0.003885723j),(1.041994453+0.005540428j),(1.039679622+0.004093136j),(1.072707075+0.009798043j),(1.071305195+0.008911782j),(1.070390939+0.008704139j),(1.070404849+0.008707527j),(1.072985185+0.002715051j),(1.064830502+0.00448768j),(1.050738524+0.006296992j),(1.042899544+0.007576273j),(-0.039503007+4.1256e-05j),(-0.039500725+3.337e-05j),(-0.039836761+2.726e-05j),(-0.08972334-0.049966865j),"{'64': {'dP_mw': 0.0, 'dQ_mvar': 0.0}, '57': {'dP_mw': 0.0, 'dQ_mvar': 0.0}, '55': {'dP_mw': 0.0, 'dQ_mvar': 0.0}, '61': {'dP_mw': -0.05, 'dQ_mvar': -0.05}}",1.0729886200381702,-0.05,-0.05,Uncontrolled_breaker_closed,7.9
59,1790959779.1710021,42,(1.041940719+0.007214562j),(1.050646671+0.006277189j),(1.050880495+0.006315903j),(1.057543515+0.005607424j),(1.057778164+0.005646434j),(1.062432479+0.005151541j),(1.062678848+0.00525485j),(1.070283138+0.008622993j),(1.06213583+0.005083944j),(1.039165345+0.003972039j),(1.038202971+0.003711493j),(1.014343262+0.000171114j),(1.014047376+0.000104884j),(1.025053528+0.002827565j),(1.025547579+0.003037333j),(1.033316627+0.004959226j),(1.033810679+0.005168994j),(1.041579726+0.007090887j),(1.041826752+0.00719577j),(1.050760638+0.00629598j),(1.05076317+0.006296398j),(1.057660839+0.005626929j),(1.062549804+0.005171046j),(1.070412182+0.008706797j),(1.038751371+0.003884938j),(1.013794861-2.331e-06j),(1.013800351+0j),(1.025300553+0.002932449j),(1.033563653+0.00506411j),(1.050759813+0.006295684j),(1.041959811+0.007281863j),(1.013800351+0j),(1.013794861-2.331e-06j),(1.013794861-2.331e-06j),(1.038745328+0.003885566j),(1.039493972+0.004051496j),(1.064374363+0.004624353j),(1.062549804+0.005171046j),(1.05076317+0.006296398j),(1.071126593+0.008870785j),(1.070406315+0.008707381j),(1.025300553+0.002932449j),(1.025300553+0.002932449j),(1.041826752+0.00719577j),(1.033563653+0.00506411j),(1.057660839+0.005626929j),(1.038725881+0.003881438j),(1.038743818+0.003885723j),(1.041994453+0.005540428j),(1.039679622+0.004093136j),(1.072707075+0.009798043j),(1.071305195+0.008911782j),(1.070390939+0.008704139j),(1.070404849+0.008707527j),(1.072985185+0.002715051j),(1.064830502+0.00448768j),(1.050738524+0.006296992j),(1.042899544+0.007576273j),(-0.039503007+4.1256e-05j),(-0.039500725+3.337e-05j),(-0.039836761+2.726e-05j),(-0.08972334-0.049966865j),"{'64': {'dP_mw': 0.0, 'dQ_mvar': 0.0}, '57': {'dP_mw': 0.0, 'dQ_mvar': 0.0}, '55': {'dP_mw': 0.0, 'dQ_mvar': 0.0}, '61': {'dP_mw': -0.05, 'dQ_mvar': -0.05}}",1.0729886200381702,-0.05,-0.05,Uncontrolled_breaker_closed,7.95
60,1790959779.2225313,43,(1.041940719+0.007214562j),(1.050646671+0.006277189j),(1.050880495+0.006315903j),(1.057543515+0.005607424j),(1.057778164+0.005646434j),(1.062432479+0.005151541j),(1.062678848+0.00525485j),(1.070283138+0.008622993j),(1.06213583+0.005083944j),(1.039165345+0.003972039j),(1.038202971+0.003711493j),(1.014343262+0.000171114j),(1.014047376+0.000104884j),(1.025053528+0.002827565j),(1.025547579+0.003037333j),(1.033316627+0.004959226j),(1.033810679+0.005168994j),(1.041579726+0.007090887j),(1.041826752+0.00719577j),(1.050760638+0.00629598j),(1.05076317+0.006296398j),(1.057660839+0.005626929j),(1.062549804+0.005171046j),(1.070412182+0.008706797j),(1.038751371+0.003884938j),(1.013794861-2.331e-06j),(1.013800351+0j),(1.025300553+0.002932449j),(1.033563653+0.00506411j),(1.050759813+0.006295684j),(1.041959811+0.007281863j),(1.013800351+0j),(1.013794861-2.331e-06j),(1.013794861-2.331e-06j),(1.038745328+0.003885566j),(1.039493972+0.004051496j),(1.064374363+0.004624353j),(1.062549804+0.005171046j),(1.05076317+0.006296398j),(1.071126593+0.008870785j),(1.070406315+0.008707381j),(1.025300553+0.002932449j),(1.025300553+0.002932449j),(1.041826752+0.00719577j),(1.033563653+0.00506411j),(1.057660839+0.005626929j),(1.038725881+0.003881438j),(1.038743818+0.003885723j),(1.041994453+0.005540428j),(1.039679622+0.004093136j),(1.072707075+0.009798043j),(1.071305195+0.008911782j),(1.070390939+0.008704139j),(1.070404849+0.008707527j),(1.072985185+0.002715051j),(1.064830502+0.00448768j),(1.050738524+0.006296992j),(1.042899544+0.007576273j),(-0.039503007+4.1256e-05j),(-0.039500725+3.337e-05j),(-0.039836761+2.726e-05j),(-0.08972334-0.049966865j),"{'64': {'dP_mw': 0.0, 'dQ_mvar': 0.0}, '57': {'dP_mw': 0.0, 'dQ_mvar': 0.0}, '55': {'dP_mw': 0.0, 'dQ_mvar': 0.0}, '61': {'dP_mw': 0.0, 'dQ_mvar': 0.0}}",1.0729886200381702,0.0,0.0,Uncontrolled_breaker_closed,8.0
61,1790959779.2720194,43,(1.024694112+0.010033505j),(1.028554113+0.011553958j),(1.028645913+0.011621318j),(1.031711782+0.012740206j),(1.031806037+0.012807582j),(1.033947636+0.013589158j),(1.034126551+0.013710041j),(1.041906315+0.017235723j),(1.03377594+0.013481231j),(1.020811235+0.007763426j),(1.020237122+0.007391812j),(1.003998126+0.000227314j),(1.00382554+0.000120858j),(1.012089702+0.003966762j),(1.012447165+0.004208478j),(1.018280691+0.006923233j),(1.018638154+0.00716495j),(1.024471679+0.009879705j),(1.024650411+0.010000564j),(1.028597814+0.011586899j),(1.028598786+0.011587631j),(1.031758909+0.012773894j),(1.033994764+0.013622846j),(1.042038103+0.017322918j),(1.020592412+0.007621811j),(1.003642837-2.686e-06j),(1.003646808+0j),(1.012268433+0.00408762j),(1.018459422+0.007044092j),(1.02859536+0.011586884j),(1.024785441+0.010088481j),(1.003646808+0j),(1.003642837-2.686e-06j),(1.003642837-2.686e-06j),(1.020586259+0.007622428j),(1.021347478+0.00779417j),(1.034732995+0.013798297j),(1.033994764+0.013622846j),(1.028598786+0.011587631j),(1.042770338+0.017497596j),(1.042032072+0.017323467j),(1.012268433+0.00408762j),(1.012268433+0.00408762j),(1.024650411+0.010000564j),(1.018459422+0.007044092j),(1.031758909+0.012773894j),(1.020566482+0.007618153j),(1.020584721+0.007622582j),(1.02388636+0.009319012j),(1.021536245+0.007837259j),(1.044385298+0.018463724j),(1.042953396+0.017541266j),(1.042016308+0.017320004j),(1.042030565+0.017323604j),(1.038083199+0.014857627j),(1.034917553+0.01384216j),(1.028573606+0.011588104j),(1.02574001+0.010390546j),(-0.039503007+4.1256e-05j),(-0.039500725+3.337e-05j),(-0.039836761+2.726e-05j),(-0.03972334+3.3135e-05j),"{'64': {'dP_mw': 0.0, 'dQ_mvar': 0.0}, '57': {'dP_mw': 0.0, 'dQ_mvar': 0.0}, '55': {'dP_mw': 0.0, 'dQ_mvar': 0.0}, '61': {'dP_mw': 0.0, 'dQ_mvar': 0.0}}",1.0445484956585294,0.0,0.0,Uncontrolled_breaker_closed,8.05
62,1790959779.3217287,43,(1.024694112+0.010033505j),(1.028554113+0.011553958j),(1.028645913+0.011621318j),(1.031711782+0.012740206j),(1.031806037+0.012807582j),(1.033947636+0.013589158j),(1.034126551+0.013710041j),(1.041906315+0.017235723j),(1.03377594+0.013481231j),(1.020811235+0.007763426j),(1.020237122+0.007391812j),(1.003998126+0.000227314j),(1.00382554+0.000120858j),(1.012089702+0.003966762j),(1.012447165+0.004208478j),(1.018280691+0.006923233j),(1.018638154+0.00716495j),(1.024471679+0.009879705j),(1.024650411+0.010000564j),(1.028597814+0.011586899j),(1.028598786+0.011587631j),(1.031758909+0.012773894j),(1.033994764+0.013622846j),(1.042038103+0.017322918j),(1.020592412+0.007621811j),(1.003642837-2.686e-06j),(1.003646808+0j),(1.012268433+0.00408762j),(1.018459422+0.007044092j),(1.02859536+0.011586884j),(1.024785441+0.010088481j),(1.003646808+0j),(1.003642837-2.686e-06j),(1.003642837-2.686e-06j),(1.020586259+0.007622428j),(1.021347478+0.00779417j),(1.034732995+0.013798297j),(1.033994764+0.013622846j),(1.028598786+0.011587631j),(1.042770338+0.017497596j),(1.042032072+0.017323467j),(1.012268433+0.00408762j),(1.012268433+0.00408762j),(1.024650411+0.010000564j),(1.018459422+0.007044092j),(1.031758909+0.012773894j),(1.020566482+0.007618153j),(1.020584721+0.007622582j),(1.02388636+0.009319012j),(1.021536245+0.007837259j),(1.044385298+0.018463724j),(1.042953396+0.017541266j),(1.042016308+0.017320004j),(1.042030565+0.017323604j),(1.038083199+0.014857627j),(1.034917553+0.01384216j),(1.028573606+0.011588104j),(1.02574001+0.010390546j),(-0.039503007+4.1256e-05j),(-0.039500725+3.337e-05j),(-0.039836761+2.726e-05j),(-0.03972334+3.3135e-05j),"{'64': {'dP_mw': 0.0, 'dQ_mvar': 0.0}, '57': {'dP_mw': 0.0, 'dQ_mvar': 0.0}, '55': {'dP_mw': 0.0, 'dQ_mvar': 0.0}, '61': {'dP_mw': 0.0, 'dQ_mvar': 0.0}}",1.0445484956585294,0.0,0.0,Uncontrolled_breaker_closed,8.1
63,1790959779.3719125,43,(1.024694112+0.010033505j),(1.028554113+0.011553958j),(1.028645913+0.011621318j),(1.031711782+0.012740206j),(1.031806037+0.012807582j),(1.033947636+0.013589158j),(1.034126551+0.013710041j),(1.041906315+0.017235723j),(1.03377594+0.013481231j),(1.020811235+0.007763426j),(1.020237122+0.007391812j),(1.003998126+0.000227314j),(1.00382554+0.000120858j),(1.012089702+0.003966762j),(1.012447165+0.004208478j),(1.018280691+0.006923233j),(1.018638154+0.00716495j),(1.024471679+0.009879705j),(1.024650411+0.010000564j),(1.028597814+0.011586899j),(1.028598786+0.011587631j),(1.031758909+0.012773894j),(1.033994764+0.013622846j),(1.042038103+0.017322918j),(1.020592412+0.007621811j),(1.003642837-2.686e-06j),(1.003646808+0j),(1.012268433+0.00408762j),(1.018459422+0.007044092j),(1.02859536+0.011586884j),(1.024785441+0.010088481j),(1.003646808+0j),(1.003642837-2.686e-06j),(1.003642837-2.686e-06j),(1.020586259+0.007622428j),(1.021347478+0.00779417j),(1.034732995+0.013798297j),(1.033994764+0.013622846j),(1.028598786+0.011587631j),(1.042770338+0.017497596j),(1.042032072+0.017323467j),(1.012268433+0.00408762j),(1.012268433+0.00408762j),(1.024650411+0.010000564j),(1.018459422+0.007044092j),(1.031758909+0.012773894j),(1.020566482+0.007618153j),(1.020584721+0.007622582j),(1.02388636+0.009319012j),(1.021536245+0.007837259j),(1.044385298+0.018463724j),(1.042953396+0.017541266j),(1.042016308+0.017320004j),(1.042030565+0.017323604j),(1.038083199+0.014857627j),(1.034917553+0.01384216j),(1.028573606+0.011588104j),(1.02574001+0.010390546j),(-0.039503007+4.1256e-05j),(-0.039500725+3.337e-05j),(-0.039836761+2.726e-05j),(-0.03972334+3.3135e-05j),"{'64': {'dP_mw': 0.0, 'dQ_mvar': 0.0}, '57': {'dP_mw': 0.0, 'dQ_mvar': 0.0}, '55': {'dP_mw': 0.0, 'dQ_mvar': 0.0}, '61': {'dP_mw': 0.0, 'dQ_mvar': 0.0}}",1.0445484956585294,0.0,0.0,Uncontrolled_breaker_closed,8.15
64,1790959779.4221013,43,(1.024694112+0.010033505j),(1.028554113+0.011553958j),(1.028645913+0.011621318j),(1.031711782+0.012740206j),(1.031806037+0.012807582j),(1.033947636+0.013589158j),(1.034126551+0.013710041j),(1.041906315+0.017235723j),(1.03377594+0.013481231j),(1.020811235+0.007763426j),(1.020237122+0.007391812j),(1.003998126+0.000227314j),(1.00382554+0.000120858j),(1.012089702+0.003966762j),(1.012447165+0.004208478j),(1.018280691+0.006923233j),(1.018638154+0.00716495j),(1.024471679+0.009879705j),(1.024650411+0.010000564j),(1.028597814+0.011586899j),(1.028598786+0.011587631j),(1.031758909+0.012773894j),(1.033994764+0.013622846j),(1.042038103+0.017322918j),(1.020592412+0.007621811j),(1.003642837-2.686e-06j),(1.003646808+0j),(1.012268433+0.00408762j),(1.018459422+0.007044092j),(1.02859536+0.011586884j),(1.024785441+0.010088481j),(1.003646808+0j),(1.003642837-2.686e-06j),(1.003642837-2.686e-06j),(1.020586259+0.007622428j),(1.021347478+0.00779417j),(1.034732995+0.013798297j),(1.033994764+0.013622846j),(1.028598786+0.011587631j),(1.042770338+0.017497596j),(1.042032072+0.017323467j),(1.012268433+0.00408762j),(1.012268433+0.00408762j),(1.024650411+0.010000564j),(1.018459422+0.007044092j),(1.031758909+0.012773894j),(1.020566482+0.007618153j),(1.020584721+0.007622582j),(1.02388636+0.009319012j),(1.021536245+0.007837259j),(1.044385298+0.018463724j),(1.042953396+0.017541266j),(1.042016308+0.017320004j),(1.042030565+0.017323604j),(1.038083199+0.014857627j),(1.034917553+0.01384216j),(1.028573606+0.011588104j),(1.02574001+0.010390546j),(-0.039503007+4.1256e-05j),(-0.039500725+3.337e-05j),(-0.039836761+2.726e-05j),(-0.03972334+3.3135e-05j),"{'64': {'dP_mw': 0.0, 'dQ_mvar': 0.0}, '57': {'dP_mw': 0.0, 'dQ_mvar': 0.0}, '55': {'dP_mw': 0.0, 'dQ_mvar': 0.0}, '61': {'dP_mw': 0.0, 'dQ_mvar': 0.0}}",1.0445484956585294,0.0,0.0,Uncontrolled_breaker_closed,8.2
65,1790959779.4720674,43,(1.024694112+0.010033505j),(1.028554113+0.011553958j),(1.028645913+0.011621318j),(1.031711782+0.012740206j),(1.031806037+0.012807582j),(1.033947636+0.013589158j),(1.034126551+0.013710041j),(1.041906315+0.017235723j),(1.03377594+0.013481231j),(1.020811235+0.007763426j),(1.020237122+0.007391812j),(1.003998126+0.000227314j),(1.00382554+0.000120858j),(1.012089702+0.003966762j),(1.012447165+0.004208478j),(1.018280691+0.006923233j),(1.018638154+0.00716495j),(1.024471679+0.009879705j),(1.024650411+0.010000564j),(1.028597814+0.011586899j),(1.028598786+0.011587631j),(1.031758909+0.012773894j),(1.033994764+0.013622846j),(1.042038103+0.017322918j),(1.020592412+0.007621811j),(1.003642837-2.686e-06j),(1.003646808+0j),(1.012268433+0.00408762j),(1.018459422+0.007044092j),(1.02859536+0.011586884j),(1.024785441+0.010088481j),(1.003646808+0j),(1.003642837-2.686e-06j),(1.003642837-2.686e-06j),(1.020586259+0.007622428j),(1.021347478+0.00779417j),(1.034732995+0.013798297j),(1.033994764+0.013622846j),(1.028598786+0.011587631j),(1.042770338+0.017497596j),(1.042032072+0.017323467j),(1.012268433+0.00408762j),(1.012268433+0.00408762j),(1.024650411+0.010000564j),(1.018459422+0.007044092j),(1.031758909+0.012773894j),(1.020566482+0.007618153j),(1.020584721+0.007622582j),(1.02388636+0.009319012j),(1.021536245+0.007837259j),(1.044385298+0.018463724j),(1.042953396+0.017541266j),(1.042016308+0.017320004j),(1.042030565+0.017323604j),(1.038083199+0.014857627j),(1.034917553+0.01384216j),(1.028573606+0.011588104j),(1.02574001+0.010390546j),(-0.039503007+4.1256e-05j),(-0.039500725+3.337e-05j),(-0.039836761+2.726e-05j),(-0.03972334+3.3135e-05j),"{'64': {'dP_mw': 0.0, 'dQ_mvar': 0.0}, '57': {'dP_mw': 0.0, 'dQ_mvar': 0.0}, '55': {'dP_mw': 0.0, 'dQ_mvar': 0.0}, '61': {'dP_mw': 0.0, 'dQ_mvar': 0.0}}",1.0445484956585294,0.0,0.0,Uncontrolled_breaker_closed,8.25
66,1790959779.5221357,43,(1.024694112+0.010033505j),(1.028554113+0.011553958j),(1.028645913+0.011621318j),(1.031711782+0.012740206j),(1.031806037+0.012807582j),(1.033947636+0.013589158j),(1.034126551+0.013710041j),(1.041906315+0.017235723j),(1.03377594+0.013481231j),(1.020811235+0.007763426j),(1.020237122+0.007391812j),(1.003998126+0.000227314j),(1.00382554+0.000120858j),(1.012089702+0.003966762j),(1.012447165+0.004208478j),(1.018280691+0.006923233j),(1.018638154+0.00716495j),(1.024471679+0.009879705j),(1.024650411+0.010000564j),(1.028597814+0.011586899j),(1.028598786+0.011587631j),(1.031758909+0.012773894j),(1.033994764+0.013622846j),(1.042038103+0.017322918j),(1.020592412+0.007621811j),(1.003642837-2.686e-06j),(1.003646808+0j),(1.012268433+0.00408762j),(1.018459422+0.007044092j),(1.02859536+0.011586884j),(1.024785441+0.010088481j),(1.003646808+0j),(1.003642837-2.686e-06j),(1.003642837-2.686e-06j),(1.020586259+0.007622428j),(1.021347478+0.00779417j),(1.034732995+0.013798297j),(1.033994764+0.013622846j),(1.028598786+0.011587631j),(1.042770338+0.017497596j),(1.042032072+0.017323467j),(1.012268433+0.00408762j),(1.012268433+0.00408762j),(1.024650411+0.010000564j),(1.018459422+0.007044092j),(1.031758909+0.012773894j),(1.020566482+0.007618153j),(1.020584721+0.007622582j),(1.02388636+0.009319012j),(1.021536245+0.007837259j),(1.044385298+0.018463724j),(1.042953396+0.017541266j),(1.042016308+0.017320004j),(1.042030565+0.017323604j),(1.038083199+0.014857627j),(1.034917553+0.01384216j),(1.028573606+0.011588104j),(1.02574001+0.010390546j),(-0.039503007+4.1256e-05j),(-0.039500725+3.337e-05j),(-0.039836761+2.726e-05j),(-0.03972334+3.3135e-05j),"{'64': {'dP_mw': 0.0, 'dQ_mvar': 0.0}, '57': {'dP_mw': 0.0, 'dQ_mvar': 0.0}, '55': {'dP_mw': 0.0, 'dQ_mvar': 0.0}, '61': {'dP_mw': 0.0, 'dQ_mvar': 0.0}}",1.0445484956585294,0.0,0.0,Uncontrolled_breaker_closed,8.3
67,1790959779.5717747,43,(1.024694112+0.010033505j),(1.028554113+0.011553958j),(1.028645913+0.011621318j),(1.031711782+0.012740206j),(1.031806037+0.012807582j),(1.033947636+0.013589158j),(1.034126551+0.013710041j),(1.041906315+0.017235723j),(1.03377594+0.013481231j),(1.020811235+0.007763426j),(1.020237122+0.007391812j),(1.003998126+0.000227314j),(1.00382554+0.000120858j),(1.012089702+0.003966762j),(1.012447165+0.004208478j),(1.018280691+0.006923233j),(1.018638154+0.00716495j),(1.024471679+0.009879705j),(1.024650411+0.010000564j),(1.028597814+0.011586899j),(1.028598786+0.011587631j),(1.031758909+0.012773894j),(1.033994764+0.013622846j),(1.042038103+0.017322918j),(1.020592412+0.007621811j),(1.003642837-2.686e-06j),(1.003646808+0j),(1.012268433+0.00408762j),(1.018459422+0.007044092j),(1.02859536+0.011586884j),(1.024785441+0.010088481j),(1.003646808+0j),(1.003642837-2.686e-06j),(1.003642837-2.686e-06j),(1.020586259+0.007622428j),(1.021347478+0.00779417j),(1.034732995+0.013798297j),(1.033994764+0.013622846j),(1.028598786+0.011587631j),(1.042770338+0.017497596j),(1.042032072+0.017323467j),(1.012268433+0.00408762j),(1.012268433+0.00408762j),(1.024650411+0.010000564j),(1.018459422+0.007044092j),(1.031758909+0.012773894j),(1.020566482+0.007618153j),(1.020584721+0.007622582j),(1.02388636+0.009319012j),(1.021536245+0.007837259j),(1.044385298+0.018463724j),(1.042953396+0.017541266j),(1.042016308+0.017320004j),(1.042030565+0.017323604j),(1.038083199+0.014857627j),(1.034917553+0.01384216j),(1.028573606+0.011588104j),(1.02574001+0.010390546j),(-0.039503007+4.1256e-05j),(-0.039500725+3.337e-05j),(-0.039836761+2.726e-05j),(-0.03972334+3.3135e-05j),"{'64': {'dP_mw': 0.0, 'dQ_mvar': 0.0}, '57': {'dP_mw': 0.0, 'dQ_mvar': 0.0}, '55': {'dP_mw': 0.0, 'dQ_mvar': 0.0}, '61': {'dP_mw': 0.0, 'dQ_mvar': 0.0}}",1.0445484956585294,0.0,0.0,Uncontrolled_breaker_closed,8.35
68,1790959779.6220143,43,(1.024694112+0.010033505j),(1.028554113+0.011553958j),(1.028645913+0.011621318j),(1.031711782+0.012740206j),(1.031806037+0.012807582j),(1.033947636+0.013589158j),(1.034126551+0.013710041j),(1.041906315+0.017235723j),(1.03377594+0.013481231j),(1.020811235+0.007763426j),(1.020237122+0.007391812j),(1.003998126+0.000227314j),(1.00382554+0.000120858j),(1.012089702+0.003966762j),(1.012447165+0.004208478j),(1.018280691+0.006923233j),(1.018638154+0.00716495j),(1.024471679+0.009879705j),(1.024650411+0.010000564j),(1.028597814+0.011586899j),(1.028598786+0.011587631j),(1.031758909+0.012773894j),(1.033994764+0.013622846j),(1.042038103+0.017322918j),(1.020592412+0.007621811j),(1.003642837-2.686e-06j),(1.003646808+0j),(1.012268433+0.00408762j),(1.018459422+0.007044092j),(1.02859536+0.011586884j),(1.024785441+0.010088481j),(1.003646808+0j),(1.003642837-2.686e-06j),(1.003642837-2.686e-06j),(1.020586259+0.007622428j),(1.021347478+0.00779417j),(1.034732995+0.013798297j),(1.033994764+0.013622846j),(1.028598786+0.011587631j),(1.042770338+0.017497596j),(1.042032072+0.017323467j),(1.012268433+0.00408762j),(1.012268433+0.00408762j),(1.024650411+0.010000564j),(1.018459422+0.007044092j),(1.031758909+0.012773894j),(1.020566482+0.007618153j),(1.020584721+0.007622582j),(1.02388636+0.009319012j),(1.021536245+0.007837259j),(1.044385298+0.018463724j),(1.042953396+0.017541266j),(1.042016308+0.017320004j),(1.042030565+0.017323604j),(1.038083199+0.014857627j),(1.034917553+0.01384216j),(1.028573606+0.011588104j),(1.02574001+0.010390546j),(-0.039503007+4.1256e-05j),(-0.039500725+3.337e-05j),(-0.039836761+2.726e-05j),(-0.03972334+3.3135e-05j),"{'64': {'dP_mw': 0.0, 'dQ_mvar': 0.0}, '57': {'dP_mw': 0.0, 'dQ_mvar': 0.0}, '55': {'dP_mw': 0.0, 'dQ_mvar': 0.0}, '61': {'dP_mw': 0.0, 'dQ_mvar': 0.0}}",1.0445484956585294,0.0,0.0,Uncontrolled_breaker_closed,8.4
69,1790959779.6723018,43,(1.024694112+0.010033505j),(1.028554113+0.011553958j),(1.028645913+0.011621318j),(1.031711782+0.012740206j),(1.031806037+0.012807582j),(1.033947636+0.013589158j),(1.034126551+0.013710041j),(1.041906315+0.017235723j),(1.03377594+0.013481231j),(1.020811235+0.007763426j),(1.020237122+0.007391812j),(1.003998126+0.000227314j),(1.00382554+0.000120858j),(1.012089702+0.003966762j),(1.012447165+0.004208478j),(1.018280691+0.006923233j),(1.018638154+0.00716495j),(1.024471679+0.009879705j),(1.024650411+0.010000564j),(1.028597814+0.011586899j),(1.028598786+0.011587631j),(1.031758909+0.012773894j),(1.033994764+0.013622846j),(1.042038103+0.017322918j),(1.020592412+0.007621811j),(1.003642837-2.686e-06j),(1.003646808+0j),(1.012268433+0.00408762j),(1.018459422+0.007044092j),(1.02859536+0.011586884j),(1.024785441+0.010088481j),(1.003646808+0j),(1.003642837-2.686e-06j),(1.003642837-2.686e-06j),(1.020586259+0.007622428j),(1.021347478+0.00779417j),(1.034732995+0.013798297j),(1.033994764+0.013622846j),(1.028598786+0.011587631j),(1.042770338+0.017497596j),(1.042032072+0.017323467j),(1.012268433+0.00408762j),(1.012268433+0.00408762j),(1.024650411+0.010000564j),(1.018459422+0.007044092j),(1.031758909+0.012773894j),(1.020566482+0.007618153j),(1.020584721+0.007622582j),(1.02388636+0.009319012j),(1.021536245+0.007837259j),(1.044385298+0.018463724j),(1.042953396+0.017541266j),(1.042016308+0.017320004j),(1.042030565+0.017323604j),(1.038083199+0.014857627j),(1.034917553+0.01384216j),(1.028573606+0.011588104j),(1.02574001+0.010390546j),(-0.039503007+4.1256e-05j),(-0.039500725+3.337e-05j),(-0.039836761+2.726e-05j),(-0.03972334+3.3135e-05j),"{'64': {'dP_mw': 0.0, 'dQ_mvar': 0.0}, '57': {'dP_mw': 0.0, 'dQ_mvar': 0.0}, '55': {'dP_mw': 0.0, 'dQ_mvar': 0.0}, '61': {'dP_mw': 0.0, 'dQ_mvar': 0.0}}",1.0445484956585294,0.0,0.0,Uncontrolled_breaker_closed,8.45
70,1790959779.7226532,43,(1.024694112+0.010033505j),(1.028554113+0.011553958j),(1.028645913+0.011621318j),(1.031711782+0.012740206j),(1.031806037+0.012807582j),(1.033947636+0.013589158j),(1.034126551+0.013710041j),(1.041906315+0.017235723j),(1.03377594+0.013481231j),(1.020811235+0.007763426j),(1.020237122+0.007391812j),(1.003998126+0.000227314j),(1.00382554+0.000120858j),(1.012089702+0.003966762j),(1.012447165+0.004208478j),(1.018280691+0.006923233j),(1.018638154+0.00716495j),(1.024471679+0.009879705j),(1.024650411+0.010000564j),(1.028597814+0.011586899j),(1.028598786+0.011587631j),(1.031758909+0.012773894j),(1.033994764+0.013622846j),(1.042038103+0.017322918j),(1.020592412+0.007621811j),(1.003642837-2.686e-06j),(1.003646808+0j),(1.012268433+0.00408762j),(1.018459422+0.007044092j),(1.02859536+0.011586884j),(1.024785441+0.010088481j),(1.003646808+0j),(1.003642837-2.686e-06j),(1.003642837-2.686e-06j),(1.020586259+0.007622428j),(1.021347478+0.00779417j),(1.034732995+0.013798297j),(1.033994764+0.013622846j),(1.028598786+0.011587631j),(1.042770338+0.017497596j),(1.042032072+0.017323467j),(1.012268433+0.00408762j),(1.012268433+0.00408762j),(1.024650411+0.010000564j),(1.018459422+0.007044092j),(1.031758909+0.012773894j),(1.020566482+0.007618153j),(1.020584721+0.007622582j),(1.02388636+0.009319012j),(1.021536245+0.007837259j),(1.044385298+0.018463724j),(1.042953396+0.017541266j),(1.042016308+0.017320004j),(1.042030565+0.017323604j),(1.038083199+0.014857627j),(1.034917553+0.01384216j),(1.028573606+0.011588104j),(1.02574001+0.010390546j),(-0.039503007+4.1256e-05j),(-0.039500725+3.337e-05j),(-0.039836761+2.726e-05j),(-0.03972334+3.3135e-05j),"{'64': {'dP_mw': 0.0, 'dQ_mvar': 0.0}, '57': {'dP_mw': 0.0, 'dQ_mvar': 0.0}, '55': {'dP_mw': 0.0, 'dQ_mvar': 0.0}, '61': {'dP_mw': 0.0, 'dQ_mvar': 0.0}}",1.0445484956585294,0.0,0.0,Uncontrolled_breaker_closed,8.5
71,1790959779.7730868,43,(1.024694112+0.010033505j),(1.028554113+0.011553958j),(1.028645913+0.011621318j),(1.031711782+0.012740206j),(1.031806037+0.012807582j),(1.033947636+0.013589158j),(1.034126551+0.013710041j),(1.041906315+0.017235723j),(1.03377594+0.013481231j),(1.020811235+0.007763426j),(1.020237122+0.007391812j),(1.003998126+0.000227314j),(1.00382554+0.000120858j),(1.012089702+0.003966762j),(1.012447165+0.004208478j),(1.018280691+0.006923233j),(1.018638154+0.00716495j),(1.024471679+0.009879705j),(1.024650411+0.010000564j),(1.028597814+0.011586899j),(1.028598786+0.011587631j),(1.031758909+0.012773894j),(1.033994764+0.013622846j),(1.042038103+0.017322918j),(1.020592412+0.007621811j),(1.003642837-2.686e-06j),(1.003646808+0j),(1.012268433+0.00408762j),(1.018459422+0.007044092j),(1.02859536+0.011586884j),(1.024785441+0.010088481j),(1.003646808+0j),(1.003642837-2.686e-06j),(1.003642837-2.686e-06j),(1.020586259+0.007622428j),(1.021347478+0.00779417j),(1.034732995+0.013798297j),(1.033994764+0.013622846j),(1.028598786+0.011587631j),(1.042770338+0.017497596j),(1.042032072+0.017323467j),(1.012268433+0.00408762j),(1.012268433+0.00408762j),(1.024650411+0.010000564j),(1.018459422+0.007044092j),(1.031758909+0.012773894j),(1.020566482+0.007618153j),(1.020584721+0.007622582j),(1.02388636+0.009319012j),(1.021536245+0.007837259j),(1.044385298+0.018463724j),(1.042953396+0.017541266j),(1.042016308+0.017320004j),(1.042030565+0.017323604j),(1.038083199+0.014857627j),(1.034917553+0.01384216j),(1.028573606+0.011588104j),(1.02574001+0.010390546j),(-0.039503007+4.1256e-05j),(-0.039500725+3.337e-05j),(-0.039836761+2.726e-05j),(-0.03972334+3.3135e-05j),"{'64': {'dP_mw': 0.0, 'dQ_mvar': 0.0}, '57': {'dP_mw': 0.0, 'dQ_mvar': 0.0}, '55': {'dP_mw': 0.0, 'dQ_mvar': 0.0}, '61': {'dP_mw': 0.0, 'dQ_mvar': 0.0}}",1.0445484956585294,0.0,0.0,Uncontrolled_breaker_closed,8.55
72,1790959779.8222423,43,(1.024694112+0.010033505j),(1.028554113+0.011553958j),(1.028645913+0.011621318j),(1.031711782+0.012740206j),(1.031806037+0.012807582j),(1.033947636+0.013589158j),(1.034126551+0.013710041j),(1.041906315+0.017235723j),(1.03377594+0.013481231j),(1.020811235+0.007763426j),(1.020237122+0.007391812j),(1.003998126+0.000227314j),(1.00382554+0.000120858j),(1.012089702+0.003966762j),(1.012447165+0.004208478j),(1.018280691+0.006923233j),(1.018638154+0.00716495j),(1.024471679+0.009879705j),(1.024650411+0.010000564j),(1.028597814+0.011586899j),(1.028598786+0.011587631j),(1.031758909+0.012773894j),(1.033994764+0.013622846j),(1.042038103+0.017322918j),(1.020592412+0.007621811j),(1.003642837-2.686e-06j),(1.003646808+0j),(1.012268433+0.00408762j),(1.018459422+0.007044092j),(1.02859536+0.011586884j),(1.024785441+0.010088481j),(1.003646808+0j),(1.003642837-2.686e-06j),(1.003642837-2.686e-06j),(1.020586259+0.007622428j),(1.021347478+0.00779417j),(1.034732995+0.013798297j),(1.033994764+0.013622846j),(1.028598786+0.011587631j),(1.042770338+0.017497596j),(1.042032072+0.017323467j),(1.012268433+0.00408762j),(1.012268433+0.00408762j),(1.024650411+0.010000564j),(1.018459422+0.007044092j),(1.031758909+0.012773894j),(1.020566482+0.007618153j),(1.020584721+0.007622582j),(1.02388636+0.009319012j),(1.021536245+0.007837259j),(1.044385298+0.018463724j),(1.042953396+0.017541266j),(1.042016308+0.017320004j),(1.042030565+0.017323604j),(1.038083199+0.014857627j),(1.034917553+0.01384216j),(1.028573606+0.011588104j),(1.02574001+0.010390546j),(-0.039503007+4.1256e-05j),(-0.039500725+3.337e-05j),(-0.039836761+2.726e-05j),(-0.03972334+3.3135e-05j),"{'64': {'dP_mw': 0.0, 'dQ_mvar': 0.0}, '57': {'dP_mw': 0.0, 'dQ_mvar': 0.0}, '55': {'dP_mw': 0.0, 'dQ_mvar': 0.0}, '61': {'dP_mw': 0.0, 'dQ_mvar': 0.0}}",1.0445484956585294,0.0,0.0,Uncontrolled_breaker_closed,8.6
73,1790959779.8723407,43,(1.024694112+0.010033505j),(1.028554113+0.011553958j),(1.028645913+0.011621318j),(1.031711782+0.012740206j),(1.031806037+0.012807582j),(1.033947636+0.013589158j),(1.034126551+0.013710041j),(1.041906315+0.017235723j),(1.03377594+0.013481231j),(1.020811235+0.007763426j),(1.020237122+0.007391812j),(1.003998126+0.000227314j),(1.00382554+0.000120858j),(1.012089702+0.003966762j),(1.012447165+0.004208478j),(1.018280691+0.006923233j),(1.018638154+0.00716495j),(1.024471679+0.009879705j),(1.024650411+0.010000564j),(1.028597814+0.011586899j),(1.028598786+0.011587631j),(1.031758909+0.012773894j),(1.033994764+0.013622846j),(1.042038103+0.017322918j),(1.020592412+0.007621811j),(1.003642837-2.686e-06j),(1.003646808+0j),(1.012268433+0.00408762j),(1.018459422+0.007044092j),(1.02859536+0.011586884j),(1.024785441+0.010088481j),(1.003646808+0j),(1.003642837-2.686e-06j),(1.003642837-2.686e-06j),(1.020586259+0.007622428j),(1.021347478+0.00779417j),(1.034732995+0.013798297j),(1.033994764+0.013622846j),(1.028598786+0.011587631j),(1.042770338+0.017497596j),(1.042032072+0.017323467j),(1.012268433+0.00408762j),(1.012268433+0.00408762j),(1.024650411+0.010000564j),(1.018459422+0.007044092j),(1.031758909+0.012773894j),(1.020566482+0.007618153j),(1.020584721+0.007622582j),(1.02388636+0.009319012j),(1.021536245+0.007837259j),(1.044385298+0.018463724j),(1.042953396+0.017541266j),(1.042016308+0.017320004j),(1.042030565+0.017323604j),(1.038083199+0.014857627j),(1.034917553+0.01384216j),(1.028573606+0.011588104j),(1.02574001+0.010390546j),(-0.039503007+4.1256e-05j),(-0.039500725+3.337e-05j),(-0.039836761+2.726e-05j),(-0.03972334+3.3135e-05j),"{'64': {'dP_mw': 0.0, 'dQ_mvar': 0.0}, '57': {'dP_mw': 0.0, 'dQ_mvar': 0.0}, '55': {'dP_mw': 0.0, 'dQ_mvar': 0.0}, '61': {'dP_mw': 0.0, 'dQ_mvar': 0.0}}",1.0445484956585294,0.0,0.0,Uncontrolled_breaker_closed,8.65
74,1790959779.9221754,43,(1.024694112+0.010033505j),(1.028554113+0.011553958j),(1.028645913+0.011621318j),(1.031711782+0.012740206j),(1.031806037+0.012807582j),(1.033947636+0.013589158j),(1.034126551+0.013710041j),(1.041906315+0.017235723j),(1.03377594+0.013481231j),(1.020811235+0.007763426j),(1.020237122+0.007391812j),(1.003998126+0.000227314j),(1.00382554+0.000120858j),(1.012089702+0.003966762j),(1.012447165+0.004208478j),(1.018280691+0.006923233j),(1.018638154+0.00716495j),(1.024471679+0.009879705j),(1.024650411+0.010000564j),(1.028597814+0.011586899j),(1.028598786+0.011587631j),(1.031758909+0.012773894j),(1.033994764+0.013622846j),(1.042038103+0.017322918j),(1.020592412+0.007621811j),(1.003642837-2.686e-06j),(1.003646808+0j),(1.012268433+0.00408762j),(1.018459422+0.007044092j),(1.02859536+0.011586884j),(1.024785441+0.010088481j),(1.003646808+0j),(1.003642837-2.686e-06j),(1.003642837-2.686e-06j),(1.020586259+0.007622428j),(1.021347478+0.00779417j),(1.034732995+0.013798297j),(1.033994764+0.013622846j),(1.028598786+0.011587631j),(1.042770338+0.017497596j),(1.042032072+0.017323467j),(1.012268433+0.00408762j),(1.012268433+0.00408762j),(1.024650411+0.010000564j),(1.018459422+0.007044092j),(1.031758909+0.012773894j),(1.020566482+0.007618153j),(1.020584721+0.007622582j),(1.02388636+0.009319012j),(1.021536245+0.007837259j),(1.044385298+0.018463724j),(1.042953396+0.017541266j),(1.042016308+0.017320004j),(1.042030565+0.017323604j),(1.038083199+0.014857627j),(1.034917553+0.01384216j),(1.028573606+0.011588104j),(1.02574001+0.010390546j),(-0.039503007+4.1256e-05j),(-0.039500725+3.337e-05j),(-0.039836761+2.726e-05j),(-0.03972334+3.3135e-05j),"{'64': {'dP_mw': 0.0, 'dQ_mvar': 0.0}, '57': {'dP_mw': 0.0, 'dQ_mvar': 0.0}, '55': {'dP_mw': 0.0, 'dQ_mvar': 0.0}, '61': {'dP_mw': 0.0, 'dQ_mvar': 0.0}}",1.0445484956585294,0.0,0.0,Uncontrolled_breaker_closed,8.7
75,1790959779.97337,43,(1.024694112+0.010033505j),(1.028554113+0.011553958j),(1.028645913+0.011621318j),(1.031711782+0.012740206j),(1.031806037+0.012807582j),(1.033947636+0.013589158j),(1.034126551+0.013710041j),(1.041906315+0.017235723j),(1.03377594+0.013481231j),(1.020811235+0.007763426j),(1.020237122+0.007391812j),(1.003998126+0.000227314j),(1.00382554+0.000120858j),(1.012089702+0.003966762j),(1.012447165+0.004208478j),(1.018280691+0.006923233j),(1.018638154+0.00716495j),(1.024471679+0.009879705j),(1.024650411+0.010000564j),(1.028597814+0.011586899j),(1.028598786+0.011587631j),(1.031758909+0.012773894j),(1.033994764+0.013622846j),(1.042038103+0.017322918j),(1.020592412+0.007621811j),(1.003642837-2.686e-06j),(1.003646808+0j),(1.012268433+0.00408762j),(1.018459422+0.007044092j),(1.02859536+0.011586884j),(1.024785441+0.010088481j),(1.003646808+0j),(1.003642837-2.686e-06j),(1.003642837-2.686e-06j),(1.020586259+0.007622428j),(1.021347478+0.00779417j),(1.034732995+0.013798297j),(1.033994764+0.013622846j),(1.028598786+0.011587631j),(1.042770338+0.017497596j),(1.042032072+0.017323467j),(1.012268433+0.00408762j),(1.012268433+0.00408762j),(1.024650411+0.010000564j),(1.018459422+0.007044092j),(1.031758909+0.012773894j),(1.020566482+0.007618153j),(1.020584721+0.007622582j),(1.02388636+0.009319012j),(1.021536245+0.007837259j),(1.044385298+0.018463724j),(1.042953396+0.017541266j),(1.042016308+0.017320004j),(1.042030565+0.017323604j),(1.038083199+0.014857627j),(1.034917553+0.01384216j),(1.028573606+0.011588104j),(1.02574001+0.010390546j),(-0.039503007+4.1256e-05j),(-0.039500725+3.337e-05j),(-0.039836761+2.726e-05j),(-0.03972334+3.3135e-05j),"{'64': {'dP_mw': 0.0, 'dQ_mvar': 0.0}, '57': {'dP_mw': 0.0, 'dQ_mvar': 0.0}, '55': {'dP_mw': 0.0, 'dQ_mvar': 0.0}, '61': {'dP_mw': 0.0, 'dQ_mvar': 0.0}}",1.0445484956585294,0.0,0.0,Uncontrolled_breaker_closed,8.75
76,1790959780.0236804,43,(1.024694112+0.010033505j),(1.028554113+0.011553958j),(1.028645913+0.011621318j),(1.031711782+0.012740206j),(1.031806037+0.012807582j),(1.033947636+0.013589158j),(1.034126551+0.013710041j),(1.041906315+0.017235723j),(1.03377594+0.013481231j),(1.020811235+0.007763426j),(1.020237122+0.007391812j),(1.003998126+0.000227314j),(1.00382554+0.000120858j),(1.012089702+0.003966762j),(1.012447165+0.004208478j),(1.018280691+0.006923233j),(1.018638154+0.00716495j),(1.024471679+0.009879705j),(1.024650411+0.010000564j),(1.028597814+0.011586899j),(1.028598786+0.011587631j),(1.031758909+0.012773894j),(1.033994764+0.013622846j),(1.042038103+0.017322918j),(1.020592412+0.007621811j),(1.003642837-2.686e-06j),(1.003646808+0j),(1.012268433+0.00408762j),(1.018459422+0.007044092j),(1.02859536+0.011586884j),(1.024785441+0.010088481j),(1.003646808+0j),(1.003642837-2.686e-06j),(1.003642837-2.686e-06j),(1.020586259+0.007622428j),(1.021347478+0.00779417j),(1.034732995+0.013798297j),(1.033994764+0.013622846j),(1.028598786+0.011587631j),(1.042770338+0.017497596j),(1.042032072+0.017323467j),(1.012268433+0.00408762j),(1.012268433+0.00408762j),(1.024650411+0.010000564j),(1.018459422+0.007044092j),(1.031758909+0.012773894j),(1.020566482+0.007618153j),(1.020584721+0.007622582j),(1.02388636+0.009319012j),(1.021536245+0.007837259j),(1.044385298+0.018463724j),(1.042953396+0.017541266j),(1.042016308+0.017320004j),(1.042030565+0.017323604j),(1.038083199+0.014857627j),(1.034917553+0.01384216j),(1.028573606+0.011588104j),(1.02574001+0.010390546j),(-0.039503007+4.1256e-05j),(-0.039500725+3.337e-05j),(-0.039836761+2.726e-05j),(-0.03972334+3.3135e-05j),"{'64': {'dP_mw': 0.0, 'dQ_mvar': 0.0}, '57': {'dP_mw': 0.0, 'dQ_mvar': 0.0}, '55': {'dP_mw': 0.0, 'dQ_mvar': 0.0}, '61': {'dP_mw': 0.0, 'dQ_mvar': 0.0}}",1.0445484956585294,0.0,0.0,Uncontrolled_breaker_closed,8.8
77,1790959780.0724063,43,(1.024694112+0.010033505j),(1.028554113+0.011553958j),(1.028645913+0.011621318j),(1.031711782+0.012740206j),(1.031806037+0.012807582j),(1.033947636+0.013589158j),(1.034126551+0.013710041j),(1.041906315+0.017235723j),(1.03377594+0.013481231j),(1.020811235+0.007763426j),(1.020237122+0.007391812j),(1.003998126+0.000227314j),(1.00382554+0.000120858j),(1.012089702+0.003966762j),(1.012447165+0.004208478j),(1.018280691+0.006923233j),(1.018638154+0.00716495j),(1.024471679+0.009879705j),(1.024650411+0.010000564j),(1.028597814+0.011586899j),(1.028598786+0.011587631j),(1.031758909+0.012773894j),(1.033994764+0.013622846j),(1.042038103+0.017322918j),(1.020592412+0.007621811j),(1.003642837-2.686e-06j),(1.003646808+0j),(1.012268433+0.00408762j),(1.018459422+0.007044092j),(1.02859536+0.011586884j),(1.024785441+0.010088481j),(1.003646808+0j),(1.003642837-2.686e-06j),(1.003642837-2.686e-06j),(1.020586259+0.007622428j),(1.021347478+0.00779417j),(1.034732995+0.013798297j),(1.033994764+0.013622846j),(1.028598786+0.011587631j),(1.042770338+0.017497596j),(1.042032072+0.017323467j),(1.012268433+0.00408762j),(1.012268433+0.00408762j),(1.024650411+0.010000564j),(1.018459422+0.007044092j),(1.031758909+0.012773894j),(1.020566482+0.007618153j),(1.020584721+0.007622582j),(1.02388636+0.009319012j),(1.021536245+0.007837259j),(1.044385298+0.018463724j),(1.042953396+0.017541266j),(1.042016308+0.017320004j),(1.042030565+0.017323604j),(1.038083199+0.014857627j),(1.034917553+0.01384216j),(1.028573606+0.011588104j),(1.02574001+0.010390546j),(-0.039503007+4.1256e-05j),(-0.039500725+3.337e-05j),(-0.039836761+2.726e-05j),(-0.03972334+3.3135e-05j),"{'64': {'dP_mw': 0.0, 'dQ_mvar': 0.0}, '57': {'dP_mw': 0.0, 'dQ_mvar': 0.0}, '55': {'dP_mw': 0.0, 'dQ_mvar': 0.0}, '61': {'dP_mw': 0.0, 'dQ_mvar': 0.0}}",1.0445484956585294,0.0,0.0,Uncontrolled_breaker_closed,8.85
78,1790959780.1237226,43,(1.024694112+0.010033505j),(1.028554113+0.011553958j),(1.028645913+0.011621318j),(1.031711782+0.012740206j),(1.031806037+0.012807582j),(1.033947636+0.013589158j),(1.034126551+0.013710041j),(1.041906315+0.017235723j),(1.03377594+0.013481231j),(1.020811235+0.007763426j),(1.020237122+0.007391812j),(1.003998126+0.000227314j),(1.00382554+0.000120858j),(1.012089702+0.003966762j),(1.012447165+0.004208478j),(1.018280691+0.006923233j),(1.018638154+0.00716495j),(1.024471679+0.009879705j),(1.024650411+0.010000564j),(1.028597814+0.011586899j),(1.028598786+0.011587631j),(1.031758909+0.012773894j),(1.033994764+0.013622846j),(1.042038103+0.017322918j),(1.020592412+0.007621811j),(1.003642837-2.686e-06j),(1.003646808+0j),(1.012268433+0.00408762j),(1.018459422+0.007044092j),(1.02859536+0.011586884j),(1.024785441+0.010088481j),(1.003646808+0j),(1.003642837-2.686e-06j),(1.003642837-2.686e-06j),(1.020586259+0.007622428j),(1.021347478+0.00779417j),(1.034732995+0.013798297j),(1.033994764+0.013622846j),(1.028598786+0.011587631j),(1.042770338+0.017497596j),(1.042032072+0.017323467j),(1.012268433+0.00408762j),(1.012268433+0.00408762j),(1.024650411+0.010000564j),(1.018459422+0.007044092j),(1.031758909+0.012773894j),(1.020566482+0.007618153j),(1.020584721+0.007622582j),(1.02388636+0.009319012j),(1.021536245+0.007837259j),(1.044385298+0.018463724j),(1.042953396+0.017541266j),(1.042016308+0.017320004j),(1.042030565+0.017323604j),(1.038083199+0.014857627j),(1.034917553+0.01384216j),(1.028573606+0.011588104j),(1.02574001+0.010390546j),(-0.039503007+4.1256e-05j),(-0.039500725+3.337e-05j),(-0.039836761+2.726e-05j),(-0.03972334+3.3135e-05j),"{'64': {'dP_mw': 0.0, 'dQ_mvar': 0.0}, '57': {'dP_mw': 0.0, 'dQ_mvar': 0.0}, '55': {'dP_mw': 0.0, 'dQ_mvar': 0.0}, '61': {'dP_mw': 0.0, 'dQ_mvar': 0.0}}",1.0445484956585294,0.0,0.0,Uncontrolled_breaker_closed,8.9
79,1790959780.1732523,43,(1.024694112+0.010033505j),(1.028554113+0.011553958j),(1.028645913+0.011621318j),(1.031711782+0.012740206j),(1.031806037+0.012807582j),(1.033947636+0.013589158j),(1.034126551+0.013710041j),(1.041906315+0.017235723j),(1.03377594+0.013481231j),(1.020811235+0.007763426j),(1.020237122+0.007391812j),(1.003998126+0.000227314j),(1.00382554+0.000120858j),(1.012089702+0.003966762j),(1.012447165+0.004208478j),(1.018280691+0.006923233j),(1.018638154+0.00716495j),(1.024471679+0.009879705j),(1.024650411+0.010000564j),(1.028597814+0.011586899j),(1.028598786+0.011587631j),(1.031758909+0.012773894j),(1.033994764+0.013622846j),(1.042038103+0.017322918j),(1.020592412+0.007621811j),(1.003642837-2.686e-06j),(1.003646808+0j),(1.012268433+0.00408762j),(1.018459422+0.007044092j),(1.02859536+0.011586884j),(1.024785441+0.010088481j),(1.003646808+0j),(1.003642837-2.686e-06j),(1.003642837-2.686e-06j),(1.020586259+0.007622428j),(1.021347478+0.00779417j),(1.034732995+0.013798297j),(1.033994764+0.013622846j),(1.028598786+0.011587631j),(1.042770338+0.017497596j),(1.042032072+0.017323467j),(1.012268433+0.00408762j),(1.012268433+0.00408762j),(1.024650411+0.010000564j),(1.018459422+0.007044092j),(1.031758909+0.012773894j),(1.020566482+0.007618153j),(1.020584721+0.007622582j),(1.02388636+0.009319012j),(1.021536245+0.007837259j),(1.044385298+0.018463724j),(1.042953396+0.017541266j),(1.042016308+0.017320004j),(1.042030565+0.017323604j),(1.038083199+0.014857627j),(1.034917553+0.01384216j),(1.028573606+0.011588104j),(1.02574001+0.010390546j),(-0.039503007+4.1256e-05j),(-0.039500725+3.337e-05j),(-0.039836761+2.726e-05j),(-0.03972334+3.3135e-05j),"{'64': {'dP_mw': 0.0, 'dQ_mvar': 0.0}, '57': {'dP_mw': 0.0, 'dQ_mvar': 0.0}, '55': {'dP_mw': 0.0, 'dQ_mvar': 0.0}, '61': {'dP_mw': 0.0, 'dQ_mvar': 0.0}}",1.0445484956585294,0.0,0.0,Uncontrolled_breaker_closed,8.95
80,1790959780.2226326,44,(1.024694112+0.010033505j),(1.028554113+0.011553958j),(1.028645913+0.011621318j),(1.031711782+0.012740206j),(1.031806037+0.012807582j),(1.033947636+0.013589158j),(1.034126551+0.013710041j),(1.041906315+0.017235723j),(1.03377594+0.013481231j),(1.020811235+0.007763426j),(1.020237122+0.007391812j),(1.003998126+0.000227314j),(1.00382554+0.000120858j),(1.012089702+0.003966762j),(1.012447165+0.004208478j),(1.018280691+0.006923233j),(1.018638154+0.00716495j),(1.024471679+0.009879705j),(1.024650411+0.010000564j),(1.028597814+0.011586899j),(1.028598786+0.011587631j),(1.031758909+0.012773894j),(1.033994764+0.013622846j),(1.042038103+0.017322918j),(1.020592412+0.007621811j),(1.003642837-2.686e-06j),(1.003646808+0j),(1.012268433+0.00408762j),(1.018459422+0.007044092j),(1.02859536+0.011586884j),(1.024785441+0.010088481j),(1.003646808+0j),(1.003642837-2.686e-06j),(1.003642837-2.686e-06j),(1.020586259+0.007622428j),(1.021347478+0.00779417j),(1.034732995+0.013798297j),(1.033994764+0.013622846j),(1.028598786+0.011587631j),(1.042770338+0.017497596j),(1.042032072+0.017323467j),(1.012268433+0.00408762j),(1.012268433+0.00408762j),(1.024650411+0.010000564j),(1.018459422+0.007044092j),(1.031758909+0.012773894j),(1.020566482+0.007618153j),(1.020584721+0.007622582j),(1.02388636+0.009319012j),(1.021536245+0.007837259j),(1.044385298+0.018463724j),(1.042953396+0.017541266j),(1.042016308+0.017320004j),(1.042030565+0.017323604j),(1.038083199+0.014857627j),(1.034917553+0.01384216j),(1.028573606+0.011588104j),(1.02574001+0.010390546j),(-0.039503007+4.1256e-05j),(-0.039500725+3.337e-05j),(-0.039836761+2.726e-05j),(-0.03972334+3.3135e-05j),"{'64': {'dP_mw': 0.0, 'dQ_mvar': 0.0}, '57': {'dP_mw': 0.0, 'dQ_mvar': 0.0}, '55': {'dP_mw': 0.0, 'dQ_mvar': 0.0}, '61': {'dP_mw': 0.0, 'dQ_mvar': 0.0}}",1.0445484956585294,0.0,0.0,Uncontrolled_breaker_closed,9.0
81,1790959780.2740967,44,(1.024694112+0.010033505j),(1.028554113+0.011553958j),(1.028645913+0.011621318j),(1.031711782+0.012740206j),(1.031806037+0.012807582j),(1.033947636+0.013589158j),(1.034126551+0.013710041j),(1.041906315+0.017235723j),(1.03377594+0.013481231j),(1.020811235+0.007763426j),(1.020237122+0.007391812j),(1.003998126+0.000227314j),(1.00382554+0.000120858j),(1.012089702+0.003966762j),(1.012447165+0.004208478j),(1.018280691+0.006923233j),(1.018638154+0.00716495j),(1.024471679+0.009879705j),(1.024650411+0.010000564j),(1.028597814+0.011586899j),(1.028598786+0.011587631j),(1.031758909+0.012773894j),(1.033994764+0.013622846j),(1.042038103+0.017322918j),(1.020592412+0.007621811j),(1.003642837-2.686e-06j),(1.003646808+0j),(1.012268433+0.00408762j),(1.018459422+0.007044092j),(1.02859536+0.011586884j),(1.024785441+0.010088481j),(1.003646808+0j),(1.003642837-2.686e-06j),(1.003642837-2.686e-06j),(1.020586259+0.007622428j),(1.021347478+0.00779417j),(1.034732995+0.013798297j),(1.033994764+0.013622846j),(1.028598786+0.011587631j),(1.042770338+0.017497596j),(1.042032072+0.017323467j),(1.012268433+0.00408762j),(1.012268433+0.00408762j),(1.024650411+0.010000564j),(1.018459422+0.007044092j),(1.031758909+0.012773894j),(1.020566482+0.007618153j),(1.020584721+0.007622582j),(1.02388636+0.009319012j),(1.021536245+0.007837259j),(1.044385298+0.018463724j),(1.042953396+0.017541266j),(1.042016308+0.017320004j),(1.042030565+0.017323604j),(1.038083199+0.014857627j),(1.034917553+0.01384216j),(1.028573606+0.011588104j),(1.02574001+0.010390546j),(-0.039503007+4.1256e-05j),(-0.039500725+3.337e-05j),(-0.039836761+2.726e-05j),(-0.03972334+3.3135e-05j),"{'64': {'dP_mw': 0.0, 'dQ_mvar': 0.0}, '57': {'dP_mw': 0.0, 'dQ_mvar': 0.0}, '55': {'dP_mw': 0.0, 'dQ_mvar': 0.0}, '61': {'dP_mw': 0.0, 'dQ_mvar': 0.0}}",1.0445484956585294,0.0,0.0,Uncontrolled_breaker_closed,9.05
82,1790959780.3239903,44,(1.024694112+0.010033505j),(1.028554113+0.011553958j),(1.028645913+0.011621318j),(1.031711782+0.012740206j),(1.031806037+0.012807582j),(1.033947636+0.013589158j),(1.034126551+0.013710041j),(1.041906315+0.017235723j),(1.03377594+0.013481231j),(1.020811235+0.007763426j),(1.020237122+0.007391812j),(1.003998126+0.000227314j),(1.00382554+0.000120858j),(1.012089702+0.003966762j),(1.012447165+0.004208478j),(1.018280691+0.006923233j),(1.018638154+0.00716495j),(1.024471679+0.009879705j),(1.024650411+0.010000564j),(1.028597814+0.011586899j),(1.028598786+0.011587631j),(1.031758909+0.012773894j),(1.033994764+0.013622846j),(1.042038103+0.017322918j),(1.020592412+0.007621811j),(1.003642837-2.686e-06j),(1.003646808+0j),(1.012268433+0.00408762j),(1.018459422+0.007044092j),(1.02859536+0.011586884j),(1.024785441+0.010088481j),(1.003646808+0j),(1.003642837-2.686e-06j),(1.003642837-2.686e-06j),(1.020586259+0.007622428j),(1.021347478+0.00779417j),(1.034732995+0.013798297j),(1.033994764+0.013622846j),(1.028598786+0.011587631j),(1.042770338+0.017497596j),(1.042032072+0.017323467j),(1.012268433+0.00408762j),(1.012268433+0.00408762j),(1.024650411+0.010000564j),(1.018459422+0.007044092j),(1.031758909+0.012773894j),(1.020566482+0.007618153j),(1.020584721+0.007622582j),(1.02388636+0.009319012j),(1.021536245+0.007837259j),(1.044385298+0.018463724j),(1.042953396+0.017541266j),(1.042016308+0.017320004j),(1.042030565+0.017323604j),(1.038083199+0.014857627j),(1.034917553+0.01384216j),(1.028573606+0.011588104j),(1.02574001+0.010390546j),(-0.039503007+4.1256e-05j),(-0.039500725+3.337e-05j),(-0.039836761+2.726e-05j),(-0.03972334+3.3135e-05j),"{'64': {'dP_mw': 0.0, 'dQ_mvar': 0.0}, '57': {'dP_mw': 0.0, 'dQ_mvar': 0.0}, '55': {'dP_mw': 0.0, 'dQ_mvar': 0.0}, '61': {'dP_mw': 0.0, 'dQ_mvar': 0.0}}",1.0445484956585294,0.0,0.0,Uncontrolled_breaker_closed,9.1
83,1790959780.3735816,44,(1.024694112+0.010033505j),(1.028554113+0.011553958j),(1.028645913+0.011621318j),(1.031711782+0.012740206j),(1.031806037+0.012807582j),(1.033947636+0.013589158j),(1.034126551+0.013710041j),(1.041906315+0.017235723j),(1.03377594+0.013481231j),(1.020811235+0.007763426j),(1.020237122+0.007391812j),(1.003998126+0.000227314j),(1.00382554+0.000120858j),(1.012089702+0.003966762j),(1.012447165+0.004208478j),(1.018280691+0.006923233j),(1.018638154+0.00716495j),(1.024471679+0.009879705j),(1.024650411+0.010000564j),(1.028597814+0.011586899j),(1.028598786+0.011587631j),(1.031758909+0.012773894j),(1.033994764+0.013622846j),(1.042038103+0.017322918j),(1.020592412+0.007621811j),(1.003642837-2.686e-06j),(1.003646808+0j),(1.012268433+0.00408762j),(1.018459422+0.007044092j),(1.02859536+0.011586884j),(1.024785441+0.010088481j),(1.003646808+0j),(1.003642837-2.686e-06j),(1.003642837-2.686e-06j),(1.020586259+0.007622428j),(1.021347478+0.00779417j),(1.034732995+0.013798297j),(1.033994764+0.013622846j),(1.028598786+0.011587631j),(1.042770338+0.017497596j),(1.042032072+0.017323467j),(1.012268433+0.00408762j),(1.012268433+0.00408762j),(1.024650411+0.010000564j),(1.018459422+0.007044092j),(1.031758909+0.012773894j),(1.020566482+0.007618153j),(1.020584721+0.007622582j),(1.02388636+0.009319012j),(1.021536245+0.007837259j),(1.044385298+0.018463724j),(1.042953396+0.017541266j),(1.042016308+0.017320004j),(1.042030565+0.017323604j),(1.038083199+0.014857627j),(1.034917553+0.01384216j),(1.028573606+0.011588104j),(1.02574001+0.010390546j),(-0.039503007+4.1256e-05j),(-0.039500725+3.337e-05j),(-0.039836761+2.726e-05j),(-0.03972334+3.3135e-05j),"{'64': {'dP_mw': 0.0, 'dQ_mvar': 0.0}, '57': {'dP_mw': 0.0, 'dQ_mvar': 0.0}, '55': {'dP_mw': 0.0, 'dQ_mvar': 0.0}, '61': {'dP_mw': 0.0, 'dQ_mvar': 0.0}}",1.0445484956585294,0.0,0.0,Uncontrolled_breaker_closed,9.15
84,1790959780.4235356,44,(1.024694112+0.010033505j),(1.028554113+0.011553958j),(1.028645913+0.011621318j),(1.031711782+0.012740206j),(1.031806037+0.012807582j),(1.033947636+0.013589158j),(1.034126551+0.013710041j),(1.041906315+0.017235723j),(1.03377594+0.013481231j),(1.020811235+0.007763426j),(1.020237122+0.007391812j),(1.003998126+0.000227314j),(1.00382554+0.000120858j),(1.012089702+0.003966762j),(1.012447165+0.004208478j),(1.018280691+0.006923233j),(1.018638154+0.00716495j),(1.024471679+0.009879705j),(1.024650411+0.010000564j),(1.028597814+0.011586899j),(1.028598786+0.011587631j),(1.031758909+0.012773894j),(1.033994764+0.013622846j),(1.042038103+0.017322918j),(1.020592412+0.007621811j),(1.003642837-2.686e-06j),(1.003646808+0j),(1.012268433+0.00408762j),(1.018459422+0.007044092j),(1.02859536+0.011586884j),(1.024785441+0.010088481j),(1.003646808+0j),(1.003642837-2.686e-06j),(1.003642837-2.686e-06j),(1.020586259+0.007622428j),(1.021347478+0.00779417j),(1.034732995+0.013798297j),(1.033994764+0.013622846j),(1.028598786+0.011587631j),(1.042770338+0.017497596j),(1.042032072+0.017323467j),(1.012268433+0.00408762j),(1.012268433+0.00408762j),(1.024650411+0.010000564j),(1.018459422+0.007044092j),(1.031758909+0.012773894j),(1.020566482+0.007618153j),(1.020584721+0.007622582j),(1.02388636+0.009319012j),(1.021536245+0.007837259j),(1.044385298+0.018463724j),(1.042953396+0.017541266j),(1.042016308+0.017320004j),(1.042030565+0.017323604j),(1.038083199+0.014857627j),(1.034917553+0.01384216j),(1.028573606+0.011588104j),(1.02574001+0.010390546j),(-0.039503007+4.1256e-05j),(-0.039500725+3.337e-05j),(-0.039836761+2.726e-05j),(-0.03972334+3.3135e-05j),"{'64': {'dP_mw': 0.0, 'dQ_mvar': 0.0}, '57': {'dP_mw': 0.0, 'dQ_mvar': 0.0}, '55': {'dP_mw': 0.0, 'dQ_mvar': 0.0}, '61': {'dP_mw': 0.0, 'dQ_mvar': 0.0}}",1.0445484956585294,0.0,0.0,Uncontrolled_breaker_closed,9.2
85,1790959780.4746077,44,(1.024694112+0.010033505j),(1.028554113+0.011553958j),(1.028645913+0.011621318j),(1.031711782+0.012740206j),(1.031806037+0.012807582j),(1.033947636+0.013589158j),(1.034126551+0.013710041j),(1.041906315+0.017235723j),(1.03377594+0.013481231j),(1.020811235+0.007763426j),(1.020237122+0.007391812j),(1.003998126+0.000227314j),(1.00382554+0.000120858j),(1.012089702+0.003966762j),(1.012447165+0.004208478j),(1.018280691+0.006923233j),(1.018638154+0.00716495j),(1.024471679+0.009879705j),(1.024650411+0.010000564j),(1.028597814+0.011586899j),(1.028598786+0.011587631j),(1.031758909+0.012773894j),(1.033994764+0.013622846j),(1.042038103+0.017322918j),(1.020592412+0.007621811j),(1.003642837-2.686e-06j),(1.003646808+0j),(1.012268433+0.00408762j),(1.018459422+0.007044092j),(1.02859536+0.011586884j),(1.024785441+0.010088481j),(1.003646808+0j),(1.003642837-2.686e-06j),(1.003642837-2.686e-06j),(1.020586259+0.007622428j),(1.021347478+0.00779417j),(1.034732995+0.013798297j),(1.033994764+0.013622846j),(1.028598786+0.011587631j),(1.042770338+0.017497596j),(1.042032072+0.017323467j),(1.012268433+0.00408762j),(1.012268433+0.00408762j),(1.024650411+0.010000564j),(1.018459422+0.007044092j),(1.031758909+0.012773894j),(1.020566482+0.007618153j),(1.020584721+0.007622582j),(1.02388636+0.009319012j),(1.021536245+0.007837259j),(1.044385298+0.018463724j),(1.042953396+0.017541266j),(1.042016308+0.017320004j),(1.042030565+0.017323604j),(1.038083199+0.014857627j),(1.034917553+0.01384216j),(1.028573606+0.011588104j),(1.02574001+0.010390546j),(-0.039503007+4.1256e-05j),(-0.039500725+3.337e-05j),(-0.039836761+2.726e-05j),(-0.03972334+3.3135e-05j),"{'64': {'dP_mw': 0.0, 'dQ_mvar': 0.0}, '57': {'dP_mw': 0.0, 'dQ_mvar': 0.0}, '55': {'dP_mw': 0.0, 'dQ_mvar': 0.0}, '61': {'dP_mw': 0.0, 'dQ_mvar': 0.0}}",1.0445484956585294,0.0,0.0,Uncontrolled_breaker_closed,9.25
86,1790959780.5238147,44,(1.024694112+0.010033505j),(1.028554113+0.011553958j),(1.028645913+0.011621318j),(1.031711782+0.012740206j),(1.031806037+0.012807582j),(1.033947636+0.013589158j),(1.034126551+0.013710041j),(1.041906315+0.017235723j),(1.03377594+0.013481231j),(1.020811235+0.007763426j),(1.020237122+0.007391812j),(1.003998126+0.000227314j),(1.00382554+0.000120858j),(1.012089702+0.003966762j),(1.012447165+0.004208478j),(1.018280691+0.006923233j),(1.018638154+0.00716495j),(1.024471679+0.009879705j),(1.024650411+0.010000564j),(1.028597814+0.011586899j),(1.028598786+0.011587631j),(1.031758909+0.012773894j),(1.033994764+0.013622846j),(1.042038103+0.017322918j),(1.020592412+0.007621811j),(1.003642837-2.686e-06j),(1.003646808+0j),(1.012268433+0.00408762j),(1.018459422+0.007044092j),(1.02859536+0.011586884j),(1.024785441+0.010088481j),(1.003646808+0j),(1.003642837-2.686e-06j),(1.003642837-2.686e-06j),(1.020586259+0.007622428j),(1.021347478+0.00779417j),(1.034732995+0.013798297j),(1.033994764+0.013622846j),(1.028598786+0.011587631j),(1.042770338+0.017497596j),(1.042032072+0.017323467j),(1.012268433+0.00408762j),(1.012268433+0.00408762j),(1.024650411+0.010000564j),(1.018459422+0.007044092j),(1.031758909+0.012773894j),(1.020566482+0.007618153j),(1.020584721+0.007622582j),(1.02388636+0.009319012j),(1.021536245+0.007837259j),(1.044385298+0.018463724j),(1.042953396+0.017541266j),(1.042016308+0.017320004j),(1.042030565+0.017323604j),(1.038083199+0.014857627j),(1.034917553+0.01384216j),(1.028573606+0.011588104j),(1.02574001+0.010390546j),(-0.039503007+4.1256e-05j),(-0.039500725+3.337e-05j),(-0.039836761+2.726e-05j),(-0.03972334+3.3135e-05j),"{'64': {'dP_mw': 0.0, 'dQ_mvar': 0.0}, '57': {'dP_mw': 0.0, 'dQ_mvar': 0.0}, '55': {'dP_mw': 0.0, 'dQ_mvar': 0.0}, '61': {'dP_mw': 0.0, 'dQ_mvar': 0.0}}",1.0445484956585294,0.0,0.0,Uncontrolled_breaker_closed,9.3
87,1790959780.574141,44,(1.024694112+0.010033505j),(1.028554113+0.011553958j),(1.028645913+0.011621318j),(1.031711782+0.012740206j),(1.031806037+0.012807582j),(1.033947636+0.013589158j),(1.034126551+0.013710041j),(1.041906315+0.017235723j),(1.03377594+0.013481231j),(1.020811235+0.007763426j),(1.020237122+0.007391812j),(1.003998126+0.000227314j),(1.00382554+0.000120858j),(1.012089702+0.003966762j),(1.012447165+0.004208478j),(1.018280691+0.006923233j),(1.018638154+0.00716495j),(1.024471679+0.009879705j),(1.024650411+0.010000564j),(1.028597814+0.011586899j),(1.028598786+0.011587631j),(1.031758909+0.012773894j),(1.033994764+0.013622846j),(1.042038103+0.017322918j),(1.020592412+0.007621811j),(1.003642837-2.686e-06j),(1.003646808+0j),(1.012268433+0.00408762j),(1.018459422+0.007044092j),(1.02859536+0.011586884j),(1.024785441+0.010088481j),(1.003646808+0j),(1.003642837-2.686e-06j),(1.003642837-2.686e-06j),(1.020586259+0.007622428j),(1.021347478+0.00779417j),(1.034732995+0.013798297j),(1.033994764+0.013622846j),(1.028598786+0.011587631j),(1.042770338+0.017497596j),(1.042032072+0.017323467j),(1.012268433+0.00408762j),(1.012268433+0.00408762j),(1.024650411+0.010000564j),(1.018459422+0.007044092j),(1.031758909+0.012773894j),(1.020566482+0.007618153j),(1.020584721+0.007622582j),(1.02388636+0.009319012j),(1.021536245+0.007837259j),(1.044385298+0.018463724j),(1.042953396+0.017541266j),(1.042016308+0.017320004j),(1.042030565+0.017323604j),(1.038083199+0.014857627j),(1.034917553+0.01384216j),(1.028573606+0.011588104j),(1.02574001+0.010390546j),(-0.039503007+4.1256e-05j),(-0.039500725+3.337e-05j),(-0.039836761+2.726e-05j),(-0.03972334+3.3135e-05j),"{'64': {'dP_mw': 0.0, 'dQ_mvar': 0.0}, '57': {'dP_mw': 0.0, 'dQ_mvar': 0.0}, '55': {'dP_mw': 0.0, 'dQ_mvar': 0.0}, '61': {'dP_mw': 0.0, 'dQ_mvar': 0.0}}",1.0445484956585294,0.0,0.0,Uncontrolled_breaker_closed,9.35
88,1790959780.624514,44,(1.024694112+0.010033505j),(1.028554113+0.011553958j),(1.028645913+0.011621318j),(1.031711782+0.012740206j),(1.031806037+0.012807582j),(1.033947636+0.013589158j),(1.034126551+0.013710041j),(1.041906315+0.017235723j),(1.03377594+0.013481231j),(1.020811235+0.007763426j),(1.020237122+0.007391812j),(1.003998126+0.000227314j),(1.00382554+0.000120858j),(1.012089702+0.003966762j),(1.012447165+0.004208478j),(1.018280691+0.006923233j),(1.018638154+0.00716495j),(1.024471679+0.009879705j),(1.024650411+0.010000564j),(1.028597814+0.011586899j),(1.028598786+0.011587631j),(1.031758909+0.012773894j),(1.033994764+0.013622846j),(1.042038103+0.017322918j),(1.020592412+0.007621811j),(1.003642837-2.686e-06j),(1.003646808+0j),(1.012268433+0.00408762j),(1.018459422+0.007044092j),(1.02859536+0.011586884j),(1.024785441+0.010088481j),(1.003646808+0j),(1.003642837-2.686e-06j),(1.003642837-2.686e-06j),(1.020586259+0.007622428j),(1.021347478+0.00779417j),(1.034732995+0.013798297j),(1.033994764+0.013622846j),(1.028598786+0.011587631j),(1.042770338+0.017497596j),(1.042032072+0.017323467j),(1.012268433+0.00408762j),(1.012268433+0.00408762j),(1.024650411+0.010000564j),(1.018459422+0.007044092j),(1.031758909+0.012773894j),(1.020566482+0.007618153j),(1.020584721+0.007622582j),(1.02388636+0.009319012j),(1.021536245+0.007837259j),(1.044385298+0.018463724j),(1.042953396+0.017541266j),(1.042016308+0.017320004j),(1.042030565+0.017323604j),(1.038083199+0.014857627j),(1.034917553+0.01384216j),(1.028573606+0.011588104j),(1.02574001+0.010390546j),(-0.039503007+4.1256e-05j),(-0.039500725+3.337e-05j),(-0.039836761+2.726e-05j),(-0.03972334+3.3135e-05j),"{'64': {'dP_mw': 0.0, 'dQ_mvar': 0.0}, '57': {'dP_mw': 0.0, 'dQ_mvar': 0.0}, '55': {'dP_mw': 0.0, 'dQ_mvar': 0.0}, '61': {'dP_mw': 0.0, 'dQ_mvar': 0.0}}",1.0445484956585294,0.0,0.0,Uncontrolled_breaker_closed,9.4
89,1790959780.6757047,44,(1.024694112+0.010033505j),(1.028554113+0.011553958j),(1.028645913+0.011621318j),(1.031711782+0.012740206j),(1.031806037+0.012807582j),(1.033947636+0.013589158j),(1.034126551+0.013710041j),(1.041906315+0.017235723j),(1.03377594+0.013481231j),(1.020811235+0.007763426j),(1.020237122+0.007391812j),(1.003998126+0.000227314j),(1.00382554+0.000120858j),(1.012089702+0.003966762j),(1.012447165+0.004208478j),(1.018280691+0.006923233j),(1.018638154+0.00716495j),(1.024471679+0.009879705j),(1.024650411+0.010000564j),(1.028597814+0.011586899j),(1.028598786+0.011587631j),(1.031758909+0.012773894j),(1.033994764+0.013622846j),(1.042038103+0.017322918j),(1.020592412+0.007621811j),(1.003642837-2.686e-06j),(1.003646808+0j),(1.012268433+0.00408762j),(1.018459422+0.007044092j),(1.02859536+0.011586884j),(1.024785441+0.010088481j),(1.003646808+0j),(1.003642837-2.686e-06j),(1.003642837-2.686e-06j),(1.020586259+0.007622428j),(1.021347478+0.00779417j),(1.034732995+0.013798297j),(1.033994764+0.013622846j),(1.028598786+0.011587631j),(1.042770338+0.017497596j),(1.042032072+0.017323467j),(1.012268433+0.00408762j),(1.012268433+0.00408762j),(1.024650411+0.010000564j),(1.018459422+0.007044092j),(1.031758909+0.012773894j),(1.020566482+0.007618153j),(1.020584721+0.007622582j),(1.02388636+0.009319012j),(1.021536245+0.007837259j),(1.044385298+0.018463724j),(1.042953396+0.017541266j),(1.042016308+0.017320004j),(1.042030565+0.017323604j),(1.038083199+0.014857627j),(1.034917553+0.01384216j),(1.028573606+0.011588104j),(1.02574001+0.010390546j),(-0.039503007+4.1256e-05j),(-0.039500725+3.337e-05j),(-0.039836761+2.726e-05j),(-0.03972334+3.3135e-05j),"{'64': {'dP_mw': 0.0, 'dQ_mvar': 0.0}, '57': {'dP_mw': 0.0, 'dQ_mvar': 0.0}, '55': {'dP_mw': 0.0, 'dQ_mvar': 0.0}, '61': {'dP_mw': 0.0, 'dQ_mvar': 0.0}}",1.0445484956585294,0.0,0.0,Uncontrolled_breaker_closed,9.45
90,1790959780.7255664,44,(1.024694112+0.010033505j),(1.028554113+0.011553958j),(1.028645913+0.011621318j),(1.031711782+0.012740206j),(1.031806037+0.012807582j),(1.033947636+0.013589158j),(1.034126551+0.013710041j),(1.041906315+0.017235723j),(1.03377594+0.013481231j),(1.020811235+0.007763426j),(1.020237122+0.007391812j),(1.003998126+0.000227314j),(1.00382554+0.000120858j),(1.012089702+0.003966762j),(1.012447165+0.004208478j),(1.018280691+0.006923233j),(1.018638154+0.00716495j),(1.024471679+0.009879705j),(1.024650411+0.010000564j),(1.028597814+0.011586899j),(1.028598786+0.011587631j),(1.031758909+0.012773894j),(1.033994764+0.013622846j),(1.042038103+0.017322918j),(1.020592412+0.007621811j),(1.003642837-2.686e-06j),(1.003646808+0j),(1.012268433+0.00408762j),(1.018459422+0.007044092j),(1.02859536+0.011586884j),(1.024785441+0.010088481j),(1.003646808+0j),(1.003642837-2.686e-06j),(1.003642837-2.686e-06j),(1.020586259+0.007622428j),(1.021347478+0.00779417j),(1.034732995+0.013798297j),(1.033994764+0.013622846j),(1.028598786+0.011587631j),(1.042770338+0.017497596j),(1.042032072+0.017323467j),(1.012268433+0.00408762j),(1.012268433+0.00408762j),(1.024650411+0.010000564j),(1.018459422+0.007044092j),(1.031758909+0.012773894j),(1.020566482+0.007618153j),(1.020584721+0.007622582j),(1.02388636+0.009319012j),(1.021536245+0.007837259j),(1.044385298+0.018463724j),(1.042953396+0.017541266j),(1.042016308+0.017320004j),(1.042030565+0.017323604j),(1.038083199+0.014857627j),(1.034917553+0.01384216j),(1.028573606+0.011588104j),(1.02574001+0.010390546j),(-0.039503007+4.1256e-05j),(-0.039500725+3.337e-05j),(-0.039836761+2.726e-05j),(-0.03972334+3.3135e-05j),"{'64': {'dP_mw': 0.0, 'dQ_mvar': 0.0}, '57': {'dP_mw': 0.0, 'dQ_mvar': 0.0}, '55': {'dP_mw': 0.0, 'dQ_mvar': 0.0}, '61': {'dP_mw': 0.0, 'dQ_mvar': 0.0}}",1.0445484956585294,0.0,0.0,Uncontrolled_breaker_closed,9.5
91,1790959780.7751198,44,(1.024694112+0.010033505j),(1.028554113+0.011553958j),(1.028645913+0.011621318j),(1.031711782+0.012740206j),(1.031806037+0.012807582j),(1.033947636+0.013589158j),(1.034126551+0.013710041j),(1.041906315+0.017235723j),(1.03377594+0.013481231j),(1.020811235+0.007763426j),(1.020237122+0.007391812j),(1.003998126+0.000227314j),(1.00382554+0.000120858j),(1.012089702+0.003966762j),(1.012447165+0.004208478j),(1.018280691+0.006923233j),(1.018638154+0.00716495j),(1.024471679+0.009879705j),(1.024650411+0.010000564j),(1.028597814+0.011586899j),(1.028598786+0.011587631j),(1.031758909+0.012773894j),(1.033994764+0.013622846j),(1.042038103+0.017322918j),(1.020592412+0.007621811j),(1.003642837-2.686e-06j),(1.003646808+0j),(1.012268433+0.00408762j),(1.018459422+0.007044092j),(1.02859536+0.011586884j),(1.024785441+0.010088481j),(1.003646808+0j),(1.003642837-2.686e-06j),(1.003642837-2.686e-06j),(1.020586259+0.007622428j),(1.021347478+0.00779417j),(1.034732995+0.013798297j),(1.033994764+0.013622846j),(1.028598786+0.011587631j),(1.042770338+0.017497596j),(1.042032072+0.017323467j),(1.012268433+0.00408762j),(1.012268433+0.00408762j),(1.024650411+0.010000564j),(1.018459422+0.007044092j),(1.031758909+0.012773894j),(1.020566482+0.007618153j),(1.020584721+0.007622582j),(1.02388636+0.009319012j),(1.021536245+0.007837259j),(1.044385298+0.018463724j),(1.042953396+0.017541266j),(1.042016308+0.017320004j),(1.042030565+0.017323604j),(1.038083199+0.014857627j),(1.034917553+0.01384216j),(1.028573606+0.011588104j),(1.02574001+0.010390546j),(-0.039503007+4.1256e-05j),(-0.039500725+3.337e-05j),(-0.039836761+2.726e-05j),(-0.03972334+3.3135e-05j),"{'64': {'dP_mw': 0.0, 'dQ_mvar': 0.0}, '57': {'dP_mw': 0.0, 'dQ_mvar': 0.0}, '55': {'dP_mw': 0.0, 'dQ_mvar': 0.0}, '61': {'dP_mw': 0.0, 'dQ_mvar': 0.0}}",1.0445484956585294,0.0,0.0,Uncontrolled_breaker_closed,9.55
92,1790959780.8267262,44,(1.024694112+0.010033505j),(1.028554113+0.011553958j),(1.028645913+0.011621318j),(1.031711782+0.012740206j),(1.031806037+0.012807582j),(1.033947636+0.013589158j),(1.034126551+0.013710041j),(1.041906315+0.017235723j),(1.03377594+0.013481231j),(1.020811235+0.007763426j),(1.020237122+0.007391812j),(1.003998126+0.000227314j),(1.00382554+0.000120858j),(1.012089702+0.003966762j),(1.012447165+0.004208478j),(1.018280691+0.006923233j),(1.018638154+0.00716495j),(1.024471679+0.009879705j),(1.024650411+0.010000564j),(1.028597814+0.011586899j),(1.028598786+0.011587631j),(1.031758909+0.012773894j),(1.033994764+0.013622846j),(1.042038103+0.017322918j),(1.020592412+0.007621811j),(1.003642837-2.686e-06j),(1.003646808+0j),(1.012268433+0.00408762j),(1.018459422+0.007044092j),(1.02859536+0.011586884j),(1.024785441+0.010088481j),(1.003646808+0j),(1.003642837-2.686e-06j),(1.003642837-2.686e-06j),(1.020586259+0.007622428j),(1.021347478+0.00779417j),(1.034732995+0.013798297j),(1.033994764+0.013622846j),(1.028598786+0.011587631j),(1.042770338+0.017497596j),(1.042032072+0.017323467j),(1.012268433+0.00408762j),(1.012268433+0.00408762j),(1.024650411+0.010000564j),(1.018459422+0.007044092j),(1.031758909+0.012773894j),(1.020566482+0.007618153j),(1.020584721+0.007622582j),(1.02388636+0.009319012j),(1.021536245+0.007837259j),(1.044385298+0.018463724j),(1.042953396+0.017541266j),(1.042016308+0.017320004j),(1.042030565+0.017323604j),(1.038083199+0.014857627j),(1.034917553+0.01384216j),(1.028573606+0.011588104j),(1.02574001+0.010390546j),(-0.039503007+4.1256e-05j),(-0.039500725+3.337e-05j),(-0.039836761+2.726e-05j),(-0.03972334+3.3135e-05j),"{'64': {'dP_mw': 0.0, 'dQ_mvar': 0.0}, '57': {'dP_mw': 0.0, 'dQ_mvar': 0.0}, '55': {'dP_mw': 0.0, 'dQ_mvar': 0.0}, '61': {'dP_mw': 0.0, 'dQ_mvar': 0.0}}",1.0445484956585294,0.0,0.0,Uncontrolled_breaker_closed,9.6
93,1790959780.8757071,44,(1.024694112+0.010033505j),(1.028554113+0.011553958j),(1.028645913+0.011621318j),(1.031711782+0.012740206j),(1.031806037+0.012807582j),(1.033947636+0.013589158j),(1.034126551+0.013710041j),(1.041906315+0.017235723j),(1.03377594+0.013481231j),(1.020811235+0.007763426j),(1.020237122+0.007391812j),(1.003998126+0.000227314j),(1.00382554+0.000120858j),(1.012089702+0.003966762j),(1.012447165+0.004208478j),(1.018280691+0.006923233j),(1.018638154+0.00716495j),(1.024471679+0.009879705j),(1.024650411+0.010000564j),(1.028597814+0.011586899j),(1.028598786+0.011587631j),(1.031758909+0.012773894j),(1.033994764+0.013622846j),(1.042038103+0.017322918j),(1.020592412+0.007621811j),(1.003642837-2.686e-06j),(1.003646808+0j),(1.012268433+0.00408762j),(1.018459422+0.007044092j),(1.02859536+0.011586884j),(1.024785441+0.010088481j),(1.003646808+0j),(1.003642837-2.686e-06j),(1.003642837-2.686e-06j),(1.020586259+0.007622428j),(1.021347478+0.00779417j),(1.034732995+0.013798297j),(1.033994764+0.013622846j),(1.028598786+0.011587631j),(1.042770338+0.017497596j),(1.042032072+0.017323467j),(1.012268433+0.00408762j),(1.012268433+0.00408762j),(1.024650411+0.010000564j),(1.018459422+0.007044092j),(1.031758909+0.012773894j),(1.020566482+0.007618153j),(1.020584721+0.007622582j),(1.02388636+0.009319012j),(1.021536245+0.007837259j),(1.044385298+0.018463724j),(1.042953396+0.017541266j),(1.042016308+0.017320004j),(1.042030565+0.017323604j),(1.038083199+0.014857627j),(1.034917553+0.01384216j),(1.028573606+0.011588104j),(1.02574001+0.010390546j),(-0.039503007+4.1256e-05j),(-0.039500725+3.337e-05j),(-0.039836761+2.726e-05j),(-0.03972334+3.3135e-05j),"{'64': {'dP_mw': 0.0, 'dQ_mvar': 0.0}, '57': {'dP_mw': 0.0, 'dQ_mvar': 0.0}, '55': {'dP_mw': 0.0, 'dQ_mvar': 0.0}, '61': {'dP_mw': 0.0, 'dQ_mvar': 0.0}}",1.0445484956585294,0.0,0.0,Uncontrolled_breaker_closed,9.65
94,1790959780.9260414,44,(1.024694112+0.010033505j),(1.028554113+0.011553958j),(1.028645913+0.011621318j),(1.031711782+0.012740206j),(1.031806037+0.012807582j),(1.033947636+0.013589158j),(1.034126551+0.013710041j),(1.041906315+0.017235723j),(1.03377594+0.013481231j),(1.020811235+0.007763426j),(1.020237122+0.007391812j),(1.003998126+0.000227314j),(1.00382554+0.000120858j),(1.012089702+0.003966762j),(1.012447165+0.004208478j),(1.018280691+0.006923233j),(1.018638154+0.00716495j),(1.024471679+0.009879705j),(1.024650411+0.010000564j),(1.028597814+0.011586899j),(1.028598786+0.011587631j),(1.031758909+0.012773894j),(1.033994764+0.013622846j),(1.042038103+0.017322918j),(1.020592412+0.007621811j),(1.003642837-2.686e-06j),(1.003646808+0j),(1.012268433+0.00408762j),(1.018459422+0.007044092j),(1.02859536+0.011586884j),(1.024785441+0.010088481j),(1.003646808+0j),(1.003642837-2.686e-06j),(1.003642837-2.686e-06j),(1.020586259+0.007622428j),(1.021347478+0.00779417j),(1.034732995+0.013798297j),(1.033994764+0.013622846j),(1.028598786+0.011587631j),(1.042770338+0.017497596j),(1.042032072+0.017323467j),(1.012268433+0.00408762j),(1.012268433+0.00408762j),(1.024650411+0.010000564j),(1.018459422+0.007044092j),(1.031758909+0.012773894j),(1.020566482+0.007618153j),(1.020584721+0.007622582j),(1.02388636+0.009319012j),(1.021536245+0.007837259j),(1.044385298+0.018463724j),(1.042953396+0.017541266j),(1.042016308+0.017320004j),(1.042030565+0.017323604j),(1.038083199+0.014857627j),(1.034917553+0.01384216j),(1.028573606+0.011588104j),(1.02574001+0.010390546j),(-0.039503007+4.1256e-05j),(-0.039500725+3.337e-05j),(-0.039836761+2.726e-05j),(-0.03972334+3.3135e-05j),"{'64': {'dP_mw': 0.0, 'dQ_mvar': 0.0}, '57': {'dP_mw': 0.0, 'dQ_mvar': 0.0}, '55': {'dP_mw': 0.0, 'dQ_mvar': 0.0}, '61': {'dP_mw': 0.0, 'dQ_mvar': 0.0}}",1.0445484956585294,0.0,0.0,Uncontrolled_breaker_closed,9.7
95,1790959780.9761102,44,(1.024694112+0.010033505j),(1.028554113+0.011553958j),(1.028645913+0.011621318j),(1.031711782+0.012740206j),(1.031806037+0.012807582j),(1.033947636+0.013589158j),(1.034126551+0.013710041j),(1.041906315+0.017235723j),(1.03377594+0.013481231j),(1.020811235+0.007763426j),(1.020237122+0.007391812j),(1.003998126+0.000227314j),(1.00382554+0.000120858j),(1.012089702+0.003966762j),(1.012447165+0.004208478j),(1.018280691+0.006923233j),(1.018638154+0.00716495j),(1.024471679+0.009879705j),(1.024650411+0.010000564j),(1.028597814+0.011586899j),(1.028598786+0.011587631j),(1.031758909+0.012773894j),(1.033994764+0.013622846j),(1.042038103+0.017322918j),(1.020592412+0.007621811j),(1.003642837-2.686e-06j),(1.003646808+0j),(1.012268433+0.00408762j),(1.018459422+0.007044092j),(1.02859536+0.011586884j),(1.024785441+0.010088481j),(1.003646808+0j),(1.003642837-2.686e-06j),(1.003642837-2.686e-06j),(1.020586259+0.007622428j),(1.021347478+0.00779417j),(1.034732995+0.013798297j),(1.033994764+0.013622846j),(1.028598786+0.011587631j),(1.042770338+0.017497596j),(1.042032072+0.017323467j),(1.012268433+0.00408762j),(1.012268433+0.00408762j),(1.024650411+0.010000564j),(1.018459422+0.007044092j),(1.031758909+0.012773894j),(1.020566482+0.007618153j),(1.020584721+0.007622582j),(1.02388636+0.009319012j),(1.021536245+0.007837259j),(1.044385298+0.018463724j),(1.042953396+0.017541266j),(1.042016308+0.017320004j),(1.042030565+0.017323604j),(1.038083199+0.014857627j),(1.034917553+0.01384216j),(1.028573606+0.011588104j),(1.02574001+0.010390546j),(-0.039503007+4.1256e-05j),(-0.039500725+3.337e-05j),(-0.039836761+2.726e-05j),(-0.03972334+3.3135e-05j),"{'64': {'dP_mw': 0.0, 'dQ_mvar': 0.0}, '57': {'dP_mw': 0.0, 'dQ_mvar': 0.0}, '55': {'dP_mw': 0.0, 'dQ_mvar': 0.0}, '61': {'dP_mw': 0.0, 'dQ_mvar': 0.0}}",1.0445484956585294,0.0,0.0,Uncontrolled_breaker_closed,9.75
96,1790959781.0267804,44,(1.024694112+0.010033505j),(1.028554113+0.011553958j),(1.028645913+0.011621318j),(1.031711782+0.012740206j),(1.031806037+0.012807582j),(1.033947636+0.013589158j),(1.034126551+0.013710041j),(1.041906315+0.017235723j),(1.03377594+0.013481231j),(1.020811235+0.007763426j),(1.020237122+0.007391812j),(1.003998126+0.000227314j),(1.00382554+0.000120858j),(1.012089702+0.003966762j),(1.012447165+0.004208478j),(1.018280691+0.006923233j),(1.018638154+0.00716495j),(1.024471679+0.009879705j),(1.024650411+0.010000564j),(1.028597814+0.011586899j),(1.028598786+0.011587631j),(1.031758909+0.012773894j),(1.033994764+0.013622846j),(1.042038103+0.017322918j),(1.020592412+0.007621811j),(1.003642837-2.686e-06j),(1.003646808+0j),(1.012268433+0.00408762j),(1.018459422+0.007044092j),(1.02859536+0.011586884j),(1.024785441+0.010088481j),(1.003646808+0j),(1.003642837-2.686e-06j),(1.003642837-2.686e-06j),(1.020586259+0.007622428j),(1.021347478+0.00779417j),(1.034732995+0.013798297j),(1.033994764+0.013622846j),(1.028598786+0.011587631j),(1.042770338+0.017497596j),(1.042032072+0.017323467j),(1.012268433+0.00408762j),(1.012268433+0.00408762j),(1.024650411+0.010000564j),(1.018459422+0.007044092j),(1.031758909+0.012773894j),(1.020566482+0.007618153j),(1.020584721+0.007622582j),(1.02388636+0.009319012j),(1.021536245+0.007837259j),(1.044385298+0.018463724j),(1.042953396+0.017541266j),(1.042016308+0.017320004j),(1.042030565+0.017323604j),(1.038083199+0.014857627j),(1.034917553+0.01384216j),(1.028573606+0.011588104j),(1.02574001+0.010390546j),(-0.039503007+4.1256e-05j),(-0.039500725+3.337e-05j),(-0.039836761+2.726e-05j),(-0.03972334+3.3135e-05j),"{'64': {'dP_mw': 0.0, 'dQ_mvar': 0.0}, '57': {'dP_mw': 0.0, 'dQ_mvar': 0.0}, '55': {'dP_mw': 0.0, 'dQ_mvar': 0.0}, '61': {'dP_mw': 0.0, 'dQ_mvar': 0.0}}",1.0445484956585294,0.0,0.0,Uncontrolled_breaker_closed,9.8
97,1790959781.075885,44,(1.024694112+0.010033505j),(1.028554113+0.011553958j),(1.028645913+0.011621318j),(1.031711782+0.012740206j),(1.031806037+0.012807582j),(1.033947636+0.013589158j),(1.034126551+0.013710041j),(1.041906315+0.017235723j),(1.03377594+0.013481231j),(1.020811235+0.007763426j),(1.020237122+0.007391812j),(1.003998126+0.000227314j),(1.00382554+0.000120858j),(1.012089702+0.003966762j),(1.012447165+0.004208478j),(1.018280691+0.006923233j),(1.018638154+0.00716495j),(1.024471679+0.009879705j),(1.024650411+0.010000564j),(1.028597814+0.011586899j),(1.028598786+0.011587631j),(1.031758909+0.012773894j),(1.033994764+0.013622846j),(1.042038103+0.017322918j),(1.020592412+0.007621811j),(1.003642837-2.686e-06j),(1.003646808+0j),(1.012268433+0.00408762j),(1.018459422+0.007044092j),(1.02859536+0.011586884j),(1.024785441+0.010088481j),(1.003646808+0j),(1.003642837-2.686e-06j),(1.003642837-2.686e-06j),(1.020586259+0.007622428j),(1.021347478+0.00779417j),(1.034732995+0.013798297j),(1.033994764+0.013622846j),(1.028598786+0.011587631j),(1.042770338+0.017497596j),(1.042032072+0.017323467j),(1.012268433+0.00408762j),(1.012268433+0.00408762j),(1.024650411+0.010000564j),(1.018459422+0.007044092j),(1.031758909+0.012773894j),(1.020566482+0.007618153j),(1.020584721+0.007622582j),(1.02388636+0.009319012j),(1.021536245+0.007837259j),(1.044385298+0.018463724j),(1.042953396+0.017541266j),(1.042016308+0.017320004j),(1.042030565+0.017323604j),(1.038083199+0.014857627j),(1.034917553+0.01384216j),(1.028573606+0.011588104j),(1.02574001+0.010390546j),(-0.039503007+4.1256e-05j),(-0.039500725+3.337e-05j),(-0.039836761+2.726e-05j),(-0.03972334+3.3135e-05j),"{'64': {'dP_mw': 0.0, 'dQ_mvar': 0.0}, '57': {'dP_mw': 0.0, 'dQ_mvar': 0.0}, '55': {'dP_mw': 0.0, 'dQ_mvar': 0.0}, '61': {'dP_mw': 0.0, 'dQ_mvar': 0.0}}",1.0445484956585294,0.0,0.0,Uncontrolled_breaker_closed,9.85
98,1790959781.1262484,44,(1.024694112+0.010033505j),(1.028554113+0.011553958j),(1.028645913+0.011621318j),(1.031711782+0.012740206j),(1.031806037+0.012807582j),(1.033947636+0.013589158j),(1.034126551+0.013710041j),(1.041906315+0.017235723j),(1.03377594+0.013481231j),(1.020811235+0.007763426j),(1.020237122+0.007391812j),(1.003998126+0.000227314j),(1.00382554+0.000120858j),(1.012089702+0.003966762j),(1.012447165+0.004208478j),(1.018280691+0.006923233j),(1.018638154+0.00716495j),(1.024471679+0.009879705j),(1.024650411+0.010000564j),(1.028597814+0.011586899j),(1.028598786+0.011587631j),(1.031758909+0.012773894j),(1.033994764+0.013622846j),(1.042038103+0.017322918j),(1.020592412+0.007621811j),(1.003642837-2.686e-06j),(1.003646808+0j),(1.012268433+0.00408762j),(1.018459422+0.007044092j),(1.02859536+0.011586884j),(1.024785441+0.010088481j),(1.003646808+0j),(1.003642837-2.686e-06j),(1.003642837-2.686e-06j),(1.020586259+0.007622428j),(1.021347478+0.00779417j),(1.034732995+0.013798297j),(1.033994764+0.013622846j),(1.028598786+0.011587631j),(1.042770338+0.017497596j),(1.042032072+0.017323467j),(1.012268433+0.00408762j),(1.012268433+0.00408762j),(1.024650411+0.010000564j),(1.018459422+0.007044092j),(1.031758909+0.012773894j),(1.020566482+0.007618153j),(1.020584721+0.007622582j),(1.02388636+0.009319012j),(1.021536245+0.007837259j),(1.044385298+0.018463724j),(1.042953396+0.017541266j),(1.042016308+0.017320004j),(1.042030565+0.017323604j),(1.038083199+0.014857627j),(1.034917553+0.01384216j),(1.028573606+0.011588104j),(1.02574001+0.010390546j),(-0.039503007+4.1256e-05j),(-0.039500725+3.337e-05j),(-0.039836761+2.726e-05j),(-0.03972334+3.3135e-05j),"{'64': {'dP_mw': 0.0, 'dQ_mvar': 0.0}, '57': {'dP_mw': 0.0, 'dQ_mvar': 0.0}, '55': {'dP_mw': 0.0, 'dQ_mvar': 0.0}, '61': {'dP_mw': 0.0, 'dQ_mvar': 0.0}}",1.0445484956585294,0.0,0.0,Uncontrolled_breaker_closed,9.9
99,1790959781.1777494,44,(1.024694112+0.010033505j),(1.028554113+0.011553958j),(1.028645913+0.011621318j),(1.031711782+0.012740206j),(1.031806037+0.012807582j),(1.033947636+0.013589158j),(1.034126551+0.013710041j),(1.041906315+0.017235723j),(1.03377594+0.013481231j),(1.020811235+0.007763426j),(1.020237122+0.007391812j),(1.003998126+0.000227314j),(1.00382554+0.000120858j),(1.012089702+0.003966762j),(1.012447165+0.004208478j),(1.018280691+0.006923233j),(1.018638154+0.00716495j),(1.024471679+0.009879705j),(1.024650411+0.010000564j),(1.028597814+0.011586899j),(1.028598786+0.011587631j),(1.031758909+0.012773894j),(1.033994764+0.013622846j),(1.042038103+0.017322918j),(1.020592412+0.007621811j),(1.003642837-2.686e-06j),(1.003646808+0j),(1.012268433+0.00408762j),(1.018459422+0.007044092j),(1.02859536+0.011586884j),(1.024785441+0.010088481j),(1.003646808+0j),(1.003642837-2.686e-06j),(1.003642837-2.686e-06j),(1.020586259+0.007622428j),(1.021347478+0.00779417j),(1.034732995+0.013798297j),(1.033994764+0.013622846j),(1.028598786+0.011587631j),(1.042770338+0.017497596j),(1.042032072+0.017323467j),(1.012268433+0.00408762j),(1.012268433+0.00408762j),(1.024650411+0.010000564j),(1.018459422+0.007044092j),(1.031758909+0.012773894j),(1.020566482+0.007618153j),(1.020584721+0.007622582j),(1.02388636+0.009319012j),(1.021536245+0.007837259j),(1.044385298+0.018463724j),(1.042953396+0.017541266j),(1.042016308+0.017320004j),(1.042030565+0.017323604j),(1.038083199+0.014857627j),(1.034917553+0.01384216j),(1.028573606+0.011588104j),(1.02574001+0.010390546j),(-0.039503007+4.1256e-05j),(-0.039500725+3.337e-05j),(-0.039836761+2.726e-05j),(-0.03972334+3.3135e-05j),"{'64': {'dP_mw': 0.0, 'dQ_mvar': 0.0}, '57': {'dP_mw': 0.0, 'dQ_mvar': 0.0}, '55': {'dP_mw': 0.0, 'dQ_mvar': 0.0}, '61': {'dP_mw': 0.0, 'dQ_mvar': 0.0}}",1.0445484956585294,0.0,0.0,Uncontrolled_breaker_closed,9.95
100,1790959781.2281046,45,(1.024694112+0.010033505j),(1.028554113+0.011553958j),(1.028645913+0.011621318j),(1.031711782+0.012740206j),(1.031806037+0.012807582j),(1.033947636+0.013589158j),(1.034126551+0.013710041j),(1.041906315+0.017235723j),(1.03377594+0.013481231j),(1.020811235+0.007763426j),(1.020237122+0.007391812j),(1.003998126+0.000227314j),(1.00382554+0.000120858j),(1.012089702+0.003966762j),(1.012447165+0.004208478j),(1.018280691+0.006923233j),(1.018638154+0.00716495j),(1.024471679+0.009879705j),(1.024650411+0.010000564j),(1.028597814+0.011586899j),(1.028598786+0.011587631j),(1.031758909+0.012773894j),(1.033994764+0.013622846j),(1.042038103+0.017322918j),(1.020592412+0.007621811j),(1.003642837-2.686e-06j),(1.003646808+0j),(1.012268433+0.00408762j),(1.018459422+0.007044092j),(1.02859536+0.011586884j),(1.024785441+0.010088481j),(1.003646808+0j),(1.003642837-2.686e-06j),(1.003642837-2.686e-06j),(1.020586259+0.007622428j),(1.021347478+0.00779417j),(1.034732995+0.013798297j),(1.033994764+0.013622846j),(1.028598786+0.011587631j),(1.042770338+0.017497596j),(1.042032072+0.017323467j),(1.012268433+0.00408762j),(1.012268433+0.00408762j),(1.024650411+0.010000564j),(1.018459422+0.007044092j),(1.031758909+0.012773894j),(1.020566482+0.007618153j),(1.020584721+0.007622582j),(1.02388636+0.009319012j),(1.021536245+0.007837259j),(1.044385298+0.018463724j),(1.042953396+0.017541266j),(1.042016308+0.017320004j),(1.042030565+0.017323604j),(1.038083199+0.014857627j),(1.034917553+0.01384216j),(1.028573606+0.011588104j),(1.02574001+0.010390546j),(-0.039503007+4.1256e-05j),(-0.039500725+3.337e-05j),(-0.039836761+2.726e-05j),(-0.03972334+3.3135e-05j),"{'64': {'dP_mw': 0.0, 'dQ_mvar': 0.0}, '57': {'dP_mw': 0.0, 'dQ_mvar': 0.0}, '55': {'dP_mw': 0.0, 'dQ_mvar': 0.0}, '61': {'dP_mw': 0.0, 'dQ_mvar': 0.0}}",1.0445484956585294,0.0,0.0,Uncontrolled_breaker_closed,10.0
0,1790959781.692624,45,(1.02156875+0.011982365j),(1.041116632+0.016891226j),(1.029638205+0.005438935j),(1.037292175+0.019406828j),(1.041306847+0.014967122j),(1.046589823+0.012533466j),(1.035341496+0.010076356j),(1.046496148+0.021194614j),(1.041961954+0.013278442j),(1.012403246+0.007204125j),(1.024684372+0.012521273j),(1.005112022-0.001444365j),(1.002591789-0.003657706j),(1.005770137+0.00347423j),(1.004644991+0.01279682j),(1.016417835-0.00069624j),(1.023866717+0.005662653j),(1.023356012-0.000303065j),(1.013331852-0.000944311j),(1.039224102+0.012795281j),(1.050913652+0.002757322j),(1.031414567+0.017625498j),(1.040022924+0.009821776j),(1.047368558+0.012338705j),(1.019420045+0.005412916j),(1.003424792+0.012572369j),(0.996067165-0.000959684j),(0.994351119+0.003148671j),(1.011258885+0.004505951j),(1.038721173+0.020070192j),(1.018136222+0.009731661j),(0.999829396-0.003750724j),(0.995516381+0.002099391j),(0.999228725-0.001955386j),(1.023544248+0.016966349j),(1.019764953+0.005988813j),(1.034264458+0.019534632j),(1.04163099+0.009301314j),(1.050071967+0.012473862j),(1.050985911+0.021100712j),(1.050537688+0.021814729j),(1.006921716+0.005038312j),(1.008021123+0.012754484j),(1.017646296+0.004940045j),(1.010020363+0.001023291j),(1.034683787+0.023562712j),(1.021219171+0.012700975j),(1.021383855+0.006423147j),(1.021504789+0.006841056j),(1.020244149+0.010997936j),(1.046896828+0.022224813j),(1.03806029+0.024137593j),(1.03855185+0.024469178j),(1.051241375+0.017112553j),(1.040779339+0.023425351j),(1.04175298+0.00303293j),(1.034498385+0.011687295j),(1.029035147+0.0034748j),(-0.039482268+3.2517e-05j),(-0.039510127+4.1323e-05j),(-0.03983499+3.4995e-05j),(-0.039726409+4.7004e-05j),"{'64': {'dP_mw': 0.0, 'dQ_mvar': 0.0}, '57': {'dP_mw': 0.0, 'dQ_mvar': 0.0}, '55': {'dP_mw': 0.0, 'dQ_mvar': 0.0}, '61': {'dP_mw': 0.0, 'dQ_mvar': 0.0}}",1.0513806484723163,0.0,0.0,Uncontrolled_breaker_open_noise,10.0
1,1790959781.7427838,45,(1.029190832+0.006766209j),(1.042237957+0.014153325j),(1.041355952+0.017963746j),(1.040879387+0.02385591j),(1.041832781+0.010225017j),(1.037087207+0.019091513j),(1.031708362+0.014244598j),(1.046179995+0.016920566j),(1.038217607+0.011960602j),(1.022281484+0.011761522j),(1.019226994+0.008669515j),(1.006996773-0.001499116j),(1.002912635-0.003389628j),(1.003098315-0.006006986j),(1.006279816-0.002565271j),(1.024731432+0.006912783j),(1.010952619+0.006304687j),(1.01524581+0.005319939j),(1.025908782+0.008963677j),(1.039077776+0.009022743j),(1.041457345+0.015233248j),(1.036973618+0.016495968j),(1.032025615+0.020149591j),(1.041858525+0.01832406j),(1.023589078+0.011592093j),(1.015163953-0.001397483j),(1.001116124-0.00711906j),(1.015824769+0.010136817j),(1.012820307+0.000155003j),(1.044884331+0.00088095j),(1.026275467+0.003878114j),(1.00437138-0.004175244j),(1.008152486+0.004143156j),(1.003100746+0.003868985j),(1.021952417+0.015456389j),(1.025832419-0.001521307j),(1.042351804+0.009256001j),(1.043302405+0.021629356j),(1.037747532+0.021670472j),(1.040956352+0.024755614j),(1.049979282+0.026825903j),(1.009512617-0.004421512j),(1.011898756-0.001758356j),(1.016878662+0.007163329j),(1.008453426+0.000523983j),(1.04181612+0.014262206j),(1.025667843+0.004246724j),(1.035683116+0.008708721j),(1.031927481+0.004822387j),(1.030030505-0.000612488j),(1.052336772+0.020811315j),(1.04110869+0.016339086j),(1.047398599+0.022862215j),(1.039519823+0.020723755j),(1.051267612+0.01419855j),(1.044507623+0.018299506j),(1.037535619+0.018143276j),(1.021034648+0.006119493j),(-0.039510127+4.4445e-05j),(-0.039492653+3.8477e-05j),(-0.039830001+2.1644e-05j),(-0.039729649+2.6854e-05j),"{'64': {'dP_mw': 0.0, 'dQ_mvar': 0.0}, '57': {'dP_mw': 0.0, 'dQ_mvar': 0.0}, '55': {'dP_mw': 0.0, 'dQ_mvar': 0.0}, '61': {'dP_mw': 0.0, 'dQ_mvar': 0.0}}",1.052542537161995,0.0,0.0,Uncontrolled_breaker_open_noise,10.05
2,1790959781.7933197,45,(1.013663221+0.010971923j),(1.035769827+0.009762026j),(1.024732984+0.018013082j),(1.038766568+0.013379875j),(1.037422822+0.012911727j),(1.040969363+0.022096929j),(1.035558081+0.00983702j),(1.058183969+0.018869641j),(1.031484636+0.011480171j),(1.021585718+0.010056302j),(1.019197906+0.009856586j),(1.005449055-0.003571454j),(1.005931874+0.000402022j),(1.013717658+0.000793079j),(1.010341577+0.006479308j),(1.018519443+0.001627166j),(1.020948222+0.006128405j),(1.020288027+0.015966558j),(1.023559894+0.010584185j),(1.042515691+0.019231594j),(1.039030817+0.015076455j),(1.037285502+0.01734363j),(1.038002126+0.015295702j),(1.046924948+0.024969973j),(1.028293378+0.009320524j),(1.004257342-0.002983021j),(1.009840548+2.8108e-05j),(1.005131723+0.003437195j),(1.015473735-0.004845568j),(1.039251159+0.024797832j),(1.017275756+0.013754502j),(0.998808143-0.003998779j),(0.998547642-6.916e-06j),(0.996249756-0.001738899j),(1.031110159+0.01277303j),(1.022440459-0.004169217j),(1.040732087+0.014280917j),(1.033491621+0.016836403j),(1.026684998+0.024379446j),(1.048370287+0.023617182j),(1.045608383+0.012485614j),(1.019580444-0.000477172j),(1.00155123+0.010911353j),(1.020132385+0.009659578j),(1.010827037+0.006036691j),(1.042033724+0.021365418j),(1.025934552+0.008361871j),(1.018132244+0.014449682j),(1.029750251+0.007588559j),(1.025897547+0.008816107j),(1.046533191+0.024897104j),(1.048369305+0.028789525j),(1.049663663+0.014864789j),(1.048120507+0.018216677j),(1.041962664+0.020730718j),(1.034085891+0.02750054j),(1.034354385+0.0257351j),(1.023278067-0.000970182j),(-0.039502389+4.6751e-05j),(-0.039495072+2.9723e-05j),(-0.039837155+3.1178e-05j),(-0.039735635+1.9334e-05j),"{'64': {'dP_mw': 0.0, 'dQ_mvar': 0.0}, '57': {'dP_mw': 0.0, 'dQ_mvar': 0.0}, '55': {'dP_mw': 0.0, 'dQ_mvar': 0.0}, '61': {'dP_mw': 0.0, 'dQ_mvar': 0.0}}",1.0583521982780881,0.0,0.0,Uncontrolled_breaker_open_noise,10.1
3,1790959781.8450487,45,(1.018902698+0.006744861j),(1.035621568+0.01833234j),(1.038293329+0.018222821j),(1.037497114+0.018854694j),(1.048965777+0.019331647j),(1.036256038+0.018116018j),(1.040212633+0.014324185j),(1.043707978+0.017308433j),(1.02910645+0.015435501j),(1.021126415+0.009760082j),(1.025682836+0.005239914j),(1.006268135+0.003511989j),(0.995436336-0.003147733j),(1.01050837+0.005484997j),(1.006816362+0.002561856j),(1.015694328-0.001324774j),(1.012155254+0.009961287j),(1.027481339+0.002844272j),(1.018422853+0.003212661j),(1.039155677+0.015609204j),(1.03943524+0.019541954j),(1.039360573+0.017679338j),(1.042083244+0.016344532j),(1.045712174+0.009407721j),(1.027763691+0.015029408j),(1.001284442-0.003036189j),(1.005098884-0.000619887j),(1.009658121-0.000248427j),(1.012073477-0.000246166j),(1.029570969+0.012436924j),(1.014627802+0.012189003j),(1.006267524-0.004031498j),(1.00936752-0.000449217j),(1.001883024+0.000413058j),(1.025916384+0.002298289j),(1.016991448+0.003830315j),(1.040520845+0.020427576j),(1.039415168+0.022202782j),(1.036957809+0.013698258j),(1.042275051+0.016414978j),(1.050880254+0.018906298j),(1.003067822+0.000698827j),(1.012120519-0.004426115j),(1.016824269+0.002244119j),(1.009886336+0.003114166j),(1.039418693+0.012789462j),(1.030728259+0.009183598j),(1.027230509+0.00684895j),(1.017495803+0.016159726j),(1.031557781+0.0053965j),(1.047533872+0.013049643j),(1.041931803+0.016440219j),(1.035146974+0.017023061j),(1.043069706+0.02167025j),(1.034918834+0.017879233j),(1.03632204+0.018379748j),(1.033718028+0.014542954j),(1.019229383+0.010618849j),(-0.039497657+4.4374e-05j),(-0.039492596+3.0662e-05j),(-0.039829291+4.8225e-05j),(-0.039701544+2.2274e-05j),"{'64': {'dP_mw': 0.0, 'dQ_mvar': 0.0}, '57': {'dP_mw': 0.0, 'dQ_mvar': 0.0}, '55': {'dP_mw': 0.0, 'dQ_mvar': 0.0}, '61': {'dP_mw': 0.0, 'dQ_mvar': 0.0}}",1.051050311046607,0.0,0.0,Uncontrolled_breaker_open_noise,10.15
4,1790959781.892721,45,(1.019847434+0.003631149j),(1.041297219+0.014879351j),(1.046908996+0.016985351j),(1.04055647+0.020102392j),(1.037394407+0.014567886j),(1.036599283+0.021918483j),(1.037157341+0.022638216j),(1.04058363+0.015935272j),(1.03820238+0.012627313j),(1.015233785+0.006317836j),(1.014957105+0.009366899j),(1.000462761+0.008441747j),(0.999823116+0.005233326j),(1.009073749+0.009833166j),(1.007025333-0.004823791j),(1.012837437+0.005624625j),(1.017317664+0.000787379j),(1.015525054+0.010768548j),(1.012177849+0.005085662j),(1.039297109+0.013753533j),(1.037109197+0.019542162j),(1.041080367+0.01427705j),(1.042910219+0.012426785j),(1.042198158+0.017548276j),(1.017973743+0.007062617j),(1.000941875+0.005607352j),(1.006241882+0.003779953j),(1.013516027+0.001490459j),(1.015980758+0.003713398j),(1.03297871+0.022225493j),(1.015896158+0.009752715j),(0.994837651+0.00223297j),(1.015680478-0.001036599j),(0.998252605+0.007520291j),(1.021740021+0.015866381j),(1.027039448+0.011493148j),(1.046370991+0.021758212j),(1.039787814+0.010373478j),(1.035342488+0.017977604j),(1.050504805+0.023938029j),(1.04078463+0.023178965j),(1.008367432+0.003977479j),(1.010275676+0.005107232j),(1.021575411+0.003065611j),(1.023099618+0.002291104j),(1.037333473+0.00751835j),(1.018226048+0.006700371j),(1.030563185+0.004774985j),(1.025210377+0.016045333j),(1.025353306+0.009911638j),(1.055768576+0.019385691j),(1.051829694+0.012801124j),(1.046032077+0.01409658j),(1.047662608+0.021394592j),(1.030492973+0.015549794j),(1.042934786+0.028376061j),(1.036273765+0.018714637j),(1.027163777+0.004303313j),(-0.039495475+5.3462e-05j),(-0.039508711+4.5551e-05j),(-0.039830475+2.3834e-05j),(-0.039707637+3.9627e-05j),"{'64': {'dP_mw': 0.0, 'dQ_mvar': 0.0}, '57': {'dP_mw': 0.0, 'dQ_mvar': 0.0}, '55': {'dP_mw': 0.0, 'dQ_mvar': 0.0}, '61': {'dP_mw': 0.0, 'dQ_mvar': 0.0}}",1.0559465379859982,0.0,0.0,Uncontrolled_breaker_open_noise,10.2
5,1790959781.9430242,45,(1.009771915-0.001585699j),(1.042382214+0.019863868j),(1.03680793+0.011371125j),(1.035606136+0.009827293j),(1.030062565+0.01272021j),(1.034986771+0.019096476j),(1.03752379+0.009600294j),(1.042426101+0.0176513j),(1.03747698+0.015675281j),(1.024927726+0.00710838j),(1.017632005+0.01337948j),(1.00413734-0.001557731j),(1.022618843+0.001880215j),(1.017057513-0.008388262j),(1.01542793+0.000364978j),(1.015155423+0.002751683j),(1.023356411+0.004848215j),(1.017042812+0.004127228j),(1.023312221-0.003947067j),(1.03808403+0.015522521j),(1.042220175+0.012120948j),(1.039233512+0.019114529j),(1.041054518+0.02263272j),(1.050808535+0.01204669j),(1.026405583+0.002362791j),(1.005473128+0.001439703j),(1.004300601+0.003622181j),(1.01760768-0.003303141j),(1.009110395+0.00581655j),(1.033850736+0.015150047j),(1.021853376+0.008212206j),(0.995185678-0.000970651j),(1.011542314+7.6139e-05j),(1.008154721+0.002311533j),(1.021419872+0.004958054j),(1.020748552+0.009058409j),(1.041744279+0.014350754j),(1.037747232+0.015149426j),(1.035801498+0.017071822j),(1.046763182+0.019717767j),(1.050086806+0.029606921j),(1.002220367-0.006306079j),(1.013758972+0.007684718j),(1.020927693-0.00043665j),(1.012807504+0.003700913j),(1.04003039+0.019989382j),(1.017541607+0.004480168j),(1.029310567-0.002994153j),(1.021738042+0.015337102j),(1.023041132+0.007856585j),(1.051223327+0.026820917j),(1.056949798+0.015971003j),(1.049127368+0.020848327j),(1.053285086+0.020835306j),(1.046702951+0.011992097j),(1.03511622+0.013632793j),(1.043042795+0.010004026j),(1.01466439+0.005602413j),(-0.039501623+4.5088e-05j),(-0.039512587+2.909e-05j),(-0.039838976+3.8117e-05j),(-0.039708281+5.1528e-05j),"{'64': {'dP_mw': 0.0, 'dQ_mvar': 0.0}, '57': {'dP_mw': 0.0, 'dQ_mvar': 0.0}, '55': {'dP_mw': 0.0, 'dQ_mvar': 0.0}, '61': {'dP_mw': 0.0, 'dQ_mvar': 0.0}}",1.0570704557545192,0.0,0.0,Uncontrolled_breaker_open_noise,10.25
6,1790959781.9924803,45,(1.035612733+0.01296023j),(1.040412795+0.014708258j),(1.040121238+0.017220217j),(1.039974682+0.010499237j),(1.034961167+0.009255274j),(1.04122724+0.014514989j),(1.037066209+0.023588989j),(1.050987519+0.025990626j),(1.036522107+0.022081408j),(1.021426917+0.006877629j),(1.01974484+0.025031787j),(1.004223564+0.00160474j),(1.002218081+0.007258014j),(1.014271885+0.005461389j),(1.009950348-0.005020156j),(1.012812324+0.005550339j),(1.01897104+0.001461544j),(1.010769835+0.012752929j),(1.008461945+0.015509186j),(1.024396172+0.009058224j),(1.042039617+0.011698931j),(1.033526723+0.016848594j),(1.040155486+0.020890073j),(1.05347761+0.025905385j),(1.025065227+0.004122672j),(1.00275097-0.001738034j),(1.002872411+0.005226319j),(1.013162519+0.003431146j),(1.013765576+0.016313498j),(1.033562761+0.022701851j),(1.027615572+0.004758005j),(1.009364003+0.00469827j),(1.012128661+0.00553592j),(1.003656876-0.001255831j),(1.020350482+0.002372438j),(1.029818218+0.000502336j),(1.039457451+0.018003724j),(1.038806941+0.012698014j),(1.039660016+0.022102695j),(1.048142272+0.020128365j),(1.0507558+0.023522789j),(1.007630369-0.003388258j),(1.013711865+0.007033813j),(1.016043035+0.013603584j),(1.013382339+0.002990422j),(1.0357864+0.018443208j),(1.028141467+0.005127696j),(1.019411278+0.006658037j),(1.035252837+0.006213216j),(1.023894588-0.001242649j),(1.0454097+0.032527542j),(1.049712896+0.012439597j),(1.047261978+0.018786068j),(1.05128402+0.029116683j),(1.040942918+0.024841638j),(1.034572857+0.011590587j),(1.034884236+0.012642261j),(1.017194437+0.005524524j),(-0.039498689+3.8701e-05j),(-0.039500686+3.4727e-05j),(-0.039831834+1.9048e-05j),(-0.03972101+2.3496e-05j),"{'64': {'dP_mw': 0.0, 'dQ_mvar': 0.0}, '57': {'dP_mw': 0.0, 'dQ_mvar': 0.0}, '55': {'dP_mw': 0.0, 'dQ_mvar': 0.0}, '61': {'dP_mw': 0.0, 'dQ_mvar': 0.0}}",1.053796073129574,0.0,0.0,Uncontrolled_breaker_open_noise,10.3
7,1790959782.045721,45,(1.015354018+0.007091619j),(1.039455199+0.013579373j),(1.039949797+0.024330611j),(1.034867933+0.015189556j),(1.034981064+0.011509937j),(1.039242602+0.015424298j),(1.047152736+0.009707383j),(1.04467939+0.015693535j),(1.034631278+0.016784859j),(1.020107896+0.004118208j),(1.021399782+0.00035866j),(1.003907884-0.004028834j),(1.008020788+0.004659545j),(1.007099543+0.005688566j),(1.014081197-0.002027257j),(1.016694551+0.004355842j),(1.011353958+0.003649338j),(1.018986733+0.005191377j),(1.020087003+0.014363723j),(1.03517911+0.016692988j),(1.039150852+0.026785622j),(1.040718235+0.018089886j),(1.036233284+0.014336796j),(1.057983394+0.016858348j),(1.016724565+0.006019669j),(1.014107471+0.006449815j),(1.004427126-0.002151447j),(1.01154307+0.002920816j),(1.015903808+0.00945335j),(1.037206693+0.01146117j),(1.017086632+0.011976634j),(1.000240973-0.008328562j),(1.004959369+0.009749754j),(1.000767973-0.003153867j),(1.012227224-0.00224475j),(1.028679059+0.002018457j),(1.039843321+0.016460158j),(1.043270587+0.010915045j),(1.033166998+0.012371837j),(1.045512238+0.025662766j),(1.046269534+0.0155701j),(1.002826971-0.000516454j),(1.009441466-0.002415952j),(1.028512099+0.003484006j),(1.014099613+0.009093667j),(1.040397276+0.013978426j),(1.018497048+0.016543937j),(1.02186964+0.001132962j),(1.034586335+0.008201721j),(1.020675447+0.012650463j),(1.046760406+0.023966432j),(1.043405714+0.015066375j),(1.056294192+0.018858212j),(1.042866744+0.021800821j),(1.031447899+0.013630499j),(1.043800098+0.025060934j),(1.041467095+0.01864794j),(1.027501706+0.007976578j),(-0.039503279+4.7791e-05j),(-0.039491589+1.8851e-05j),(-0.039842543+2.7911e-05j),(-0.03971733+1.0362e-05j),"{'64': {'dP_mw': 0.0, 'dQ_mvar': 0.0}, '57': {'dP_mw': 0.0, 'dQ_mvar': 0.0}, '55': {'dP_mw': 0.0, 'dQ_mvar': 0.0}, '61': {'dP_mw': 0.0, 'dQ_mvar': 0.0}}",1.058117699444182,0.0,0.0,Uncontrolled_breaker_open_noise,10.35
8,1790959782.092831,45,(1.019350487+0.008382141j),(1.03907059+0.006661905j),(1.042939479+0.019040335j),(1.031082569+0.013637703j),(1.02966986+0.024789546j),(1.042999556+0.009981621j),(1.036100376+0.021379548j),(1.053521093+0.03311429j),(1.037074488+0.020497079j),(1.019581684+0.006176469j),(1.013551052+0.005144045j),(1.007077408+0.009423144j),(1.007856012+0.003804455j),(1.011555651+0.001292538j),(1.009231554+0.001639428j),(1.012729534+0.000367765j),(0.999908873+0.001217325j),(1.020241879+0.008910274j),(1.019568269+0.011042387j),(1.04041898+0.019136728j),(1.052387659+0.014770746j),(1.048082592+0.021622923j),(1.034787169+0.019421137j),(1.046060229+0.020634661j),(1.032237586+0.007394212j),(0.99398826+0.001698321j),(0.999827729+0.002633947j),(1.014868841+0.007807319j),(1.016286247+0.009873657j),(1.026935553+0.01399854j),(1.02322314+0.012121077j),(1.005724494-0.004048874j),(1.000535118-0.001281426j),(1.003825992+0.006679825j),(1.015673999+0.009810827j),(1.027575832+0.013753322j),(1.040373474+0.012444503j),(1.039952887+0.024470338j),(1.043481601+0.025983778j),(1.046875135+0.020919374j),(1.047625256+0.025059606j),(1.011794659+0.010123836j),(1.012197216+0.004078053j),(1.024645571+0.006645988j),(1.02622688+0.006474787j),(1.034502303+0.023325306j),(1.021605497+0.006368811j),(1.026673734+0.01793045j),(1.03189064+0.014911853j),(1.031188492-0.001447123j),(1.053973846+0.017463607j),(1.043785715+0.027461459j),(1.038501434+0.020664137j),(1.048755475+0.024050945j),(1.037587119+0.023711198j),(1.043325086+0.01522667j),(1.034473853+0.013305713j),(1.018573839+0.004163096j),(-0.039509397+3.2332e-05j),(-0.039520606+4.6661e-05j),(-0.039843681+2.7029e-05j),(-0.039719342+2.2735e-05j),"{'64': {'dP_mw': 0.0, 'dQ_mvar': 0.0}, '57': {'dP_mw': 0.0, 'dQ_mvar': 0.0}, '55': {'dP_mw': 0.0, 'dQ_mvar': 0.0}, '61': {'dP_mw': 0.0, 'dQ_mvar': 0.0}}",1.0541185159276363,0.0,0.0,Uncontrolled_breaker_open_noise,10.4
9,1790959782.1444073,45,(1.025443882+0.004832148j),(1.027277146+0.014670453j),(1.039424924+0.011975157j),(1.032921242+0.018929066j),(1.035442752+0.014849665j),(1.042552825+0.019256509j),(1.043018903+0.020681278j),(1.048709611+0.015891089j),(1.042567743+0.021401873j),(1.027633897+0.018032282j),(1.020522367+0.001154801j),(1.014499377+0.009596499j),(1.009729826-0.000427301j),(1.007550051+0.009313209j),(1.007807692+0.002958928j),(1.012271371+0.008199296j),(1.021148383+0.005549575j),(1.024943414+0.011594031j),(1.017352784+0.004005104j),(1.033305408+0.019658293j),(1.041617719+0.017722082j),(1.034418342+0.02445754j),(1.039435045+0.019153932j),(1.041613351+0.024232005j),(1.026432795+0.019786092j),(1.002709047+0.004534574j),(1.005717985-0.001455698j),(1.014697297+0.001132347j),(1.014072065+0.007142538j),(1.039666799+0.008167147j),(1.016641794+0.008783817j),(1.002101517-0.001838495j),(1.009287936+0.005293507j),(1.001678127+0.001438733j),(1.02712562+0.003757739j),(1.02732131+0.006308123j),(1.044704753+0.020722643j),(1.039336889+0.02016036j),(1.053641151+0.01241767j),(1.045241034+0.017116429j),(1.048293421+0.01850742j),(1.01180418+0.010388034j),(1.013170726+1.6574e-05j),(1.017855527+0.005838507j),(1.015442169+0.007055751j),(1.042489626+0.021897072j),(1.020790354+0.017681934j),(1.024485845+0.007758432j),(1.024084281+0.012941693j),(1.026926337+0.010542398j),(1.051577142+0.014744746j),(1.03871562+0.014281358j),(1.046052544+0.016628111j),(1.044164935+0.023020999j),(1.045635907+0.019165613j),(1.038293097+0.023851518j),(1.039461537+0.013321297j),(1.020017631+0.002326675j),(-0.039500115+4.219e-05j),(-0.039495373+4.2394e-05j),(-0.039844465+3.2138e-05j),(-0.039716021+1.548e-05j),"{'64': {'dP_mw': 0.0, 'dQ_mvar': 0.0}, '57': {'dP_mw': 0.0, 'dQ_mvar': 0.0}, '55': {'dP_mw': 0.0, 'dQ_mvar': 0.0}, '61': {'dP_mw': 0.0, 'dQ_mvar': 0.0}}",1.0537143225793384,0.0,0.0,Uncontrolled_breaker_open_noise,10.45
10,1790959782.1937654,46,(1.033929911+0.008004081j),(1.038608729+0.013202044j),(1.045040211+0.014123511j),(1.035583894+0.018271453j),(1.04634443+0.012748224j),(1.035644269+0.013295609j),(1.038525932+0.016055181j),(1.043427642+0.028208316j),(1.043446542+0.000385959j),(1.014529013+1.1836e-05j),(1.018783522+0.00619745j),(1.005792898-0.000341644j),(1.005744283-0.000716806j),(1.006793474+0.000790171j),(1.011981227+0.004406786j),(1.006732283+0.005753425j),(1.014122817-0.004865287j),(1.010772157+0.010370848j),(1.024595411+0.007210732j),(1.033270752+0.015212577j),(1.036940475+0.011801503j),(1.033962661+0.012734274j),(1.0437976+0.01708471j),(1.05189422+0.030006499j),(1.021133413+0.007089459j),(1.010741717-0.003090779j),(1.012596943-0.006701824j),(1.009915494+0.003272632j),(1.011848717+0.001081775j),(1.041320111+0.022842197j),(1.015300683+0.003309122j),(1.002145476+0.004581113j),(1.008925347-0.002282079j),(1.004272669-0.003407581j),(1.021859794+0.007189348j),(1.018720105+0.022354743j),(1.037734198+0.009340626j),(1.027558132+0.013403294j),(1.043420395+0.01118244j),(1.043306165+0.020975062j),(1.059675666+0.018095632j),(1.015366701+3.7887e-05j),(1.006015566+0.008004611j),(1.02074568+0.004121289j),(1.00977266+0.00068504j),(1.038523977+0.021342095j),(1.024059765+0.00984024j),(1.030576577+0.004324474j),(1.028078746+0.009573649j),(1.025929566+0.013992626j),(1.055270506+0.021967085j),(1.046053718+0.020859901j),(1.057107752+0.02839698j),(1.041387306+0.023241643j),(1.041274058+0.019763876j),(1.048156946+0.020091675j),(1.032758241+0.022299197j),(1.018116614+0.006005108j),(-0.039488714+3.3292e-05j),(-0.03948666+2.6637e-05j),(-0.039859529+3.268e-05j),(-0.039724672+2.1217e-05j),"{'64': {'dP_mw': 0.0, 'dQ_mvar': 0.0}, '57': {'dP_mw': 0.0, 'dQ_mvar': 0.0}, '55': {'dP_mw': 0.0, 'dQ_mvar': 0.0}, '61': {'dP_mw': 0.0, 'dQ_mvar': 0.0}}",1.0598301604549774,0.0,0.0,Uncontrolled_breaker_open_noise,10.5
11,1790959782.2446268,46,(1.018889955+0.017756044j),(1.034362141+0.012790635j),(1.040447002+0.013713433j),(1.04118884+0.023724317j),(1.040416227+0.01274281j),(1.042689523+0.012870958j),(1.028601695+0.013219496j),(1.055952896+0.015785274j),(1.034107605+0.016860288j),(1.016679477+0.008981229j),(1.023213038+0.018113702j),(0.993440795+0.00197368j),(1.004421967-0.001909088j),(1.007829533-0.000633986j),(1.006159847-0.000944661j),(1.015716379+0.009182174j),(1.01873653+0.009071757j),(1.016895937+0.005591325j),(1.027601107+0.013125608j),(1.039553114+0.026233572j),(1.039130951+0.013611691j),(1.04289693+0.026580839j),(1.041221854+0.017669927j),(1.049212033+0.018174285j),(1.023206868+0.000465474j),(0.999766082+0.00868128j),(0.999633152-0.006262418j),(1.000344165+0.005417668j),(1.010890361+0.016509989j),(1.034458062+0.017320429j),(1.02603733-0.000707678j),(1.002169858+0.00065646j),(1.007508589-0.008536743j),(1.004672664-0.000719578j),(1.02163944+0.007812511j),(1.031061456+0.009011248j),(1.039294597+0.011607148j),(1.032707749+0.011202409j),(1.038683123+0.011993744j),(1.05090868+0.026253042j),(1.056350675+0.015190867j),(1.015985338+0.007089923j),(1.004314688-0.007187733j),(1.025785434+0.013192668j),(1.011640408+2.5327e-05j),(1.042853439+0.012961834j),(1.014799523+0.008305193j),(1.020275417+0.006187178j),(1.032123076+0.007888227j),(1.0303773+0.00427471j),(1.048153404+0.016800543j),(1.049452923+0.017785288j),(1.047636183+0.018367229j),(1.040714396+0.015395279j),(1.040324011+0.01711011j),(1.043819388+0.015117497j),(1.037652554+0.01304901j),(1.014713434+0.008159026j),(-0.039512391+3.2678e-05j),(-0.039514911+2.9409e-05j),(-0.039838734+1.398e-05j),(-0.039709776+3.4178e-05j),"{'64': {'dP_mw': 0.0, 'dQ_mvar': 0.0}, '57': {'dP_mw': 0.0, 'dQ_mvar': 0.0}, '55': {'dP_mw': 0.0, 'dQ_mvar': 0.0}, '61': {'dP_mw': 0.0, 'dQ_mvar': 0.0}}",1.0564598956009488,0.0,0.0,Uncontrolled_breaker_open_noise,10.55
12,1790959782.2943156,46,(1.010152521+0.00612325j),(1.030308518+0.017663816j),(1.036323378+0.021014966j),(1.03570739+0.025423976j),(1.038079796+0.022335603j),(1.034944912+0.01587649j),(1.0391988+0.012399132j),(1.051728699+0.015641637j),(1.036576904+0.018288502j),(1.025178243+0.003027993j),(1.011523474+0.018387449j),(1.008782446-0.002174271j),(1.001902922-0.008371061j),(1.002469026-0.009729433j),(1.011762604+0.000553134j),(1.022758976+0.007079975j),(1.013697989+0.005937284j),(1.025500691+0.005606066j),(1.016090547+0.00458242j),(1.040527096+0.015291702j),(1.037746846+0.014863178j),(1.035956458+0.019819142j),(1.033927719+0.004404984j),(1.047349584+0.013566164j),(1.019512165+0.009981177j),(1.001984189+0.003174949j),(1.000853243+0.002898605j),(1.005979153+0.00341777j),(1.018293006+0.006696443j),(1.034917766+0.01927547j),(1.018079428+0.008816867j),(0.998980031-0.005268826j),(1.006233481-0.003681216j),(0.995279484-0.0001659j),(1.021296348+0.005073434j),(1.021097648+0.017075684j),(1.044142634+0.017456014j),(1.037374542+0.019115827j),(1.041446355+0.015213286j),(1.044810324+0.02236126j),(1.051564906+0.015104978j),(1.007450036-0.001873701j),(1.000507977-0.000370957j),(1.015729405+0.004849372j),(1.015524091+0.007113105j),(1.038920842+0.016465992j),(1.025556333+0.00953551j),(1.029758537+0.00737816j),(1.023438262+0.017282193j),(1.027290101+0.012857507j),(1.041515631+0.024437425j),(1.051748079+0.02476464j),(1.039788153+0.019422821j),(1.044697075+0.018794129j),(1.035368798+0.019708732j),(1.034783927+0.021068463j),(1.04063455+0.01402632j),(1.031769147+0.006628138j),(-0.039491729+4.9929e-05j),(-0.039485533+3.9117e-05j),(-0.039842141+2.1373e-05j),(-0.039719742+4.1305e-05j),"{'64': {'dP_mw': 0.0, 'dQ_mvar': 0.0}, '57': {'dP_mw': 0.0, 'dQ_mvar': 0.0}, '55': {'dP_mw': 0.0, 'dQ_mvar': 0.0}, '61': {'dP_mw': 0.0, 'dQ_mvar': 0.0}}",1.0520395948226093,0.0,0.0,Uncontrolled_breaker_open_noise,10.6
13,1790959782.3455937,46,(1.02329973+0.00869467j),(1.036180317+0.016757894j),(1.035630132+0.006466764j),(1.044281818+0.007600754j),(1.03574956+0.021575599j),(1.043236621+0.003786162j),(1.040859611+0.012558164j),(1.044440769+0.025660364j),(1.032566675+0.014410835j),(1.017574124+0.00854832j),(1.021248707+0.005867095j),(1.00805123+0.00741039j),(1.004233239+0.004565477j),(1.014089379-0.001735363j),(1.006719191+0.002219924j),(1.018484707+0.006777277j),(1.016440005+0.006331293j),(1.019856271+0.001551512j),(1.027718668+0.005017914j),(1.033592789+0.00883865j),(1.034292339+0.018372276j),(1.043979165+0.019280333j),(1.039079031+0.010704039j),(1.046892282+0.029690311j),(1.013387055+0.01599675j),(1.002989215+0.00165851j),(1.008893165+0.002221506j),(1.011978536-0.003910418j),(1.016548658+0.005173892j),(1.044026113+0.023076893j),(1.024944865+0.005748939j),(1.001253731+0.00883782j),(1.001845821+0.003098847j),(0.997351323+0.00316741j),(1.025487738+0.016729076j),(1.020283178+0.013815373j),(1.036937707+0.01781111j),(1.032617116+0.01499249j),(1.037038233+0.024691245j),(1.054259584+0.024879027j),(1.044669536+0.018515992j),(1.011290893+0.012901608j),(1.013969891+0.006170863j),(1.024237779+0.005644886j),(1.011323812+0.004852535j),(1.040595321+0.013763183j),(1.024281441+0.008438392j),(1.024403787+0.010202918j),(1.028669641+0.005207102j),(1.01915726+0.007430133j),(1.053830457+0.024383584j),(1.047231033+0.025166898j),(1.048387366+0.023124983j),(1.037391105+0.015100499j),(1.039742736+0.020339003j),(1.044621608+0.022332009j),(1.041645683+0.022191036j),(1.02118291+0.007594526j),(-0.039520523+3.8732e-05j),(-0.039517314+4.4278e-05j),(-0.03983959+3.2943e-05j),(-0.039740293+3.7369e-05j),"{'64': {'dP_mw': 0.0, 'dQ_mvar': 0.0}, '57': {'dP_mw': 0.0, 'dQ_mvar': 0.0}, '55': {'dP_mw': 0.0, 'dQ_mvar': 0.0}, '61': {'dP_mw': 0.0, 'dQ_mvar': 0.0}}",1.054553097971041,0.0,0.0,Uncontrolled_breaker_open_noise,10.65
14,1790959782.3956625,46,(1.022120992+0.01244198j),(1.038059918+0.007362496j),(1.029814305+0.015376961j),(1.033531082+0.029049499j),(1.041553647+0.017615228j),(1.033162258+0.014831302j),(1.033212955+0.023376536j),(1.044111706+0.018409528j),(1.038658384+0.017427409j),(1.02001054+0.004092516j),(1.017303726-0.0016253j),(1.016138447-0.000919211j),(1.002924161+0.00516606j),(1.01224395-0.002912349j),(1.015594721+0.004761719j),(1.009214789+0.012790619j),(1.008675349+0.003724522j),(1.029234493+0.009013912j),(1.024508642+0.010396075j),(1.035031666+0.011432087j),(1.035313244+0.011815584j),(1.041295402+0.013010279j),(1.035735019+0.010506719j),(1.05598498+0.015333063j),(1.017591127+0.010538044j),(1.003180267-0.001491453j),(1.003390489-0.003492123j),(1.01677464-0.002766846j),(1.014978198+0.014992721j),(1.036610461+0.014652026j),(1.021597387+0.001146898j),(1.013322044+0.005518741j),(1.008411917+0.003082311j),(1.002013902+0.000995941j),(1.029419126+0.010538593j),(1.0321403+0.006195109j),(1.032310203+0.012815094j),(1.035234681+0.015344617j),(1.032173072+0.025338272j),(1.04730732+0.023137102j),(1.057194731+0.013012415j),(1.016020815-0.001957986j),(1.017690873-0.008551305j),(1.015902258+0.0190185j),(1.013900314+0.000218477j),(1.040274202+0.012799273j),(1.021832681+0.005959877j),(1.023001055+0.005422412j),(1.038996737+0.011622951j),(1.020950106+0.008349509j),(1.043209166+0.028063925j),(1.040196359+0.023564577j),(1.042934654+0.012200252j),(1.046465429+0.01240595j),(1.041520548+0.007828131j),(1.040632557+0.015359219j),(1.041781774+0.018455008j),(1.023947129+0.009107239j),(-0.039508833+4.6161e-05j),(-0.03951504+2.9486e-05j),(-0.039824466+3.4669e-05j),(-0.039731882+3.1862e-05j),"{'64': {'dP_mw': 0.0, 'dQ_mvar': 0.0}, '57': {'dP_mw': 0.0, 'dQ_mvar': 0.0}, '55': {'dP_mw': 0.0, 'dQ_mvar': 0.0}, '61': {'dP_mw': 0.0, 'dQ_mvar': 0.0}}",1.0572748092139028,0.0,0.0,Uncontrolled_breaker_open_noise,10.7
15,1790959782.444943,46,(1.017646146+0.009210093j),(1.039084139+0.008504973j),(1.039096101+0.011709169j),(1.038042387+0.016475518j),(1.031408354+0.023815275j),(1.037033089+0.013379762j),(1.044124902+0.02190863j),(1.041220845+0.026069793j),(1.040496113+0.013783064j),(1.018155447+0.006787824j),(1.023225645+0.004665203j),(1.012242748-0.004336591j),(1.009995644-0.00072592j),(1.010122747+0.009764868j),(1.014200577+0.003076441j),(1.014987874+0.008740637j),(1.01882803+0.001021268j),(1.019735886+0.002239395j),(1.022645226+0.004924931j),(1.043336832+0.021862125j),(1.04030305+0.017962949j),(1.037219296+0.012147594j),(1.032515776+0.013762178j),(1.054602855+0.026752228j),(1.022199642+0.00378584j),(0.999050611-0.006033608j),(1.00263487-0.005438116j),(1.00810148+0.004944146j),(1.026158607-0.00125311j),(1.038303922+0.014222635j),(1.020773817+0.005686985j),(1.000256204-0.007101051j),(1.002147749+0.000911305j),(1.004630756+0.002062739j),(1.026352108+0.008361624j),(1.026116656+0.008435239j),(1.043418379+0.016430299j),(1.04126816+0.018059853j),(1.037524617+0.014719412j),(1.049140936+0.024359914j),(1.039999899+0.021550184j),(1.005666272+0.005275129j),(1.013284738-0.002000533j),(1.021052047+0.005414251j),(1.013929066+0.006820336j),(1.042804532+0.018388222j),(1.025064178+0.023645584j),(1.022225912+0.01336765j),(1.024308655+0.009989305j),(1.023310498+0.01150432j),(1.044594246+0.014801442j),(1.046662394+0.021476676j),(1.055328858+0.018048571j),(1.040325721+0.022439421j),(1.039277404+0.022637712j),(1.039109529+0.012238419j),(1.036025153+0.015681872j),(1.022041111+0.007170811j),(-0.039505623+4.6087e-05j),(-0.03949741+3.5843e-05j),(-0.039853131+2.7447e-05j),(-0.039720597+3.3012e-05j),"{'64': {'dP_mw': 0.0, 'dQ_mvar': 0.0}, '57': {'dP_mw': 0.0, 'dQ_mvar': 0.0}, '55': {'dP_mw': 0.0, 'dQ_mvar': 0.0}, '61': {'dP_mw': 0.0, 'dQ_mvar': 0.0}}",1.055483182927481,0.0,0.0,Uncontrolled_breaker_open_noise,10.75
16,1790959782.4957922,46,(1.013060486+0.007154511j),(1.037496684+0.019335157j),(1.039344433+0.014586451j),(1.049189067+0.007987011j),(1.038076558+0.012247159j),(1.037125795+0.020752079j),(1.027808646+0.018096561j),(1.046300671+0.01611459j),(1.03596038+0.015525926j),(1.018276586-0.001786679j),(1.020319401+0.009479701j),(1.012372586+0.001366206j),(1.008803948+0.002492566j),(1.011149008+0.003635814j),(1.00678186+0.005141548j),(1.012731607+0.008236445j),(1.023662667+0.005890735j),(1.010901659+0.007653531j),(1.020390382+0.01001062j),(1.043829601+0.009232206j),(1.025381298+0.016636284j),(1.038447918+0.014290004j),(1.036961975+0.016331678j),(1.038782346+0.022216713j),(1.018074204+0.017490443j),(1.001068225-0.000586856j),(1.001974979-0.005722985j),(1.012011955+0.010415178j),(1.023549153+0.012840701j),(1.047908672+0.013571177j),(1.018796218+0.002220664j),(1.005257704-0.001365987j),(1.010050565+0.001572869j),(0.999315944+0.002157467j),(1.028185105+0.008377364j),(1.020624611+0.012232556j),(1.039781516+0.009772775j),(1.036645641+0.008009927j),(1.036445741+0.017819224j),(1.039932881+0.025786457j),(1.050934212+0.022377122j),(0.999598035-0.00616669j),(1.008757755+0.007510329j),(1.015382134+0.01451109j),(1.013658501+0.009495543j),(1.03889098+0.014714329j),(1.017629022+0.006544552j),(1.017246155-0.000202088j),(1.029046358+0.011228202j),(1.028279271+0.011110356j),(1.060585161+0.022603053j),(1.054329635+0.012915001j),(1.047907404+0.016822825j),(1.049365244+0.012060127j),(1.048000103+0.014250244j),(1.034502799+0.018834j),(1.032773595+0.018339072j),(1.019059333+0.007599093j),(-0.039493084+3.9151e-05j),(-0.039508943+3.3195e-05j),(-0.039835625+4.3976e-05j),(-0.039736963+4.9421e-05j),"{'64': {'dP_mw': 0.0, 'dQ_mvar': 0.0}, '57': {'dP_mw': 0.0, 'dQ_mvar': 0.0}, '55': {'dP_mw': 0.0, 'dQ_mvar': 0.0}, '61': {'dP_mw': 0.0, 'dQ_mvar': 0.0}}",1.0608259903199568,0.0,0.0,Uncontrolled_breaker_open_noise,10.8
17,1790959782.545387,46,(1.026179868+0.010103481j),(1.042479317+0.006471135j),(1.046464977+0.014507382j),(1.03531696+0.012853515j),(1.029018301+0.014544342j),(1.036122669+0.010044772j),(1.036349797+0.013264111j),(1.053010051+0.012925045j),(1.046094996+0.028734924j),(1.034552171+0.005589136j),(1.023192745+0.009280194j),(0.997376066-0.000921859j),(0.995997084+0.00270083j),(1.012870192-0.001713381j),(1.01549339+8.9594e-05j),(1.011558064+0.003675723j),(1.009445346+0.000149898j),(1.016012192+0.005238218j),(1.011491965+0.00419638j),(1.040224422+0.004292642j),(1.039119592+0.015977625j),(1.044276329+0.011990804j),(1.033440779+0.017170428j),(1.051876705+0.014251858j),(1.017497146+0.011653007j),(1.004808585+0.002927313j),(1.010709924+0.002460612j),(1.014663771+0.001340611j),(1.004305098+0.018090534j),(1.032326753+0.016869469j),(1.010445454+0.009510926j),(1.003330612+0.009644194j),(1.004327183+0.00887166j),(1.006856062+0.000148848j),(1.022081983+0.014103345j),(1.024696006+0.00898575j),(1.04248301+0.017007875j),(1.039073892+0.014058017j),(1.047525972+0.022472884j),(1.041129667+0.010983328j),(1.049558396+0.02115847j),(1.005173491+0.009800417j),(1.006572827+0.003335576j),(1.027553385+0.012127733j),(1.019545713+0.005156678j),(1.037971399+0.018676363j),(1.017742926+0.01098323j),(1.011812106+0.013692038j),(1.023260095+0.010972888j),(1.021621421-0.002415562j),(1.045801683+0.014326897j),(1.056934293+0.014247426j),(1.044620106+0.024728678j),(1.045034697+0.022817302j),(1.037855466+0.009666126j),(1.038561936+0.024564564j),(1.032305497+0.020397517j),(1.016766045+0.006692881j),(-0.039510117+5.581e-05j),(-0.039505023+2.8681e-05j),(-0.039831765+2.8385e-05j),(-0.039740006+4.4589e-05j),"{'64': {'dP_mw': 0.0, 'dQ_mvar': 0.0}, '57': {'dP_mw': 0.0, 'dQ_mvar': 0.0}, '55': {'dP_mw': 0.0, 'dQ_mvar': 0.0}, '61': {'dP_mw': 0.0, 'dQ_mvar': 0.0}}",1.0570303159640386,0.0,0.0,Uncontrolled_breaker_open_noise,10.85
18,1790959782.59554,46,(1.030031412+0.007203338j),(1.039650729+0.012258295j),(1.034690627+0.016048862j),(1.035950077+0.016153586j),(1.044574526+0.011814986j),(1.040188794+0.008784605j),(1.044523561+0.022221789j),(1.055276587+0.023585799j),(1.032894556+0.01127609j),(1.020454367+0.008472845j),(1.035262259+0.015770047j),(0.998837392-0.006497165j),(1.013319837-0.000988174j),(1.003732133+0.009457009j),(1.013212128+0.011550022j),(1.007642326-0.000452352j),(1.012053995-0.002513909j),(1.01783768+0.002758687j),(1.016316381+0.007277109j),(1.037840839+0.01690695j),(1.046626432+0.012848047j),(1.034930347+0.020153493j),(1.043242455+0.012200378j),(1.039429185+0.023924419j),(1.022665537+0.003130989j),(1.001533884-0.005190491j),(1.005030708+0.001566634j),(1.002618925-0.005511916j),(1.013725078+0.011317267j),(1.036324551+0.011247802j),(1.016287795+0.011543599j),(0.999028481-0.001675687j),(1.006458776-0.002268095j),(1.00586329+0.002035965j),(1.024701273+0.006021383j),(1.033674537+0.015230345j),(1.042683344+0.009468142j),(1.039163779+0.013240144j),(1.0441618+0.021159878j),(1.04876021+0.021186714j),(1.043070176+0.012527304j),(1.004037022-0.003913156j),(1.013964919-0.005473133j),(1.0216338+0.001129094j),(1.00566703+0.008795882j),(1.032744482+0.024605211j),(1.022087301+0.019479343j),(1.026584905+0.004222529j),(1.020268579+0.006721293j),(1.025081801+0.006009563j),(1.058035375+0.019375131j),(1.06172602+0.025281839j),(1.042416061+0.014728558j),(1.048076722+0.024196146j),(1.044065276+0.021967611j),(1.039848156+0.015120236j),(1.039911233+0.018052643j),(1.01964007+0.011136703j),(-0.03949977+2.9291e-05j),(-0.039512014+3.8921e-05j),(-0.039834573+2.2357e-05j),(-0.039729392+3.1527e-05j),"{'64': {'dP_mw': 0.0, 'dQ_mvar': 0.0}, '57': {'dP_mw': 0.0, 'dQ_mvar': 0.0}, '55': {'dP_mw': 0.0, 'dQ_mvar': 0.0}, '61': {'dP_mw': 0.0, 'dQ_mvar': 0.0}}",1.0620269831450906,0.0,0.0,Uncontrolled_breaker_open_noise,10.9
19,1790959782.6456413,46,(1.016991227+0.001312451j),(1.047931814+0.017872441j),(1.042586938+0.009978032j),(1.039303431+0.017932937j),(1.042476458+0.018573759j),(1.047348701+0.009353637j),(1.032352193+0.020673561j),(1.042012378+0.019201108j),(1.03371649+0.013792361j),(1.027084481+0.012994112j),(1.025378618+0.00448369j),(1.003273898+0.004488167j),(1.00507336-0.006388826j),(1.010397591-0.000462773j),(1.008655793+0.00395295j),(1.015738758+0.013037563j),(1.011089078+0.008220435j),(1.014571565+0.010552315j),(1.016582224+0.006738887j),(1.038177996+0.016461979j),(1.039564383+0.009175661j),(1.036582054+0.010421859j),(1.045119996+0.013930463j),(1.043504997+0.028974471j),(1.016762825+0.007296926j),(1.001265015+0.001620439j),(1.004852194+0.000360315j),(1.011655+0.01347455j),(1.015438101-0.001370404j),(1.036132347+0.019500294j),(1.026546947+0.013891104j),(1.004314135+0.000863184j),(0.995937548+0.000378586j),(0.994255418+0.003215362j),(1.012358168+0.007248538j),(1.014451315+0.017411958j),(1.033571617+0.02051415j),(1.031500411+0.013290664j),(1.038413044+0.012635169j),(1.038280722+0.022873868j),(1.046586895+0.021479257j),(1.013909805+0.003404499j),(1.004184508-0.001327692j),(1.018175087+0.002123965j),(1.017146555+0.004506024j),(1.029985907+0.022550542j),(1.030736228+0.01125837j),(1.029741808+0.012938922j),(1.031791469+0.004850972j),(1.018471709+0.003913646j),(1.047673275+0.016684291j),(1.049402474+0.024601139j),(1.042532597+0.025733601j),(1.052827604+0.014997526j),(1.039946553+0.021537391j),(1.047166196+0.013256401j),(1.040566905+0.013905716j),(1.016301238+0.010157725j),(-0.039493914+3.4876e-05j),(-0.039507573+3.6862e-05j),(-0.039833102+1.3858e-05j),(-0.039722343+2.3502e-05j),"{'64': {'dP_mw': 0.0, 'dQ_mvar': 0.0}, '57': {'dP_mw': 0.0, 'dQ_mvar': 0.0}, '55': {'dP_mw': 0.0, 'dQ_mvar': 0.0}, '61': {'dP_mw': 0.0, 'dQ_mvar': 0.0}}",1.052934418437588,0.0,0.0,Uncontrolled_breaker_open_noise,10.95
20,1790959782.695768,46,(1.027573939+0.001827498j),(1.034549299+0.011881487j),(1.033883067+0.012424839j),(1.04244845+0.017972754j),(1.04485541+0.013684007j),(1.032047492+0.00979748j),(1.036836481+0.014742068j),(1.046733348+0.014956183j),(1.037708677+0.01529732j),(1.020498193+0.009726408j),(1.018027475+0.012050959j),(1.00768833+0.007167115j),(1.001691487+0.002029407j),(1.008072114+0.007966664j),(1.001487211+0.00025588j),(1.016533741+0.008610986j),(1.016219533+0.003210864j),(1.015220863+0.01388211j),(1.017647401+0.00871179j),(1.04320622+0.022394345j),(1.039656832+0.016449098j),(1.040647242+0.023403929j),(1.041081586+0.020282541j),(1.036218111+0.023352955j),(1.016472542+0.014165161j),(1.001238681+0.005979444j),(1.007952969+0.000700341j),(1.011962837+0.00583249j),(1.007935956+0.004426553j),(1.034481696+0.016329968j),(1.018084254+0.014743507j),(1.008437984-0.000266433j),(1.004547366+0.002700861j),(1.004135204+0.004302669j),(1.01960884+0.006442486j),(1.027044937+0.016163998j),(1.049250269+0.015222895j),(1.026236871+0.00695032j),(1.035843186+0.017743964j),(1.046252649+0.025749697j),(1.046889205+0.014771312j),(1.016653896+0.012069846j),(1.016113948-0.003633498j),(1.013360192+0.011867271j),(1.01530813+0.000709775j),(1.040823022+0.021164107j),(1.027511559+0.001867003j),(1.024742872+0.014258237j),(1.034369863-0.001296418j),(1.026036592+0.012146505j),(1.0550876+0.028195834j),(1.050026533+0.024328618j),(1.048704762+0.017863964j),(1.046956408+0.018252991j),(1.041699709+0.014240796j),(1.033106464+0.013091399j),(1.033857247+0.017979205j),(1.018246286+0.011187634j),(-0.039487379+3.5084e-05j),(-0.039484639+4.5449e-05j),(-0.039842752+3.401e-05j),(-0.039725202+1.3716e-05j),"{'64': {'dP_mw': 0.0, 'dQ_mvar': 0.0}, '57': {'dP_mw': 0.0, 'dQ_mvar': 0.0}, '55': {'dP_mw': 0.0, 'dQ_mvar': 0.0}, '61': {'dP_mw': -0.05, 'dQ_mvar': -0.05}}",1.0554642811240538,-0.05,-0.05,Uncontrolled_breaker_open_noise,11.0
21,1790959782.7473276,46,(1.028161667+0.014184371j),(1.073936193+0.00853343j),(1.07451342+0.002883897j),(1.073507251+0.009761819j),(1.071486093+0.001751272j),(1.071276861-0.000662522j),(1.080542649+0.009196796j),(1.084038312+0.001806523j),(1.0659467+0.006125876j),(1.046133941-0.004924589j),(1.03745432+0.007867827j),(1.005627601+0.005305097j),(1.01664462-0.001755568j),(1.021935863+0.003994688j),(1.013929902-0.004392501j),(1.029500608+0.007055051j),(1.024874526+0.00864045j),(1.024178617+0.006957974j),(1.03202149+0.006777985j),(1.068176115+0.010939243j),(1.073424125+0.004861117j),(1.067258282+0.009411695j),(1.061189862+0.00466329j),(1.078971253+0.005880034j),(1.039119324+0.005536155j),(1.017294249-0.002442029j),(1.010917982+0.004422272j),(1.018998557+0.006187424j),(1.029830913-0.000813835j),(1.064419275+0.003910894j),(1.030846108+0.004552559j),(1.019852737+0.003732413j),(1.011298363-0.002946465j),(1.012625397+0.01323282j),(1.048635193+0.004678494j),(1.052162442+0.009373614j),(1.072593415-0.001591003j),(1.075402681+0.009934028j),(1.073638362+0.006600511j),(1.082847035+0.013071072j),(1.085087553-0.001242184j),(1.010356427+0.002512233j),(1.022372493+0.002098041j),(1.032951677+0.011250611j),(1.025045371+0.013768308j),(1.074725586+0.006935774j),(1.048170379+0.008712297j),(1.046890511+0.006480277j),(1.042552377+0.00234521j),(1.03946371+0.006328856j),(1.075907436+0.003795651j),(1.091860392+0.012471272j),(1.085376124+0.01527643j),(1.08351039+0.014516237j),(1.075533334+0.004158359j),(1.071257478+0.008085871j),(1.076033997+0.000884836j),(1.028703889+0.010330948j),(-0.039513354+3.846e-05j),(-0.039511369+1.7639e-05j),(-0.039854622+2.3801e-05j),(-0.089737794-0.049955707j),"{'64': {'dP_mw': 0.0, 'dQ_mvar': 0.0}, '57': {'dP_mw': 0.0, 'dQ_mvar': 0.0}, '55': {'dP_mw': 0.0, 'dQ_mvar': 0.0}, '61': {'dP_mw': -0.05, 'dQ_mvar': -0.05}}",1.0919316133548345,-0.05,-0.05,Uncontrolled_breaker_open_noise,11.05
22,1790959782.7977629,46,(1.022906541+0.0099863j),(1.080175215+0.00639839j),(1.073576357+0.010990274j),(1.071113979+0.009016777j),(1.074292085+0.003846832j),(1.074855078+0.006353292j),(1.075077707+0.005769156j),(1.081070317+0.011502424j),(1.079972722+0.005275357j),(1.050691277+0.015574989j),(1.043089547-0.002534729j),(1.009691598-0.000421329j),(1.019331483-0.006618235j),(1.027662539-0.001242113j),(1.015764824+0.006829392j),(1.012751387-0.000299133j),(1.021707698+0.006292624j),(1.029349389+0.001420775j),(1.02407697-0.002697564j),(1.071167803+0.010921263j),(1.068964173+0.001076255j),(1.083318076+0.010590623j),(1.068421344+0.007509089j),(1.084141174+0.015899583j),(1.04595864+0.000274225j),(1.016891442+5.5059e-05j),(1.017229789-0.002704572j),(1.021184897+0.011422087j),(1.029189386+0.001098451j),(1.069131859+0.014908425j),(1.031370708+0.008486388j),(1.017211249+0.004113756j),(1.019888915-0.00133009j),(1.019476156+0.002503901j),(1.051880827-0.004238831j),(1.044955699+0.00316052j),(1.066024381-0.000591738j),(1.075939638+0.004694556j),(1.069658495+0.002793362j),(1.084885801+0.006803175j),(1.08000629+0.011572927j),(1.019274646+0.008971454j),(1.015180612+0.008421566j),(1.034768654+0.007275686j),(1.029444462+0.009204374j),(1.070600095-0.0011204j),(1.047024941-9.0888e-05j),(1.040901019+0.006723269j),(1.044374921+0.004205627j),(1.043918779+0.001535791j),(1.087835532+0.008990521j),(1.074731129+0.009996935j),(1.077606701+0.008977764j),(1.077736791+0.017454209j),(1.087187048+0.001264369j),(1.076108477-0.008712337j),(1.07486864+0.012932619j),(1.033849395+0.00941584j),(-0.039498739+4.3516e-05j),(-0.039506806+3.4731e-05j),(-0.039825764+3.4942e-05j),(-0.089719177-0.049973696j),"{'64': {'dP_mw': 0.0, 'dQ_mvar': 0.0}, '57': {'dP_mw': 0.0, 'dQ_mvar': 0.0}, '55': {'dP_mw': 0.0, 'dQ_mvar': 0.0}, '61': {'dP_mw': -0.05, 'dQ_mvar': -0.05}}",1.0878726828768035,-0.05,-0.05,Uncontrolled_breaker_open_noise,11.1
23,1790959782.8482432,46,(1.027943403+0.012771025j),(1.078529142+0.009342661j),(1.074374765+0.000391029j),(1.07431963+0.004844211j),(1.072469149+0.014887353j),(1.072416925-0.000330452j),(1.074150714-0.001914326j),(1.080534701+0.014798365j),(1.067391119+0.007613421j),(1.038578596+0.006866799j),(1.038454645+0.002185998j),(1.013939283-0.001048551j),(1.010568697-0.002633095j),(1.014835928+0.007092915j),(1.017459359+0.009565603j),(1.032592915+0.020180798j),(1.025983833+0.004118561j),(1.027332566+0.004089283j),(1.025523072+0.007025569j),(1.071200806+0.00335384j),(1.081099142+0.000597724j),(1.073530593-0.001280052j),(1.074985763+0.006398288j),(1.083774705+0.016167259j),(1.034645685+0.008678006j),(1.016952765-0.002261838j),(1.016977113+0.013456714j),(1.01200174+0.005525591j),(1.022329054+0.008122318j),(1.071068245-0.007050576j),(1.024801835+0.004992379j),(1.008851208+0.001372916j),(1.010749206-0.00010033j),(1.01466373+0.002857583j),(1.035359644-0.000118j),(1.044254974+0.006002252j),(1.083197884+0.00699795j),(1.072724505+0.0057399j),(1.078606635-0.000873757j),(1.087927011+0.012384092j),(1.082669483+0.003996584j),(1.008992115+0.007869308j),(1.020609926+0.001358099j),(1.018082264+0.018747263j),(1.017691124+0.006170614j),(1.071324042+0.005463187j),(1.039507666+0.001501456j),(1.040503032+0.008394878j),(1.04851385+0.002894045j),(1.046662932+0.004514443j),(1.084648878+0.01217873j),(1.090062684+0.015209144j),(1.089931082-0.002270891j),(1.080976819+0.005151741j),(1.081302478+0.002731434j),(1.081928359-0.00295602j),(1.070538873+0.002863378j),(1.028021852+0.010355071j),(-0.039490232+5.798e-05j),(-0.039488834+4.4205e-05j),(-0.039823677+4.6295e-05j),(-0.089719365-0.049955805j),"{'64': {'dP_mw': 0.0, 'dQ_mvar': 0.0}, '57': {'dP_mw': 0.0, 'dQ_mvar': 0.0}, '55': {'dP_mw': 0.0, 'dQ_mvar': 0.0}, '61': {'dP_mw': -0.05, 'dQ_mvar': -0.05}}",1.0901687819372268,-0.05,-0.05,Uncontrolled_breaker_open_noise,11.15
24,1790959782.8982322,46,(1.020301504+0.017497506j),(1.067950225+0.009474288j),(1.073614278-0.002172053j),(1.073800024+0.010429082j),(1.081210093+0.009387348j),(1.069332698+0.007366102j),(1.065217094+0.006009446j),(1.074493778+0.00786191j),(1.072892733+0.011357319j),(1.043311329+0.004088153j),(1.037801063-1.512e-06j),(1.018240691+0.002279423j),(1.020035964-0.002994068j),(1.025404539+0.00674894j),(1.018410485+0.005858489j),(1.023010978+0.004783029j),(1.021967409-0.000382063j),(1.025128442+0.014246771j),(1.039164199+0.005476671j),(1.074187491+0.002819972j),(1.073434514+0.008063692j),(1.070129784+0.008471576j),(1.065387295+0.001187367j),(1.076899877+0.012007601j),(1.043840788+0.01137141j),(1.011769938+0.001490932j),(1.008107849+0.001713525j),(1.016704603+0.006774257j),(1.017636285+0.009418189j),(1.078383593+0.00650228j),(1.034627539-0.003510015j),(1.010660313-0.001749928j),(1.012384066-0.005897142j),(1.010913307+0.009596706j),(1.043815583+0.001617468j),(1.048404222+0.000441549j),(1.088552873-0.004201221j),(1.070735207+0.0064185j),(1.067273676+0.011757422j),(1.082179764+0.014031865j),(1.085489354+0.014173613j),(1.025559639+0.00668963j),(1.019292574-0.000161402j),(1.024204778+0.009421939j),(1.025885295+0.006642962j),(1.07686294+0.003625154j),(1.04027973-0.002152169j),(1.045255698-0.002096097j),(1.047656804+0.009305726j),(1.043444536+0.009199958j),(1.086478051+0.00675052j),(1.07792829+0.013032815j),(1.08472984+0.004090082j),(1.079744008+0.008995625j),(1.078342885+0.008955163j),(1.065876453+0.004338019j),(1.073335809+0.01802337j),(1.026729693+0.001208521j),(-0.039488827+2.4573e-05j),(-0.039500791+3.6242e-05j),(-0.039829675+3.6769e-05j),(-0.089716874-0.049963373j),"{'64': {'dP_mw': 0.0, 'dQ_mvar': 0.0}, '57': {'dP_mw': 0.0, 'dQ_mvar': 0.0}, '55': {'dP_mw': 0.0, 'dQ_mvar': 0.0}, '61': {'dP_mw': -0.05, 'dQ_mvar': -0.05}}",1.0885609801818386,-0.05,-0.05,Uncontrolled_breaker_open_noise,11.2
25,1790959782.946866,46,(1.029464853+0.004764685j),(1.077522418+0.005181772j),(1.073578378+0.002466741j),(1.071023181+0.00221463j),(1.074630819-0.004755278j),(1.072150107+0.003006935j),(1.066134486+0.003324329j),(1.077047708+0.009806196j),(1.074378927+0.001696883j),(1.040922221+0.013613235j),(1.04123615+0.008898866j),(1.012836524+0.000141454j),(1.011078603-0.000621464j),(1.023272381+0.007539315j),(1.031555525-0.007301176j),(1.017472949-0.0012409j),(1.02164876+0.005562291j),(1.030584944+0.003188643j),(1.032990443+0.001557764j),(1.069793244+0.007310788j),(1.07643355+0.002857336j),(1.070236585-0.006253153j),(1.070597824+0.004841424j),(1.080248823+0.011370575j),(1.042535937+0.002766393j),(1.007116372+0.00723685j),(1.01773075-0.001044259j),(1.014315502+0.000954532j),(1.025268298+0.00477472j),(1.073939401+0.00152254j),(1.032571213+0.009699419j),(1.009095531+0.00808871j),(1.003754008-0.0024758j),(1.019735188+0.008365423j),(1.049809649-0.001473533j),(1.048359612-0.005093066j),(1.085327244+0.003279905j),(1.079078946+0.005177171j),(1.066786491+0.004102028j),(1.076515178+0.011958703j),(1.083846522+0.005753208j),(1.02269968+0.000679993j),(1.016959703-0.002048718j),(1.029135134+0.005067997j),(1.021584622+0.001710865j),(1.077263552+0.005987094j),(1.043354885-0.001353924j),(1.0379666-0.001984702j),(1.04805142-0.002095642j),(1.042407338+0.007979131j),(1.085304128+0.007226874j),(1.084203476+0.008727709j),(1.076584228+0.008851263j),(1.08472528+0.011618161j),(1.084649174+0.008358324j),(1.068299662+0.011486944j),(1.070571162+0.005239568j),(1.033387686+0.000198029j),(-0.039504241+4.2508e-05j),(-0.039495156+3.8499e-05j),(-0.039854574+1.6879e-05j),(-0.089721318-0.049952384j),"{'64': {'dP_mw': 0.0, 'dQ_mvar': 0.0}, '57': {'dP_mw': 0.0, 'dQ_mvar': 0.0}, '55': {'dP_mw': 0.0, 'dQ_mvar': 0.0}, '61': {'dP_mw': -0.05, 'dQ_mvar': -0.05}}",1.08533219999475,-0.05,-0.05,Uncontrolled_breaker_open_noise,11.25
26,1790959782.9975016,46,(1.028926445+0.006283429j),(1.070107201-0.000520867j),(1.083029094+0.006220445j),(1.076499395+0.005916249j),(1.082932648+0.012667407j),(1.073843538-0.004323165j),(1.069838471+0.006979695j),(1.077897565+0.009362939j),(1.058565899+0.003120535j),(1.041620304+0.004577937j),(1.039383557+0.003214781j),(1.015667617+0.001492528j),(1.012826455+0.006232541j),(1.024798762+0.001227645j),(1.017041863-0.002096498j),(1.021966829+0.004389468j),(1.019845492-0.003232653j),(1.031887077+0.008639137j),(1.027228645+0.006591038j),(1.07037637+0.004361209j),(1.073451838+0.005105966j),(1.071987848-0.001261907j),(1.079484009+0.006104343j),(1.083374711-0.000413201j),(1.056343687+0.005169039j),(1.014698046-0.002421502j),(1.01187316-0.003377381j),(1.02881513-0.001874513j),(1.02166789+0.012383927j),(1.072234031-0.005512986j),(1.031900101+0.016458195j),(1.010669886-0.00153573j),(1.01559867+0.009270228j),(1.022446396+0.001468893j),(1.043701565+0.00467171j),(1.043382233-0.006528674j),(1.079504251-0.004733494j),(1.067617758+0.001885536j),(1.073867189-0.001390895j),(1.07931033+0.008158945j),(1.081928341+0.009691646j),(1.013988393+0.003114215j),(1.025857917+0.00578907j),(1.033873923+0.009539154j),(1.019766046+0.003300307j),(1.071759609-0.000590742j),(1.046645833+0.006159257j),(1.041664872-0.007189002j),(1.047591272+0.006669136j),(1.04768147+0.006313151j),(1.083882994-0.006040028j),(1.085178255+0.007687935j),(1.08823985+0.006178503j),(1.078891066+0.001730625j),(1.07935218+0.002826245j),(1.071982438+0.00785558j),(1.083400695+0.004261238j),(1.040413824+0.011916638j),(-0.039511097+4.5267e-05j),(-0.039490533+3.1732e-05j),(-0.039827614+4.0081e-05j),(-0.089747572-0.049957375j),"{'64': {'dP_mw': 0.0, 'dQ_mvar': 0.0}, '57': {'dP_mw': 0.0, 'dQ_mvar': 0.0}, '55': {'dP_mw': 0.0, 'dQ_mvar': 0.0}, '61': {'dP_mw': -0.05, 'dQ_mvar': -0.05}}",1.0882573891443803,-0.05,-0.05,Uncontrolled_breaker_open_noise,11.3
27,1790959783.0473733,46,(1.020165002+0.016702256j),(1.078447359+0.006448555j),(1.070941981+0.001040296j),(1.071074781+0.017489199j),(1.067154415+0.006558175j),(1.069609772-0.001785633j),(1.068268259+0.007010004j),(1.076756888+0.00469885j),(1.068217827-0.002197018j),(1.042006652-0.000688683j),(1.052976418-0.001866994j),(1.006030701+0.005513256j),(1.016454054-0.003022854j),(1.014015118+0.008558737j),(1.016652212-0.000227858j),(1.021438615+0.004871174j),(1.020732268+0.000536979j),(1.034969563+0.00934472j),(1.033346743+0.001810549j),(1.070750732+0.008328212j),(1.082513843-0.009035028j),(1.068530818+0.005660397j),(1.069104672+0.000858229j),(1.077576306+0.007246426j),(1.043200869+0.006508299j),(1.012097303+0.00160949j),(1.018075371-0.00163458j),(1.018101964+0.008588793j),(1.027821749+0.006996333j),(1.073382616+0.002746002j),(1.034653344+0.009473176j),(1.019446635-0.000909973j),(1.01662631-0.002551591j),(1.014629165-0.006133196j),(1.043504695-0.006054508j),(1.055608834-0.001756828j),(1.074205374+0.008356927j),(1.07782549+0.009599611j),(1.070461753-0.000624967j),(1.069718511+0.010940914j),(1.083202213+0.013186189j),(1.022211226+0.008961532j),(1.02203217+0.004367608j),(1.034908613+0.015023241j),(1.021829982+0.004457311j),(1.070380609+0.01418269j),(1.048079303+0.003936291j),(1.046517687+0.002175301j),(1.043412249+0.008399873j),(1.059972975+0.008039073j),(1.078376343+0.009073421j),(1.076542117+0.004517367j),(1.074218732+0.015889705j),(1.084626189+0.002807003j),(1.095949303+0.003254541j),(1.07355583+0.006973874j),(1.073845948+0.001086352j),(1.032676113+0.012701306j),(-0.039506882+2.8892e-05j),(-0.039495025+2.5212e-05j),(-0.039832376+3.1486e-05j),(-0.089722627-0.049996842j),"{'64': {'dP_mw': 0.0, 'dQ_mvar': 0.0}, '57': {'dP_mw': 0.0, 'dQ_mvar': 0.0}, '55': {'dP_mw': 0.0, 'dQ_mvar': 0.0}, '61': {'dP_mw': -0.05, 'dQ_mvar': -0.05}}",1.0959541353465967,-0.05,-0.05,Uncontrolled_breaker_open_noise,11.35
28,1790959783.0974987,46,(1.030807724+0.00419432j),(1.073131656+0.007358146j),(1.069535911+0.000316434j),(1.072342183+0.002909174j),(1.064918941+0.010634871j),(1.078827338+0.003375436j),(1.077129931+0.0064498j),(1.084707852+0.014485404j),(1.07567917+0.002037458j),(1.045812791+0.001516081j),(1.046976178-0.001820996j),(1.008872452+2.9945e-05j),(1.020894005-0.000358348j),(1.019561524+0.002495773j),(1.022649245+0.006987824j),(1.034640529+0.001742217j),(1.026732215+0.005922745j),(1.031845784-0.005772427j),(1.023307004+0.014866099j),(1.074836925+0.000202417j),(1.079434497+0.009822252j),(1.075016055+0.007023233j),(1.076899283+0.006226614j),(1.07702893+0.013296658j),(1.047851907+0.003225769j),(1.00598859+0.001813109j),(1.021942115+0.001258844j),(1.025249533+0.002661296j),(1.025562489+0.002920754j),(1.067539717+0.003846227j),(1.023944696+0.004401188j),(1.007798428-0.002848384j),(1.013228734-0.001818169j),(1.016943638-0.006279563j),(1.049432907+0.008914042j),(1.043915284+0.002577581j),(1.0844125+0.006427791j),(1.076333405+0.011424604j),(1.083505502+0.004061881j),(1.079014821+0.007512058j),(1.077838752+0.009549736j),(1.02096682+0.002811807j),(1.025181388+0.006306645j),(1.026298536+0.006512137j),(1.025246492+0.006938199j),(1.074337885+0.007620801j),(1.038713735+0.00640039j),(1.044084595+0.01033956j),(1.047854686+0.002202896j),(1.050578738+0.002007406j),(1.082487678+0.001061065j),(1.078115021+0.003852949j),(1.081202593+0.00523994j),(1.084070447+0.008434111j),(1.08415028-0.00231825j),(1.078511978-0.00185843j),(1.0698852+0.002556386j),(1.030784047+0.00990263j),(-0.039492433+4.766e-05j),(-0.039481456+3.8714e-05j),(-0.039819786+3.2974e-05j),(-0.089716305-0.049966718j),"{'64': {'dP_mw': 0.0, 'dQ_mvar': 0.0}, '57': {'dP_mw': 0.0, 'dQ_mvar': 0.0}, '55': {'dP_mw': 0.0, 'dQ_mvar': 0.0}, '61': {'dP_mw': -0.05, 'dQ_mvar': -0.05}}",1.0848045681686158,-0.05,-0.05,Uncontrolled_breaker_open_noise,11.4
29,1790959783.146646,46,(1.033408357+0.006950742j),(1.071465104+0.006331558j),(1.077929+0.005824567j),(1.068186428+0.01059305j),(1.069041698+0.012442156j),(1.074266665+0.004422822j),(1.068111096+0.006136484j),(1.075910089+0.012184402j),(1.065698867+0.003129465j),(1.032769919+0.007600309j),(1.044024931+0.006860934j),(1.020304327+0.009133337j),(1.015999452-0.005166257j),(1.029859535+0.010867198j),(1.020980542+0.009122325j),(1.018003172+0.00617774j),(1.026844374+0.003414316j),(1.027261207+0.00391869j),(1.03135681+0.009629035j),(1.068522679+0.001524325j),(1.06952707+0.002244857j),(1.069453043+0.011150316j),(1.06517976+0.000360338j),(1.088920864+0.000548068j),(1.045078563+0.004811719j),(1.008351034+0.010866161j),(1.009183057-2.1644e-05j),(1.016575174-0.002144643j),(1.022654186+0.00794432j),(1.071413902+0.00589065j),(1.030272699+0.011126275j),(1.01434156+0.001188882j),(1.012513758+0.002561023j),(1.023345645+0.013354782j),(1.050806067+0.003159469j),(1.040842243+0.006577615j),(1.071959809+0.006395945j),(1.082238423+0.008490242j),(1.073039408+0.002907169j),(1.087258638+0.015501882j),(1.067770576+0.008190014j),(1.029553536+0.00899378j),(1.011067124-0.002451537j),(1.033247117+0.017312359j),(1.02433901+0.010183822j),(1.070982355+0.000747615j),(1.036461195+0.00692613j),(1.041103878-0.000877547j),(1.050813817+0.006967492j),(1.050015657+0.0070082j),(1.084133061+0.000811548j),(1.07904427+0.003912984j),(1.084948496+0.008223883j),(1.080306352+0.008590305j),(1.090352315+0.001695697j),(1.068447138-0.003303531j),(1.078130555+0.002895744j),(1.029663405+0.016680628j),(-0.039485883+3.966e-05j),(-0.03949635+3.1948e-05j),(-0.039834146+3.4076e-05j),(-0.089718624-0.04997483j),"{'64': {'dP_mw': 0.0, 'dQ_mvar': 0.0}, '57': {'dP_mw': 0.0, 'dQ_mvar': 0.0}, '55': {'dP_mw': 0.0, 'dQ_mvar': 0.0}, '61': {'dP_mw': -0.05, 'dQ_mvar': -0.05}}",1.0903536335584778,-0.05,-0.05,Uncontrolled_breaker_open_noise,11.45
30,1790959783.197789,47,(1.036470263+0.000549735j),(1.065845105+0.002648907j),(1.071025788+0.005168459j),(1.071049522+0.003731526j),(1.071705996+0.001573595j),(1.072464347+0.008037839j),(1.067653736+0.004893358j),(1.075881197+0.001353881j),(1.073770617+0.016060858j),(1.053505149+0.005580922j),(1.046539755+0.005647664j),(1.019704337+0.002987331j),(1.02172425-0.010227844j),(1.017152963+0.000517432j),(1.021654082-0.002858022j),(1.035658918+0.010345152j),(1.033708898+0.003605745j),(1.035837979+0.012339712j),(1.025919668+0.007903663j),(1.08291413+0.002939682j),(1.07075493+0.004158431j),(1.072905816+0.009974086j),(1.065693788+0.003454938j),(1.071823604+0.003863301j),(1.046402387+0.004699014j),(1.014111997-0.006114057j),(1.013475676+0.004099375j),(1.022776541+0.006556981j),(1.025658225+0.002613392j),(1.06742577+0.002162463j),(1.018615979+0.005389809j),(1.023495991+0.015706813j),(1.013990065+0.001256692j),(1.014594176-0.000376833j),(1.047286574+0.001020596j),(1.043676692+0.00628828j),(1.078722478+0.009964904j),(1.06792438+0.011328866j),(1.06925136+0.002098414j),(1.077599886+0.003704544j),(1.076037363+0.002393863j),(1.017348207+0.004394301j),(1.0202931+0.010654088j),(1.034835661+0.014375912j),(1.023012115+0.01585904j),(1.068992938-0.001691276j),(1.039250374+0.007765196j),(1.039430482+0.006056353j),(1.044310625+0.002475264j),(1.051744603+0.005715863j),(1.082756757+0.008938072j),(1.086279865+0.015599428j),(1.075870096+0.006028265j),(1.082158551-0.001005725j),(1.088745562+0.00164286j),(1.068345431+0.011612012j),(1.076929436+0.002692968j),(1.025899454+0.011003623j),(-0.039506971+4.7481e-05j),(-0.039510253+5.0759e-05j),(-0.039835433+1.7506e-05j),(-0.089722691-0.049965034j),"{'64': {'dP_mw': 0.0, 'dQ_mvar': 0.0}, '57': {'dP_mw': 0.0, 'dQ_mvar': 0.0}, '55': {'dP_mw': 0.0, 'dQ_mvar': 0.0}, '61': {'dP_mw': -0.05, 'dQ_mvar': -0.05}}",1.0887468014941193,-0.05,-0.05,Uncontrolled_breaker_open_noise,11.5
31,1790959783.248209,47,(1.02546589+0.002407663j),(1.067746539+0.004582344j),(1.070955766+0.00080556j),(1.073829742+0.018149153j),(1.071523633+0.006534775j),(1.068058091+0.00285028j),(1.082937351-0.001243925j),(1.080276253+0.014766698j),(1.072253641-0.000594934j),(1.045428413-0.001647753j),(1.047062663+0.007300554j),(1.018070092-0.007243685j),(1.015788-0.005334611j),(1.008137912+0.001972097j),(1.023115453+0.008931466j),(1.02486917+0.003938086j),(1.015835862+0.01056663j),(1.03230289+0.01222749j),(1.028034254+0.004706865j),(1.06590952+0.007013891j),(1.086680558+0.003491542j),(1.071035882-0.003129005j),(1.079933966+0.005703828j),(1.085508599+0.002676779j),(1.043294516+0.00797874j),(1.015355302+0.006740501j),(1.01325804-0.002384964j),(1.030816289-0.004495334j),(1.022805466-0.001897758j),(1.066803632+0.009901972j),(1.029412786+0.00613431j),(1.019796495+0.000399475j),(1.010774391-0.001749926j),(1.014510981+0.004479352j),(1.034672692+0.010441685j),(1.0461887+0.015942365j),(1.076687335-0.001774634j),(1.072311408+0.005533116j),(1.079439541+0.004994493j),(1.088051502+0.005477064j),(1.082263213+0.006863168j),(1.020984242+0.008384231j),(1.020846279+0.006415309j),(1.029334406+0.008055018j),(1.02191256+0.005170926j),(1.070791479-0.000124847j),(1.04285773+0.010705334j),(1.045961627-0.003796342j),(1.050778309+0.004310142j),(1.04572286+0.008169744j),(1.087070797+0.006056843j),(1.076210549+0.008446613j),(1.072603582+0.014645318j),(1.075571643+0.001683896j),(1.081561326+0.001931239j),(1.083435022+0.000314262j),(1.074564622+0.007375771j),(1.028189203+0.011139109j),(-0.03951345+3.9178e-05j),(-0.039508368+1.8048e-05j),(-0.039826229+1.6935e-05j),(-0.089717074-0.049973375j),"{'64': {'dP_mw': 0.0, 'dQ_mvar': 0.0}, '57': {'dP_mw': 0.0, 'dQ_mvar': 0.0}, '55': {'dP_mw': 0.0, 'dQ_mvar': 0.0}, '61': {'dP_mw': -0.05, 'dQ_mvar': -0.05}}",1.0880652872114411,-0.05,-0.05,Uncontrolled_breaker_open_noise,11.55
32,1790959783.2980838,47,(1.025966338+0.005643279j),(1.075505307+0.009733946j),(1.071369307+0.003261864j),(1.065237507+0.005270738j),(1.077951801-0.002376495j),(1.073329055+0.00089622j),(1.07735276-0.004649002j),(1.088439546+0.006623472j),(1.067719651+0.003763227j),(1.049645056+0.006546493j),(1.044129845+0.004456614j),(1.011955414-0.00659311j),(1.008669026-0.007072386j),(1.022616392+0.009293103j),(1.013920775+0.006597625j),(1.022102363+0.010313184j),(1.030020386+0.003553574j),(1.02781818+0.011127323j),(1.030144334+0.001292271j),(1.07162072+0.003241994j),(1.06651453+0.007039742j),(1.071343471+0.014007405j),(1.068728863+0.009489438j),(1.083910303+0.010241779j),(1.043030367-0.0084852j),(1.019583522-0.000244147j),(1.010366707-0.003821864j),(1.017580658+0.002704308j),(1.024195391+0.004697094j),(1.061714654+0.011138631j),(1.033424213+0.008600509j),(1.009325168+0.014150509j),(1.0108059+0.002236127j),(1.004780231-0.005745747j),(1.035729336+0.002100593j),(1.04537768+0.010222953j),(1.070421983-0.003155329j),(1.073004104+0.015104938j),(1.086755175+0.01709167j),(1.080285446+0.010520407j),(1.080779391+0.005560974j),(1.017978782+0.01312763j),(1.018962624+0.00391897j),(1.027299164+0.006335401j),(1.02807199+0.005840945j),(1.074466883+0.011518124j),(1.047258748+0.010735029j),(1.040450038-0.001097901j),(1.048228879+0.01734294j),(1.049146026+0.002704342j),(1.089890939+0.010071819j),(1.07874735-0.000326661j),(1.074254628+0.001977908j),(1.083972575+0.003952878j),(1.084220487+0.010572022j),(1.070446957+0.004097315j),(1.076862659+0.006883959j),(1.029343844+0.00865783j),(-0.039508192+4.0192e-05j),(-0.039520126+2.8008e-05j),(-0.039831442+3.1539e-05j),(-0.089719586-0.049982686j),"{'64': {'dP_mw': 0.0, 'dQ_mvar': 0.0}, '57': {'dP_mw': 0.0, 'dQ_mvar': 0.0}, '55': {'dP_mw': 0.0, 'dQ_mvar': 0.0}, '61': {'dP_mw': -0.05, 'dQ_mvar': -0.05}}",1.0899374754784197,-0.05,-0.05,Uncontrolled_breaker_open_noise,11.6
33,1790959783.3497767,47,(1.033411148+0.013473571j),(1.076910941-0.002876056j),(1.068636675+0.00081136j),(1.075077695-0.00241585j),(1.073492288+0.005966161j),(1.073806717-0.003821652j),(1.069786437+0.002215784j),(1.069068102+0.003210771j),(1.068317927+0.005201892j),(1.04948612+0.003255508j),(1.045041919+0.002584535j),(1.017840176+0.003221188j),(1.024186043-0.002243688j),(1.016001503+0.006482718j),(1.02671803+0.007359736j),(1.028862477+0.011484462j),(1.031249848-0.000460527j),(1.029963963-0.003656145j),(1.030558173-0.000294119j),(1.075055352+0.006639187j),(1.073579108+0.002931226j),(1.071763584+0.004439556j),(1.072690777+0.00654491j),(1.08521868+0.009925029j),(1.04283783+0.008745741j),(1.010535596-0.005791808j),(1.012023303-0.001124128j),(1.018208768+0.004709185j),(1.024517282+0.008324268j),(1.075465165-0.002644111j),(1.033572788+0.007600242j),(1.004429091-0.001327567j),(1.007384662-0.00013078j),(1.013136526-0.003978887j),(1.046495018-0.002601016j),(1.047392121+0.004892946j),(1.072714253+0.006854047j),(1.065274052+0.004521482j),(1.069026271+0.006590669j),(1.080194332+0.009773833j),(1.077041014+0.004095043j),(1.012012075+0.00260321j),(1.026089515+0.017271165j),(1.026738261+0.003987462j),(1.024612813+0.001975738j),(1.068319629-0.003297522j),(1.04492124+0.010974929j),(1.047405983+0.002624972j),(1.04575194+0.005206507j),(1.047257241-0.001128343j),(1.078344987+0.008495711j),(1.079109413+0.013053394j),(1.085750841+0.011971286j),(1.078318527+0.00818166j),(1.076596118+0.000183164j),(1.073021098+0.000854812j),(1.069184179+0.011536228j),(1.031284535+0.010375008j),(-0.039500533+3.2642e-05j),(-0.03950194+4.7377e-05j),(-0.039844984+1.0849e-05j),(-0.089712486-0.049951338j),"{'64': {'dP_mw': 0.0, 'dQ_mvar': 0.0}, '57': {'dP_mw': 0.0, 'dQ_mvar': 0.0}, '55': {'dP_mw': 0.0, 'dQ_mvar': 0.0}, '61': {'dP_mw': -0.05, 'dQ_mvar': -0.05}}",1.0858168355761948,-0.05,-0.05,Uncontrolled_breaker_open_noise,11.65
34,1790959783.398516,47,(1.021859595+0.009729357j),(1.068586185+0.0152104j),(1.078468513+0.01201911j),(1.080735285+0.007129896j),(1.079808413+0.011479629j),(1.071045195+0.006399816j),(1.073667035+0.007980941j),(1.080501178+0.009486643j),(1.075898324+0.008604144j),(1.048803334-0.006481643j),(1.042229666+3.9534e-05j),(1.014003097-0.000725466j),(1.011116765+0.002488224j),(1.02229814-0.000826339j),(1.025586275+0.003246245j),(1.029807602-0.008258045j),(1.021625482+0.005539099j),(1.033505498+0.006545396j),(1.030251465+0.009031784j),(1.066492923-0.002910577j),(1.074182403+0.004020044j),(1.082664547-0.001444529j),(1.075416132+0.011523711j),(1.082352056+0.011708074j),(1.047785831+0.002368949j),(1.012391458-0.001304457j),(1.021456523-0.000251976j),(1.028430551+0.004702854j),(1.025125749+0.001172666j),(1.07627105+0.000267656j),(1.036922842+0.012449646j),(1.0183786-0.006177498j),(1.019748073+0.002655344j),(1.020067959+0.00216102j),(1.0386058+0.000943578j),(1.043508772-0.006307892j),(1.081165108-0.000693077j),(1.082096662+0.007798392j),(1.070557168+0.009242422j),(1.087034641+0.005752697j),(1.080014237+0.007005752j),(1.024847135+0.006789741j),(1.0234861+0.015599887j),(1.033877751+0.004509179j),(1.02737647-0.003954303j),(1.072549493+0.007333034j),(1.044872293+0.007683716j),(1.048676686-0.008023798j),(1.048424973-0.003845304j),(1.045733848+0.004973951j),(1.076588511+0.015144332j),(1.090165026+0.008687232j),(1.072579098+0.007901598j),(1.073011806+0.003716764j),(1.0869529-0.004214305j),(1.077435586+0.003969049j),(1.084759155+0.00448602j),(1.025207755+0.005126373j),(-0.0394946+3.6706e-05j),(-0.039509272+4.139e-05j),(-0.039849047+2.8911e-05j),(-0.08973103-0.049957301j),"{'64': {'dP_mw': 0.0, 'dQ_mvar': 0.0}, '57': {'dP_mw': 0.0, 'dQ_mvar': 0.0}, '55': {'dP_mw': 0.0, 'dQ_mvar': 0.0}, '61': {'dP_mw': -0.05, 'dQ_mvar': -0.05}}",1.090199638558646,-0.05,-0.05,Uncontrolled_breaker_open_noise,11.7
35,1790959783.4489636,47,(1.028824034+0.013791711j),(1.073144671+0.004456939j),(1.058652609+0.006109478j),(1.076012915-0.003065854j),(1.079006271+0.001901145j),(1.0617662+0.003494363j),(1.071804154+0.013222386j),(1.068207786+0.003024498j),(1.075435329+0.003667864j),(1.040922234+0.004206307j),(1.0453447-0.001648926j),(1.015796074-0.003710216j),(1.013618847+0.004653937j),(1.029826572+0.003300692j),(1.023944004+0.005877346j),(1.021546406+0.006188947j),(1.020877726+0.00912528j),(1.024908729+0.001333446j),(1.039475146+0.008457706j),(1.079096832+0.006824868j),(1.0720876+0.006528717j),(1.069346624-0.002787077j),(1.073283806+0.005319487j),(1.073134404+0.007864974j),(1.037905136-0.002236257j),(1.004986169+0.003856802j),(1.006945301+0.00271321j),(1.015072904+0.001267981j),(1.027074091+0.008488093j),(1.068387409+0.003648274j),(1.028533305+0.003597686j),(1.016363072-0.002639403j),(1.016687513-0.002804715j),(1.010932256+0.006215179j),(1.039871317+0.003122157j),(1.042051358+0.001788947j),(1.072172209+0.009673157j),(1.067798039+0.016452739j),(1.073642785+0.00370186j),(1.081389127+0.012117549j),(1.085246654-0.001710206j),(1.018611933+0.005060463j),(1.021509312+0.005083425j),(1.026475365+0.010615808j),(1.01700762-0.001766427j),(1.07812749+0.007083876j),(1.047518066+0.001053868j),(1.045535056+0.007557664j),(1.047717229+0.004518978j),(1.045544475+0.004305057j),(1.087644174-0.00139586j),(1.083956693+0.003359102j),(1.086088618+0.00974417j),(1.08392135+0.013524961j),(1.090748864+0.002159359j),(1.076273586+0.005493011j),(1.072419882+0.011000084j),(1.029260044+0.002355686j),(-0.039494475+2.4388e-05j),(-0.039508789+4.6681e-05j),(-0.039826336+2.6101e-05j),(-0.089735544-0.049958264j),"{'64': {'dP_mw': 0.0, 'dQ_mvar': 0.0}, '57': {'dP_mw': 0.0, 'dQ_mvar': 0.0}, '55': {'dP_mw': 0.0, 'dQ_mvar': 0.0}, '61': {'dP_mw': -0.05, 'dQ_mvar': -0.05}}",1.0907510014428505,-0.05,-0.05,Uncontrolled_breaker_open_noise,11.75
36,1790959783.4990864,47,(1.034346856+0.003794974j),(1.075089333+0.007570883j),(1.069725739+0.013941788j),(1.073906603+0.006210966j),(1.073661105+0.008148577j),(1.063646348+0.007486419j),(1.074737635-0.0029178j),(1.083409436+0.003359942j),(1.06414443-0.006664638j),(1.042403033-0.00471017j),(1.044292552-0.000110793j),(1.014705164-0.015012229j),(1.004402487-0.000448848j),(1.014504184-0.002493062j),(1.009968277-0.001699975j),(1.026304681-6.0542e-05j),(1.028465687+0.010212457j),(1.025163603-0.000176212j),(1.031435212+0.006708896j),(1.07310168+0.006369576j),(1.07410285+0.001708906j),(1.07609187+0.00879024j),(1.075086031+0.00220177j),(1.076901268+0.020225264j),(1.038470395+0.000353942j),(1.005787406+0.002884329j),(1.015914274+0.000768927j),(1.016063947-0.004598616j),(1.022362976-0.005846614j),(1.070557334+0.014133076j),(1.030771318+0.006814535j),(1.012093589+0.00229941j),(1.022093148+0.005558491j),(1.015605934+0.008330103j),(1.048035653+0.005554162j),(1.046242152+0.012739576j),(1.081814939-0.002084811j),(1.075516895+0.01096343j),(1.069896314+0.013565793j),(1.083989848+0.014339933j),(1.082176773+0.013089219j),(1.020509604+0.003995558j),(1.019696247+0.004468412j),(1.032097969+0.004962235j),(1.017569536-0.001386155j),(1.071943926+0.002216323j),(1.047593443+0.003853939j),(1.051473461+0.00221006j),(1.045333133+0.008145004j),(1.041993557+0.006711762j),(1.077813153+0.007465332j),(1.076892177+0.009056328j),(1.085743658+0.008529772j),(1.077484534+0.014298921j),(1.080338305+0.004044128j),(1.075957154+0.015880043j),(1.071174279+0.003119856j),(1.030910801+0.002142246j),(-0.039501413+5.5732e-05j),(-0.039490563+2.8061e-05j),(-0.039830408+2.1311e-05j),(-0.089731481-0.049947533j),"{'64': {'dP_mw': 0.0, 'dQ_mvar': 0.0}, '57': {'dP_mw': 0.0, 'dQ_mvar': 0.0}, '55': {'dP_mw': 0.0, 'dQ_mvar': 0.0}, '61': {'dP_mw': -0.05, 'dQ_mvar': -0.05}}",1.085777163094524,-0.05,-0.05,Uncontrolled_breaker_open_noise,11.8
37,1790959783.5516617,47,(1.028622219+0.012146044j),(1.073112233+0.003714196j),(1.0703264-0.003638423j),(1.07737922+0.005956229j),(1.07076657+0.006690911j),(1.074062044+0.005968957j),(1.071978868-0.007917134j),(1.077550186+0.001702933j),(1.067129289+0.003127515j),(1.033898375+0.009359637j),(1.042381758+0.004504249j),(1.00834192-0.002121429j),(1.017073877-0.011077776j),(1.015060258+0.001672864j),(1.028674814+0.007078556j),(1.023377641-0.001273399j),(1.019590268+0.010872705j),(1.033440975+0.010361602j),(1.035524784+0.011042115j),(1.07122723+0.007532821j),(1.076477911-0.000654913j),(1.069034368+0.002742703j),(1.068942029+0.002229085j),(1.073485838+0.013921667j),(1.058533942+0.004958575j),(1.022436362+0.008524389j),(1.002025057-0.001092831j),(1.023520701+0.004543782j),(1.017241836+0.001781676j),(1.077440329+0.005093392j),(1.028892102+0.010794757j),(1.014744393-0.00279394j),(1.017088553-0.004455302j),(1.012833172+0.001268055j),(1.040303823+0.004716475j),(1.052353463+0.002002306j),(1.073081981+0.006042424j),(1.072063667-0.002075612j),(1.079178182-0.00163571j),(1.079748232+0.009592113j),(1.085387086+0.006282989j),(1.015956641-0.000544524j),(1.024977974+0.003818641j),(1.033226887+0.013447802j),(1.026785216+0.010703786j),(1.074022837+0.001681856j),(1.042171811+0.00064042j),(1.033823962+0.01101393j),(1.053568956+0.000834825j),(1.043232272+0.013956924j),(1.094614562+0.002389504j),(1.086659762+0.013463312j),(1.083506876+0.010439625j),(1.082354385+0.010894727j),(1.079614251+0.000483279j),(1.080083627+0.004816939j),(1.073570835+0.004242969j),(1.029067392+0.003285231j),(-0.039500587+3.7673e-05j),(-0.039489004+2.6621e-05j),(-0.039824595+2.3111e-05j),(-0.089712232-0.049955428j),"{'64': {'dP_mw': 0.0, 'dQ_mvar': 0.0}, '57': {'dP_mw': 0.0, 'dQ_mvar': 0.0}, '55': {'dP_mw': 0.0, 'dQ_mvar': 0.0}, '61': {'dP_mw': -0.05, 'dQ_mvar': -0.05}}",1.0946171700972984,-0.05,-0.05,Uncontrolled_breaker_open_noise,11.85
38,1790959783.600145,47,(1.029738052+0.003844794j),(1.064872442+0.002404713j),(1.068962004+0.002124687j),(1.080579714+0.01159566j),(1.070992894+0.01049852j),(1.073913436+0.00087815j),(1.067324944+0.010882727j),(1.088300582+0.008608647j),(1.067906093+0.010122725j),(1.044016959-0.000888033j),(1.044318496+0.001131661j),(1.00900439+0.002785314j),(1.013465153+0.001926348j),(1.02471602-0.000671588j),(1.02380777-0.001605608j),(1.028119206+0.005843718j),(1.022497741+0.004935655j),(1.02202109+0.007422473j),(1.031367722+0.001222371j),(1.07954033-0.002871536j),(1.078511366+0.004659848j),(1.081884791+0.00505197j),(1.078280194+0.0073481j),(1.069487097+0.010850832j),(1.051217829+0.009122954j),(1.012422472+0.000936694j),(1.019561448-0.002679345j),(1.009325787+0.000264792j),(1.01650911+0.006374484j),(1.07950607-0.002162317j),(1.031167789+0.007536301j),(1.023844352-5.7459e-05j),(1.003203851-0.000619417j),(1.01798531+0.005182343j),(1.043542694+0.007543394j),(1.041919396+0.006845895j),(1.069347563+0.006153406j),(1.066665855-0.000863384j),(1.076614017+0.003962838j),(1.08578433+0.003592157j),(1.077884493+0.00763436j),(1.023261861+0.006748191j),(1.019014296+0.003210212j),(1.03065428+0.008704044j),(1.035258009+0.002392698j),(1.077246549+0.00669278j),(1.042808058+0.005325064j),(1.04570206+0.00550057j),(1.049490735+0.005842319j),(1.039922624+0.012095019j),(1.078304618+0.006429867j),(1.091362535+0.014861147j),(1.089584868+0.011458173j),(1.078335822+0.010564354j),(1.08718864-0.000733963j),(1.079526868+0.005568267j),(1.071648351-0.00024163j),(1.032836632+0.006804543j),(-0.039509792+3.6751e-05j),(-0.039504556+3.7824e-05j),(-0.039857886+1.1334e-05j),(-0.089742669-0.049971524j),"{'64': {'dP_mw': 0.0, 'dQ_mvar': 0.0}, '57': {'dP_mw': 0.0, 'dQ_mvar': 0.0}, '55': {'dP_mw': 0.0, 'dQ_mvar': 0.0}, '61': {'dP_mw': -0.05, 'dQ_mvar': -0.05}}",1.0914637128607538,-0.05,-0.05,Uncontrolled_breaker_open_noise,11.9
39,1790959783.649951,47,(1.033194558+0.004782175j),(1.074098057+0.001516497j),(1.075575529+0.005709428j),(1.07290695-0.002452792j),(1.068213694+0.00995736j),(1.075442947+0.005189041j),(1.078260967+0.01156678j),(1.076380619+0.014502794j),(1.07993438+0.002267411j),(1.03394745+0.00632193j),(1.031827641+0.003333758j),(1.0222652+0.003924761j),(1.014737628+0.010069585j),(1.013922514-0.002983501j),(1.025525471+0.004286732j),(1.027328843+0.008320537j),(1.027289881+0.014899365j),(1.034317506+0.000905439j),(1.025858593+0.009784105j),(1.070712772+0.007032435j),(1.06793024-0.00030348j),(1.065926193+0.006828718j),(1.081167106-0.002313655j),(1.075267668+0.006637146j),(1.042814132+0.004739429j),(1.012378232-0.000570523j),(1.016898755+0.00636302j),(1.017469136+0.010597054j),(1.02361538+0.016484534j),(1.077267756+0.007694279j),(1.030570774+0.007476382j),(1.019269907-0.00408575j),(1.009885106+0.002689729j),(1.005502866+0.012488996j),(1.051806551+0.000426206j),(1.043313711+0.001838866j),(1.08319928+0.007494574j),(1.085634907+0.000727165j),(1.073994216+0.00493083j),(1.083445228+0.002451061j),(1.083331332+0.003104114j),(1.020411705-0.002478594j),(1.019049582-0.004479861j),(1.022769289+0.007044707j),(1.013894828+0.002656782j),(1.076192833+0.007440249j),(1.035531138+0.007860242j),(1.045114277+0.000263399j),(1.046111306-0.001019392j),(1.04008067+0.001703931j),(1.078122347+0.010355972j),(1.0800081+0.01163542j),(1.075594491+0.009038381j),(1.084295972+0.014338425j),(1.085385769+0.006885162j),(1.077162739+0.003718417j),(1.064094102+0.013369204j),(1.031658468+0.009841269j),(-0.039527828+3.6968e-05j),(-0.039508577+4.2847e-05j),(-0.039822768+2.6809e-05j),(-0.089718177-0.049965736j),"{'64': {'dP_mw': 0.0, 'dQ_mvar': 0.0}, '57': {'dP_mw': 0.0, 'dQ_mvar': 0.0}, '55': {'dP_mw': 0.0, 'dQ_mvar': 0.0}, '61': {'dP_mw': -0.05, 'dQ_mvar': -0.05}}",1.085635150529788,-0.05,-0.05,Uncontrolled_breaker_open_noise,11.95
40,1790959783.701177,47,(1.030124038+0.002107377j),(1.064917313-0.000400978j),(1.080432845+0.002494095j),(1.06866217+0.002672553j),(1.070860741+0.00276664j),(1.080795356+0.009730842j),(1.080301559+0.001583779j),(1.085415073+0.019662196j),(1.075113216+0.011132807j),(1.040332403+0.002910641j),(1.050781269-0.005993675j),(1.006761199-0.002778273j),(1.021201389-0.008368974j),(1.026167467+0.00750885j),(1.034124343-0.006583497j),(1.026125629+0.006158167j),(1.030964918+0.004297936j),(1.028386948+0.006740301j),(1.028263238+0.01305166j),(1.076991678+0.000184745j),(1.071453763-0.002209358j),(1.089433221+0.008533929j),(1.072104117+0.003625163j),(1.085048123+0.016581718j),(1.051027953+0.006527858j),(1.015908494-0.006755192j),(1.008375571-0.000989851j),(1.019905409+0.000327241j),(1.029134444+0.0097389j),(1.080658362-0.003179587j),(1.023417204+0.015870315j),(1.011718242+0.004503482j),(1.005076747-0.003335036j),(1.018400825+0.001738439j),(1.045262803+0.004797582j),(1.040216408-0.00036776j),(1.07614569+0.009964095j),(1.072429716+0.007167328j),(1.074421381-0.001526596j),(1.081584672+0.019687735j),(1.089767427+0.006940097j),(1.020769647+0.000245208j),(1.024925166+0.003112558j),(1.029782917+0.002949341j),(1.027860894+0.014930323j),(1.068423885+0.009541516j),(1.040185317+0.00395464j),(1.055055794+0.016365016j),(1.055871817+0.011156187j),(1.046164917-0.002882428j),(1.085090003+0.007609416j),(1.085360637+0.011105751j),(1.086131399+0.012065338j),(1.091675689+0.007519297j),(1.082298283-0.006237457j),(1.080186927+0.006195107j),(1.0799289+0.007274155j),(1.031201381+0.012137669j),(-0.039504751+3.6102e-05j),(-0.039484942+3.3056e-05j),(-0.039846473+2.9419e-05j),(-0.089737984-0.049976636j),"{'64': {'dP_mw': 0.0, 'dQ_mvar': 0.0}, '57': {'dP_mw': 0.0, 'dQ_mvar': 0.0}, '55': {'dP_mw': 0.0, 'dQ_mvar': 0.0}, '61': {'dP_mw': -0.05, 'dQ_mvar': -0.05}}",1.0917015845829843,-0.05,-0.05,Uncontrolled_breaker_open_noise,12.0
41,1790959783.7506394,47,(1.033161178+0.008159205j),(1.070894508+0.007334698j),(1.06267301+0.0090149j),(1.072848988-0.00026829j),(1.071346172-0.007260508j),(1.078483947+0.006693749j),(1.078664198+0.004354095j),(1.081106025+0.006948281j),(1.076829236-0.000449885j),(1.040092898+0.002218599j),(1.033578164-0.002080645j),(1.015165655+7.4657e-05j),(1.007246748+0.00587557j),(1.0127059+0.005575039j),(1.018547725+0.003437912j),(1.024709713+0.010265007j),(1.025247365+0.002562159j),(1.01900199+0.00373895j),(1.02883055+0.009258108j),(1.062909431+0.004322631j),(1.063739524+0.005404244j),(1.072892797+0.005494692j),(1.070909877+0.005750873j),(1.072581616+0.003237759j),(1.044437591+0.006293096j),(1.012342472+0.004516732j),(1.016345896+0.006449129j),(1.010658071+0.006805785j),(1.021096814-0.002626041j),(1.077273263+0.00195955j),(1.018976955+0.011646081j),(1.010868937-0.008571243j),(1.009802379-0.003030342j),(1.004763922+0.000743517j),(1.041690173+0.00187896j),(1.045031271+0.000595342j),(1.084492698+0.004234594j),(1.067825033+0.000892024j),(1.073711883+0.012801207j),(1.081585671+0.011953134j),(1.073240186+0.004165704j),(1.017087643+0.001476565j),(1.019238276+0.011082735j),(1.032675655+0.004922567j),(1.015958118+0.010076524j),(1.073902706+0.001396756j),(1.053658106+0.010026952j),(1.039514191-0.000633912j),(1.04859289+0.005020581j),(1.036798356+0.002653089j),(1.082907163+0.017176353j),(1.074873723+0.00515428j),(1.086991053+0.013357943j),(1.078277349+0.010124277j),(1.078691653+0.003661455j),(1.083455156+0.005031353j),(1.073583254+0.002621215j),(1.02713066+0.00951878j),(-0.03949793+5.1606e-05j),(-0.039495641+4.5718e-05j),(-0.039839599+3.2064e-05j),(-0.089704008-0.049969931j),"{'64': {'dP_mw': 0.0, 'dQ_mvar': 0.0}, '57': {'dP_mw': 0.0, 'dQ_mvar': 0.0}, '55': {'dP_mw': 0.0, 'dQ_mvar': 0.0}, '61': {'dP_mw': -0.05, 'dQ_mvar': -0.05}}",1.0870731272289091,-0.05,-0.05,Uncontrolled_breaker_open_noise,12.05
42,1790959783.8004477,47,(1.030612816-9.1263e-05j),(1.078057054+0.001109925j),(1.071710404+0.006307359j),(1.067519567+0.002282552j),(1.080061543-0.004816441j),(1.068669913+0.010901474j),(1.069354524+0.000221493j),(1.078645943+0.006044027j),(1.074887032+0.002923396j),(1.030402256+0.005433885j),(1.043567705+0.001056984j),(1.01682493+0.006259014j),(1.013695185+0.001449563j),(1.019706264+0.00664169j),(1.016560199+0.006328171j),(1.023901861+0.003447818j),(1.02306914+0.013184168j),(1.033387765+0.018248499j),(1.035129946+0.014745894j),(1.075528823+0.006478607j),(1.061492774-0.005005577j),(1.076730124+0.008573603j),(1.07529839+0.007561501j),(1.085717232+0.005707531j),(1.03990928+0.004876424j),(1.006418475+0.003935636j),(1.013937888-0.003927073j),(1.018363585+0.002641166j),(1.027546398+0.001406228j),(1.063232481+0.003139339j),(1.019123228+0.004461014j),(1.009747208-0.000519991j),(1.01781527-0.000318672j),(1.006694858+0.00303216j),(1.051130227+0.008414667j),(1.049090021+0.009627898j),(1.071198212+0.012814988j),(1.063030671+0.003235529j),(1.073779378+0.002999641j),(1.090398091+0.00615454j),(1.07929377+0.009926593j),(1.025156021-0.003906382j),(1.012402408+0.004714566j),(1.031608504+0.010261673j),(1.025376193+0.001353252j),(1.065186699+0.002467341j),(1.045621478+0.005912852j),(1.041942051+0.005537913j),(1.039798873+0.001400704j),(1.047270902+0.008831375j),(1.091288275+0.011912876j),(1.074693394+0.01017437j),(1.078158573+0.01041871j),(1.078160556+0.008343763j),(1.081170932-0.002160726j),(1.07199345-0.003889129j),(1.067097446+0.012454734j),(1.032829412+0.007494794j),(-0.039515904+2.5591e-05j),(-0.039484105+2.9934e-05j),(-0.039832507+3.6702e-05j),(-0.089719369-0.049976491j),"{'64': {'dP_mw': 0.0, 'dQ_mvar': 0.0}, '57': {'dP_mw': 0.0, 'dQ_mvar': 0.0}, '55': {'dP_mw': 0.0, 'dQ_mvar': 0.0}, '61': {'dP_mw': -0.05, 'dQ_mvar': -0.05}}",1.091353295577132,-0.05,-0.05,Uncontrolled_breaker_open_noise,12.1
43,1790959783.8500845,47,(1.029089503+0.008435281j),(1.072255568+0.008953641j),(1.074932632-0.001722391j),(1.087814742+0.004735584j),(1.073164633-0.003634611j),(1.073530138+0.011214334j),(1.071433857+0.008072583j),(1.081358187+0.008500007j),(1.070727562+0.002216101j),(1.039421197+0.000228591j),(1.040584823+0.008144897j),(1.010291646-0.006060797j),(1.009437548+0.003706775j),(1.018608091+0.000297717j),(1.027080002+0.002057462j),(1.019171109+0.011196227j),(1.039610947+0.002973933j),(1.030828427-0.000827152j),(1.030985023+0.001499962j),(1.070925983-0.000535277j),(1.076263631+0.010109815j),(1.074271747+0.012171928j),(1.066857888+0.00111126j),(1.077063702+0.001779365j),(1.042557842+0.014061498j),(1.012643116+0.003168357j),(1.012751608+0.00713748j),(1.020756753-0.001927557j),(1.023553612-0.000910862j),(1.078891887+0.007673382j),(1.021539649+0.009130054j),(1.01669316+0.003616878j),(1.018068426-0.004345353j),(1.008118682-0.000720577j),(1.042315956+0.004085652j),(1.045471005+0.002773142j),(1.081771719+0.003054375j),(1.075111298+0.01170552j),(1.068518181+0.009068787j),(1.076747595+0.007726898j),(1.080692751+0.003159355j),(1.025753244+0.004203436j),(1.011007692+0.008425386j),(1.035419203+0.005978345j),(1.029046979+0.003604292j),(1.075410479+0.005547756j),(1.042019518-0.007091175j),(1.043565681+0.00111559j),(1.055811242+0.005107759j),(1.042346498+0.001040815j),(1.074609047+0.017342334j),(1.074481686+0.009875977j),(1.086157122+0.007102653j),(1.083153443+0.013171404j),(1.091516942+0.004274213j),(1.064039446-0.000686477j),(1.074127168+0.013019656j),(1.030528865+0.014089743j),(-0.039496953+3.634e-05j),(-0.039500447+3.8406e-05j),(-0.039826649+2.541e-05j),(-0.089721601-0.0499605j),"{'64': {'dP_mw': 0.0, 'dQ_mvar': 0.0}, '57': {'dP_mw': 0.0, 'dQ_mvar': 0.0}, '55': {'dP_mw': 0.0, 'dQ_mvar': 0.0}, '61': {'dP_mw': -0.05, 'dQ_mvar': -0.05}}",1.091525310549325,-0.05,-0.05,Uncontrolled_breaker_open_noise,12.15
44,1790959783.9004893,47,(1.027387652+0.002632614j),(1.074004245+0.002291885j),(1.077255511+0.005986558j),(1.078093052+0.002395306j),(1.072313335+0.003317643j),(1.072954441+0.010503923j),(1.074447299+0.008717j),(1.083007181+0.005017465j),(1.077125984+0.008678125j),(1.043944109-0.002872967j),(1.046724687+0.00208291j),(1.021197936-0.00415199j),(1.013345578+0.000408778j),(1.025324364+0.00882839j),(1.019101863+0.001512409j),(1.024167478+0.008173549j),(1.024712029+0.006223189j),(1.018841894+0.014517447j),(1.026010962+0.006399215j),(1.07220302-0.00069568j),(1.078404997+0.010732166j),(1.07646353+0.003359123j),(1.071621744+0.000300235j),(1.076459623+0.007259135j),(1.048191147+0.002106661j),(1.022216613+0.00362862j),(1.017059847+0.006071891j),(1.016243334-0.000187525j),(1.03075847+0.000179155j),(1.078896363+0.001557676j),(1.028226512+0.009729952j),(1.018058843-0.005693149j),(1.015633919+0.007185201j),(1.006861532-0.000385417j),(1.050669102+0.005973304j),(1.047142889+0.007808416j),(1.079806058+0.006708717j),(1.063256349-0.004467305j),(1.073574477+0.009688367j),(1.081752149+0.017099344j),(1.086446718-0.00225236j),(1.01288605+0.004333688j),(1.025060428+0.002342599j),(1.028772226+0.006178559j),(1.026707431+0.009746925j),(1.070481858+0.007014638j),(1.041406374+0.006887581j),(1.050262124+0.010959818j),(1.052932575+0.003347569j),(1.049275502+0.001591176j),(1.086800247+0.006265197j),(1.072300875-0.003375211j),(1.084579708+0.004876166j),(1.076214857+0.010810378j),(1.078435466+0.004937139j),(1.068056288-0.000733495j),(1.073371092+0.012035974j),(1.020880485+0.007177788j),(-0.039490686+2.7834e-05j),(-0.039498193+1.8524e-05j),(-0.039839097+2.1524e-05j),(-0.089740848-0.04997162j),"{'64': {'dP_mw': 0.0, 'dQ_mvar': 0.0}, '57': {'dP_mw': 0.0, 'dQ_mvar': 0.0}, '55': {'dP_mw': 0.0, 'dQ_mvar': 0.0}, '61': {'dP_mw': -0.05, 'dQ_mvar': -0.05}}",1.08681830568532,-0.05,-0.05,Uncontrolled_breaker_open_noise,12.2
45,1790959783.9501548,47,(1.037542876+0.010637183j),(1.077300145+0.00955487j),(1.070159383+0.000506834j),(1.075925542+0.008988472j),(1.06795595+0.001710176j),(1.071109015+0.007354607j),(1.073236705-0.001109556j),(1.081409611+0.007503429j),(1.066681612+0.007121306j),(1.052063225+0.011088746j),(1.043627597+0.010733659j),(1.005579576-0.000518101j),(1.004459489+0.000969253j),(1.023896457+0.009464516j),(1.024167233+0.008184128j),(1.023070995-3.5442e-05j),(1.030201147+0.002066003j),(1.023262267+0.00730694j),(1.03315119+0.006983277j),(1.07533645+0.003547864j),(1.071930851+0.008354554j),(1.064934327+0.012679696j),(1.073319968+0.006122906j),(1.076025333+0.013305981j),(1.040971437+0.005563853j),(1.013695559+0.002826765j),(1.014453558-0.002821225j),(1.025295722+0.003822653j),(1.023972334+0.001701311j),(1.075131525+0.00761481j),(1.029553694+0.01035746j),(1.008981644-0.00516337j),(1.019566981-0.001020459j),(1.009447639-0.005576632j),(1.035589562+0.001614852j),(1.044833715+0.007040126j),(1.077026112+0.016596839j),(1.066362507+0.010602635j),(1.070779582+0.007780728j),(1.078117231+0.014420554j),(1.088249841+0.015248311j),(1.023823386+0.008491895j),(1.028198998-0.001466446j),(1.031526272+0.003326238j),(1.014226507+0.00381866j),(1.076615695+0.005641113j),(1.041163836+0.004444287j),(1.045179228+0.001449331j),(1.045166267+0.003001722j),(1.05025887+0.003428466j),(1.087648887+0.003283685j),(1.087084624+0.008901692j),(1.08863859+0.014547315j),(1.076906336+0.010406712j),(1.082346149+0.00570332j),(1.071036834-0.000852712j),(1.076031735+0.002611285j),(1.029311286+0.007180106j),(-0.0394919+3.9949e-05j),(-0.039500073+7.683e-06j),(-0.039822498+2.6435e-05j),(-0.089723738-0.049964763j),"{'64': {'dP_mw': 0.0, 'dQ_mvar': 0.0}, '57': {'dP_mw': 0.0, 'dQ_mvar': 0.0}, '55': {'dP_mw': 0.0, 'dQ_mvar': 0.0}, '61': {'dP_mw': -0.05, 'dQ_mvar': -0.05}}",1.0887357824609685,-0.05,-0.05,Uncontrolled_breaker_open_noise,12.25
46,1790959784.001339,47,(1.030222169+0.013216796j),(1.066100265+0.012474465j),(1.065161507+0.002837129j),(1.075951971+0.009645809j),(1.07249+0.010540719j),(1.078454201+0.009128149j),(1.078084804+0.010043318j),(1.083752827+0.012111615j),(1.07557198+0.005359298j),(1.042708217-0.000927403j),(1.042113768-0.003670461j),(1.018893151-0.000710305j),(1.004376709-0.001213671j),(1.008891211+0.009463539j),(1.022711091+0.007308138j),(1.019482047+0.012451815j),(1.021996612+0.000992357j),(1.03144851+0.005613388j),(1.028573795+0.006478213j),(1.069750068+0.001977958j),(1.075694462+0.008606815j),(1.071655879+0.012834152j),(1.079601587+0.014471914j),(1.078208396+0.018427999j),(1.035035886+0.003496552j),(1.012963725+0.002559003j),(1.00579907-0.009576936j),(1.010819316+0.006232156j),(1.03061617+0.009070737j),(1.069782336+0.013508997j),(1.025398335+0.007951812j),(1.015040102+0.001373965j),(1.016951819-0.007492774j),(1.000017958-0.000321101j),(1.044875173-0.005542864j),(1.051519024+0.005780764j),(1.073199127+0.006962205j),(1.073761913-0.00135259j),(1.082667278+0.005031865j),(1.089632775+0.01050879j),(1.080363772+0.011559725j),(1.017794274-0.000205697j),(1.023450741+0.004016081j),(1.028827382+0.006840103j),(1.018970672+0.016913579j),(1.073403883+0.01365507j),(1.037955154+0.006418731j),(1.046146496-0.004019481j),(1.053113875+0.013707617j),(1.041236569+0.007180287j),(1.082694325+0.005688306j),(1.082850088+0.008716037j),(1.079732227+0.00895206j),(1.078798321+0.0089907j),(1.074166271-0.002067142j),(1.076859762+0.008143859j),(1.071391367+0.001478409j),(1.033680492+0.003995843j),(-0.039499781+3.6135e-05j),(-0.039496705+1.6692e-05j),(-0.039841599+3.0575e-05j),(-0.089721003-0.049968387j),"{'64': {'dP_mw': 0.0, 'dQ_mvar': 0.0}, '57': {'dP_mw': 0.0, 'dQ_mvar': 0.0}, '55': {'dP_mw': 0.0, 'dQ_mvar': 0.0}, '61': {'dP_mw': -0.05, 'dQ_mvar': -0.05}}",1.089683448998591,-0.05,-0.05,Uncontrolled_breaker_open_noise,12.3
47,1790959784.0499291,47,(1.029695198+0.018158822j),(1.08169346-0.004406895j),(1.068135126+0.007604548j),(1.078229072+0.007323873j),(1.081640298-0.004752734j),(1.077962141+0.015461875j),(1.06900905+0.001872701j),(1.082563781+0.003933042j),(1.081100639+0.001301993j),(1.04830014+0.005291873j),(1.041972153+0.008430671j),(1.018483624-0.005303753j),(1.014599924+0.003683824j),(1.019175585+0.005591711j),(1.026786216-0.000564801j),(1.024413819-4.6941e-05j),(1.016649914+0.017612009j),(1.029993903-0.00150031j),(1.03934894+0.00888419j),(1.075654628+0.001499859j),(1.078413169-0.001918803j),(1.073139478+0.00222105j),(1.069962562+0.00989056j),(1.082058252+0.007438137j),(1.042516892+0.003718083j),(1.005917846+0.001253784j),(1.023391248+0.001221086j),(1.012621024+0.010007892j),(1.02407293+0.006675376j),(1.071583655+0.007295212j),(1.025085826+0.002007008j),(1.02273001-0.000508411j),(1.013815355-0.003422401j),(1.014106228+0.002640313j),(1.03893505+0.010591223j),(1.039397933+0.005156014j),(1.0745124+0.00488633j),(1.070402379-0.001043744j),(1.078757889+0.019874637j),(1.093191881-0.002789483j),(1.072036806+0.008958349j),(1.013697884+0.007470171j),(1.018070894+0.009108781j),(1.033111327+0.011420629j),(1.022158998+0.012144443j),(1.070850984-0.001487165j),(1.048915493+0.000346411j),(1.048059856+0.006971867j),(1.045091846+0.008241442j),(1.041177169+0.003710855j),(1.083703459+0.012028251j),(1.074961604+0.006592545j),(1.092803116+0.018354003j),(1.07295117+0.012772811j),(1.086933513+0.001334827j),(1.072179289+0.009930688j),(1.077614922-0.006094706j),(1.033639017+0.008556802j),(-0.039503128+4.3557e-05j),(-0.039490524+4.3621e-05j),(-0.039846403+3.403e-05j),(-0.089734681-0.049958525j),"{'64': {'dP_mw': 0.0, 'dQ_mvar': 0.0}, '57': {'dP_mw': 0.0, 'dQ_mvar': 0.0}, '55': {'dP_mw': 0.0, 'dQ_mvar': 0.0}, '61': {'dP_mw': -0.05, 'dQ_mvar': -0.05}}",1.0931954399373085,-0.05,-0.05,Uncontrolled_breaker_open_noise,12.35
48,1790959784.1009831,47,(1.034903382+0.006692998j),(1.067700988+0.001459625j),(1.075955925+0.004001048j),(1.074995952+0.007745885j),(1.063800622-0.006846176j),(1.072540467-0.011213534j),(1.073671681-0.000989123j),(1.082186562-0.000611141j),(1.07190127+0.00092706j),(1.051627001+0.010873874j),(1.044155009+0.006873306j),(1.021365273+0.00272895j),(1.010565216+0.003700467j),(1.020703698+0.004978395j),(1.023509786+0.001728501j),(1.021896835-0.002304975j),(1.025966177+0.0027859j),(1.026071852+0.013405056j),(1.025148936+0.010362465j),(1.073563638+0.006733201j),(1.072853914+0.005980134j),(1.066028005+0.007464106j),(1.071540208+0.003877043j),(1.087079995+0.012660953j),(1.037106225+0.006129397j),(1.009373632+0.00445926j),(1.012631162-0.004696183j),(1.011735741-2.7755e-05j),(1.023463625+0.004432206j),(1.07452638+0.006233859j),(1.026683089+0.003230506j),(1.022995739-0.006838109j),(1.007575056+0.000335417j),(1.013008117-0.001535219j),(1.044871396+0.00598146j),(1.051298939-0.000646529j),(1.074709383+0.006223271j),(1.066217715+0.00549673j),(1.071332591-0.003065616j),(1.086150989+0.01516887j),(1.080800856+0.005667438j),(1.019659862+0.002821128j),(1.009159968+0.010587764j),(1.031858414+0.003030063j),(1.027265705+0.013795093j),(1.067970184+0.002140594j),(1.040986494-0.008376146j),(1.041266512+0.006311877j),(1.05023031+0.004161672j),(1.048601049+0.001187067j),(1.084917903+0.007390916j),(1.091488377+0.00808466j),(1.079534991+0.010377216j),(1.081148432+0.017509347j),(1.078141529+0.008393578j),(1.077668486+0.001580085j),(1.080517772+0.004354955j),(1.033914181-0.000629181j),(-0.039503029+5.1551e-05j),(-0.039496675+2.8152e-05j),(-0.039843298+3.7803e-05j),(-0.089721945-0.049937334j),"{'64': {'dP_mw': 0.0, 'dQ_mvar': 0.0}, '57': {'dP_mw': 0.0, 'dQ_mvar': 0.0}, '55': {'dP_mw': 0.0, 'dQ_mvar': 0.0}, '61': {'dP_mw': -0.05, 'dQ_mvar': -0.05}}",1.0915183181483532,-0.05,-0.05,Uncontrolled_breaker_open_noise,12.4
49,1790959784.1498954,47,(1.03022157+0.007328154j),(1.073520606-0.00089179j),(1.069503945+0.010533616j),(1.070080087+0.010628791j),(1.066389496+0.010883385j),(1.078263729+0.005658679j),(1.079577645-0.001376634j),(1.083376895+0.009405912j),(1.068410912+0.004253408j),(1.038557973+0.010012526j),(1.046480464+0.00221918j),(1.014416521-0.0036042j),(1.015579809+0.001309198j),(1.023450898+0.003491609j),(1.021629466+0.004903558j),(1.02163372+0.007434596j),(1.027104614+0.008706514j),(1.039980748+0.007930726j),(1.030719404-0.003771815j),(1.067515963+0.004518053j),(1.072985905+0.012222198j),(1.069576401-0.00048699j),(1.07447877+0.007809171j),(1.08110244+0.009194577j),(1.055776052+0.00354866j),(1.017541161+0.005593452j),(1.020552616-0.000491117j),(1.022717937+0.007104952j),(1.018930453+0.00583499j),(1.071833472+0.004365687j),(1.028855658+0.003643905j),(1.015378423-0.002978134j),(1.010362948-0.004477517j),(1.011903603-0.003398461j),(1.045004651-0.002996942j),(1.048415126+0.002970237j),(1.07723375+0.000323285j),(1.06625527+0.004600861j),(1.076721891-0.000335829j),(1.082834494+0.019826427j),(1.080301913+0.008157484j),(1.021284052-0.005223227j),(1.021380828+0.005218715j),(1.030186168+0.009460705j),(1.03537932+0.002123103j),(1.077285324+0.005059038j),(1.034978595+0.003401337j),(1.032433122+0.004258551j),(1.040538109+0.010055543j),(1.046349491+0.005876209j),(1.07939107+0.004843808j),(1.089368862+0.021603663j),(1.08036648+0.008068381j),(1.077981027+0.008753133j),(1.084014637+0.001121541j),(1.074646588+0.002185134j),(1.074511443+0.010878001j),(1.030252775+0.004445669j),(-0.039515563+8.0694e-05j),(-0.039502432+2.4909e-05j),(-0.039833773+6.217e-06j),(-0.089739388-0.049980174j),"{'64': {'dP_mw': 0.0, 'dQ_mvar': 0.0}, '57': {'dP_mw': 0.0, 'dQ_mvar': 0.0}, '55': {'dP_mw': 0.0, 'dQ_mvar': 0.0}, '61': {'dP_mw': -0.05, 'dQ_mvar': -0.05}}",1.0895830559210218,-0.05,-0.05,Uncontrolled_breaker_open_noise,12.45
50,1790959784.2013998,48,(1.032601728+0.005671182j),(1.074648445+0.005517104j),(1.067443664+0.002905402j),(1.072785173+0.010155875j),(1.068980538+0.006477946j),(1.073162476+0.004903681j),(1.072420867+0.016412154j),(1.09083599+0.004258688j),(1.073978629+0.001878038j),(1.042678284+0.009089979j),(1.046931653+0.00262098j),(1.010603245+0.004636762j),(1.014756016+0.003933441j),(1.014617166+0.007914103j),(1.027165815-0.002717135j),(1.029989298+0.000336166j),(1.022369712+0.011674313j),(1.029860122+0.004203838j),(1.027894253+0.009139056j),(1.076295584+0.006960422j),(1.06802365+0.008472453j),(1.073449374-0.004747184j),(1.068456691-9.2767e-05j),(1.080058533+0.00686334j),(1.047810552+0.00048979j),(1.017387633-0.006737946j),(1.012426653+0.006004176j),(1.019537683+0.002951015j),(1.028687698+0.014857589j),(1.072612553+0.00478126j),(1.036087581+0.008204596j),(1.013605461+0.006496813j),(1.019815175-0.009572626j),(1.011762672+0.004691797j),(1.04429377+0.003588664j),(1.0388458+0.01123542j),(1.078095665+0.000543916j),(1.068877764+0.004556398j),(1.069557109+0.000809831j),(1.082403746+0.004794942j),(1.08029003+0.007758155j),(1.011479238+0.011089824j),(1.014937+0.001421728j),(1.034134734+0.008060539j),(1.027513832+0.007797329j),(1.072424545+0.013983859j),(1.044621917+0.00265693j),(1.049543588+0.009547088j),(1.045720703+0.000106051j),(1.043757147+0.005896526j),(1.083103309+0.003279737j),(1.090631556+0.007090104j),(1.084221941+0.006516035j),(1.09523595+0.013301945j),(1.086718722+0.002526128j),(1.068442485+0.003323618j),(1.082763434+0.001612125j),(1.03372549+0.002291782j),(-0.039498196+3.0684e-05j),(-0.039494596+1.3394e-05j),(-0.039838573+3.3185e-05j),(-0.089721724-0.049980305j),"{'64': {'dP_mw': 0.0, 'dQ_mvar': 0.0}, '57': {'dP_mw': 0.0, 'dQ_mvar': 0.0}, '55': {'dP_mw': 0.0, 'dQ_mvar': 0.0}, '61': {'dP_mw': -0.05, 'dQ_mvar': -0.05}}",1.0953167249308235,-0.05,-0.05,Uncontrolled_breaker_open_noise,12.5
51,1790959784.251765,48,(1.027025709+0.00440595j),(1.066238031-0.002132763j),(1.076877138+0.000665291j),(1.075082043+0.005000776j),(1.083837177+0.002027588j),(1.071947365+0.002933581j),(1.076453955+0.006276467j),(1.090401463+0.0055202j),(1.07156055+0.003392381j),(1.058635002+0.006984905j),(1.043517688+0.012838732j),(1.014352652-0.001249901j),(1.019034807+0.008278143j),(1.023554795+0.003313671j),(1.00658001+0.004101355j),(1.029759081+0.004797862j),(1.021200405+0.002825713j),(1.028644504+0.010076563j),(1.031300794+0.009374595j),(1.070815365+0.005512876j),(1.063964025+0.009659082j),(1.080233924+0.007948545j),(1.080515404+0.009236656j),(1.084902755+0.010072728j),(1.039137031+0.007313878j),(1.010938387-0.006350894j),(1.011997503+0.005134493j),(1.020911871-0.002946877j),(1.024494315+0.010791036j),(1.07085266+0.012847866j),(1.029654769+0.010579021j),(1.012902162+0.006820046j),(1.011168506+0.000728472j),(1.012219054+0.005434543j),(1.03807615-0.004541605j),(1.032743094+0.009142161j),(1.077544501+0.000442785j),(1.074914561+0.002321852j),(1.076516203+0.002486321j),(1.077730553+0.006391585j),(1.080717289+0.005230311j),(1.024417357+0.004869753j),(1.030009908+0.007132416j),(1.033251332+0.006364407j),(1.027807822+0.004977126j),(1.079777859+0.00673951j),(1.048326146+0.004258944j),(1.042886179+0.000997747j),(1.047497245+0.002988528j),(1.046463601+0.008280383j),(1.084677345-0.001451625j),(1.085341525+0.005942285j),(1.086032998+0.010833364j),(1.074118468+0.013500892j),(1.084882306-0.001471221j),(1.081712974-0.000770089j),(1.077348175+0.011770886j),(1.027966215+0.008404666j),(-0.039515641+5.8964e-05j),(-0.039499197+3.1041e-05j),(-0.039838582+2.2546e-05j),(-0.089725016-0.04995854j),"{'64': {'dP_mw': 0.0, 'dQ_mvar': 0.0}, '57': {'dP_mw': 0.0, 'dQ_mvar': 0.0}, '55': {'dP_mw': 0.0, 'dQ_mvar': 0.0}, '61': {'dP_mw': -0.05, 'dQ_mvar': -0.05}}",1.0904154360245366,-0.05,-0.05,Uncontrolled_breaker_open_noise,12.55
52,1790959784.3018808,48,(1.024294238+0.004034344j),(1.072928173+0.008605404j),(1.070491601+0.011519913j),(1.076455183+0.009235163j),(1.079631055+0.007806424j),(1.074344233+0.005748159j),(1.070101922-0.002722743j),(1.075303066+0.013660136j),(1.081997121+0.011456187j),(1.04768503+0.002476745j),(1.041640543-0.008169287j),(1.014740976+0.004976733j),(1.016650184+0.007379509j),(1.008388261+0.001430994j),(1.007706884+0.003985489j),(1.019758472+0.002520844j),(1.023310593-0.001272413j),(1.029201584+0.012760761j),(1.030147477+0.009683589j),(1.070898707+0.001905484j),(1.06409121-0.001111932j),(1.084335725+0.003211935j),(1.084515008+0.011085543j),(1.07526662+0.019603022j),(1.042424551+0.00013812j),(1.016980381-0.003485015j),(1.018309602-0.00393061j),(1.027256693+0.007018914j),(1.02874896+0.005980708j),(1.065762002+0.006522214j),(1.035872733+0.000186065j),(1.020960495+0.004158094j),(1.010003578+0.005422321j),(1.008983647-0.003172482j),(1.045553668+0.000254637j),(1.050256544-0.001070617j),(1.070166398+0.009227741j),(1.078211256-0.000599413j),(1.073610027+0.006424927j),(1.07679557+0.004380936j),(1.086615746+0.006515361j),(1.022009658-0.000894243j),(1.029515672+0.003302541j),(1.036709733+0.009371471j),(1.020900031+0.004947731j),(1.077749442+0.005401451j),(1.036720676+0.005414778j),(1.046825546+0.010010401j),(1.047938536+0.002291332j),(1.036437009+0.009739807j),(1.081854937+0.013883227j),(1.08807078+0.015649902j),(1.082148855+0.017017618j),(1.080657433+0.004678403j),(1.084028683+0.0097724j),(1.069922387+0.012853593j),(1.065496315+0.006067738j),(1.017016459+0.010054403j),(-0.039492976+3.8486e-05j),(-0.039490079+2.8668e-05j),(-0.039841402+3.4555e-05j),(-0.089725092-0.049971542j),"{'64': {'dP_mw': 0.0, 'dQ_mvar': 0.0}, '57': {'dP_mw': 0.0, 'dQ_mvar': 0.0}, '55': {'dP_mw': 0.0, 'dQ_mvar': 0.0}, '61': {'dP_mw': -0.05, 'dQ_mvar': -0.05}}",1.0881833217442813,-0.05,-0.05,Uncontrolled_breaker_open_noise,12.6
53,1790959784.3522453,48,(1.028581962+0.002329071j),(1.07669156+0.000615899j),(1.068184966-1.8978e-05j),(1.073836249+0.004665957j),(1.082563655+0.004266024j),(1.086486279-0.000807355j),(1.074017938+0.010660025j),(1.081032144+0.006543897j),(1.071848269+0.001355404j),(1.040709684-0.000505841j),(1.044786188-0.000193137j),(1.016911084+0.00277058j),(1.017660184+0.000493721j),(1.023895901+0.010748473j),(1.025694025-0.005809283j),(1.026850527-0.003961527j),(1.029239244+0.003558497j),(1.027442389+0.011271114j),(1.029341697+0.008775249j),(1.066607245+0.001485979j),(1.065959117-0.002217533j),(1.080697222+0.003821263j),(1.075213199+0.001006532j),(1.079283302+0.011559416j),(1.042460793+0.001070472j),(1.020129793+0.009654561j),(1.012078859+0.000565593j),(1.023136116+0.014560101j),(1.030523902-0.001037601j),(1.070516907+0.007407251j),(1.033309068+0.009959493j),(1.01893558-0.003708966j),(1.010712821+0.001993293j),(1.017407796+0.000681333j),(1.048788388+0.005398225j),(1.034303507+0.011438277j),(1.075833309+0.003126555j),(1.07384383+0.006868899j),(1.073876978+0.016606154j),(1.077201096+0.001512229j),(1.085225781+0.007233323j),(1.031595728+0.015886402j),(1.017385404-0.001845609j),(1.029518232+0.004905229j),(1.025295764+0.010916464j),(1.091438371+0.012460744j),(1.038660617+0.003831697j),(1.050276957+0.002335478j),(1.046746808+0.006797373j),(1.042913777+0.001758263j),(1.084262839+0.00986001j),(1.085151606+0.008351299j),(1.08862345+0.009532016j),(1.083788335+0.008130435j),(1.083371984+0.003162261j),(1.082780391+0.010724839j),(1.065940162+0.003236579j),(1.0212451+0.008356326j),(-0.039513443+4.6737e-05j),(-0.039497081+3.4449e-05j),(-0.03981825+4.542e-05j),(-0.089721405-0.049984696j),"{'64': {'dP_mw': 0.0, 'dQ_mvar': 0.0}, '57': {'dP_mw': 0.0, 'dQ_mvar': 0.0}, '55': {'dP_mw': 0.0, 'dQ_mvar': 0.0}, '61': {'dP_mw': -0.05, 'dQ_mvar': -0.05}}",1.0915094996527364,-0.05,-0.05,Uncontrolled_breaker_open_noise,12.65
54,1790959784.4025502,48,(1.025577046+0.00778747j),(1.076520848-0.002517763j),(1.073453356+0.008340219j),(1.07161824+0.010261922j),(1.07436916+0.010297755j),(1.069732169+0.002393062j),(1.071645966+0.015682594j),(1.079056477+0.007607131j),(1.074129213+0.001941105j),(1.048291025+0.004630244j),(1.043549703+0.001434555j),(1.011454948-0.000330672j),(1.017488696-0.011188407j),(1.008524578+0.000994427j),(1.02698566+0.0080609j),(1.014799499-0.004942215j),(1.024789275+0.009915969j),(1.020798664-0.003574593j),(1.036321795-0.003599267j),(1.073759524+0.004706548j),(1.076414125+0.010714912j),(1.075807699+0.002758495j),(1.075867482+0.012756229j),(1.08535104+0.010757925j),(1.045285579+0.003924588j),(1.011003442-0.004126128j),(1.011972184-0.007198005j),(1.020317488-7.6199e-05j),(1.029562558+0.005581088j),(1.071369927+0.00540364j),(1.029663933+0.015982723j),(1.015460742-0.005506275j),(1.019694195-0.005694245j),(1.0220964-0.003194089j),(1.047230231+0.009840753j),(1.042924122+0.001113861j),(1.072473905+0.0047922j),(1.076802533+0.002261679j),(1.075314436+0.002963897j),(1.083900097+0.011245646j),(1.081996107+0.013911451j),(1.030143519+0.01209543j),(1.023585175+0.001423004j),(1.033216881+0.005934945j),(1.021885756+0.004030554j),(1.072630768+0.007799778j),(1.050383839+0.007712953j),(1.039954101+0.001769679j),(1.030991012+0.003911227j),(1.047430222-0.002501542j),(1.085481602+0.007072742j),(1.079493384+0.007880571j),(1.078109587+0.012113584j),(1.082866334+0.009723059j),(1.087913239-0.002483189j),(1.077820153+0.017185339j),(1.071009714-2.0286e-05j),(1.034353136+0.017432709j),(-0.039502321+4.9357e-05j),(-0.039488706+2.6767e-05j),(-0.039833712+3.6777e-05j),(-0.089722518-0.049976291j),"{'64': {'dP_mw': 0.0, 'dQ_mvar': 0.0}, '57': {'dP_mw': 0.0, 'dQ_mvar': 0.0}, '55': {'dP_mw': 0.0, 'dQ_mvar': 0.0}, '61': {'dP_mw': -0.05, 'dQ_mvar': -0.05}}",1.0879160729666055,-0.05,-0.05,Uncontrolled_breaker_open_noise,12.7
55,1790959784.4523716,48,(1.031996513-0.001430024j),(1.079471759+0.009372971j),(1.0671111+0.003013559j),(1.072148295+0.008831147j),(1.072132258+0.007123257j),(1.062736596-0.00347211j),(1.07799758+0.000143714j),(1.086274198+0.007699038j),(1.081390929-0.001015384j),(1.048065163+0.004544674j),(1.042671324-0.001303709j),(1.014381752+0.012675759j),(1.012387344-0.005049818j),(1.019490427+0.003563291j),(1.016212599+0.001232806j),(1.032628301+0.001767946j),(1.027465331+0.009761853j),(1.040223994+0.01353047j),(1.028311778+0.005443919j),(1.077802289+0.005975926j),(1.076545711+0.005630868j),(1.065505498+0.002582582j),(1.0786317+0.012403093j),(1.084922801-0.002182642j),(1.043292587-0.001196571j),(1.011770805-0.001184795j),(1.010858416+0.003505529j),(1.015483844+0.003184316j),(1.020895148+0.012363297j),(1.072765041+0.008653996j),(1.03028071-0.001069574j),(1.007080432-0.000826495j),(1.007807654-9.1307e-05j),(1.015256312-0.002724037j),(1.042104799+0.009272578j),(1.051010765+0.005951281j),(1.075397284+0.007799121j),(1.079066113-0.000506661j),(1.07516456+0.003329952j),(1.081975801+0.007727759j),(1.080906353+0.009502084j),(1.019004873+0.009755253j),(1.009560037+0.000843626j),(1.027869758+0.004586849j),(1.022861025+0.005307494j),(1.07402624-0.002463717j),(1.043483894+0.008301341j),(1.045535421+0.009812199j),(1.052909482+0.007048229j),(1.05036073+0.010880382j),(1.07325233+0.016395961j),(1.086962442+0.014107789j),(1.084638868+0.014914947j),(1.082234189+0.0076898j),(1.087574502+0.003566867j),(1.071817148+0.001219016j),(1.073593045+0.005880675j),(1.028050177+0.00777316j),(-0.039512037+3.5237e-05j),(-0.039508139+4.711e-05j),(-0.039827574+1.7374e-05j),(-0.089718259-0.049950298j),"{'64': {'dP_mw': 0.0, 'dQ_mvar': 0.0}, '57': {'dP_mw': 0.0, 'dQ_mvar': 0.0}, '55': {'dP_mw': 0.0, 'dQ_mvar': 0.0}, '61': {'dP_mw': -0.05, 'dQ_mvar': -0.05}}",1.0875803510273363,-0.05,-0.05,Uncontrolled_breaker_open_noise,12.75
56,1790959784.502432,48,(1.030095835+0.012326933j),(1.067886068+0.005755535j),(1.082197341-0.002026818j),(1.077698261+0.008030776j),(1.075438255+0.013443195j),(1.068236749+0.001732238j),(1.083498046+0.007790298j),(1.085842797+0.004994014j),(1.065504697+0.004030059j),(1.044333246+0.001801099j),(1.04882219+0.00508609j),(1.010128311-0.000372038j),(1.016776195-0.002620982j),(1.025209316-0.003908227j),(1.018406011-0.00612731j),(1.026626622+0.000612919j),(1.022226314+0.005598152j),(1.023028215+0.011714378j),(1.025589646+0.013679463j),(1.079933671-0.003498532j),(1.069912668-0.006702492j),(1.072914776+0.006217162j),(1.081273221+0.00576538j),(1.077819142+0.010391969j),(1.040291978+0.006203269j),(1.00943119-0.001628805j),(1.009915756+0.00078903j),(1.017045113-0.003225803j),(1.014352802+0.003352064j),(1.076601821+0.004689483j),(1.025947385+0.007627379j),(1.012381219-0.002986177j),(1.014022917+0.001773484j),(1.014597014-0.008632323j),(1.046703126+0.002589946j),(1.046390489-0.003444783j),(1.075654152+0.006081422j),(1.073984185+0.003133226j),(1.081699011-0.003769247j),(1.08185282+0.006849287j),(1.078003388+0.006948136j),(1.024934911+0.003544249j),(1.018975311+0.018910822j),(1.036082821+0.000912343j),(1.027805657+0.004643892j),(1.081862674+0.008744203j),(1.046952137+0.011383895j),(1.041170106-0.000164257j),(1.051230622+0.001365775j),(1.05473508+0.005796632j),(1.07786681+0.013808578j),(1.077519816+0.009543165j),(1.082698292+0.005941928j),(1.080082868+0.00428763j),(1.09089464+0.00516766j),(1.073865595+0.005089186j),(1.073395941+0.000497982j),(1.034805102+0.00208054j),(-0.039510971+4.1228e-05j),(-0.039501859+3.8022e-05j),(-0.039837964+2.6043e-05j),(-0.089716407-0.049962411j),"{'64': {'dP_mw': 0.0, 'dQ_mvar': 0.0}, '57': {'dP_mw': 0.0, 'dQ_mvar': 0.0}, '55': {'dP_mw': 0.0, 'dQ_mvar': 0.0}, '61': {'dP_mw': -0.05, 'dQ_mvar': -0.05}}",1.0909068797521653,-0.05,-0.05,Uncontrolled_breaker_open_noise,12.8
57,1790959784.553124,48,(1.032424507+0.008271811j),(1.077176109+0.010876922j),(1.079974151+0.0050147j),(1.074769623+0.004259617j),(1.065107617+0.00344792j),(1.063570953+0.002669541j),(1.074082433+0.006503467j),(1.077491688+0.001874983j),(1.07107092+0.000594406j),(1.047014905+0.00586924j),(1.047953839+0.007010898j),(1.013021609-0.002778188j),(1.001503127-0.008699779j),(1.018837343+0.003882545j),(1.027969958+0.012383268j),(1.019823036+0.005153038j),(1.022359665+0.005129937j),(1.035958678+0.006129457j),(1.036882394+0.009915196j),(1.078127868-0.003364168j),(1.077465065+0.005697956j),(1.075152703+0.0048988j),(1.075443735+0.006115543j),(1.079944341+0.004503826j),(1.041799178-0.004428093j),(1.020969771+0.000175274j),(1.00905883+0.001912657j),(1.017043743+0.005903367j),(1.027696417+0.002210159j),(1.069670126+0.002678712j),(1.022035672+0.005898595j),(1.017964095+0.002978251j),(1.003649538+0.001729182j),(1.007797665+0.003443635j),(1.046413276-0.002439717j),(1.043967151+0.004488548j),(1.074377064-0.000953413j),(1.071465406+0.003355325j),(1.075592967+0.002416122j),(1.080666163+0.014576837j),(1.077661331+0.015540765j),(1.02915799-0.015121384j),(1.024464022+0.001664419j),(1.02955108+0.005686129j),(1.026224383-0.009068523j),(1.083879818+0.013687431j),(1.050151994+0.003411517j),(1.037587533+0.007596466j),(1.04572695+0.012353252j),(1.046204711+0.001889158j),(1.088264388+0.006608283j),(1.079702986+0.010687713j),(1.079901384-0.001471573j),(1.083092825+0.005446639j),(1.080754696-0.001507961j),(1.08445368+0.004010007j),(1.074619608+0.000401415j),(1.03597125+0.010635836j),(-0.039518373+3.7201e-05j),(-0.039500093+3.2623e-05j),(-0.039841653+1.6917e-05j),(-0.089710289-0.049989288j),"{'64': {'dP_mw': 0.0, 'dQ_mvar': 0.0}, '57': {'dP_mw': 0.0, 'dQ_mvar': 0.0}, '55': {'dP_mw': 0.0, 'dQ_mvar': 0.0}, '61': {'dP_mw': -0.05, 'dQ_mvar': -0.05}}",1.0882844515994992,-0.05,-0.05,Uncontrolled_breaker_open_noise,12.85
58,1790959784.6030707,48,(1.02744003+0.013589737j),(1.068747706+0.007822216j),(1.0675304+0.003234867j),(1.075159719+0.012642798j),(1.071331187+0.006684464j),(1.076833587+0.008430112j),(1.07627939+0.010857894j),(1.081712955+0.007502582j),(1.070480933+0.013916012j),(1.048252838+0.008392843j),(1.035627565-0.002713462j),(1.016368358+0.004886145j),(1.015656664-0.005019315j),(1.021039928-5.2622e-05j),(1.0212984-0.000823763j),(1.023963275+0.004531743j),(1.021332867+0.001843901j),(1.027841313+0.0100938j),(1.032672913+0.00975206j),(1.063075603+0.002609913j),(1.070801281+0.014630338j),(1.073646973+0.005993629j),(1.067353444+0.011694573j),(1.079448802-0.003482586j),(1.046281068+0.012126202j),(1.018608121+0.002567084j),(1.024718079+0.002150396j),(1.027683331-0.001096428j),(1.025056658-0.001240021j),(1.063097267+0.010936448j),(1.028181944+0.005916821j),(1.002953433-0.000544719j),(1.012577269+0.006933321j),(1.011167446-0.000669648j),(1.045027525-0.003133082j),(1.041208147+0.001420235j),(1.079859057+0.002368596j),(1.078803089-0.00575281j),(1.074214039+0.004337292j),(1.083914382+0.016771617j),(1.081044125+0.019170815j),(1.018584463+0.002786668j),(1.021617109+0.007139998j),(1.026764248+0.012808864j),(1.027918645+0.005098102j),(1.06537525-0.001735089j),(1.040235426+0.007424444j),(1.041920687-0.003697327j),(1.050791459+0.001790445j),(1.044985303+0.004627062j),(1.085326258+0.014481434j),(1.084883495+0.004070165j),(1.07202191+0.000822567j),(1.07773055+0.005681828j),(1.077363069-0.009639151j),(1.075425528+0.00813664j),(1.077268749-0.004628377j),(1.037442021+0.014907226j),(-0.039502804+3.8018e-05j),(-0.039493274+2.0455e-05j),(-0.039833163+2.5048e-05j),(-0.089719855-0.049979529j),"{'64': {'dP_mw': 0.0, 'dQ_mvar': 0.0}, '57': {'dP_mw': 0.0, 'dQ_mvar': 0.0}, '55': {'dP_mw': 0.0, 'dQ_mvar': 0.0}, '61': {'dP_mw': -0.05, 'dQ_mvar': -0.05}}",1.085422866091819,-0.05,-0.05,Uncontrolled_breaker_open_noise,12.9
59,1790959784.6521626,48,(1.030672145+0.006184914j),(1.074488172+0.00740862j),(1.084791846+0.018061672j),(1.074683592+0.007844211j),(1.076035906-0.000608943j),(1.073554772+0.000509094j),(1.076385864+0.002526629j),(1.077388748+0.00940359j),(1.072189319+0.002761252j),(1.045348067+0.000807719j),(1.045124018+0.009933693j),(1.015773241+0.002164177j),(1.010293015+0.002057872j),(1.021948226+0.004239698j),(1.025675077-0.001861981j),(1.01365549+0.0026191j),(1.031420742-0.001258016j),(1.02297511+0.014298618j),(1.032553655+0.005027102j),(1.078867278+0.008184741j),(1.078573541+0.005245015j),(1.085513752+0.007462848j),(1.072167913-0.0013129j),(1.08653545+0.010226495j),(1.034874887+0.002263218j),(1.010095765-0.002152515j),(1.004454359+0.004474967j),(1.018911107+0.006255968j),(1.035485675+0.018617614j),(1.067971945+0.005264978j),(1.041305135+0.004867295j),(1.012227472-0.003739413j),(1.013440098-0.008190094j),(1.010427701+0.000420729j),(1.043413825-0.001795864j),(1.047747319-0.008148842j),(1.079216653+0.006088781j),(1.077248309+0.010813575j),(1.071150501+0.008391026j),(1.083324746+0.005501969j),(1.07016355+0.008172656j),(1.02210819+0.00062762j),(1.021829696+0.005234981j),(1.023140597+0.016628293j),(1.022835109+0.004379629j),(1.067249447+0.006365191j),(1.044927492+0.011619675j),(1.047787364+0.009969653j),(1.05381476+0.008447195j),(1.043483251-0.000258802j),(1.079165169+0.013110107j),(1.085155888+0.006565273j),(1.072424978+0.01082734j),(1.083567096+0.008553344j),(1.082720629+0.005359957j),(1.07740194+0.01070387j),(1.066183023+0.010493901j),(1.034576032+0.009174355j),(-0.03949427+5.3743e-05j),(-0.039488594+2.3165e-05j),(-0.039834822+2.0407e-05j),(-0.089720599-0.049962873j),"{'64': {'dP_mw': 0.0, 'dQ_mvar': 0.0}, '57': {'dP_mw': 0.0, 'dQ_mvar': 0.0}, '55': {'dP_mw': 0.0, 'dQ_mvar': 0.0}, '61': {'dP_mw': -0.05, 'dQ_mvar': -0.05}}",1.086583574929553,-0.05,-0.05,Uncontrolled_breaker_open_noise,12.95
60,1790959784.7042027,48,(1.025811126-0.000552203j),(1.06514344+0.001977044j),(1.079815547+0.004051588j),(1.074905977+0.005592767j),(1.071727514+0.005547101j),(1.071014163-0.005487879j),(1.076742509+0.010652992j),(1.078725506+0.015680633j),(1.072298761+0.004006857j),(1.030830975-0.002601323j),(1.04315343+0.006759722j),(1.00262908-0.005769745j),(1.008816623-0.005857601j),(1.028455664-0.000649173j),(1.029682603+0.001973952j),(1.032458022+0.004299755j),(1.020604987+0.008719934j),(1.032603889+0.009317781j),(1.030387616+0.013508149j),(1.068800223+0.000628885j),(1.070701048+0.003631925j),(1.063361181+0.012872655j),(1.079888272+0.001737943j),(1.073705899+0.000595147j),(1.038450339+0.002904621j),(1.021821745+0.005475184j),(1.01463442-0.001448745j),(1.027711962+0.00555574j),(1.023914688+0.008261268j),(1.0684539+0.00734663j),(1.026037597+0.001671364j),(1.001956252+0.000884159j),(1.016393889+0.002469958j),(1.014637937+0.005512104j),(1.047952082-0.003491318j),(1.049342544-0.005421605j),(1.073334792-0.000118342j),(1.066245958+0.004194477j),(1.071952554+0.009483684j),(1.079574747-0.000268436j),(1.076389946+0.010179265j),(1.022373464+0.002418901j),(1.023274486-0.000657417j),(1.035834938-0.001197461j),(1.024948673+0.00196696j),(1.080416776+0.001819418j),(1.044768087+0.002449799j),(1.04462102+0.008851736j),(1.047384191+0.002708282j),(1.049268783+0.003579459j),(1.076801437+0.006935086j),(1.084548992+0.009341167j),(1.077327284+0.023360316j),(1.088282465+0.007247553j),(1.076815863-0.006852621j),(1.074927951-0.001049717j),(1.068372268+0.0066631j),(1.033228493+0.004058473j),(-0.039509213+3.56e-05j),(-0.03951658+4.0957e-05j),(-0.039841891+3.4339e-05j),(-0.089739125-0.04996294j),"{'64': {'dP_mw': 0.0, 'dQ_mvar': 0.0}, '57': {'dP_mw': 0.0, 'dQ_mvar': 0.0}, '55': {'dP_mw': 0.0, 'dQ_mvar': 0.0}, '61': {'dP_mw': 0.0, 'dQ_mvar': 0.0}}",1.088306597724632,0.0,0.0,Uncontrolled_breaker_open_noise,13.0
61,1790959784.7531722,48,(1.028549255+0.005993049j),(1.032058928+0.011149279j),(1.037129001+0.018842271j),(1.043236865+0.016212445j),(1.041299014+0.015480444j),(1.031097211+0.017168123j),(1.05170222+0.022076099j),(1.055278749+0.023428693j),(1.034214608+0.016252649j),(1.025516515+0.011104727j),(1.024237453+0.003821945j),(1.001777953+0.003613354j),(1.001624822-0.002048379j),(1.010084853+0.006524148j),(1.006285074+0.007865305j),(1.014899101+0.006449247j),(1.013957526+0.0103045j),(1.028024679+0.005668674j),(1.023823074+0.001435328j),(1.02993762+0.010988284j),(1.037215259+0.026767295j),(1.028061326+0.008088383j),(1.046752881+0.014484292j),(1.050005002+0.026327809j),(1.025741909+0.0041862j),(1.007390747+0.001369015j),(1.002493133-0.009346838j),(1.007059007+0.00517041j),(1.011664315+0.003982446j),(1.02985146+0.016018184j),(1.011737194+0.017676272j),(1.004911884+0.000701492j),(0.999643149-0.001619033j),(1.001702852-0.008624567j),(1.016581294-0.005166623j),(1.031282219+0.006640446j),(1.040011468+0.0143975j),(1.042754601+0.017367935j),(1.038851511+0.014012525j),(1.051676148+0.014349432j),(1.054828599+0.030553738j),(1.0070547-0.00663135j),(1.021797165+0.01105927j),(1.021919193+0.000981423j),(1.011579164+0.004009532j),(1.028922487+0.010145405j),(1.021827728+0.012420761j),(1.027151019+0.014084304j),(1.029084607-0.0006341j),(1.021481102+0.006453932j),(1.043330059+0.019348118j),(1.05258734+0.016775001j),(1.044498302+0.019994761j),(1.041948919+0.012532217j),(1.043051218+0.024016653j),(1.033361645+0.001697113j),(1.035040106+0.019638962j),(1.024184682+0.010751512j),(-0.039519123+4.3236e-05j),(-0.03949466+2.8787e-05j),(-0.039825452+3.2466e-05j),(-0.039716612+1.5144e-05j),"{'64': {'dP_mw': 0.0, 'dQ_mvar': 0.0}, '57': {'dP_mw': 0.0, 'dQ_mvar': 0.0}, '55': {'dP_mw': 0.0, 'dQ_mvar': 0.0}, '61': {'dP_mw': 0.0, 'dQ_mvar': 0.0}}",1.0555387921562585,0.0,0.0,Uncontrolled_breaker_open_noise,13.05
62,1790959784.8035893,48,(1.015848835-0.000396106j),(1.034636832+0.020400459j),(1.042871323+0.008437357j),(1.033966192+0.018537154j),(1.03888676+0.017588412j),(1.034406567+0.027361444j),(1.035944033+0.013240938j),(1.050801025+0.011837637j),(1.031927542+0.015226391j),(1.024018142+0.004299133j),(1.013739438+0.007308741j),(1.00445685+0.001526098j),(1.001823006-0.011752337j),(1.005548677+0.003757526j),(1.008834079+0.001145619j),(1.023902529+0.007484799j),(1.010491557+0.008784775j),(1.018006414+0.010212941j),(1.016234811+0.009297339j),(1.03785952+0.019413867j),(1.040901415+0.018642976j),(1.044336884+0.017571835j),(1.038255663+0.020775615j),(1.046582243+0.02407645j),(1.027933049+0.007409403j),(1.000235749+0.008280185j),(1.004098727-0.016003034j),(1.016331588+0.012674967j),(1.015771395-0.002172665j),(1.030229807+0.013994998j),(1.029107663+0.017327482j),(1.008410589+0.004644288j),(0.998972128-0.002735237j),(1.001545047-0.005058938j),(1.01749617+0.000289191j),(1.025518952+0.002489044j),(1.037442199+0.012926628j),(1.042281074+0.014862057j),(1.039516577+0.014866952j),(1.051110209+0.019597106j),(1.044118335+0.01688019j),(1.015211351-0.002641675j),(1.005651934-0.003104701j),(1.00834403+0.004385974j),(1.007641431+0.011292885j),(1.036188887+0.013507988j),(1.016547967+0.00693714j),(1.019102618+0.010773362j),(1.019876184+0.018746443j),(1.032856082+0.005024096j),(1.048994115+0.01525219j),(1.043266429+0.025878919j),(1.043548896+0.025160737j),(1.048250856+0.030815159j),(1.045568086+0.015532448j),(1.033835841+0.018050175j),(1.037008091+0.012974574j),(1.024459472+0.013311024j),(-0.039510382+2.8034e-05j),(-0.039502631+4.157e-05j),(-0.039840512+3.3643e-05j),(-0.039714796+3.3813e-05j),"{'64': {'dP_mw': 0.0, 'dQ_mvar': 0.0}, '57': {'dP_mw': 0.0, 'dQ_mvar': 0.0}, '55': {'dP_mw': 0.0, 'dQ_mvar': 0.0}, '61': {'dP_mw': 0.0, 'dQ_mvar': 0.0}}",1.0512928792813157,0.0,0.0,Uncontrolled_breaker_open_noise,13.1
63,1790959784.8525617,48,(1.0220276+0.00583659j),(1.034041213+0.0195158j),(1.035704902+0.018843188j),(1.036473761+0.017499508j),(1.032192133+0.011712221j),(1.037321071+0.015452617j),(1.044521224+0.017160751j),(1.050358885+0.020199145j),(1.035230711+0.023583837j),(1.019102088+0.010463748j),(1.019266549-0.001527036j),(1.000844963-0.000258248j),(0.996006182-0.001661422j),(1.003990085-0.00076405j),(1.012975085+0.005678934j),(1.013777901-0.000647206j),(1.01912196+0.010992199j),(1.021267209+0.003276213j),(1.011760976+0.00998275j),(1.034894884+0.017987288j),(1.042984848+0.023732193j),(1.042428281+0.022477911j),(1.033800595+0.009145216j),(1.050039611+0.013149782j),(1.027396411+0.008100792j),(0.997842315+0.004209064j),(1.003440575+0.008008966j),(1.012936065-0.001973442j),(1.015508296-0.000917397j),(1.031640981+0.019179247j),(1.022252527+0.010153764j),(1.002728005-0.000179556j),(0.999808624-0.012182496j),(1.001380308+0.00339017j),(1.027573178+0.008477254j),(1.018127296+0.005191611j),(1.047199649+0.007140542j),(1.041210877+0.01855035j),(1.04548394+0.008315132j),(1.056193293+0.0215421j),(1.041371542+0.024098667j),(1.002280818+0.002194495j),(1.008082379+0.004206956j),(1.016931584+0.007695709j),(1.015793919+0.011041965j),(1.039116037+0.021294312j),(1.023883451+0.013707367j),(1.030452368+0.010067807j),(1.031857629+0.015124695j),(1.018275544+0.01008323j),(1.050032757+0.018848557j),(1.040224249+0.011913722j),(1.051613402+0.019394378j),(1.048928645+0.022467917j),(1.05350472+0.019942123j),(1.04384775+0.017742778j),(1.039360804+0.015451501j),(1.018869793+0.002504435j),(-0.039495399+3.6332e-05j),(-0.039495785+3.5608e-05j),(-0.039825284+4.0129e-05j),(-0.039724961+3.1653e-05j),"{'64': {'dP_mw': 0.0, 'dQ_mvar': 0.0}, '57': {'dP_mw': 0.0, 'dQ_mvar': 0.0}, '55': {'dP_mw': 0.0, 'dQ_mvar': 0.0}, '61': {'dP_mw': 0.0, 'dQ_mvar': 0.0}}",1.0564129563057212,0.0,0.0,Uncontrolled_breaker_open_noise,13.15
64,1790959784.9048657,48,(1.014207457+0.006905315j),(1.035561826+0.009594602j),(1.044981355+0.021714763j),(1.049443819+0.021046901j),(1.036885295+0.023291209j),(1.045183908+0.01539729j),(1.046172499+0.010125427j),(1.041695744+0.014125162j),(1.044727253+0.011209031j),(1.023841097+0.009065184j),(1.029785675+0.012406988j),(0.99797787+0.000745567j),(1.002527328-0.002075524j),(1.008711493-0.003240688j),(1.001939905+0.000237976j),(1.017678071+0.016736037j),(1.012135864-0.001156056j),(1.017537302+0.012952242j),(1.01380886+0.007356821j),(1.041121838+0.00856058j),(1.044105606+0.002401459j),(1.035581308+0.016489324j),(1.047567434+0.022220622j),(1.038603811+0.013228309j),(1.026884442+0.011680937j),(1.011113176-0.00997134j),(1.002937659-0.000142581j),(1.007030389+0.006230621j),(1.014887565+0.00523875j),(1.036387749+0.01197438j),(1.024410279+0.014491659j),(0.993223663+0.004759785j),(1.005702687-0.002899829j),(1.003342325+0.00263865j),(1.023379014+0.007774825j),(1.035845717+0.011222925j),(1.044369938+0.020466918j),(1.031823011+0.013767604j),(1.032064871+0.026657183j),(1.042761835+0.019055867j),(1.048496305+0.019349772j),(1.0061838+0.00955304j),(1.008127404+0.002655009j),(1.015195153+0.004402311j),(1.013075259-0.000251558j),(1.034459754+0.02400234j),(1.014392889+0.013187919j),(1.03048589+0.003577721j),(1.027006191+0.004556854j),(1.021446922+0.008584756j),(1.048555761+0.020747762j),(1.040678179+0.016940226j),(1.042687742+0.012569882j),(1.037496773+0.018513968j),(1.043443963+0.022282813j),(1.031569703+0.010303639j),(1.039737692+0.009511474j),(1.026253167+0.012704544j),(-0.039495539+2.0436e-05j),(-0.039503057+4.3651e-05j),(-0.039834821+2.9802e-05j),(-0.039728273+5.4466e-05j),"{'64': {'dP_mw': 0.0, 'dQ_mvar': 0.0}, '57': {'dP_mw': 0.0, 'dQ_mvar': 0.0}, '55': {'dP_mw': 0.0, 'dQ_mvar': 0.0}, '61': {'dP_mw': 0.0, 'dQ_mvar': 0.0}}",1.0496548486426425,0.0,0.0,Uncontrolled_breaker_open_noise,13.2
65,1790959784.9547007,48,(1.017754+0.007977625j),(1.03682977+0.022998047j),(1.036294174+0.019488073j),(1.04264122+0.019104912j),(1.027267231+0.019494653j),(1.040174297+0.0213222j),(1.043820936+0.015601706j),(1.048786642+0.019149491j),(1.03450981+0.013831691j),(1.021806323+0.010468658j),(1.02073744+0.005115282j),(1.005324594+0.007484612j),(0.99862842+0.002875821j),(1.019455683+0.008116095j),(1.015886055+0.001693439j),(1.022522812-0.004751296j),(1.016194649-0.003714142j),(1.017538359+0.004888315j),(1.011105267+0.00996922j),(1.041788243+0.030499453j),(1.032624301+0.016220341j),(1.037945726+0.017999186j),(1.036440258+0.012808868j),(1.039262134+0.018493473j),(1.025522387+0.015654702j),(1.009672694-0.000175377j),(1.000879078-0.00213066j),(1.015957983+0.014810315j),(1.016858719+0.004008892j),(1.04146075+0.024895434j),(1.016056895+0.003934506j),(1.007391524+0.000494398j),(1.006867179-0.011442327j),(1.001443045-0.004795871j),(1.032335864-0.00019813j),(1.021061637+0.005770028j),(1.02900615+0.01500449j),(1.037018839+0.018792298j),(1.038518836+0.023953385j),(1.045782956+0.017604898j),(1.03567436+0.024118342j),(1.007545748-0.001012956j),(1.010221333+0.00336435j),(1.026826387+0.006993081j),(1.017457532+0.006125876j),(1.033373508+0.021550851j),(1.023285579+0.000762789j),(1.019244743+0.005970463j),(1.023758959+0.010533918j),(1.020550647+0.017093532j),(1.055926283+0.016628692j),(1.050037007+0.024518829j),(1.044436384+0.01979518j),(1.050458213+0.024483817j),(1.04102778+0.013095707j),(1.039799889+0.01274948j),(1.032420875+0.015244149j),(1.019779957+0.009015838j),(-0.03952123+3.2812e-05j),(-0.039490135+4.2526e-05j),(-0.039837514+3.6384e-05j),(-0.039711464+4.6206e-05j),"{'64': {'dP_mw': 0.0, 'dQ_mvar': 0.0}, '57': {'dP_mw': 0.0, 'dQ_mvar': 0.0}, '55': {'dP_mw': 0.0, 'dQ_mvar': 0.0}, '61': {'dP_mw': 0.0, 'dQ_mvar': 0.0}}",1.0560572089275406,0.0,0.0,Uncontrolled_breaker_open_noise,13.25
66,1790959785.0047503,48,(1.015894622+0.013562031j),(1.040379857+0.013333888j),(1.037090045+0.005644878j),(1.034888786+0.014868739j),(1.039747954+0.00805294j),(1.032609108+0.022192278j),(1.03426792+0.012071322j),(1.044869114+0.018504275j),(1.0408668+0.018207747j),(1.02062175+0.008216012j),(1.02311042+0.011850286j),(1.003211114-0.003334048j),(1.005709291+0.001273882j),(1.012903229+0.004647935j),(1.00494686+0.003756756j),(1.008509702+0.006494522j),(1.0175455+0.007864746j),(1.015368451+0.003167802j),(1.00868569+0.013173178j),(1.039648515+0.009958799j),(1.038274874+0.02013433j),(1.031834704+0.018407669j),(1.039028782+0.017175604j),(1.048112288+0.021872212j),(1.025153569+0.011733693j),(1.002417754-0.000643595j),(1.000846338+0.001794969j),(1.008571353+0.005357443j),(1.017395572+0.006838746j),(1.035011254+0.013660564j),(1.024281989+0.008745974j),(1.007618852+0.006780223j),(1.004891083-0.0013179j),(1.004072084+0.000168094j),(1.024004736+0.016046781j),(1.031196541+0.011425437j),(1.033151527+0.015858094j),(1.036556396+0.011254478j),(1.038257834+0.01639016j),(1.045703529+0.021873493j),(1.041830935+0.016594382j),(1.016562256-0.007043085j),(1.014623135+0.007865042j),(1.018810765+0.006904619j),(1.013987198+0.000173157j),(1.039024001+0.017378211j),(1.015684794+0.013954464j),(1.026204409+0.01199621j),(1.018733931+0.004924886j),(1.030257372+0.004282498j),(1.041284669+0.019839415j),(1.04935926+0.018156598j),(1.054166129+0.019291854j),(1.046792048+0.019917494j),(1.041347443+0.019958086j),(1.043502637+0.012304632j),(1.034515741+0.015346743j),(1.016074656+0.007959185j),(-0.039495064+5.5206e-05j),(-0.039521129+3.3814e-05j),(-0.039818893+1.7578e-05j),(-0.039728801+3.7121e-05j),"{'64': {'dP_mw': 0.0, 'dQ_mvar': 0.0}, '57': {'dP_mw': 0.0, 'dQ_mvar': 0.0}, '55': {'dP_mw': 0.0, 'dQ_mvar': 0.0}, '61': {'dP_mw': 0.0, 'dQ_mvar': 0.0}}",1.0543426403032374,0.0,0.0,Uncontrolled_breaker_open_noise,13.3
67,1790959785.055235,48,(1.014660736+0.02006647j),(1.034932724+0.010332602j),(1.034521479+0.00648634j),(1.034581434+0.015395506j),(1.046838139+0.019958007j),(1.031993071+0.009931238j),(1.023538412+0.012281378j),(1.044967795+0.019369606j),(1.035039042+0.017856606j),(1.020102721+0.0073415j),(1.029483524+0.008987561j),(1.000225848+0.0034142j),(1.013615649+0.006674814j),(1.004374694-0.008969666j),(1.008208353-0.004839436j),(1.013800344+0.005896329j),(1.013697855-0.000244631j),(1.022003839+0.008629148j),(1.017162252+0.011552137j),(1.034207871+0.026343531j),(1.039343237+0.010160559j),(1.040256493+0.010533435j),(1.03742567+0.024152851j),(1.052737872+0.025790818j),(1.022185673+0.010472811j),(1.007466535+0.006486845j),(1.006337921+0.002324188j),(1.001659947+0.009786556j),(1.017956416+0.010107054j),(1.031194803+0.018246546j),(1.025514854+0.004012787j),(1.0012792+0.003935885j),(1.003223191+0.004837693j),(0.998083853-0.000675965j),(1.015281216+0.005635878j),(1.01745827-0.000558975j),(1.040052401+0.009950645j),(1.036513441+0.017153802j),(1.036902802+0.00992409j),(1.04509566+0.024489371j),(1.047463928+0.014258031j),(1.010077949+0.000498878j),(1.008894145+0.00252054j),(1.019078125+0.004720695j),(1.016087918-0.004178436j),(1.028926207+0.014017485j),(1.024763112+0.009766935j),(1.018968612+0.001718629j),(1.022327149+0.013063175j),(1.025334552+0.002329869j),(1.051423526+0.021012797j),(1.051036957+0.02625583j),(1.046059055+0.016486409j),(1.036956162+0.02641989j),(1.038202873+0.019149964j),(1.036987071+0.019498251j),(1.04328374+0.018189773j),(1.015838765+0.013725231j),(-0.039497968+3.6633e-05j),(-0.039504081+3.6033e-05j),(-0.039845562+1.5504e-05j),(-0.039709029+3.7113e-05j),"{'64': {'dP_mw': 0.0, 'dQ_mvar': 0.0}, '57': {'dP_mw': 0.0, 'dQ_mvar': 0.0}, '55': {'dP_mw': 0.0, 'dQ_mvar': 0.0}, '61': {'dP_mw': 0.0, 'dQ_mvar': 0.0}}",1.053053746698713,0.0,0.0,Uncontrolled_breaker_open_noise,13.35
68,1790959785.105123,48,(1.028689782+0.004784821j),(1.040886448+0.016323229j),(1.032154907+0.02566455j),(1.031555348+0.016292982j),(1.031348541+0.018934398j),(1.035406303+0.013880922j),(1.042062135+0.002585837j),(1.03782881+0.013505231j),(1.038959721+0.008662181j),(1.030094795+0.008374273j),(1.022450919+0.005982758j),(1.011912397-0.00133741j),(1.00372099+0.003372122j),(1.00540978+0.011808361j),(1.005084526+0.005447317j),(1.012494917-0.006681106j),(1.006921243+0.010609988j),(1.015596844+0.004751585j),(1.025676526-0.002314146j),(1.040442061+0.012992507j),(1.035571305+0.016573263j),(1.036244035+0.012591326j),(1.037803698+0.007272279j),(1.049185914+0.016669578j),(1.019507538+0.009763083j),(1.005996705+0.001596222j),(1.005538859-0.001874587j),(1.004875828+0.00125248j),(1.022721041+0.00827862j),(1.048807892+0.017413946j),(1.022286594+0.008710071j),(0.995770328+0.002725334j),(1.009390961+0.005436275j),(1.004873358+0.004392297j),(1.022487672+0.008450961j),(1.020061843+0.007769024j),(1.04394273+0.01911371j),(1.038053444+0.01742712j),(1.042284878+0.023087151j),(1.052493084+0.021015252j),(1.042788174+0.027102561j),(1.014400319-6.269e-05j),(1.002508899+0.000291849j),(1.027574582+0.022151872j),(1.018496763+0.009800194j),(1.039125353+0.017599494j),(1.024585962+0.001390172j),(1.030551639+0.007347883j),(1.025298659+0.011037034j),(1.020533944+0.009325644j),(1.046387007+0.021900969j),(1.048160887+0.019439351j),(1.054974827+0.019238381j),(1.041942843+0.013803096j),(1.047457388+0.01317036j),(1.035162575+0.020010119j),(1.035347532+0.017203215j),(1.017385354+0.002710312j),(-0.039495826+3.7693e-05j),(-0.039511492+2.2383e-05j),(-0.039817155+2.1823e-05j),(-0.039722313+3.5639e-05j),"{'64': {'dP_mw': 0.0, 'dQ_mvar': 0.0}, '57': {'dP_mw': 0.0, 'dQ_mvar': 0.0}, '55': {'dP_mw': 0.0, 'dQ_mvar': 0.0}, '61': {'dP_mw': 0.0, 'dQ_mvar': 0.0}}",1.0551502267010044,0.0,0.0,Uncontrolled_breaker_open_noise,13.4
69,1790959785.1544213,48,(1.018917206-0.000237256j),(1.035934802+0.013548881j),(1.047060695+0.019028726j),(1.037334074+0.019614476j),(1.040954315+0.019776937j),(1.036706309+0.011315083j),(1.034591744+0.015144311j),(1.047989228+0.020262993j),(1.038495629+0.0121471j),(1.02446789+0.005078496j),(1.026213123+0.005923774j),(0.999936764+0.003081941j),(1.001766246+0.004341416j),(1.007282572-0.001669565j),(1.006885971+0.004349459j),(1.024004433+0.003780615j),(1.017941417+0.010440658j),(1.025005037+0.00460338j),(1.028435067+0.008119286j),(1.040746012+0.011086096j),(1.033522392+0.022371217j),(1.043742935+0.019831358j),(1.042326109+0.016550335j),(1.053532892+0.024991975j),(1.022601926+0.01726129j),(0.996850336+0.00017977j),(1.000712913-0.003147358j),(1.018277954+0.005449479j),(1.009485868+0.005362115j),(1.041595552+0.014508515j),(1.017881038+0.014411023j),(1.000502991+0.000336195j),(0.99878586+0.002287084j),(1.001845127+0.001164172j),(1.019183628+0.010104031j),(1.012958382+0.003828027j),(1.030079652+0.009013549j),(1.039055953+0.02351054j),(1.038556877+0.01937163j),(1.043563567+0.029488364j),(1.045051841+0.027981361j),(1.01611801+0.008030985j),(1.010209128+0.002942883j),(1.021636237+0.014627365j),(1.011686225+0.003503662j),(1.041904205+0.015520435j),(1.027304921+0.012022921j),(1.026599568+0.012808733j),(1.033744745+0.007163448j),(1.01927969+0.004317964j),(1.048851352+0.02590645j),(1.042779691+0.019949534j),(1.050549639+0.016855318j),(1.050061497+0.014439799j),(1.05011921+0.010652262j),(1.045506068+0.017333496j),(1.028538164+0.020193709j),(1.015977795+0.010176083j),(-0.0394946+5.5878e-05j),(-0.039515728+3.9026e-05j),(-0.039826174+3.7918e-05j),(-0.039719556+2.8048e-05j),"{'64': {'dP_mw': 0.0, 'dQ_mvar': 0.0}, '57': {'dP_mw': 0.0, 'dQ_mvar': 0.0}, '55': {'dP_mw': 0.0, 'dQ_mvar': 0.0}, '61': {'dP_mw': 0.0, 'dQ_mvar': 0.0}}",1.0538292809275533,0.0,0.0,Uncontrolled_breaker_open_noise,13.45
70,1790959785.206082,49,(1.017905829+0.001393981j),(1.036153043+0.017236498j),(1.038985508+0.019019436j),(1.036691603+0.018662958j),(1.03956935+0.01218327j),(1.02640053+0.017757358j),(1.039277532+0.011468267j),(1.047587986+0.019929727j),(1.027419615+0.014260372j),(1.038407969+0.00026175j),(1.022181857+0.010127936j),(0.992103958+0.005561892j),(1.008386165-0.010192092j),(0.995253446+0.008480225j),(1.002950908-0.002124459j),(1.011347762-0.006377444j),(1.014653323+0.004432432j),(1.017985938-0.002805192j),(1.022562534+0.009840153j),(1.035368386+0.011888745j),(1.03970631+0.012683034j),(1.034438018+0.019634034j),(1.034130264+0.022026102j),(1.043742181+0.028961842j),(1.0205641+0.019305725j),(1.004847085+0.000842144j),(1.003673252+0.000454894j),(1.013988075+0.00131179j),(1.014228688+0.007424014j),(1.031269694+0.020312586j),(1.017264291+0.003036779j),(1.006810318+0.004953659j),(1.001419083+0.006458686j),(1.001436563+0.001752926j),(1.023727706+0.007991063j),(1.021439232+0.003224903j),(1.038938608+0.01555804j),(1.045918748+0.016709107j),(1.038622416+0.011135385j),(1.044735625+0.016331851j),(1.04511781+0.022512661j),(1.006037278+0.004756221j),(1.009434894+0.004355811j),(1.020900417+0.017821128j),(1.013856975+0.009979695j),(1.032830523+0.01253586j),(1.024926541+0.015880498j),(1.018934494+0.014622051j),(1.032103358+0.004629789j),(1.014425741+0.003174453j),(1.050307459+0.022279204j),(1.046898984+0.017514745j),(1.045005907+0.024913821j),(1.041418937+0.020709325j),(1.047527326+0.013701614j),(1.040447387+0.012666034j),(1.040091376+0.021259138j),(1.014297199+0.002399077j),(-0.039511273+3.5161e-05j),(-0.039499552+4.5534e-05j),(-0.039845671+1.5493e-05j),(-0.039716474+4.0929e-05j),"{'64': {'dP_mw': 0.0, 'dQ_mvar': 0.0}, '57': {'dP_mw': 0.0, 'dQ_mvar': 0.0}, '55': {'dP_mw': 0.0, 'dQ_mvar': 0.0}, '61': {'dP_mw': 0.0, 'dQ_mvar': 0.0}}",1.050543726534936,0.0,0.0,Uncontrolled_breaker_open_noise,13.5
71,1790959785.2558794,49,(1.025294999+0.010692977j),(1.035190264+0.012896745j),(1.038760303+0.01583381j),(1.032233698+0.020885008j),(1.031224358+0.018705407j),(1.041395021+0.012545062j),(1.028832913+0.019096211j),(1.038873814+0.024334975j),(1.037352357+0.020017269j),(1.02058182+0.011663386j),(1.023712913+0.00333339j),(0.998965405-0.002883292j),(1.010457735-0.002528624j),(1.007831066+0.004138132j),(1.011917805+0.005352637j),(1.01848766-0.00362065j),(1.016365678+0.014332893j),(1.009685836+0.007356246j),(1.015858914+0.010399833j),(1.044593119+0.012425336j),(1.035759765+0.021280306j),(1.051016209+0.025367212j),(1.028032707+0.018528518j),(1.05486813+0.017675954j),(1.016442168+0.015939633j),(1.006102863+0.005358993j),(1.001514952+0.007646368j),(1.011532431+0.000814574j),(1.016415547-0.001134016j),(1.040114611+0.013986671j),(1.018973008+0.006239566j),(0.993161845-0.000146356j),(1.001249333+0.00702654j),(0.996972573+0.00469014j),(1.021757005+0.013846052j),(1.02698853+0.007203642j),(1.035269578+0.014638417j),(1.040435739+0.023856974j),(1.044362917+0.006862528j),(1.045979543+0.019224949j),(1.048267126+0.02141071j),(1.013975345+0.00225735j),(1.012445316+0.000847063j),(1.020148026+0.005216332j),(1.013397323+0.007761328j),(1.04335842+0.023844941j),(1.023356218-0.002801344j),(1.027701639+0.015070802j),(1.019636232+0.012698977j),(1.023388192+0.010672056j),(1.047182874+0.019587262j),(1.050217177+0.018851614j),(1.056400415+0.013130223j),(1.037612165+0.015893787j),(1.043850532+0.014729572j),(1.035107793+0.021527697j),(1.033869195+0.014529078j),(1.025842276+0.01085195j),(-0.039487738+5.119e-05j),(-0.03949647+2.2076e-05j),(-0.039831722+2.7812e-05j),(-0.039719473+3.2438e-05j),"{'64': {'dP_mw': 0.0, 'dQ_mvar': 0.0}, '57': {'dP_mw': 0.0, 'dQ_mvar': 0.0}, '55': {'dP_mw': 0.0, 'dQ_mvar': 0.0}, '61': {'dP_mw': 0.0, 'dQ_mvar': 0.0}}",1.0564820110007562,0.0,0.0,Uncontrolled_breaker_open_noise,13.55
72,1790959785.3061564,49,(1.022566316+0.003898754j),(1.041395007+0.014118073j),(1.03113849+0.013340645j),(1.03028778+0.022708734j),(1.036010426+0.011079174j),(1.044965466+0.01216865j),(1.03918903+0.016330192j),(1.038976823+0.01758961j),(1.043849593+0.01998254j),(1.023533459+0.003576957j),(1.014453874+0.013514864j),(1.010861346+0.000776734j),(1.00185971-0.000345682j),(1.01874115+0.004105064j),(1.006810172+0.006598664j),(1.006660484+0.011655701j),(1.018150778+0.000127653j),(1.010506527+0.003467519j),(1.023618333+0.007328227j),(1.038235807+0.014001634j),(1.03405543+0.021141469j),(1.041767132+0.012859858j),(1.027051953+0.021382299j),(1.038872125+0.029136014j),(1.018057585+0.008856499j),(1.003016258+0.001774858j),(0.996186683+0.002245425j),(1.011792851+0.009967005j),(1.012379496+0.002398922j),(1.038725973+0.013080185j),(1.020014281-0.002413121j),(1.009716541-0.001241259j),(1.001580517-0.000778095j),(0.998901957+0.005602983j),(1.024307834+0.011498166j),(1.018831703+0.013449724j),(1.035372914+0.01342521j),(1.041915136+0.009859949j),(1.035013335+0.012599024j),(1.051851185+0.01511835j),(1.047922548+0.029216806j),(1.018953491-0.00481927j),(1.007640684+0.003842064j),(1.018413123+0.014993647j),(1.016416255+0.006282584j),(1.024134253+0.015690024j),(1.020739943+0.007365608j),(1.026467543+0.01186177j),(1.025972855+0.00165304j),(1.023822802+0.016428328j),(1.048520308+0.018946774j),(1.035731532+0.030681656j),(1.040586611+0.0194425j),(1.044694414+0.015343747j),(1.045724133+0.019525545j),(1.035787191+0.013814978j),(1.040091587+0.016166141j),(1.022864619+0.000207892j),(-0.039508446+4.1301e-05j),(-0.039514396+3.3437e-05j),(-0.039841413+4.1577e-05j),(-0.039716123+2.829e-05j),"{'64': {'dP_mw': 0.0, 'dQ_mvar': 0.0}, '57': {'dP_mw': 0.0, 'dQ_mvar': 0.0}, '55': {'dP_mw': 0.0, 'dQ_mvar': 0.0}, '61': {'dP_mw': 0.0, 'dQ_mvar': 0.0}}",1.0519598280792983,0.0,0.0,Uncontrolled_breaker_open_noise,13.6
73,1790959785.3568475,49,(1.014904957+0.010605952j),(1.033054036+0.01694908j),(1.040955293+0.008875217j),(1.03817088+0.014858724j),(1.041123763+0.009771535j),(1.028414492+0.017345797j),(1.038675128+0.013160275j),(1.047724946+0.020226485j),(1.028650818+0.007305137j),(1.026576182+0.015773706j),(1.032800603+0.007622004j),(1.00251092+0.002050319j),(0.99916893+0.001849845j),(1.007499157+0.00164451j),(1.012036093+0.007837835j),(1.007085665+0.006042148j),(1.016622046-0.000899567j),(1.018845203+0.006802759j),(1.017563302+0.000873392j),(1.039512993+0.005930988j),(1.037911057+0.011287045j),(1.045823051+0.022013254j),(1.049381734+0.012268849j),(1.049581567+0.022205735j),(1.024086431+0.011835997j),(0.998214731-0.00505204j),(0.999473291+0.000702811j),(1.01392249+0.001614188j),(1.020744951-0.00025047j),(1.039946624+0.011569033j),(1.021644124+0.006807402j),(1.003626273-0.00051858j),(0.997980431+0.000315467j),(1.000118696-0.005786375j),(1.021799292+0.006234569j),(1.018021971+0.010525655j),(1.039707787+0.012854682j),(1.03733985+0.014840172j),(1.044307777+0.018688495j),(1.048963074+0.026067618j),(1.051313899+0.017799812j),(1.010350736+0.002202879j),(1.012125383+0.007456536j),(1.022762661+0.002858523j),(1.015019932+0.003915787j),(1.03869052+0.014098757j),(1.027202038+0.001699795j),(1.021347498+0.005502692j),(1.028304058+0.008897213j),(1.028906166+0.009634865j),(1.047252484+0.022481273j),(1.044446162+0.021204807j),(1.051342665+0.021114568j),(1.046499194+0.021672131j),(1.043555898+0.017601114j),(1.042075088+0.02151978j),(1.034909402+0.016486947j),(1.023864679+0.010444307j),(-0.039491913+3.4199e-05j),(-0.039497556+6.371e-05j),(-0.039849543+3.5413e-05j),(-0.039734457+2.6142e-05j),"{'64': {'dP_mw': 0.0, 'dQ_mvar': 0.0}, '57': {'dP_mw': 0.0, 'dQ_mvar': 0.0}, '55': {'dP_mw': 0.0, 'dQ_mvar': 0.0}, '61': {'dP_mw': 0.0, 'dQ_mvar': 0.0}}",1.051554670110465,0.0,0.0,Uncontrolled_breaker_open_noise,13.65
74,1790959785.4068105,49,(1.02547486+0.011583407j),(1.035136212+0.016942251j),(1.038027849+0.02454133j),(1.041025618+0.011006218j),(1.035827101+0.009694203j),(1.037912146+0.007890422j),(1.041221257+0.011418832j),(1.04396082+0.030230604j),(1.044616096+0.020282122j),(1.021872216+0.011187613j),(1.025024504+0.002134864j),(0.995342128-0.001408829j),(1.002355624+0.009076605j),(1.007859841+0.007329579j),(1.000853213+0.001260411j),(1.005905455+0.007646344j),(1.003934461-0.001276054j),(1.024019295+0.008372588j),(1.027653864+0.003852701j),(1.033009563+0.020624514j),(1.032174063+0.020581353j),(1.046403061+0.01529802j),(1.045080436+0.015780076j),(1.044601089+0.021696761j),(1.02100128+0.013775261j),(0.997177818+0.003689959j),(1.00413876-0.015780403j),(1.012932005-0.007251426j),(1.012535452+0.004068865j),(1.035584002+0.018557198j),(1.02097299+0.010672801j),(0.996187997+0.000816831j),(0.997675417-0.004524313j),(1.007141334+0.005973559j),(1.026768012+0.009793483j),(1.021494298+0.011400682j),(1.034711487+0.025506182j),(1.041144034+0.017780482j),(1.040334509+0.013483562j),(1.05453482+0.017266132j),(1.052428373+0.025183374j),(1.019398675-0.00061114j),(1.009040183+0.002206284j),(1.024643967+0.000469499j),(1.023193548+0.010525094j),(1.038035256+0.021526701j),(1.016980504+0.011691695j),(1.031176092+0.014005752j),(1.025193546+0.017957683j),(1.014053207+0.007960149j),(1.050597223+0.010984962j),(1.047201845+0.024600757j),(1.048767074+0.025253583j),(1.049310085+0.020330808j),(1.046371282+0.021746458j),(1.039941399+0.013786154j),(1.04361452+0.011645655j),(1.027027548+0.006863499j),(-0.039514147+4.7705e-05j),(-0.039509921+3.9396e-05j),(-0.039834163+2.4473e-05j),(-0.039728962+1.8695e-05j),"{'64': {'dP_mw': 0.0, 'dQ_mvar': 0.0}, '57': {'dP_mw': 0.0, 'dQ_mvar': 0.0}, '55': {'dP_mw': 0.0, 'dQ_mvar': 0.0}, '61': {'dP_mw': 0.0, 'dQ_mvar': 0.0}}",1.0546761616281435,0.0,0.0,Uncontrolled_breaker_open_noise,13.7
75,1790959785.4559026,49,(1.01940015+0.008818252j),(1.037858371+0.014080864j),(1.026645762+0.012800301j),(1.036019836+0.012172172j),(1.029390551+0.007657499j),(1.03900308+0.012583242j),(1.038542637+0.017573833j),(1.049971208+0.020401668j),(1.04425825+0.025111834j),(1.022128383+0.011320826j),(1.025208485+0.008099467j),(0.996928593+0.002024275j),(1.011085469+0.005624551j),(1.006842221-0.003657477j),(1.012937517-0.005441035j),(1.014877753+0.015136286j),(1.003137128+0.009769988j),(1.018582071+0.002921513j),(1.013729886+0.009840655j),(1.03323005+0.016152851j),(1.035701769+0.008435461j),(1.037497353+0.015326031j),(1.034291316+0.018094855j),(1.050500159+0.02057958j),(1.022049385+0.001238658j),(1.00527451-0.002772808j),(0.999286615-0.007040341j),(1.010380826-0.000522498j),(1.030498608+0.008149123j),(1.032487294+0.008697021j),(1.024602593+0.00943485j),(0.996349785+0.002627717j),(0.997341516-6.274e-05j),(1.011005191+0.001269942j),(1.0238949+0.00772481j),(1.032395228+0.013816217j),(1.028418692+0.015659227j),(1.042435784+0.016385564j),(1.035824847+0.016089929j),(1.0390258+0.018289793j),(1.051368358+0.01906654j),(1.019104718+0.008749373j),(1.007225884-0.003981925j),(1.025164292+0.006051285j),(1.028057173+0.007824057j),(1.038913666+0.015300428j),(1.018625657+0.017525095j),(1.026222511+0.010313269j),(1.027143127+0.014799198j),(1.026754237+0.005786929j),(1.042316507+0.023144416j),(1.049698332+0.019554419j),(1.045968494+0.020446619j),(1.048941516+0.016753038j),(1.038890092+0.021722232j),(1.038719813+0.009832625j),(1.041409121+0.00718805j),(1.012801577+0.007214117j),(-0.039489198+6.1304e-05j),(-0.039517059+5.8895e-05j),(-0.039838639+1.0654e-05j),(-0.039705869+5.4323e-05j),"{'64': {'dP_mw': 0.0, 'dQ_mvar': 0.0}, '57': {'dP_mw': 0.0, 'dQ_mvar': 0.0}, '55': {'dP_mw': 0.0, 'dQ_mvar': 0.0}, '61': {'dP_mw': 0.0, 'dQ_mvar': 0.0}}",1.0515412294109954,0.0,0.0,Uncontrolled_breaker_open_noise,13.75
76,1790959785.5074387,49,(1.023806358+0.000964664j),(1.039049363+0.006976061j),(1.037516216+0.012817126j),(1.039012425+0.008024707j),(1.042563652+0.014628666j),(1.03863664+0.026091693j),(1.035237638+0.012274714j),(1.040896477+0.019547276j),(1.032645213+0.008618745j),(1.025129949+0.006506183j),(1.029997308+0.010172858j),(1.008333453+0.00061181j),(0.994846935+0.000950737j),(1.008582456+0.007601987j),(1.003109904+0.003125538j),(1.015604456+0.010467195j),(1.014113847+0.011580167j),(1.019596078+0.008637474j),(1.013546825+0.0070653j),(1.034349077+0.019622086j),(1.038451929+0.013395418j),(1.042494198+0.016179312j),(1.03885587+0.014142966j),(1.049663496+0.015258348j),(1.015257903+0.007029465j),(1.000597323-0.00437755j),(0.998129524+0.000322024j),(1.00659138-0.002153245j),(1.01861+0.006111434j),(1.037071677+0.015894424j),(1.016957966+0.006256463j),(1.006297697-0.001000355j),(1.003063376+0.001726024j),(0.995725812+0.005721213j),(1.012460545+0.012790266j),(1.021491998+0.012942889j),(1.031612353+0.021423867j),(1.035730196+0.021438688j),(1.041846076+0.014238267j),(1.04887215+0.022517925j),(1.041821535+0.017330604j),(1.005755047+0.000576765j),(1.006258681+0.013746616j),(1.015961723+0.007893026j),(1.0146614+0.006975378j),(1.043228823+0.009557452j),(1.018773164+0.00720912j),(1.023022628+0.011412584j),(1.019831484+0.015380629j),(1.025254117+0.011095086j),(1.055058774+0.027336607j),(1.042753313+0.019368719j),(1.04896893+0.02634488j),(1.042127253+0.027061299j),(1.03896577+0.020014118j),(1.039295784+0.026305479j),(1.035113286+0.00727805j),(1.019526134+0.00246301j),(-0.039509912+3.2661e-05j),(-0.039500799+3.4198e-05j),(-0.03984103+3.5289e-05j),(-0.03972231+1.6753e-05j),"{'64': {'dP_mw': 0.0, 'dQ_mvar': 0.0}, '57': {'dP_mw': 0.0, 'dQ_mvar': 0.0}, '55': {'dP_mw': 0.0, 'dQ_mvar': 0.0}, '61': {'dP_mw': 0.0, 'dQ_mvar': 0.0}}",1.055412860769024,0.0,0.0,Uncontrolled_breaker_open_noise,13.8
77,1790959785.5578072,49,(1.025001525+0.004693197j),(1.042718557+0.012223313j),(1.035572992+0.017486376j),(1.042676603+0.010345764j),(1.042855028+0.005857082j),(1.032595341+0.013664848j),(1.040816418+0.017229336j),(1.04988891+0.015011938j),(1.039947283+0.01154351j),(1.026325699+0.01218957j),(1.018684919+0.006667917j),(0.999989001+0.00045134j),(1.006106706+0.000243958j),(1.008603414+0.006028446j),(1.011950422-0.000341453j),(1.022657728+0.006360209j),(1.005517118+0.010359839j),(1.015020286+0.007170794j),(1.018305771+0.0036189j),(1.047579593+0.006702279j),(1.032138012+0.018392744j),(1.042938478+0.016862553j),(1.052204238+0.014516926j),(1.041611336+0.022576555j),(1.034113328+0.004937145j),(1.004818014-0.005110076j),(0.999537913+1.1372e-05j),(1.008848298+0.003187628j),(1.015869806+0.001691805j),(1.043283351+0.01160298j),(1.02862437+0.000521249j),(1.006528612+0.007290973j),(0.993173378-0.004136103j),(1.010770948-0.001072247j),(1.022092888+0.005238484j),(1.025995194+0.01012636j),(1.041609345+0.00966567j),(1.041591679+0.017437037j),(1.036270884+0.015709235j),(1.054417547+0.026885182j),(1.039844355+0.020921113j),(1.019039668+0.00166442j),(1.008402141-0.004835846j),(1.012960515+0.008429393j),(1.009750642+0.003765892j),(1.039797383+0.027457691j),(1.028319152+0.011521986j),(1.023804967+0.01565427j),(1.019966263+0.015094239j),(1.022617938+0.007165704j),(1.043889975+0.026213026j),(1.053995449+0.015901301j),(1.035689006+0.014262533j),(1.053207823+0.013913089j),(1.041870084+0.016029289j),(1.034436633+0.020787821j),(1.046918409+0.015149695j),(1.02432302+0.010127226j),(-0.039514852+4.0136e-05j),(-0.039497334+3.4594e-05j),(-0.039843428+2.7771e-05j),(-0.039722581+3.0901e-05j),"{'64': {'dP_mw': 0.0, 'dQ_mvar': 0.0}, '57': {'dP_mw': 0.0, 'dQ_mvar': 0.0}, '55': {'dP_mw': 0.0, 'dQ_mvar': 0.0}, '61': {'dP_mw': 0.0, 'dQ_mvar': 0.0}}",1.0547602459481824,0.0,0.0,Uncontrolled_breaker_open_noise,13.85
78,1790959785.6079125,49,(1.019246586+0.003416632j),(1.034850061+0.011043199j),(1.0422447+0.018199094j),(1.041998351+0.018689806j),(1.036208789+0.006715921j),(1.037079074+0.012720914j),(1.042642427+0.007864755j),(1.042723639+0.015244364j),(1.044046614+0.011377816j),(1.023441702+0.006631182j),(1.018822195+0.008988j),(1.004353278-0.001881939j),(1.000214781+0.00135505j),(1.008509154+0.007880111j),(1.00705082+0.00945766j),(1.006311496+0.002051486j),(1.02001032-0.002408773j),(1.023208544+0.00169308j),(1.01579116+0.008383072j),(1.02761902+0.00911148j),(1.035591871+0.01859997j),(1.04303759+0.017333294j),(1.050089842+0.009616966j),(1.043504997+0.018009749j),(1.032660456+0.010268655j),(1.003027644+0.000865027j),(1.010491907+0.001811914j),(1.008659674-0.000779409j),(1.015970378+4.2176e-05j),(1.032441399+0.010320595j),(1.024384776+0.00717592j),(0.997922112-0.003213408j),(1.008588842-0.002717417j),(0.992139567+0.005270628j),(1.022127901+0.012782852j),(1.030436686+0.015109358j),(1.037263547+0.020728657j),(1.034313598+0.017868071j),(1.039317578+0.019707225j),(1.053491902+0.01925905j),(1.043806148+0.024678652j),(1.011868382+0.006046329j),(1.019361304-0.008455949j),(1.026777647+0.007846952j),(1.005776879-0.000239729j),(1.024844107+0.015180723j),(1.028564775+0.010368689j),(1.026867259+0.015165098j),(1.035141821+0.009066829j),(1.026272716+0.004401524j),(1.052885334+0.021798106j),(1.039496894+0.012842575j),(1.048026376+0.019758912j),(1.042241163+0.01797712j),(1.048998786+0.022106772j),(1.040727806+0.019626041j),(1.042922966+0.019472514j),(1.017978691+0.002744085j),(-0.039488383+3.4047e-05j),(-0.039491125+1.8231e-05j),(-0.039843916+2.4455e-05j),(-0.039721178+1.6658e-05j),"{'64': {'dP_mw': 0.0, 'dQ_mvar': 0.0}, '57': {'dP_mw': 0.0, 'dQ_mvar': 0.0}, '55': {'dP_mw': 0.0, 'dQ_mvar': 0.0}, '61': {'dP_mw': 0.0, 'dQ_mvar': 0.0}}",1.0536679261448931,0.0,0.0,Uncontrolled_breaker_open_noise,13.9
79,1790959785.6574154,49,(1.028093586+0.003987328j),(1.036301565+0.010545561j),(1.030071189+0.01409002j),(1.037049459+0.005463377j),(1.044393892+0.00595736j),(1.031897229+0.004278388j),(1.037674633+0.014531286j),(1.046480526+0.019260696j),(1.038730987+0.013026424j),(1.024709236+0.003143725j),(1.025945728+0.012656309j),(1.001267005+0.004470959j),(1.007987659+0.003006996j),(1.010840703+0.004531076j),(1.011613626+0.005449375j),(1.010067564+0.002495295j),(1.015263784+0.009082862j),(1.025787246+0.004131076j),(1.024804791+0.002585564j),(1.037649968+0.020375286j),(1.044351194+0.011453233j),(1.043284203+0.022237383j),(1.03566411+0.009620869j),(1.051597196+0.009896579j),(1.025429898+0.004521859j),(0.997061976+0.004649946j),(0.999242516+0.008253769j),(1.009287774-0.004407166j),(1.013395204+0.013422085j),(1.0402819+0.022012588j),(1.008970307+0.007057137j),(0.998651278-8.0762e-05j),(0.998532461-0.000222999j),(0.997834822+0.000434523j),(1.018042912+0.013082729j),(1.017103098+0.016546729j),(1.040213019+0.019623216j),(1.036485232+0.014378264j),(1.036324942+0.017259332j),(1.043786262+0.017308568j),(1.044740499+0.032579836j),(1.003219367+0.005386076j),(1.011634566+0.007007436j),(1.02028791+0.014310692j),(1.01088272+0.001098266j),(1.041941773+0.012526173j),(1.029397849+0.009568437j),(1.01767758+0.006503754j),(1.026511928+0.013491896j),(1.016123854+0.0166914j),(1.050064587+0.023598152j),(1.053461078+0.022449094j),(1.031045431+0.019534738j),(1.051857326+0.012201472j),(1.055344226+0.019033929j),(1.032190574+0.013766233j),(1.03545064+0.016089269j),(1.01134841+0.01084726j),(-0.039504437+3.3404e-05j),(-0.039512715+4.0381e-05j),(-0.039830447+3.9295e-05j),(-0.039724358+3.285e-05j),"{'64': {'dP_mw': 0.0, 'dQ_mvar': 0.0}, '57': {'dP_mw': 0.0, 'dQ_mvar': 0.0}, '55': {'dP_mw': 0.0, 'dQ_mvar': 0.0}, '61': {'dP_mw': 0.0, 'dQ_mvar': 0.0}}",1.0555158576756278,0.0,0.0,Uncontrolled_breaker_open_noise,13.95
80,1790959785.7097216,49,(1.014675549-0.003368746j),(1.041203953+0.016027456j),(1.035163448+0.018875517j),(1.03619562+0.016486558j),(1.028293244+0.016276653j),(1.04489914+0.017557441j),(1.032185815+0.027002913j),(1.051158292+0.01123444j),(1.04169511+0.016636021j),(1.0296726+0.008234145j),(1.020537689+0.006425802j),(1.007180238+0.007421301j),(1.006982724+0.001525732j),(1.008965252+0.003238638j),(1.006617537+0.001715952j),(1.008524209+0.004046791j),(1.014036631+0.009769653j),(1.026929331+0.005121887j),(1.02153069+0.008572959j),(1.039549726+0.025993286j),(1.039172851+0.01411659j),(1.047375972+0.014176718j),(1.038686654+0.016794553j),(1.042297443+0.011211116j),(1.024044369+0.00148922j),(1.003210388-0.005846416j),(1.001406998+0.000505151j),(1.00794095-0.002605602j),(1.014747163+0.012533232j),(1.058370934+0.012647526j),(1.022763592+0.009998119j),(1.001305277+0.006670195j),(1.002380987+0.004422879j),(1.006659298-0.004577545j),(1.024028065+0.006774734j),(1.028276646+0.008422669j),(1.038926838+0.017805333j),(1.040767895+0.016772065j),(1.03547504+0.018761039j),(1.044683734+0.017093416j),(1.04839112+0.01998081j),(1.006114522+0.005500182j),(1.008556241+0.004179767j),(1.011085142+0.006845186j),(1.005130613+0.012376047j),(1.034362535+0.015236674j),(1.029749847+0.017019363j),(1.019066256+0.001793948j),(1.031918033+0.005161949j),(1.022391631+0.015913874j),(1.059248042+0.025512672j),(1.05097679+0.021501411j),(1.040776392+0.02605506j),(1.039443551+0.016190147j),(1.028153623+0.018380098j),(1.038245969+0.023462903j),(1.032844552+0.017801672j),(1.012563296+0.012909627j),(-0.039501941+4.4321e-05j),(-0.039490303+2.5823e-05j),(-0.039842883+1.199e-05j),(-0.039719274+3.605e-05j),"{'64': {'dP_mw': 0.0, 'dQ_mvar': 0.0}, '57': {'dP_mw': 0.0, 'dQ_mvar': 0.0}, '55': {'dP_mw': 0.0, 'dQ_mvar': 0.0}, '61': {'dP_mw': 0.0, 'dQ_mvar': 0.0}}",1.059555242030076,0.0,0.0,Uncontrolled_breaker_open_noise,14.0
81,1790959785.7598495,49,(1.016809808+0.005824746j),(1.03902729+0.015999316j),(1.034996219+0.02286446j),(1.045864238+0.012935973j),(1.033339198+0.015756708j),(1.043752434+0.005094991j),(1.043056268+0.012062017j),(1.045128098+0.020084674j),(1.040400699+0.01177125j),(1.02667813+0.013416609j),(1.024423121+0.009012716j),(0.997711915+0.009921343j),(1.007443375+0.001627052j),(1.006358139+0.000161677j),(1.010376698-0.001385368j),(1.020508394+0.004092086j),(1.013958724+0.004363794j),(1.014196321+0.008099208j),(1.012644583+0.006718006j),(1.047825827+0.01663405j),(1.042228646+0.005952878j),(1.049407655+0.016267224j),(1.037931644+0.02273327j),(1.042626802+0.018557274j),(1.021036994+0.008786471j),(1.005054362-0.006370645j),(1.003315049+0.006038669j),(1.008595556+0.006541608j),(1.019191665+0.006303032j),(1.033356221+0.019239689j),(1.024951166+0.007795602j),(1.015155858-0.000114931j),(1.003060461+0.002513117j),(1.004314532+0.004312965j),(1.022041266+0.002315634j),(1.027835782+0.012962201j),(1.036436126+0.023499638j),(1.03326912+0.013042897j),(1.044112194+0.011674698j),(1.039838142+0.019024107j),(1.042712837+0.019965616j),(1.012372087+0.006981206j),(1.006379642+0.002407918j),(1.016837903+0.008436452j),(1.019958652+0.010104617j),(1.030101582+0.015814497j),(1.027398249+0.008735085j),(1.029921974+0.005915316j),(1.032741076+0.008846765j),(1.027959043+0.004862714j),(1.058291131+0.02483963j),(1.043451277+0.028301601j),(1.044254088+0.013290301j),(1.036854807+0.02332941j),(1.045204347+0.0201836j),(1.036549176+0.026910536j),(1.043053443+0.018574156j),(1.029503814+0.006565636j),(-0.039502199+5.1293e-05j),(-0.039503752+1.9964e-05j),(-0.039830646+1.6853e-05j),(-0.039722817+2.336e-05j),"{'64': {'dP_mw': 0.0, 'dQ_mvar': 0.0}, '57': {'dP_mw': 0.0, 'dQ_mvar': 0.0}, '55': {'dP_mw': 0.0, 'dQ_mvar': 0.0}, '61': {'dP_mw': 0.0, 'dQ_mvar': 0.0}}",1.058582601959713,0.0,0.0,Uncontrolled_breaker_open_noise,14.05
82,1790959785.8093865,49,(1.015290612+0.012502572j),(1.04008882+0.013113003j),(1.042498017+0.019145069j),(1.038134171+0.008441232j),(1.042230487+0.021865452j),(1.040068551+0.019592171j),(1.035586118+0.012687136j),(1.04795676+0.029164597j),(1.036402571+0.020803382j),(1.024221573+0.00686981j),(1.016580472+0.00202986j),(1.016678222-0.001858294j),(1.008678909+0.007042861j),(1.00731928-0.003251222j),(0.994047583+0.002658489j),(1.014704733+0.010350272j),(1.01453561-0.001587403j),(1.020714887-0.008185994j),(1.02412993+0.013962704j),(1.032366054+0.017335982j),(1.044061538+0.007012316j),(1.036179183+0.018732997j),(1.042186861+0.020049523j),(1.045656442+0.020363341j),(1.019952046+0.01244291j),(1.009689483+0.001846953j),(1.000841496-0.009947808j),(1.007795343+0.003523455j),(1.008680924+0.003897187j),(1.04093003+0.015291407j),(1.019537646-0.001532376j),(1.000677782+0.002441608j),(1.00752506+0.002926704j),(1.001703331-0.001316119j),(1.019324397+0.008465413j),(1.013415903+0.006389384j),(1.044530911+0.016951868j),(1.038908501+0.017933525j),(1.032479422+0.018815082j),(1.049269612+0.01370656j),(1.041939427+0.021367406j),(1.013170692+0.003365606j),(1.014718503-0.000640084j),(1.015612069+0.005190296j),(1.018747443+0.008568091j),(1.034870619+0.024929851j),(1.024131683+0.013737961j),(1.031698988+0.001148547j),(1.022255718+0.002867071j),(1.018176501+0.010933028j),(1.043083456+0.020337031j),(1.051395578+0.016910941j),(1.048252008+0.022544544j),(1.050932635+0.025170128j),(1.048290158+0.028412504j),(1.043543685+0.017488236j),(1.045691846+0.013820966j),(1.023267656+0.006494901j),(-0.039522627+3.9965e-05j),(-0.039502495+2.6561e-05j),(-0.039846824+3.7123e-05j),(-0.039721439+2.7417e-05j),"{'64': {'dP_mw': 0.0, 'dQ_mvar': 0.0}, '57': {'dP_mw': 0.0, 'dQ_mvar': 0.0}, '55': {'dP_mw': 0.0, 'dQ_mvar': 0.0}, '61': {'dP_mw': 0.0, 'dQ_mvar': 0.0}}",1.0515315693613099,0.0,0.0,Uncontrolled_breaker_open_noise,14.1
83,1790959785.8593853,49,(1.02145054+0.004620531j),(1.034496699+0.021524221j),(1.036821186+0.014953092j),(1.027459592+0.017503123j),(1.044801021+0.006542935j),(1.039216291+0.021103474j),(1.048467497+0.022223626j),(1.047713095+0.010947243j),(1.04495044+0.014020498j),(1.024882274+0.008125391j),(1.026571942+0.014113342j),(1.008747003-0.003977739j),(1.008428261-0.000915878j),(1.00373804-0.000460983j),(1.014682633+0.004853674j),(1.012254248+0.014509781j),(1.018441274+0.002614147j),(1.017583071+0.011540435j),(1.011475311+0.011260646j),(1.046376169+0.011723559j),(1.032896572+0.01240456j),(1.039315504+0.023199762j),(1.033802381+0.007369511j),(1.040083489+0.026023544j),(1.030293887+0.001941816j),(1.009596035-0.00511646j),(1.006776686+0.00488158j),(1.007410474+0.00195835j),(1.016784165+0.008063446j),(1.035722908+0.017321202j),(1.004936467+0.005046123j),(0.994876696+0.000345068j),(1.002809763-0.000556183j),(1.00366348-0.004544613j),(1.022606357+0.001235559j),(1.019706915+0.013722033j),(1.03671948+0.021885724j),(1.045595881+0.016962318j),(1.03901257+0.006979709j),(1.048822039+0.022275788j),(1.045812478+0.018456454j),(1.007010032-0.001686935j),(1.004684739+0.001245367j),(1.006116253+0.012157609j),(1.022582041+0.014365744j),(1.041562759+0.010087775j),(1.024496941+0.003643553j),(1.024984912+0.009078385j),(1.027793957+0.016742169j),(1.025488658+0.011889054j),(1.040985486+0.024278728j),(1.053262561+0.01046655j),(1.050441323+0.025012439j),(1.047319526+0.028206785j),(1.045343337+0.026261729j),(1.049082202+0.013432654j),(1.0324706+0.016640195j),(1.016516466+0.001660679j),(-0.039500456+2.4928e-05j),(-0.039497947+2.4717e-05j),(-0.03981919+1.2866e-05j),(-0.039734847+3.7486e-05j),"{'64': {'dP_mw': 0.0, 'dQ_mvar': 0.0}, '57': {'dP_mw': 0.0, 'dQ_mvar': 0.0}, '55': {'dP_mw': 0.0, 'dQ_mvar': 0.0}, '61': {'dP_mw': 0.0, 'dQ_mvar': 0.0}}",1.0533145641607644,0.0,0.0,Uncontrolled_breaker_open_noise,14.15
84,1790959785.9097917,49,(1.016802469+0.005823085j),(1.0455683+0.019903898j),(1.036722473+0.015346905j),(1.04721396+0.019456863j),(1.041576863+0.014540916j),(1.03517091+0.00816619j),(1.035850489+0.013463542j),(1.047925129+0.020648635j),(1.036628112+0.012964372j),(1.019326947+0.006981686j),(1.01780346+0.006138159j),(1.003643822+0.00565458j),(1.004427222-0.004667146j),(1.01523094+0.005376593j),(1.015231253+0.00792652j),(1.01018848+0.011295865j),(1.024196313-0.000230377j),(1.026406913+0.006684569j),(1.01962181+0.005939357j),(1.031627374+0.019864759j),(1.039293858+0.022427852j),(1.047125495+0.019648833j),(1.052694457+0.015455889j),(1.0458202+0.024996711j),(1.022920464+0.004746687j),(0.987724587+0.001793514j),(0.999856029+0.007401672j),(1.008598396-0.003890562j),(1.018914182+0.004033538j),(1.030532867+0.008428942j),(1.017152815+0.011837514j),(1.002001948+0.001958578j),(1.008879337-0.002660742j),(1.008668834-0.006859156j),(1.015787448+0.010051627j),(1.026118309+0.011474508j),(1.042688056+0.021847065j),(1.032175535+0.019116187j),(1.038593168+0.010816997j),(1.043777368+0.020558977j),(1.03896035+0.018049097j),(1.014080896-0.008842623j),(1.015882451-0.001417873j),(1.022083408+0.005072076j),(1.010273786+0.007433127j),(1.040353249+0.020991354j),(1.025070746+0.011826516j),(1.020801391+0.015110037j),(1.019807443+0.010951474j),(1.034390245+0.001660227j),(1.040185405+0.018699241j),(1.041260829+0.01491518j),(1.047342153+0.027183803j),(1.043145106+0.026675458j),(1.036742071+0.030609241j),(1.039037175+0.020188474j),(1.032873458+0.018083433j),(1.020926663+0.008595197j),(-0.039489215+4.9431e-05j),(-0.039494674+3.488e-05j),(-0.039821755+2.3907e-05j),(-0.039703278+3.4072e-05j),"{'64': {'dP_mw': 0.0, 'dQ_mvar': 0.0}, '57': {'dP_mw': 0.0, 'dQ_mvar': 0.0}, '55': {'dP_mw': 0.0, 'dQ_mvar': 0.0}, '61': {'dP_mw': 0.0, 'dQ_mvar': 0.0}}",1.0528079142480387,0.0,0.0,Uncontrolled_breaker_open_noise,14.2
85,1790959785.958883,49,(1.016194886+0.006592133j),(1.039576547+0.021336192j),(1.037393459+0.015583458j),(1.045120508+0.013935612j),(1.042516077+0.020535931j),(1.041570187+0.022071475j),(1.03466911+0.020914328j),(1.049779701+0.016135783j),(1.039336465+0.02175683j),(1.025567712+0.011487735j),(1.018040106+0.014801971j),(1.003949775+4.3006e-05j),(0.997981752-0.01178469j),(1.009020336+0.007619273j),(1.016316998+0.003815091j),(1.019427364+0.012368475j),(1.021322271+0.009961268j),(1.017409058+0.006250073j),(1.014874237+0.000354907j),(1.031775516+0.020473758j),(1.031931009+0.010448571j),(1.039438339+0.013199251j),(1.040203029+0.01321408j),(1.047292113+0.028417314j),(1.019846902+0.009298448j),(1.003354685+0.00358225j),(0.999947812+0.005310111j),(1.006057758+0.000674581j),(1.011674908+0.005887936j),(1.048840845+0.011430425j),(1.02489724+0.009999893j),(1.00542647-0.008594891j),(0.998765622-0.000852717j),(0.999896058-0.005595552j),(1.019441455+0.004096301j),(1.022282949+0.01311077j),(1.039712281+0.017452722j),(1.039855645+0.012311117j),(1.039988893+0.013713904j),(1.040978622+0.0230632j),(1.049993891+0.025595049j),(1.005179404+0.000771987j),(1.006854567+0.001580284j),(1.025827765+0.014169941j),(1.015948391+0.003763468j),(1.040643598+0.010306372j),(1.019503658+0.012721841j),(1.028785195+0.007956368j),(1.027389565+0.015053581j),(1.024284369+0.002008453j),(1.048780277+0.014485269j),(1.052662154+0.020046072j),(1.049647641+0.024105043j),(1.04771566+0.026380782j),(1.045835536+0.018997059j),(1.038903067+0.020451067j),(1.030993409+0.017765637j),(1.025450528-0.001256728j),(-0.039520734+2.8941e-05j),(-0.039496567+4.6638e-05j),(-0.039820817+2.1808e-05j),(-0.039731581+3.0175e-05j),"{'64': {'dP_mw': 0.0, 'dQ_mvar': 0.0}, '57': {'dP_mw': 0.0, 'dQ_mvar': 0.0}, '55': {'dP_mw': 0.0, 'dQ_mvar': 0.0}, '61': {'dP_mw': 0.0, 'dQ_mvar': 0.0}}",1.0528530075307516,0.0,0.0,Uncontrolled_breaker_open_noise,14.25
86,1790959786.010453,49,(1.02577549+0.008704264j),(1.039614487+0.018537918j),(1.041347952+0.01058799j),(1.044240319+0.017830416j),(1.046527177+0.019199669j),(1.03703934+0.014351127j),(1.036099329+0.01784569j),(1.041049843+0.018034911j),(1.036128622+0.013505054j),(1.019979913+0.022145283j),(1.020579803+0.012056638j),(1.000050604+0.001048909j),(1.013285628-0.004506274j),(1.011877089+0.005762388j),(1.006943737+0.004962864j),(1.015997587+0.013002986j),(1.013159402+0.010471151j),(1.023174729+0.007491917j),(1.023666449+0.012792823j),(1.036975995+0.018536273j),(1.035974569+0.007201238j),(1.042948464+0.021758164j),(1.038868047+0.014381061j),(1.046872645+0.013380327j),(1.023370968+0.006057358j),(0.998781882+0.000964183j),(1.004882023+0.011569051j),(1.003727855+0.00164029j),(1.015708684+0.001490364j),(1.036516198+0.017210656j),(1.012562483+0.006503074j),(1.002623333-0.004179916j),(1.000831787+0.007120881j),(1.001912135-0.002799489j),(1.023457716+0.017151663j),(1.024267372+0.015793558j),(1.031657065+0.013525374j),(1.037762808+0.015606802j),(1.037334433+0.022281038j),(1.039474108+0.018265676j),(1.045174119+0.020498875j),(0.99993897+0.002057766j),(1.014162256+0.007958039j),(1.013405503+0.008005429j),(1.013459918+0.011266043j),(1.038365154+0.013976112j),(1.029345011+0.012121757j),(1.026844091+0.011299098j),(1.023817169+0.011741822j),(1.021629885+0.016449969j),(1.047868765+0.028339445j),(1.050934124+0.011017535j),(1.048535231+0.022867924j),(1.043456118+0.019967749j),(1.041704308+0.018159773j),(1.042527185+0.017052508j),(1.043159797+0.009367615j),(1.017981932+0.026969669j),(-0.03950681+4.6484e-05j),(-0.039508087+1.3179e-05j),(-0.03983224+3.9855e-05j),(-0.039711354+4.0543e-05j),"{'64': {'dP_mw': 0.0, 'dQ_mvar': 0.0}, '57': {'dP_mw': 0.0, 'dQ_mvar': 0.0}, '55': {'dP_mw': 0.0, 'dQ_mvar': 0.0}, '61': {'dP_mw': 0.0, 'dQ_mvar': 0.0}}",1.0509918739291584,0.0,0.0,Uncontrolled_breaker_open_noise,14.3
87,1790959786.0597281,49,(1.014157948+0.01067915j),(1.036851184+0.018714965j),(1.034037479+0.023735388j),(1.042292622+0.01211649j),(1.028106374+0.020352558j),(1.04236953+0.015750268j),(1.038660802+0.015341169j),(1.054713045+0.014774753j),(1.037004526+0.022420035j),(1.020338724+0.009362599j),(1.023933829+0.002308144j),(1.000460731+9.2327e-05j),(0.991003056+0.005822642j),(1.004839987-0.000846605j),(1.011121556-0.006194358j),(1.019613933+0.007779295j),(1.019205303+2.5942e-05j),(1.020209973+0.002050733j),(1.021541706-0.000198063j),(1.038464389+0.014131707j),(1.042768158+0.018083043j),(1.030871113+0.024743695j),(1.041186828+0.01852808j),(1.050233509+0.016064783j),(1.024272894+0.004632447j),(1.00675116+0.004205006j),(1.012003561-0.000668244j),(1.01444191+0.011622855j),(1.006973607-0.002870932j),(1.02833472+0.018577558j),(1.027395052+0.004273065j),(1.004180168-0.003324j),(1.005835894+0.004212548j),(1.007300921+0.001517421j),(1.022359543+0.000699371j),(1.021857917+0.003918588j),(1.032571415+0.015575897j),(1.039388786+0.018624756j),(1.034668183+0.012724437j),(1.045637787+0.024769336j),(1.049074772+0.023876264j),(1.020017053+0.000551885j),(1.016188648+0.001299909j),(1.015047866+0.007745548j),(1.018142229+0.000503339j),(1.040978285+0.013025942j),(1.020379608+0.013389559j),(1.022246697+0.006110887j),(1.023531421+0.017289932j),(1.026481545+0.01508765j),(1.049595536+0.023283382j),(1.047922574+0.021051721j),(1.046164352+0.015449257j),(1.050718231+0.019221423j),(1.04464292+0.017577603j),(1.037793737+0.017188485j),(1.036343507+0.019313429j),(1.012933372+0.005910757j),(-0.03950915+5.3038e-05j),(-0.039498392+3.6669e-05j),(-0.039834337+1.9407e-05j),(-0.039715506+5.4631e-05j),"{'64': {'dP_mw': 0.0, 'dQ_mvar': 0.0}, '57': {'dP_mw': 0.0, 'dQ_mvar': 0.0}, '55': {'dP_mw': 0.0, 'dQ_mvar': 0.0}, '61': {'dP_mw': 0.0, 'dQ_mvar': 0.0}}",1.0548165246237768,0.0,0.0,Uncontrolled_breaker_open_noise,14.35
88,1790959786.1110194,49,(1.015572026+0.003006199j),(1.043936347+0.01951663j),(1.034568995+0.019090745j),(1.039877122+0.018653472j),(1.040894992+0.008287686j),(1.036602534+0.019719966j),(1.041617966+0.018247225j),(1.052743774+0.017126176j),(1.039895387+0.017815412j),(1.031047461+0.010193329j),(1.017116969+0.002586505j),(1.001879349+0.007022363j),(0.995441085-0.005365575j),(1.012801175+0.008447273j),(1.012916798+0.007218495j),(1.02277913-0.004383425j),(1.011083328+0.009856652j),(1.017067163-0.001125541j),(1.024688604+0.01621123j),(1.030766718+0.012536181j),(1.041112452+0.019885949j),(1.036515137+0.017559922j),(1.040486711+0.020314738j),(1.048925477+0.022791777j),(1.022549472+0.011681878j),(1.005128005-0.005272049j),(1.000338999+0.008327032j),(1.006889471-0.001654763j),(1.014817423+0.012773471j),(1.036013903+0.016001646j),(1.014726347+0.007054783j),(1.001072427-0.008199099j),(1.001905211+0.00594168j),(1.001198272-0.00473187j),(1.024560028+0.014550745j),(1.030390037+0.013921305j),(1.042769592+0.011077579j),(1.031777936+0.015844697j),(1.043793726+0.01289463j),(1.047857183+0.019957636j),(1.047623115+0.020816053j),(1.006511131+0.001956929j),(1.017451099+0.001031741j),(1.021228695+0.00187568j),(1.023235164+0.001647077j),(1.036893626+0.020285806j),(1.021160492+0.011993377j),(1.024194601+0.008357572j),(1.022783467+0.010238723j),(1.025813653+0.010073656j),(1.049360937+0.014960842j),(1.049841116+0.022842321j),(1.047899722+0.026078915j),(1.04636879+0.019393282j),(1.042050213+0.016651759j),(1.038603539+0.016676428j),(1.035041084+0.0162329j),(1.019180777+0.001051115j),(-0.039501428+3.3922e-05j),(-0.039498422+3.3937e-05j),(-0.039830949+3.8671e-05j),(-0.039708274+4.268e-05j),"{'64': {'dP_mw': 0.0, 'dQ_mvar': 0.0}, '57': {'dP_mw': 0.0, 'dQ_mvar': 0.0}, '55': {'dP_mw': 0.0, 'dQ_mvar': 0.0}, '61': {'dP_mw': 0.0, 'dQ_mvar': 0.0}}",1.052883070241015,0.0,0.0,Uncontrolled_breaker_open_noise,14.4
89,1790959786.1594388,49,(1.024006994+0.004826639j),(1.033853492+0.013300538j),(1.035807727+0.018099196j),(1.045933998+0.012506166j),(1.041016361+0.015658362j),(1.048090496+0.018238423j),(1.030547229+0.016118975j),(1.050612614+0.014633318j),(1.037743097+0.020078323j),(1.021314232+0.009603892j),(1.02278867+0.010490879j),(1.005836849+0.013949492j),(0.999644355-0.004231315j),(1.008891791+0.001526817j),(1.017829054+0.007848371j),(1.016508939+0.002663574j),(1.008304341-0.000301913j),(1.015884787+0.009442516j),(1.027838728+0.003795233j),(1.032595482+0.016854063j),(1.045304247+0.022030975j),(1.036994217+0.027138048j),(1.027029892+0.019322027j),(1.043350247+0.027726804j),(1.026259675+0.011715239j),(1.006514387+0.004369687j),(1.002351618+0.003058134j),(1.007954558-0.003492014j),(1.019134966+0.009162272j),(1.038923504+0.015931778j),(1.022430534+0.00546933j),(1.00853982-0.002491434j),(1.001503141+0.002114574j),(0.997107809+0.005224982j),(1.020580571+0.006381847j),(1.02577409+0.008707994j),(1.036777891+0.009231809j),(1.034445194+0.015954608j),(1.03194616+0.01776672j),(1.04955087+0.0226899j),(1.040379212+0.020031273j),(1.012227361+0.012162772j),(1.015311033+0.009855507j),(1.019676956+0.007085326j),(1.016181834+0.006767027j),(1.040744042+0.019128071j),(1.014141302+0.006116933j),(1.023570071+0.00746753j),(1.024323207+0.011679259j),(1.019098059+0.019169641j),(1.045948314+0.02019553j),(1.045278285+0.021427428j),(1.041062021+0.018913605j),(1.050368725+0.021078288j),(1.036077273+0.013081359j),(1.042392726+0.017971364j),(1.040331702+0.015224956j),(1.022018972+0.001827354j),(-0.039486086+3.8014e-05j),(-0.039492172+2.7713e-05j),(-0.039838089+2.576e-05j),(-0.039710108+2.9253e-05j),"{'64': {'dP_mw': 0.0, 'dQ_mvar': 0.0}, '57': {'dP_mw': 0.0, 'dQ_mvar': 0.0}, '55': {'dP_mw': 0.0, 'dQ_mvar': 0.0}, '61': {'dP_mw': 0.0, 'dQ_mvar': 0.0}}",1.0507145181692323,0.0,0.0,Uncontrolled_breaker_open_noise,14.45
90,1790959786.210981,50,(1.016793775+0.003154214j),(1.034928925+0.013670142j),(1.043296823+0.016123364j),(1.046946374+0.015111743j),(1.037622345+0.013378824j),(1.03120589+0.020714154j),(1.047235034+0.011236979j),(1.045762224+0.020521842j),(1.042957069+0.010403736j),(1.020985181+0.003505921j),(1.01747805+0.003268147j),(0.993813177-0.006862927j),(1.002170629-0.004667059j),(1.004944179+0.00294474j),(1.012643195+0.003460282j),(1.016566142+0.003803085j),(1.022550613-0.004442111j),(1.020689841+0.001840476j),(1.02047305+0.0006894j),(1.046477473+0.020993406j),(1.02853979+0.011486467j),(1.042130029+0.009905329j),(1.032393595+0.010430874j),(1.057332478+0.021867439j),(1.026049088+0.006151706j),(1.006407746-0.002081303j),(0.997902248+0.001249421j),(1.006720142-0.001852613j),(1.020472611+0.002951111j),(1.053023226+0.027347599j),(1.013549309+0.014158164j),(1.011238525+0.001486782j),(1.003779483+0.013905176j),(0.996551727+0.000421396j),(1.02350046+0.005834904j),(1.027020356-0.000261299j),(1.041616996+0.015294107j),(1.042546549+0.013225325j),(1.042213334+0.014594465j),(1.040488442+0.019873588j),(1.048745568+0.020593234j),(1.01306029+0.006390831j),(1.011773565+0.004437038j),(1.020481638+0.012891735j),(1.013377478+0.004008406j),(1.043313516+0.020355542j),(1.009522319-0.000539828j),(1.020781721+0.014344037j),(1.034669119+0.005006294j),(1.024061546+0.012919089j),(1.052311956+0.028318328j),(1.04861563+0.018331239j),(1.038409779+0.017810536j),(1.050481804+0.029249012j),(1.035037774+0.018921549j),(1.046571352+0.010642215j),(1.036354454+0.022599938j),(1.024143116+0.001934297j),(-0.03949511+3.9573e-05j),(-0.039498433+4.1809e-05j),(-0.039822283+4.5555e-05j),(-0.03971727+2.3019e-05j),"{'64': {'dP_mw': 0.0, 'dQ_mvar': 0.0}, '57': {'dP_mw': 0.0, 'dQ_mvar': 0.0}, '55': {'dP_mw': 0.0, 'dQ_mvar': 0.0}, '61': {'dP_mw': 0.0, 'dQ_mvar': 0.0}}",1.0575585817920627,0.0,0.0,Uncontrolled_breaker_open_noise,14.5
91,1790959786.2619152,50,(1.014012683-0.003304191j),(1.041402489+0.017883793j),(1.043384792+0.010454371j),(1.037641472+0.018145563j),(1.048172638+0.014278661j),(1.042006106+0.014540562j),(1.039644065+0.015114015j),(1.044023265+0.021381001j),(1.037327956+0.031339638j),(1.0191623+0.011862835j),(1.025217185+0.012654426j),(1.000322207-0.001614219j),(0.997776246-0.010832918j),(1.009907371+0.003369176j),(1.006522483+0.014186011j),(1.018503306+0.012110062j),(1.016773766+6.6228e-05j),(1.024882608+0.005221148j),(1.019413077-0.002059533j),(1.041781206+0.016978412j),(1.039930027+0.011046968j),(1.041554356+0.019587472j),(1.041899648+0.015830669j),(1.044061781+0.018796793j),(1.025626159+0.007666339j),(1.004665091-0.002045521j),(1.001740842+0.004739893j),(1.00853649+0.00361673j),(1.012360055+0.00894274j),(1.036509403+0.012612731j),(1.020682037+0.008052677j),(1.00697263+0.007196768j),(0.994426815-0.000645789j),(0.998774572-0.002357402j),(1.020494323+0.012347252j),(1.029317823+0.017735258j),(1.039911578+0.016454387j),(1.037643917+0.012462781j),(1.038239743+0.014822732j),(1.049451536+0.022081354j),(1.049651958+0.018849767j),(1.008201026-0.001330431j),(1.01613843+0.000733956j),(1.021613142+0.006414044j),(1.014461723+0.004898532j),(1.032229537+0.014951725j),(1.029512053+0.007639539j),(1.025950914+0.007737617j),(1.021293107+0.006561598j),(1.029636029+0.008436934j),(1.044437272+0.021140919j),(1.047908801+0.019248781j),(1.051430692+0.024795424j),(1.044956091+0.017724398j),(1.044942278+0.019871218j),(1.044309632+0.023179367j),(1.035532524+0.017103088j),(1.0189937+0.009154821j),(-0.039506659+2.58e-05j),(-0.039500719+1.9814e-05j),(-0.039839172+3.2442e-05j),(-0.039738324+2.4777e-05j),"{'64': {'dP_mw': 0.0, 'dQ_mvar': 0.0}, '57': {'dP_mw': 0.0, 'dQ_mvar': 0.0}, '55': {'dP_mw': 0.0, 'dQ_mvar': 0.0}, '61': {'dP_mw': 0.0, 'dQ_mvar': 0.0}}",1.051723021109141,0.0,0.0,Uncontrolled_breaker_open_noise,14.55
92,1790959786.3118756,50,(1.01976261+0.008925647j),(1.03254421+0.017524752j),(1.04298541+0.02000602j),(1.03947825+0.015581478j),(1.037778194+0.017817532j),(1.037799894+0.026276218j),(1.042147122+0.010512623j),(1.048137053+0.025152874j),(1.034652916+0.023872891j),(1.01774144+0.003415216j),(1.023768144+0.016650582j),(1.000302838+0.005823825j),(1.015206105+0.001929594j),(1.01229425-0.001440564j),(1.008475891-0.003542976j),(1.015915467+0.006072427j),(1.006747024+0.001350337j),(1.021008953+0.010340693j),(1.02051865+0.007381235j),(1.035383302+0.023564259j),(1.04014925+0.00906015j),(1.033312101+0.010433717j),(1.040059355+0.006277151j),(1.051643406+0.013863435j),(1.022865061+0.015499586j),(1.003327324+0.005409887j),(1.004999148-0.00041602j),(1.009474874+0.003306049j),(1.018539152+0.007635512j),(1.047838423+0.017715863j),(1.013318058+0.005807003j),(1.002997256+0.002751547j),(1.012411554-0.005757365j),(0.998612112+4.5157e-05j),(1.020288202+0.010211453j),(1.024715878+0.0126706j),(1.043155809+0.018200478j),(1.042669652+0.010822407j),(1.04664916+0.019282432j),(1.051088922+0.021285925j),(1.038055869+0.018289714j),(1.010402645+0.002442507j),(1.008090454+0.00528903j),(1.026073667+0.006811205j),(1.01732343-0.004714554j),(1.038383874+0.016323942j),(1.012565832+0.018134056j),(1.019963471+0.0128111j),(1.023200632+0.007891901j),(1.028028715+0.011090042j),(1.047779635+0.027125699j),(1.048237018+0.012716534j),(1.049501993+0.026671373j),(1.046876979+0.017828637j),(1.045223367+0.015107279j),(1.039238401+0.018236477j),(1.038356226+0.007215013j),(1.013783002+0.005560123j),(-0.03951041+3.4904e-05j),(-0.039507177+3.5027e-05j),(-0.039819663+1.4898e-05j),(-0.039702791+4.2496e-05j),"{'64': {'dP_mw': 0.0, 'dQ_mvar': 0.0}, '57': {'dP_mw': 0.0, 'dQ_mvar': 0.0}, '55': {'dP_mw': 0.0, 'dQ_mvar': 0.0}, '61': {'dP_mw': 0.0, 'dQ_mvar': 0.0}}",1.0517347803573294,0.0,0.0,Uncontrolled_breaker_open_noise,14.6
93,1790959786.361261,50,(1.016219737+0.00890742j),(1.043608813+0.019926478j),(1.043218485+0.018557099j),(1.041150841+0.01229772j),(1.03426656+0.011547237j),(1.027574881+0.019887416j),(1.034711938+0.009380582j),(1.042735905+0.010490175j),(1.03603862+0.012220078j),(1.026749862+0.002568756j),(1.026557769+0.00948773j),(1.003381144+0.000579477j),(1.00211695+0.010515454j),(1.015495232-0.004835561j),(1.007109328-0.001441872j),(1.015837727+0.005425785j),(1.019447086+0.013892981j),(1.024474994+0.001789406j),(1.021835346+0.003770253j),(1.029239754+0.019651051j),(1.047495578+0.0146171j),(1.049376586+0.010308524j),(1.038820803+0.012102129j),(1.043174171+0.023764682j),(1.031808545+0.003916792j),(1.001446528+0.000705598j),(1.004930277+0.004631456j),(1.006753122-0.000625972j),(1.017641801+0.005530103j),(1.030040296+0.020161695j),(1.026135298+0.001855237j),(1.00506228-0.000193344j),(1.001866291-0.002880961j),(1.010410761+0.006968468j),(1.02284404+0.015597693j),(1.022556901+0.010332698j),(1.036988985+0.021559264j),(1.047328627+0.020514022j),(1.03420762+0.018018172j),(1.043398972+0.019945349j),(1.055122887+0.02141317j),(0.999194746+0.001622835j),(1.007627989+0.00422073j),(1.028133723-0.001987221j),(1.009805771+0.006167097j),(1.0260016+0.022695821j),(1.030092803+0.004691942j),(1.023719345+0.013940653j),(1.024667267+0.010810959j),(1.02652677+0.011585289j),(1.039616258+0.025672067j),(1.050236968+0.018659319j),(1.046961215+0.017889838j),(1.048496858+0.020319107j),(1.050108788+0.015191591j),(1.048692212+0.004589533j),(1.033124435+0.013952936j),(1.019248997+0.006772182j),(-0.039492583+5.5056e-05j),(-0.039494294+5.217e-05j),(-0.039842415+3.1899e-05j),(-0.039710862+3.1399e-05j),"{'64': {'dP_mw': 0.0, 'dQ_mvar': 0.0}, '57': {'dP_mw': 0.0, 'dQ_mvar': 0.0}, '55': {'dP_mw': 0.0, 'dQ_mvar': 0.0}, '61': {'dP_mw': 0.0, 'dQ_mvar': 0.0}}",1.0553401492034042,0.0,0.0,Uncontrolled_breaker_open_noise,14.65
94,1790959786.4126225,50,(1.018065155+0.017378151j),(1.040758833+0.015446762j),(1.030642117+0.010290996j),(1.035745719+0.012355428j),(1.038983497+0.022603859j),(1.038454778+0.013709371j),(1.044119885+0.015584269j),(1.040499408+0.007857197j),(1.036141996+0.008800037j),(1.029339673+0.012296971j),(1.028809916+0.012639363j),(1.01229426+0.009847554j),(1.010518647-0.002071784j),(1.003178948+0.003300558j),(1.013641172+0.012692537j),(1.012481774+0.009013726j),(1.008036133+0.008433615j),(1.019540788+0.00840584j),(1.01955487+0.022884832j),(1.027779969+0.005233923j),(1.036552427+0.018625535j),(1.037662909+0.018012794j),(1.034567242+0.013027249j),(1.044937664+0.019607684j),(1.0229233+0.014069237j),(0.998286152+0.003529084j),(1.003707483-0.004480275j),(1.018133687-0.003493385j),(1.020058409+0.000987353j),(1.026770765+0.014985077j),(1.01982295+0.005078162j),(1.00607359-0.001239137j),(0.991111647+0.00550227j),(1.007389567+0.001695096j),(1.019603594+0.010492402j),(1.04205607+0.010636527j),(1.028591101+0.01759384j),(1.037865963+0.020540677j),(1.036013128+0.013014558j),(1.043869128+0.017478398j),(1.058510379+0.024146576j),(1.014104332+0.007652962j),(1.012018026+0.005030504j),(1.01477881+0.001475583j),(1.014799135+0.001213612j),(1.038952636+0.023101795j),(1.026468414+0.015348543j),(1.022664705+0.009259205j),(1.028348565+0.023386445j),(1.031631181+0.005535076j),(1.05561925+0.012120475j),(1.05375431+0.019091497j),(1.047322511+0.026867973j),(1.043862731+0.027265962j),(1.036867714+0.018676078j),(1.039567557+0.01426016j),(1.029894925+0.009104574j),(1.019455342+0.00562902j),(-0.039513514+3.1141e-05j),(-0.039499776+2.3686e-05j),(-0.039831888+2.7563e-05j),(-0.039718202+2.9901e-05j),"{'64': {'dP_mw': 0.0, 'dQ_mvar': 0.0}, '57': {'dP_mw': 0.0, 'dQ_mvar': 0.0}, '55': {'dP_mw': 0.0, 'dQ_mvar': 0.0}, '61': {'dP_mw': 0.0, 'dQ_mvar': 0.0}}",1.0587857571686763,0.0,0.0,Uncontrolled_breaker_open_noise,14.7
95,1790959786.4615672,50,(1.020826186+0.01100089j),(1.035022682+0.00954938j),(1.035248103+0.009109539j),(1.041291647+0.027532388j),(1.046248571+0.014343261j),(1.03769006+0.016222343j),(1.049603284+0.019341798j),(1.046505543+0.015683951j),(1.040308641+0.015599525j),(1.025316144+0.008095244j),(1.018791122+0.006368653j),(1.003780942+0.011346391j),(0.996810558-0.001342324j),(1.013772045-0.00082623j),(1.014063099-9.6089e-05j),(1.014085702+0.006336734j),(1.011790059+0.006270694j),(1.01287181+0.00373116j),(1.016650739+0.008314279j),(1.043613067+0.022229749j),(1.035444777+0.022651631j),(1.032044149+0.015536288j),(1.041762052+0.011368613j),(1.044412652+0.019177928j),(1.018647343+0.013893684j),(0.99983563-0.008282211j),(1.004786105-0.001412115j),(1.014358489+0.01086432j),(1.018947814+0.003090291j),(1.039232444+0.019086241j),(1.022497445+0.009620268j),(1.005060517-0.005796912j),(0.996331711+0.000615095j),(1.005067906-0.000342869j),(1.028111306+0.015058072j),(1.022372257+0.004202746j),(1.037536497+0.014264743j),(1.034441978+0.016775655j),(1.036511824+0.011475096j),(1.053935913+0.009801387j),(1.03763746+0.017620609j),(1.006236763-0.000126975j),(1.001884022+0.004638741j),(1.015827997+0.007035342j),(1.01391036+0.004166776j),(1.029859053+0.014685661j),(1.028757809+0.010931012j),(1.016601058+0.008365476j),(1.030201926+0.009151317j),(1.019298124+0.01132914j),(1.044653549+0.024045307j),(1.047300013+0.026057678j),(1.045417667+0.031853904j),(1.050649725+0.018125843j),(1.045437614+0.022596664j),(1.03144137+0.008455632j),(1.041951768+0.011083265j),(1.022412565+0.010106604j),(-0.039513001+3.5287e-05j),(-0.03950948+3.134e-05j),(-0.039819204+2.3143e-05j),(-0.039723285+2.8246e-05j),"{'64': {'dP_mw': 0.0, 'dQ_mvar': 0.0}, '57': {'dP_mw': 0.0, 'dQ_mvar': 0.0}, '55': {'dP_mw': 0.0, 'dQ_mvar': 0.0}, '61': {'dP_mw': 0.0, 'dQ_mvar': 0.0}}",1.0539814874551958,0.0,0.0,Uncontrolled_breaker_open_noise,14.75
96,1790959786.5129805,50,(1.017155712+0.007040865j),(1.034806561+0.016477216j),(1.033926232+0.018874942j),(1.040117618+0.00684742j),(1.043521665+0.014720173j),(1.039388349+0.020047037j),(1.037024297+0.017682012j),(1.047301823+0.017471226j),(1.041432523+0.014039986j),(1.021585823+0.007810363j),(1.016008148+0.01142382j),(1.002151858+0.000596358j),(1.011103868-0.003617474j),(1.005160854+0.006517732j),(1.012864662-0.006612327j),(1.009868797+0.008834821j),(1.012874933+0.002556589j),(1.015006449+0.004847325j),(1.020953238+0.005533401j),(1.042602729+0.009668087j),(1.03892057+0.003459955j),(1.038445994+0.014577255j),(1.029728761+0.021533392j),(1.046598393+0.022720021j),(1.019738141+0.013364633j),(1.009102479-0.004605872j),(1.01191735-0.003995593j),(1.009068297+0.013427312j),(1.022434297+0.002625497j),(1.041179914+0.010487223j),(1.019906996-0.000337005j),(1.003125611-0.002267864j),(1.007124895-0.001863967j),(1.005918813+0.00394498j),(1.021581724+0.008831798j),(1.029496377+0.009896965j),(1.040093506+0.01651324j),(1.041634876+0.010873739j),(1.038126548+0.023961904j),(1.048262553+0.021375575j),(1.054695639+0.020723309j),(1.013822478+0.008957245j),(1.012398566+0.00335711j),(1.021320154+0.004466682j),(1.012526359+0.000368013j),(1.047102399+0.022004592j),(1.025156334+0.015876896j),(1.021358641+0.009873682j),(1.020035079+0.005662016j),(1.025285666+0.010172607j),(1.046174126+0.027116502j),(1.047293528+0.022273456j),(1.041797497+0.014319774j),(1.046964157+0.01615148j),(1.039091248+0.013281804j),(1.042639609+0.0149304j),(1.036126606+0.01545092j),(1.019445296+0.009922362j),(-0.039509616+3.9985e-05j),(-0.039504552+4.1199e-05j),(-0.03983699+3.3348e-05j),(-0.039723076+4.1019e-05j),"{'64': {'dP_mw': 0.0, 'dQ_mvar': 0.0}, '57': {'dP_mw': 0.0, 'dQ_mvar': 0.0}, '55': {'dP_mw': 0.0, 'dQ_mvar': 0.0}, '61': {'dP_mw': 0.0, 'dQ_mvar': 0.0}}",1.0548992115181088,0.0,0.0,Uncontrolled_breaker_open_noise,14.8
97,1790959786.56231,50,(1.015613206-0.003277035j),(1.037652116+0.018219453j),(1.03235974+0.01000562j),(1.042358529+0.020612203j),(1.041951373+0.018018588j),(1.04008797+0.015508892j),(1.039243934+0.016518746j),(1.045463386+0.018020464j),(1.044067239+0.011712862j),(1.01551484+0.004242542j),(1.023903063+0.004223307j),(1.010585127-0.001441111j),(1.00482177+0.00154858j),(1.011551094+0.000906401j),(1.00645443-0.007812223j),(1.014415856+0.004455667j),(1.023480747+0.009796277j),(1.021220154+5.0018e-05j),(1.021928582+0.007043639j),(1.03425775+0.011659209j),(1.050618503+0.013499169j),(1.035762521+0.015702138j),(1.028696471+0.017527763j),(1.046052787+0.02237492j),(1.02314528+0.011956909j),(1.001730851-0.001806583j),(0.998956044-0.002841254j),(1.001358611-0.002608095j),(1.008543837+0.007206242j),(1.038994435+0.014794335j),(1.022944449+0.007204786j),(1.003798081+0.008392366j),(1.002571415+0.003192566j),(1.007650361+0.005934143j),(1.021536545+0.014187402j),(1.020285187-0.003206953j),(1.038152934+0.026678656j),(1.035277716+0.0121216j),(1.038890483+0.014368958j),(1.050493413+0.018705655j),(1.04834024+0.024250527j),(1.0214999+0.000194267j),(1.007294455-0.006337966j),(1.019820231+0.006104799j),(1.0202462+0.010473815j),(1.045531001+0.021542192j),(1.017955756+0.009096202j),(1.02506666+0.005706999j),(1.023910701+0.006784235j),(1.026292931+0.005725868j),(1.051906209+0.030493452j),(1.048855315+0.015442438j),(1.045697422+0.027235626j),(1.037969547+0.029302441j),(1.04351418+0.022317939j),(1.042193764+0.016402384j),(1.046859141+0.026148387j),(1.025240007+0.015875658j),(-0.039491909+3.0647e-05j),(-0.039488157+5.3745e-05j),(-0.039826682+2.5737e-05j),(-0.039711062+2.8101e-05j),"{'64': {'dP_mw': 0.0, 'dQ_mvar': 0.0}, '57': {'dP_mw': 0.0, 'dQ_mvar': 0.0}, '55': {'dP_mw': 0.0, 'dQ_mvar': 0.0}, '61': {'dP_mw': 0.0, 'dQ_mvar': 0.0}}",1.052348099797604,0.0,0.0,Uncontrolled_breaker_open_noise,14.85
98,1790959786.6127734,50,(1.017129732+0.00592968j),(1.029498613+0.018877708j),(1.038841554+0.01328784j),(1.030863052+0.012463872j),(1.035863525+0.024442314j),(1.045365302+0.012269406j),(1.048423074+0.010071462j),(1.042410621+0.024228992j),(1.050786922+0.015862705j),(1.024379262+0.016637217j),(1.02180486+0.006730183j),(1.006115438+0.001254634j),(1.004559631-0.00049633j),(1.001698312-0.003418566j),(1.010857344+0.0066525j),(1.013489328+0.010591268j),(1.019564339+0.009032224j),(1.008188364+0.004381783j),(1.021063592+0.008185914j),(1.039421831+0.014930345j),(1.043605085+0.007689158j),(1.039652435+0.017275162j),(1.039860973+0.011840359j),(1.038738771+0.01769328j),(1.026038705+0.007055456j),(1.00207681+0.002880207j),(0.999701939-0.008687157j),(1.011002422+0.003753399j),(1.021550701+0.007784338j),(1.040833743+0.011117982j),(1.016733286+0.012982916j),(1.004217877-0.005638313j),(1.000462956-0.010611168j),(1.005189745+0.002591265j),(1.029337046+0.014682146j),(1.024752546+0.009322065j),(1.039888096+0.016721195j),(1.047001746+0.026528749j),(1.044861277+0.017772425j),(1.047877405+0.029596965j),(1.047865155+0.023462054j),(1.005327057-0.00651426j),(1.005179172+0.001739841j),(1.014046272+0.008693092j),(1.020053976+0.007111308j),(1.039125561+0.018015593j),(1.01485727-0.001683715j),(1.016396898+0.018385122j),(1.030331355+0.014383012j),(1.027643728+0.018119266j),(1.060089407+0.035208137j),(1.046974227+0.020529146j),(1.061978312+0.026185206j),(1.04733151+0.018503905j),(1.042285402+0.02270768j),(1.043764796+0.013735204j),(1.027800215+0.010343631j),(1.020823484+0.007040044j),(-0.039502481+4.8075e-05j),(-0.039509713+3.5593e-05j),(-0.039832766+2.3344e-05j),(-0.039724688+3.948e-05j),"{'64': {'dP_mw': 0.0, 'dQ_mvar': 0.0}, '57': {'dP_mw': 0.0, 'dQ_mvar': 0.0}, '55': {'dP_mw': 0.0, 'dQ_mvar': 0.0}, '61': {'dP_mw': 0.0, 'dQ_mvar': 0.0}}",1.0623010873437115,0.0,0.0,Uncontrolled_breaker_open_noise,14.9
99,1790959786.6617718,50,(1.015276379+0.003515238j),(1.040662654+0.015703069j),(1.035843742+0.025114923j),(1.036581094+0.0160822j),(1.037545493+0.015547966j),(1.036426398+0.011873628j),(1.044846373+0.022853849j),(1.047443064+0.01372191j),(1.039397209+0.003016414j),(1.021240319+0.000265553j),(1.022728216+0.016163681j),(1.007349313-0.007208747j),(1.004220753+0.002886127j),(1.016973768+0.004620307j),(1.013529199+0.014930653j),(1.018434656+0.003084234j),(1.012353947+0.008699122j),(1.005922226+0.006370706j),(1.02126464+0.005290583j),(1.046789832+0.014455961j),(1.045318058+0.008464j),(1.032940202+0.020436559j),(1.030211901+0.02228079j),(1.048271129+0.017337207j),(1.026381452+0.00510905j),(1.001768909-0.000112677j),(1.000715201-0.002188458j),(1.011052619+0.008822964j),(1.019061564+0.014508644j),(1.048891821+0.015567268j),(1.017582352+0.013223803j),(1.006922855-0.003480451j),(0.996313038-0.011530511j),(0.999051668+0.003080088j),(1.021803168+0.003031716j),(1.034546308+0.005399116j),(1.035944757+0.013836294j),(1.036897709+0.014328212j),(1.028568935+0.015786377j),(1.044786439+0.016668619j),(1.05164518+0.013489927j),(1.011501266+0.004863415j),(1.00472566-0.002213714j),(1.025017176+0.007238406j),(1.008961344-0.003121234j),(1.036153523+0.019361168j),(1.025730866+0.010142062j),(1.016751718+0.007807009j),(1.018938565+0.015439808j),(1.013546519+0.008125289j),(1.05612216+0.020315181j),(1.049988665+0.021506614j),(1.044458426+0.017759464j),(1.035177203+0.018210329j),(1.035957766+0.018519598j),(1.039063397+0.012035505j),(1.047832658+0.01651289j),(1.017647784+0.012089752j),(-0.039511799+3.7191e-05j),(-0.039495082+2.3074e-05j),(-0.039844062+1.9831e-05j),(-0.039719364+3.7523e-05j),"{'64': {'dP_mw': 0.0, 'dQ_mvar': 0.0}, '57': {'dP_mw': 0.0, 'dQ_mvar': 0.0}, '55': {'dP_mw': 0.0, 'dQ_mvar': 0.0}, '61': {'dP_mw': 0.0, 'dQ_mvar': 0.0}}",1.056317529638758,0.0,0.0,Uncontrolled_breaker_open_noise,14.95
100,1790959786.7125006,50,(1.022738202+0.009106669j),(1.041104302+0.01332217j),(1.039097077+0.020858266j),(1.037149342+0.010079295j),(1.046495334+0.013037898j),(1.034648455+0.010433168j),(1.046208963+0.019895954j),(1.044672895+0.017503806j),(1.038865175+0.015833778j),(1.02395188+0.011716353j),(1.028543029+0.010671973j),(1.002554649-0.007744737j),(1.005725599-0.000295163j),(1.017780555-0.003994672j),(1.017567504+0.006417512j),(1.00797733+0.004348704j),(1.017019679+0.006814574j),(1.019475098+0.007965273j),(1.017635502+0.006393457j),(1.036762779+0.016110938j),(1.038936641+0.020204627j),(1.039701746+0.018544884j),(1.034720957+0.022672896j),(1.045736348+0.019025822j),(1.014382445+0.006360178j),(1.009807231+0.000317276j),(0.992380271+0.000854382j),(1.011959396+0.008679429j),(1.01391436-0.007426232j),(1.032088023+0.010250819j),(1.013462577+0.004954696j),(1.008989217-0.005333167j),(1.006194423+0.006305482j),(1.007004437+0.000236253j),(1.020786924+0.01111647j),(1.027762153+0.008693614j),(1.04074531+0.007927436j),(1.047006559+0.011430018j),(1.03361176+0.018980733j),(1.041000803+0.023841965j),(1.044272463+0.025711877j),(1.016358417+0.006452487j),(1.010618641+0.004047936j),(1.017811094+0.010274867j),(1.014931089+0.003787726j),(1.034615466+0.010690992j),(1.025432406+0.005594198j),(1.023222759+0.003643604j),(1.026578756+0.018037341j),(1.024009524+0.005361507j),(1.044905932+0.024834389j),(1.054316225+0.022468047j),(1.053298156+0.013070627j),(1.038964998+0.024678528j),(1.044209707+0.017766889j),(1.036051616+0.014184254j),(1.033972876+0.020289834j),(1.031774425-0.002141528j),(-0.039505113+6.6008e-05j),(-0.039501303+4.2752e-05j),(-0.039845776+1.0138e-05j),(-0.039726222+3.038e-05j),"{'64': {'dP_mw': 0.0, 'dQ_mvar': 0.0}, '57': {'dP_mw': 0.0, 'dQ_mvar': 0.0}, '55': {'dP_mw': 0.0, 'dQ_mvar': 0.0}, '61': {'dP_mw': 0.0, 'dQ_mvar': 0.0}}",1.0545556009211865,0.0,0.0,Uncontrolled_breaker_open_noise,15.0
